999
FreeCAD v1.0 39319 (Git)
  0
SECTION
  2
HEADER
  9
$ACADVER
  1
AC1014
  9
$ACADMAINTVER
 70
     9
  9
$DWGCODEPAGE
  3
ANSI_1252
  9
$TEXTSTYLE
  7
STANDARD
  9
$DIMSTYLE
  2
STANDARD
  9
$DIMTXSTY
  7
STANDARD
  9
$CMLSTYLE
  2
STANDARD
  9
$LUNITS
 70
2
  9
$INSUNITS
 70
4
  9
$PEXTMAX
 10
50
 20
50
 30
50
  9
$PEXTMIN
 10
0
 20
0
 30
0
  9
$HANDSEED
  5
FFFF
  0
ENDSEC
  0
SECTION
  2
CLASSES
  0
CLASS
  1
ACDBDICTIONARYWDFLT
  2
AcDbDictionaryWithDefault
  3
ObjectDBX Classes
 90
        0
280
     0
281
     0
  0
CLASS
  1
XRECORD
  2
AcDbXrecord
  3
ObjectDBX Classes
 90
        0
280
     0
281
     0
  0
CLASS
  1
LWPOLYLINE
  2
AcDbPolyline
  3
ObjectDBX Classes
 90
        0
280
     0
281
     1
  0
ENDSEC
  0
SECTION
  2
TABLES
  0
TABLE
  2
VPORT
  5
20
330
0
100
AcDbSymbolTable
 70
     1
  0
VPORT
  5
21
330
20
100
AcDbSymbolTableRecord
100
AcDbViewportTableRecord
  2
*ACTIVE
 70
     0
  0
ENDTAB
  0
TABLE
  2
LTYPE
  5
22
330
0
100
AcDbSymbolTable
 70
     1
  0
LTYPE
  5
23
330
21
100
AcDbSymbolTableRecord
100
AcDbLinetypeTableRecord
  2
BYBLOCK
 70
     0
  3

 72
    65
 73
     0
 40
0.0
  0
LTYPE
  5
24
330
21
100
AcDbSymbolTableRecord
100
AcDbLinetypeTableRecord
  2
BYLAYER
 70
     0
  3

 72
    65
 73
     0
 40
0.0
  0
LTYPE
  5
25
330
21
100
AcDbSymbolTableRecord
100
AcDbLinetypeTableRecord
  2
CONTINUOUS
 70
     0
  3
Solid line
 72
    65
 73
     0
 40
0.0
  0
ENDTAB
  0
TABLE
  2
LAYER
  5
E98
330
0
100
AcDbSymbolTable
 70
3
  0
LAYER
  5
E99
330
E98
100
AcDbSymbolTableRecord
100
AcDbLayerTableRecord
  2
0
 70
   0
 62
   7
  6
CONTINUOUS
  0
LAYER
  5
E9A
330
E98
100
AcDbSymbolTableRecord
100
AcDbLayerTableRecord
  2
none
 70
    0
 62
    7
  6
CONTINUOUS
  0
LAYER
  5
E9B
330
E98
100
AcDbSymbolTableRecord
100
AcDbLayerTableRecord
  2
Pocket009
 70
    0
 62
    7
  6
CONTINUOUS
  0
ENDTAB
  0
TABLE
  2
STYLE
  5
70
330
0
100
AcDbSymbolTable
 70
     2
  0
STYLE
  5
71
330
70
100
AcDbSymbolTableRecord
100
AcDbTextStyleTableRecord
  2
STANDARD
 70
     0
 40
0.0
 41
1.0
 50
0.0
 71
     0
 42
2.5
  3
arial.ttf
  4

  0
STYLE
  5
72
330
70
100
AcDbSymbolTableRecord
100
AcDbTextStyleTableRecord
  2
ANNOTATIVE
 70
     0
 40
0.0
 41
1.0
 50
0.0
 71
     0
 42
2.5
  3
arial.ttf
  4

  0
ENDTAB
  0
TABLE
  2
VIEW
  5
73
330
0
100
AcDbSymbolTable
 70
     0
  0
ENDTAB
  0
TABLE
  2
UCS
  5
74
330
0
100
AcDbSymbolTable
 70
     0
  0
ENDTAB
  0
TABLE
  2
APPID
  5
75
330
0
100
AcDbSymbolTable
 70
     2
  0
APPID
  5
76
330
75
100
AcDbSymbolTableRecord
100
AcDbRegAppTableRecord
  2
ACAD
 70
     0
  0
APPID
  5
77
330
75
100
AcDbSymbolTableRecord
100
AcDbRegAppTableRecord
  2
ACADANNOTATIVE
 70
     0
  0
ENDTAB
  0
TABLE
  2
DIMSTYLE
  5
78
330
0
100
AcDbSymbolTable
 70
     2
  0
DIMSTYLE
105
79
330
78
100
AcDbSymbolTableRecord
100
AcDbDimStyleTableRecord
  2
STANDARD
 70
     0
  3

  4

  5

  6

  7

 40
0.0
 41
2.5
 42
0.625
 43
3.75
 44
1.25
 45
0.0
 46
0.0
 47
0.0
 48
0.0
140
2.5
141
2.5
142
0.0
143
0.03937007874016
144
1.0
145
0.0
146
1.0
147
0.625
 71
     0
 72
     0
 73
     0
 74
     0
 75
     0
 76
     0
 77
     1
 78
     8
170
     0
171
     3
172
     1
173
     0
174
     0
175
     0
176
     0
177
     0
178
     0
270
     2
271
     2
272
     2
273
     2
274
     3
340
71
275
     0
280
     0
281
     0
282
     0
283
     0
284
     8
285
     0
286
     0
287
     3
288
     0
  0
ENDTAB
  0
TABLE
  2
BLOCK_RECORD
  5
A01
330
0
100
AcDbSymbolTable
  70
5
  0
BLOCK_RECORD
  5
A02
330
A01
100
AcDbSymbolTableRecord
100
AcDbBlockTableRecord
  2
*MODEL_SPACE
  0
BLOCK_RECORD
  5
A03
330
A01
100
AcDbSymbolTableRecord
100
AcDbBlockTableRecord
  2
*PAPER_SPACE
  0
ENDTAB
  0
ENDSEC
  0
SECTION
  2
BLOCKS
  0
BLOCK
  5
A04
330
A02
100
AcDbEntity
  8
0
100
AcDbBlockBegin
  2
*MODEL_SPACE
 70
   0
 10
0
 20
0
 30
0
  3
*MODEL_SPACE
  1
 
  0
ENDBLK
  5
A05
330
A02
100
AcDbEntity
  8
0
100
AcDbBlockEnd
  0
BLOCK
  5
A06
330
A03
100
AcDbEntity
 67
1
  8
0
100
AcDbBlockBegin
  2
*PAPER_SPACE
 70
   0
 10
0
 20
0
 30
0
  3
*PAPER_SPACE
  1
 
  0
ENDBLK
  5
A07
330
A03
100
AcDbEntity
 67
    1
  8
0
100
AcDbBlockEnd
  0
ENDSEC
  0
SECTION
  2
ENTITIES
  0
LINE
  5
A08
330
A02
100
AcDbEntity
  8
Pocket009
100
AcDbLine
 10
52.500000000
 20
42.850000000
 30
16.540000000
 11
-52.500000000
 21
42.850000000
 31
16.540000000
  0
LINE
  5
A09
330
A02
100
AcDbEntity
  8
Pocket009
100
AcDbLine
 10
-52.500000000
 20
42.850000000
 30
16.540000000
 11
-52.500000000
 21
30.000000000
 31
16.540000000
  0
LINE
  5
A0A
330
A02
100
AcDbEntity
  8
Pocket009
100
AcDbLine
 10
52.500000000
 20
30.000000000
 30
16.540000000
 11
52.500000000
 21
42.850000000
 31
16.540000000
  0
LINE
  5
A0B
330
A02
100
AcDbEntity
  8
Pocket009
100
AcDbLine
 10
52.500000000
 20
30.000000000
 30
16.540000000
 11
-52.500000000
 21
30.000000000
 31
16.540000000
  0
ARC
  5
A0C
330
A02
100
AcDbEntity
  8
Pocket009
100
AcDbCircle
 10
-42.499999921
 20
37.300000000
 30
16.540000000
 40
4.050000000
100
AcDbArc
 50
90.000000000
 51
-90.000000000
  0
LINE
  5
A0D
330
A02
100
AcDbEntity
  8
Pocket009
100
AcDbLine
 10
-42.499999921
 20
33.250000000
 30
16.540000000
 11
42.500000000
 21
33.250000000
 31
16.540000000
  0
ARC
  5
A0E
330
A02
100
AcDbEntity
  8
Pocket009
100
AcDbCircle
 10
42.500000000
 20
37.300000000
 30
16.540000000
 40
4.050000000
100
AcDbArc
 50
-90.000000000
 51
90.000000000
  0
LINE
  5
A0F
330
A02
100
AcDbEntity
  8
Pocket009
100
AcDbLine
 10
-42.499999921
 20
41.350000000
 30
16.540000000
 11
42.500000000
 21
41.350000000
 31
16.540000000
  0
LINE
  5
A10
330
A02
100
AcDbEntity
  8
Pocket009
100
AcDbLine
 10
52.500000000
 20
43.850000000
 30
15.540000000
 11
-52.500000000
 21
43.850000000
 31
15.540000000
  0
ARC
  5
A11
330
A02
100
AcDbEntity
  8
Pocket009
100
AcDbCircle
 10
-52.500000000
 20
42.850000000
 30
15.540000000
 40
1.000000000
100
AcDbArc
 50
0.000000000
 51
90.000000000
  0
ARC
  5
A12
330
A02
100
AcDbEntity
  8
Pocket009
100
AcDbCircle
 10
52.500000000
 20
42.850000000
 30
15.540000000
 40
1.000000000
100
AcDbArc
 50
0.000000000
 51
90.000000000
  0
LINE
  5
A13
330
A02
100
AcDbEntity
  8
Pocket009
100
AcDbLine
 10
52.500000000
 20
42.850000000
 30
16.540000000
 11
-52.500000000
 21
42.850000000
 31
16.540000000
  0
LINE
  5
A14
330
A02
100
AcDbEntity
  8
Pocket009
100
AcDbLine
 10
-53.500000000
 20
42.850000000
 30
15.540000000
 11
-53.500000000
 21
29.000000000
 31
15.540000000
  0
ARC
  5
A15
330
A02
100
AcDbEntity
  8
Pocket009
100
AcDbCircle
 10
-52.500000000
 20
42.850000000
 30
15.540000000
 40
1.000000000
100
AcDbArc
 50
0.000000000
 51
180.000000000
  0
LINE
  5
A16
330
A02
100
AcDbEntity
  8
Pocket009
100
AcDbLine
 10
-52.500000000
 20
42.850000000
 30
16.540000000
 11
-52.500000000
 21
30.000000000
 31
16.540000000
  0
ELLIPSE
  5
A17
330
A02
100
AcDbEntity
  8
Pocket009
100
AcDbEllipse
 10
-52.500000000
 20
29.000000000
 30
15.540000000
 11
1.000000000
 21
-1.000000000
 31
0.000000000
 40
0.707106781
 41
-3.141592654
 42
-1.570796327
  0
ELLIPSE
  5
A18
330
A02
100
AcDbEntity
  8
Pocket009
100
AcDbEllipse
 10
52.500000000
 20
29.000000000
 30
15.540000000
 11
1.000000000
 21
1.000000000
 31
0.000000000
 40
0.707106781
 41
4.712388980
 42
0.000000000
  0
LINE
  5
A19
330
A02
100
AcDbEntity
  8
Pocket009
100
AcDbLine
 10
53.500000000
 20
29.000000000
 30
15.540000000
 11
53.500000000
 21
42.850000000
 31
15.540000000
  0
LINE
  5
A1A
330
A02
100
AcDbEntity
  8
Pocket009
100
AcDbLine
 10
52.500000000
 20
30.000000000
 30
16.540000000
 11
52.500000000
 21
42.850000000
 31
16.540000000
  0
ARC
  5
A1B
330
A02
100
AcDbEntity
  8
Pocket009
100
AcDbCircle
 10
52.500000000
 20
42.850000000
 30
15.540000000
 40
1.000000000
100
AcDbArc
 50
0.000000000
 51
0.000000000
  0
LINE
  5
A1C
330
A02
100
AcDbEntity
  8
Pocket009
100
AcDbLine
 10
52.500000000
 20
30.000000000
 30
16.540000000
 11
-52.500000000
 21
30.000000000
 31
16.540000000
  0
LINE
  5
A1D
330
A02
100
AcDbEntity
  8
Pocket009
100
AcDbLine
 10
-52.500000000
 20
30.000000000
 30
16.540000000
 11
-52.500000000
 21
30.000000000
 31
34.540000000
  0
LINE
  5
A1E
330
A02
100
AcDbEntity
  8
Pocket009
100
AcDbLine
 10
52.500000000
 20
30.000000000
 30
16.540000000
 11
52.500000000
 21
30.000000000
 31
34.540000000
  0
LINE
  5
A1F
330
A02
100
AcDbEntity
  8
Pocket009
100
AcDbLine
 10
52.500000000
 20
30.000000000
 30
34.540000000
 11
-52.500000000
 21
30.000000000
 31
34.540000000
  0
ARC
  5
A20
330
A02
100
AcDbEntity
  8
Pocket009
100
AcDbCircle
 10
35.961538000
 20
30.000000000
 30
32.040000000
 40
1.000000000
100
AcDbArc
 50
180.000000000
 51
0.000000000
  0
LINE
  5
A21
330
A02
100
AcDbEntity
  8
Pocket009
100
AcDbLine
 10
34.961538000
 20
30.000000000
 30
32.040000000
 11
34.961538000
 21
30.000000000
 31
20.040000000
  0
ARC
  5
A22
330
A02
100
AcDbEntity
  8
Pocket009
100
AcDbCircle
 10
35.961538000
 20
30.000000000
 30
20.040000000
 40
1.000000000
100
AcDbArc
 50
0.000000000
 51
180.000000000
  0
LINE
  5
A23
330
A02
100
AcDbEntity
  8
Pocket009
100
AcDbLine
 10
36.961538000
 20
30.000000000
 30
32.040000000
 11
36.961538000
 21
30.000000000
 31
20.040000000
  0
ARC
  5
A24
330
A02
100
AcDbEntity
  8
Pocket009
100
AcDbCircle
 10
29.423077000
 20
30.000000000
 30
32.040000000
 40
1.000000000
100
AcDbArc
 50
180.000000000
 51
0.000000000
  0
LINE
  5
A25
330
A02
100
AcDbEntity
  8
Pocket009
100
AcDbLine
 10
28.423077000
 20
30.000000000
 30
32.040000000
 11
28.423077000
 21
30.000000000
 31
20.039999693
  0
ARC
  5
A26
330
A02
100
AcDbEntity
  8
Pocket009
100
AcDbCircle
 10
29.423077000
 20
30.000000000
 30
20.039999693
 40
1.000000000
100
AcDbArc
 50
0.000000000
 51
180.000000000
  0
LINE
  5
A27
330
A02
100
AcDbEntity
  8
Pocket009
100
AcDbLine
 10
30.423077000
 20
30.000000000
 30
32.040000000
 11
30.423077000
 21
30.000000000
 31
20.039999693
  0
ARC
  5
A28
330
A02
100
AcDbEntity
  8
Pocket009
100
AcDbCircle
 10
22.884615000
 20
30.000000000
 30
32.040000000
 40
1.000000000
100
AcDbArc
 50
180.000000000
 51
0.000000000
  0
LINE
  5
A29
330
A02
100
AcDbEntity
  8
Pocket009
100
AcDbLine
 10
21.884615000
 20
30.000000000
 30
32.040000000
 11
21.884615000
 21
30.000000000
 31
20.040000000
  0
ARC
  5
A2A
330
A02
100
AcDbEntity
  8
Pocket009
100
AcDbCircle
 10
22.884615000
 20
30.000000000
 30
20.040000000
 40
1.000000000
100
AcDbArc
 50
0.000000000
 51
180.000000000
  0
LINE
  5
A2B
330
A02
100
AcDbEntity
  8
Pocket009
100
AcDbLine
 10
23.884615000
 20
30.000000000
 30
32.040000000
 11
23.884615000
 21
30.000000000
 31
20.040000000
  0
ARC
  5
A2C
330
A02
100
AcDbEntity
  8
Pocket009
100
AcDbCircle
 10
16.346154000
 20
30.000000000
 30
32.040000000
 40
1.000000000
100
AcDbArc
 50
180.000000000
 51
0.000000000
  0
LINE
  5
A2D
330
A02
100
AcDbEntity
  8
Pocket009
100
AcDbLine
 10
15.346154000
 20
30.000000000
 30
32.040000000
 11
15.346154000
 21
30.000000000
 31
20.040000000
  0
ARC
  5
A2E
330
A02
100
AcDbEntity
  8
Pocket009
100
AcDbCircle
 10
16.346154000
 20
30.000000000
 30
20.040000000
 40
1.000000000
100
AcDbArc
 50
0.000000000
 51
180.000000000
  0
LINE
  5
A2F
330
A02
100
AcDbEntity
  8
Pocket009
100
AcDbLine
 10
17.346154000
 20
30.000000000
 30
32.040000000
 11
17.346154000
 21
30.000000000
 31
20.040000000
  0
ARC
  5
A30
330
A02
100
AcDbEntity
  8
Pocket009
100
AcDbCircle
 10
9.807692000
 20
30.000000000
 30
32.040000000
 40
1.000000000
100
AcDbArc
 50
180.000000000
 51
0.000000000
  0
LINE
  5
A31
330
A02
100
AcDbEntity
  8
Pocket009
100
AcDbLine
 10
8.807692000
 20
30.000000000
 30
32.040000000
 11
8.807692000
 21
30.000000000
 31
20.040000000
  0
ARC
  5
A32
330
A02
100
AcDbEntity
  8
Pocket009
100
AcDbCircle
 10
9.807692000
 20
30.000000000
 30
20.040000000
 40
1.000000000
100
AcDbArc
 50
0.000000000
 51
180.000000000
  0
LINE
  5
A33
330
A02
100
AcDbEntity
  8
Pocket009
100
AcDbLine
 10
10.807692000
 20
30.000000000
 30
32.040000000
 11
10.807692000
 21
30.000000000
 31
20.040000000
  0
ARC
  5
A34
330
A02
100
AcDbEntity
  8
Pocket009
100
AcDbCircle
 10
3.269231000
 20
30.000000000
 30
32.040000000
 40
1.000000000
100
AcDbArc
 50
180.000000000
 51
0.000000000
  0
LINE
  5
A35
330
A02
100
AcDbEntity
  8
Pocket009
100
AcDbLine
 10
2.269231000
 20
30.000000000
 30
32.040000000
 11
2.269231000
 21
30.000000000
 31
20.040000000
  0
ARC
  5
A36
330
A02
100
AcDbEntity
  8
Pocket009
100
AcDbCircle
 10
3.269231000
 20
30.000000000
 30
20.040000000
 40
1.000000000
100
AcDbArc
 50
0.000000000
 51
180.000000000
  0
LINE
  5
A37
330
A02
100
AcDbEntity
  8
Pocket009
100
AcDbLine
 10
4.269231000
 20
30.000000000
 30
32.040000000
 11
4.269231000
 21
30.000000000
 31
20.040000000
  0
ARC
  5
A38
330
A02
100
AcDbEntity
  8
Pocket009
100
AcDbCircle
 10
-3.269231000
 20
30.000000000
 30
32.040000000
 40
1.000000000
100
AcDbArc
 50
180.000000000
 51
0.000000000
  0
LINE
  5
A39
330
A02
100
AcDbEntity
  8
Pocket009
100
AcDbLine
 10
-4.269231000
 20
30.000000000
 30
32.040000000
 11
-4.269231000
 21
30.000000000
 31
20.040000000
  0
ARC
  5
A3A
330
A02
100
AcDbEntity
  8
Pocket009
100
AcDbCircle
 10
-3.269231000
 20
30.000000000
 30
20.040000000
 40
1.000000000
100
AcDbArc
 50
0.000000000
 51
180.000000000
  0
LINE
  5
A3B
330
A02
100
AcDbEntity
  8
Pocket009
100
AcDbLine
 10
-2.269231000
 20
30.000000000
 30
32.040000000
 11
-2.269231000
 21
30.000000000
 31
20.040000000
  0
ARC
  5
A3C
330
A02
100
AcDbEntity
  8
Pocket009
100
AcDbCircle
 10
-9.807692000
 20
30.000000000
 30
32.039999654
 40
1.000000000
100
AcDbArc
 50
180.000000000
 51
0.000000000
  0
LINE
  5
A3D
330
A02
100
AcDbEntity
  8
Pocket009
100
AcDbLine
 10
-10.807692000
 20
30.000000000
 30
32.039999654
 11
-10.807692000
 21
30.000000000
 31
20.040000000
  0
ARC
  5
A3E
330
A02
100
AcDbEntity
  8
Pocket009
100
AcDbCircle
 10
-9.807692000
 20
30.000000000
 30
20.040000000
 40
1.000000000
100
AcDbArc
 50
0.000000000
 51
180.000000000
  0
LINE
  5
A3F
330
A02
100
AcDbEntity
  8
Pocket009
100
AcDbLine
 10
-8.807692000
 20
30.000000000
 30
32.039999654
 11
-8.807692000
 21
30.000000000
 31
20.040000000
  0
ARC
  5
A40
330
A02
100
AcDbEntity
  8
Pocket009
100
AcDbCircle
 10
-16.346154000
 20
30.000000000
 30
32.040000000
 40
1.000000000
100
AcDbArc
 50
180.000000000
 51
0.000000000
  0
LINE
  5
A41
330
A02
100
AcDbEntity
  8
Pocket009
100
AcDbLine
 10
-17.346154000
 20
30.000000000
 30
32.040000000
 11
-17.346154000
 21
30.000000000
 31
20.040000000
  0
ARC
  5
A42
330
A02
100
AcDbEntity
  8
Pocket009
100
AcDbCircle
 10
-16.346154000
 20
30.000000000
 30
20.040000000
 40
1.000000000
100
AcDbArc
 50
0.000000000
 51
180.000000000
  0
LINE
  5
A43
330
A02
100
AcDbEntity
  8
Pocket009
100
AcDbLine
 10
-15.346154000
 20
30.000000000
 30
32.040000000
 11
-15.346154000
 21
30.000000000
 31
20.040000000
  0
ARC
  5
A44
330
A02
100
AcDbEntity
  8
Pocket009
100
AcDbCircle
 10
-22.884615000
 20
30.000000000
 30
32.040000000
 40
1.000000000
100
AcDbArc
 50
180.000000000
 51
0.000000000
  0
LINE
  5
A45
330
A02
100
AcDbEntity
  8
Pocket009
100
AcDbLine
 10
-23.884615000
 20
30.000000000
 30
32.040000000
 11
-23.884615000
 21
30.000000000
 31
20.040000000
  0
ARC
  5
A46
330
A02
100
AcDbEntity
  8
Pocket009
100
AcDbCircle
 10
-22.884615000
 20
30.000000000
 30
20.040000000
 40
1.000000000
100
AcDbArc
 50
0.000000000
 51
180.000000000
  0
LINE
  5
A47
330
A02
100
AcDbEntity
  8
Pocket009
100
AcDbLine
 10
-21.884615000
 20
30.000000000
 30
32.040000000
 11
-21.884615000
 21
30.000000000
 31
20.040000000
  0
ARC
  5
A48
330
A02
100
AcDbEntity
  8
Pocket009
100
AcDbCircle
 10
-35.961538000
 20
30.000000000
 30
32.040000000
 40
1.000000000
100
AcDbArc
 50
180.000000000
 51
0.000000000
  0
LINE
  5
A49
330
A02
100
AcDbEntity
  8
Pocket009
100
AcDbLine
 10
-36.961538000
 20
30.000000000
 30
32.040000000
 11
-36.961538000
 21
30.000000000
 31
20.040000000
  0
ARC
  5
A4A
330
A02
100
AcDbEntity
  8
Pocket009
100
AcDbCircle
 10
-35.961538000
 20
30.000000000
 30
20.040000000
 40
1.000000000
100
AcDbArc
 50
0.000000000
 51
180.000000000
  0
LINE
  5
A4B
330
A02
100
AcDbEntity
  8
Pocket009
100
AcDbLine
 10
-34.961538000
 20
30.000000000
 30
32.040000000
 11
-34.961538000
 21
30.000000000
 31
20.040000000
  0
ARC
  5
A4C
330
A02
100
AcDbEntity
  8
Pocket009
100
AcDbCircle
 10
-42.500000000
 20
30.000000000
 30
32.040000000
 40
1.000000000
100
AcDbArc
 50
180.000000000
 51
0.000000000
  0
LINE
  5
A4D
330
A02
100
AcDbEntity
  8
Pocket009
100
AcDbLine
 10
-43.500000000
 20
30.000000000
 30
32.040000000
 11
-43.500000000
 21
30.000000000
 31
20.040000000
  0
ARC
  5
A4E
330
A02
100
AcDbEntity
  8
Pocket009
100
AcDbCircle
 10
-42.500000000
 20
30.000000000
 30
20.040000000
 40
1.000000000
100
AcDbArc
 50
0.000000000
 51
180.000000000
  0
LINE
  5
A4F
330
A02
100
AcDbEntity
  8
Pocket009
100
AcDbLine
 10
-41.500000000
 20
30.000000000
 30
32.040000000
 11
-41.500000000
 21
30.000000000
 31
20.040000000
  0
ARC
  5
A50
330
A02
100
AcDbEntity
  8
Pocket009
100
AcDbCircle
 10
42.500000000
 20
30.000000000
 30
32.040000000
 40
1.000000000
100
AcDbArc
 50
180.000000000
 51
0.000000000
  0
LINE
  5
A51
330
A02
100
AcDbEntity
  8
Pocket009
100
AcDbLine
 10
41.500000000
 20
30.000000000
 30
32.040000000
 11
41.500000000
 21
30.000000000
 31
20.039999654
  0
ARC
  5
A52
330
A02
100
AcDbEntity
  8
Pocket009
100
AcDbCircle
 10
42.500000000
 20
30.000000000
 30
20.039999654
 40
1.000000000
100
AcDbArc
 50
0.000000000
 51
180.000000000
  0
LINE
  5
A53
330
A02
100
AcDbEntity
  8
Pocket009
100
AcDbLine
 10
43.500000000
 20
30.000000000
 30
32.040000000
 11
43.500000000
 21
30.000000000
 31
20.039999654
  0
ARC
  5
A54
330
A02
100
AcDbEntity
  8
Pocket009
100
AcDbCircle
 10
-29.423077000
 20
30.000000000
 30
32.039999654
 40
1.000000000
100
AcDbArc
 50
180.000000000
 51
0.000000000
  0
LINE
  5
A55
330
A02
100
AcDbEntity
  8
Pocket009
100
AcDbLine
 10
-30.423077000
 20
30.000000000
 30
32.039999654
 11
-30.423077000
 21
30.000000000
 31
20.040000000
  0
ARC
  5
A56
330
A02
100
AcDbEntity
  8
Pocket009
100
AcDbCircle
 10
-29.423077000
 20
30.000000000
 30
20.040000000
 40
1.000000000
100
AcDbArc
 50
0.000000000
 51
180.000000000
  0
LINE
  5
A57
330
A02
100
AcDbEntity
  8
Pocket009
100
AcDbLine
 10
-28.423077000
 20
30.000000000
 30
32.039999654
 11
-28.423077000
 21
30.000000000
 31
20.040000000
  0
ARC
  5
A58
330
A02
100
AcDbEntity
  8
Pocket009
100
AcDbCircle
 10
-42.499999921
 20
37.300000000
 30
16.540000000
 40
4.050000000
100
AcDbArc
 50
90.000000000
 51
-90.000000000
  0
LINE
  5
A59
330
A02
100
AcDbEntity
  8
Pocket009
100
AcDbLine
 10
-42.499999921
 20
33.250000000
 30
16.540000000
 11
-42.499999921
 21
33.250000000
 31
15.140000000
  0
ARC
  5
A5A
330
A02
100
AcDbEntity
  8
Pocket009
100
AcDbCircle
 10
-42.499999921
 20
37.300000000
 30
15.140000000
 40
4.050000000
100
AcDbArc
 50
90.000000000
 51
-90.000000000
  0
LINE
  5
A5B
330
A02
100
AcDbEntity
  8
Pocket009
100
AcDbLine
 10
-42.499999921
 20
41.350000000
 30
16.540000000
 11
-42.499999921
 21
41.350000000
 31
15.140000000
  0
LINE
  5
A5C
330
A02
100
AcDbEntity
  8
Pocket009
100
AcDbLine
 10
-42.499999921
 20
33.250000000
 30
16.540000000
 11
42.500000000
 21
33.250000000
 31
16.540000000
  0
LINE
  5
A5D
330
A02
100
AcDbEntity
  8
Pocket009
100
AcDbLine
 10
42.500000000
 20
33.250000000
 30
16.540000000
 11
42.500000000
 21
33.250000000
 31
15.140000000
  0
LINE
  5
A5E
330
A02
100
AcDbEntity
  8
Pocket009
100
AcDbLine
 10
-42.499999921
 20
33.250000000
 30
15.140000000
 11
42.500000000
 21
33.250000000
 31
15.140000000
  0
LINE
  5
A5F
330
A02
100
AcDbEntity
  8
Pocket009
100
AcDbLine
 10
-42.499999921
 20
33.250000000
 30
16.540000000
 11
-42.499999921
 21
33.250000000
 31
15.140000000
  0
ARC
  5
A60
330
A02
100
AcDbEntity
  8
Pocket009
100
AcDbCircle
 10
42.500000000
 20
37.300000000
 30
16.540000000
 40
4.050000000
100
AcDbArc
 50
-90.000000000
 51
90.000000000
  0
LINE
  5
A61
330
A02
100
AcDbEntity
  8
Pocket009
100
AcDbLine
 10
42.500000000
 20
41.350000000
 30
16.540000000
 11
42.500000000
 21
41.350000000
 31
15.140000000
  0
ARC
  5
A62
330
A02
100
AcDbEntity
  8
Pocket009
100
AcDbCircle
 10
42.500000000
 20
37.300000000
 30
15.140000000
 40
4.050000000
100
AcDbArc
 50
-90.000000000
 51
90.000000000
  0
LINE
  5
A63
330
A02
100
AcDbEntity
  8
Pocket009
100
AcDbLine
 10
42.500000000
 20
33.250000000
 30
16.540000000
 11
42.500000000
 21
33.250000000
 31
15.140000000
  0
LINE
  5
A64
330
A02
100
AcDbEntity
  8
Pocket009
100
AcDbLine
 10
-42.499999921
 20
41.350000000
 30
16.540000000
 11
42.500000000
 21
41.350000000
 31
16.540000000
  0
LINE
  5
A65
330
A02
100
AcDbEntity
  8
Pocket009
100
AcDbLine
 10
42.500000000
 20
41.350000000
 30
16.540000000
 11
42.500000000
 21
41.350000000
 31
15.140000000
  0
LINE
  5
A66
330
A02
100
AcDbEntity
  8
Pocket009
100
AcDbLine
 10
-42.499999921
 20
41.350000000
 30
15.140000000
 11
42.500000000
 21
41.350000000
 31
15.140000000
  0
LINE
  5
A67
330
A02
100
AcDbEntity
  8
Pocket009
100
AcDbLine
 10
-42.499999921
 20
41.350000000
 30
16.540000000
 11
-42.499999921
 21
41.350000000
 31
15.140000000
  0
LINE
  5
A68
330
A02
100
AcDbEntity
  8
Pocket009
100
AcDbLine
 10
52.500000000
 20
43.850000000
 30
15.540000000
 11
-52.500000000
 21
43.850000000
 31
15.540000000
  0
LINE
  5
A69
330
A02
100
AcDbEntity
  8
Pocket009
100
AcDbLine
 10
52.500000000
 20
43.850000000
 30
0.000000000
 11
52.500000000
 21
43.850000000
 31
15.540000000
  0
LINE
  5
A6A
330
A02
100
AcDbEntity
  8
Pocket009
100
AcDbLine
 10
52.500000000
 20
43.850000000
 30
0.000000000
 11
45.925000000
 21
43.850000000
 31
0.000000000
  0
LINE
  5
A6B
330
A02
100
AcDbEntity
  8
Pocket009
100
AcDbLine
 10
45.925000000
 20
43.850000000
 30
0.000000000
 11
45.925000000
 21
43.850000000
 31
11.600000000
  0
LINE
  5
A6C
330
A02
100
AcDbEntity
  8
Pocket009
100
AcDbLine
 10
45.925000000
 20
43.850000000
 30
11.600000000
 11
-45.925000000
 21
43.850000000
 31
11.600000000
  0
LINE
  5
A6D
330
A02
100
AcDbEntity
  8
Pocket009
100
AcDbLine
 10
-45.925000000
 20
43.850000000
 30
11.600000000
 11
-45.925000000
 21
43.850000000
 31
0.000000000
  0
LINE
  5
A6E
330
A02
100
AcDbEntity
  8
Pocket009
100
AcDbLine
 10
-45.925000000
 20
43.850000000
 30
0.000000000
 11
-52.500000000
 21
43.850000000
 31
0.000000000
  0
LINE
  5
A6F
330
A02
100
AcDbEntity
  8
Pocket009
100
AcDbLine
 10
-52.500000000
 20
43.850000000
 30
0.000000000
 11
-52.500000000
 21
43.850000000
 31
15.540000000
  0
ARC
  5
A70
330
A02
100
AcDbEntity
  8
Pocket009
100
AcDbCircle
 10
-52.500000000
 20
42.850000000
 30
15.540000000
 40
1.000000000
100
AcDbArc
 50
90.000000000
 51
180.000000000
  0
ARC
  5
A71
330
A02
100
AcDbEntity
  8
Pocket009
100
AcDbCircle
 10
-52.500000000
 20
42.850000000
 30
15.540000000
 40
1.000000000
100
AcDbArc
 50
0.000000000
 51
180.000000000
  0
ARC
  5
A72
330
A02
100
AcDbEntity
  8
Pocket009
100
AcDbCircle
 10
-52.500000000
 20
42.850000000
 30
15.540000000
 40
1.000000000
100
AcDbArc
 50
0.000000000
 51
90.000000000
  0
ARC
  5
A73
330
A02
100
AcDbEntity
  8
Pocket009
100
AcDbCircle
 10
52.500000000
 20
42.850000000
 30
15.540000000
 40
1.000000000
100
AcDbArc
 50
0.000000000
 51
0.000000000
  0
ARC
  5
A74
330
A02
100
AcDbEntity
  8
Pocket009
100
AcDbCircle
 10
52.500000000
 20
42.850000000
 30
15.540000000
 40
1.000000000
100
AcDbArc
 50
0.000000000
 51
90.000000000
  0
ARC
  5
A75
330
A02
100
AcDbEntity
  8
Pocket009
100
AcDbCircle
 10
52.500000000
 20
42.850000000
 30
15.540000000
 40
1.000000000
100
AcDbArc
 50
0.000000000
 51
90.000000000
  0
LINE
  5
A76
330
A02
100
AcDbEntity
  8
Pocket009
100
AcDbLine
 10
-53.500000000
 20
42.850000000
 30
0.000000000
 11
-53.500000000
 21
-42.850000000
 31
0.000000000
  0
LINE
  5
A77
330
A02
100
AcDbEntity
  8
Pocket009
100
AcDbLine
 10
-53.500000000
 20
42.850000000
 30
0.000000000
 11
-53.500000000
 21
42.850000000
 31
15.540000000
  0
LINE
  5
A78
330
A02
100
AcDbEntity
  8
Pocket009
100
AcDbLine
 10
-53.500000000
 20
-42.850000000
 30
0.000000000
 11
-53.500000000
 21
-42.850000000
 31
15.540000000
  0
LINE
  5
A79
330
A02
100
AcDbEntity
  8
Pocket009
100
AcDbLine
 10
-53.500000000
 20
42.850000000
 30
15.540000000
 11
-53.500000000
 21
29.000000000
 31
15.540000000
  0
LINE
  5
A7A
330
A02
100
AcDbEntity
  8
Pocket009
100
AcDbLine
 10
-53.500000000
 20
-42.850000000
 30
15.540000000
 11
-53.500000000
 21
-29.000000000
 31
15.540000000
  0
LINE
  5
A7B
330
A02
100
AcDbEntity
  8
Pocket009
100
AcDbLine
 10
-53.500000000
 20
29.000000000
 30
15.540000000
 11
-53.500000000
 21
29.000000000
 31
34.540000000
  0
LINE
  5
A7C
330
A02
100
AcDbEntity
  8
Pocket009
100
AcDbLine
 10
-53.500000000
 20
-29.000000000
 30
15.540000000
 11
-53.500000000
 21
-29.000000000
 31
34.540000000
  0
LINE
  5
A7D
330
A02
100
AcDbEntity
  8
Pocket009
100
AcDbLine
 10
-53.500000000
 20
29.000000000
 30
34.540000000
 11
-53.500000000
 21
22.000000000
 31
34.540000000
  0
LINE
  5
A7E
330
A02
100
AcDbEntity
  8
Pocket009
100
AcDbLine
 10
-53.500000000
 20
-22.000000000
 30
34.540000000
 11
-53.500000000
 21
-29.000000000
 31
34.540000000
  0
LINE
  5
A7F
330
A02
100
AcDbEntity
  8
Pocket009
100
AcDbLine
 10
-53.500000000
 20
22.000000000
 30
43.604421794
 11
-53.500000000
 21
22.000000000
 31
34.540000000
  0
LINE
  5
A80
330
A02
100
AcDbEntity
  8
Pocket009
100
AcDbLine
 10
-53.500000000
 20
-22.000000000
 30
34.540000000
 11
-53.500000000
 21
-22.000000000
 31
43.604421794
  0
ARC
  5
A81
330
A02
100
AcDbEntity
  8
Pocket009
100
AcDbCircle
 10
-53.500000000
 20
0.000000000
 30
0.000000000
 40
0.000000000
100
AcDbArc
 50
90.000000000
 51
-90.000000000
  0
ARC
  5
A82
330
A02
100
AcDbEntity
  8
Pocket009
100
AcDbCircle
 10
-53.500000000
 20
0.000000000
 30
0.000000000
 40
22.000000000
100
AcDbArc
 50
-90.000000000
 51
-90.000000000
  0
LINE
  5
A83
330
A02
100
AcDbEntity
  8
Pocket009
100
AcDbLine
 10
-53.500000000
 20
-3.122057067
 30
2.147141134
 11
-53.500000000
 21
-3.122057067
 31
5.147141134
  0
LINE
  5
A84
330
A02
100
AcDbEntity
  8
Pocket009
100
AcDbLine
 10
-53.500000000
 20
-3.122057067
 30
5.147141134
 11
-53.500000000
 21
2.877942933
 31
5.147141134
  0
LINE
  5
A85
330
A02
100
AcDbEntity
  8
Pocket009
100
AcDbLine
 10
-53.500000000
 20
2.877942933
 30
5.147141134
 11
-53.500000000
 21
2.877942933
 31
2.147141134
  0
LINE
  5
A86
330
A02
100
AcDbEntity
  8
Pocket009
100
AcDbLine
 10
-53.500000000
 20
2.877942933
 30
2.147141134
 11
-53.500000000
 21
-3.122057067
 31
2.147141134
  0
ELLIPSE
  5
A87
330
A02
100
AcDbEntity
  8
Pocket009
100
AcDbEllipse
 10
-52.500000000
 20
29.000000000
 30
15.540000000
 11
1.000000000
 21
-1.000000000
 31
0.000000000
 40
0.707106781
 41
-3.141592654
 42
-1.570796327
  0
LINE
  5
A88
330
A02
100
AcDbEntity
  8
Pocket009
100
AcDbLine
 10
-52.500000000
 20
30.000000000
 30
16.540000000
 11
-52.500000000
 21
30.000000000
 31
34.540000000
  0
LINE
  5
A89
330
A02
100
AcDbEntity
  8
Pocket009
100
AcDbLine
 10
-53.500000000
 20
29.000000000
 30
15.540000000
 11
-53.500000000
 21
29.000000000
 31
34.540000000
  0
ARC
  5
A8A
330
A02
100
AcDbEntity
  8
Pocket009
100
AcDbCircle
 10
-52.500000000
 20
29.000000000
 30
34.540000000
 40
1.000000000
100
AcDbArc
 50
90.000000000
 51
180.000000000
  0
ELLIPSE
  5
A8B
330
A02
100
AcDbEntity
  8
Pocket009
100
AcDbEllipse
 10
52.500000000
 20
29.000000000
 30
15.540000000
 11
1.000000000
 21
1.000000000
 31
0.000000000
 40
0.707106781
 41
4.712388980
 42
0.000000000
  0
LINE
  5
A8C
330
A02
100
AcDbEntity
  8
Pocket009
100
AcDbLine
 10
53.500000000
 20
29.000000000
 30
34.540000000
 11
53.500000000
 21
29.000000000
 31
15.540000000
  0
LINE
  5
A8D
330
A02
100
AcDbEntity
  8
Pocket009
100
AcDbLine
 10
52.500000000
 20
30.000000000
 30
16.540000000
 11
52.500000000
 21
30.000000000
 31
34.540000000
  0
ARC
  5
A8E
330
A02
100
AcDbEntity
  8
Pocket009
100
AcDbCircle
 10
52.500000000
 20
29.000000000
 30
34.540000000
 40
1.000000000
100
AcDbArc
 50
0.000000000
 51
90.000000000
  0
LINE
  5
A8F
330
A02
100
AcDbEntity
  8
Pocket009
100
AcDbLine
 10
53.500000000
 20
-29.000000000
 30
15.540000000
 11
53.500000000
 21
-29.000000000
 31
34.540000000
  0
LINE
  5
A90
330
A02
100
AcDbEntity
  8
Pocket009
100
AcDbLine
 10
53.500000000
 20
-29.000000000
 30
34.540000000
 11
53.500000000
 21
-22.000000000
 31
34.540000000
  0
LINE
  5
A91
330
A02
100
AcDbEntity
  8
Pocket009
100
AcDbLine
 10
53.500000000
 20
-42.850000000
 30
15.540000000
 11
53.500000000
 21
-29.000000000
 31
15.540000000
  0
LINE
  5
A92
330
A02
100
AcDbEntity
  8
Pocket009
100
AcDbLine
 10
53.500000000
 20
-22.000000000
 30
34.540000000
 11
53.500000000
 21
-22.000000000
 31
43.085329290
  0
LINE
  5
A93
330
A02
100
AcDbEntity
  8
Pocket009
100
AcDbLine
 10
53.500000000
 20
-42.850000000
 30
0.000000000
 11
53.500000000
 21
-42.850000000
 31
15.540000000
  0
SPLINE
  5
A94
330
A02
100
AcDbEntity
  8
Pocket009
100
AcDbSpline
210
0
220
0
230
1
 70
8
 71
3
 72
8
 73
4
 74
0
 40
7.545329290
 40
7.545329290
 40
7.545329290
 40
7.545329290
 40
8.025861218
 40
8.025861218
 40
8.025861218
 40
8.025861218
 10
53.500000000
 20
-22.000000000
 30
43.085329290
 10
53.500000000
 20
-22.000000000
 30
43.250410610
 10
53.500000000
 20
-22.000000000
 30
43.413498745
 10
53.500000000
 20
-22.000000000
 30
43.604421794
  0
LINE
  5
A95
330
A02
100
AcDbEntity
  8
Pocket009
100
AcDbLine
 10
53.500000000
 20
-42.850000000
 30
0.000000000
 11
53.500000000
 21
42.850000000
 31
0.000000000
  0
ARC
  5
A96
330
A02
100
AcDbEntity
  8
Pocket009
100
AcDbCircle
 10
53.500000000
 20
0.000000000
 30
0.000000000
 40
0.000000000
100
AcDbArc
 50
-90.000000000
 51
-90.000000000
  0
LINE
  5
A97
330
A02
100
AcDbEntity
  8
Pocket009
100
AcDbLine
 10
53.500000000
 20
42.850000000
 30
0.000000000
 11
53.500000000
 21
42.850000000
 31
15.540000000
  0
ARC
  5
A98
330
A02
100
AcDbEntity
  8
Pocket009
100
AcDbCircle
 10
53.500000000
 20
0.000000000
 30
0.000000000
 40
21.558587480
100
AcDbArc
 50
-90.000000000
 51
90.000000000
  0
LINE
  5
A99
330
A02
100
AcDbEntity
  8
Pocket009
100
AcDbLine
 10
53.500000000
 20
29.000000000
 30
15.540000000
 11
53.500000000
 21
42.850000000
 31
15.540000000
  0
SPLINE
  5
A9A
330
A02
100
AcDbEntity
  8
Pocket009
100
AcDbSpline
210
0
220
0
230
1
 70
8
 71
3
 72
8
 73
4
 74
0
 40
107.229339704
 40
107.229339704
 40
107.229339704
 40
107.229339704
 40
107.666269753
 40
107.666269753
 40
107.666269753
 40
107.666269753
 10
53.500000000
 20
22.000000000
 30
43.603121032
 10
53.500000000
 20
21.840641520
 30
43.684140628
 10
53.500000000
 20
21.700501956
 30
43.754536652
 10
53.500000000
 20
21.558587480
 30
43.824341477
  0
LINE
  5
A9B
330
A02
100
AcDbEntity
  8
Pocket009
100
AcDbLine
 10
53.500000000
 20
29.000000000
 30
34.540000000
 11
53.500000000
 21
29.000000000
 31
15.540000000
  0
LINE
  5
A9C
330
A02
100
AcDbEntity
  8
Pocket009
100
AcDbLine
 10
53.500000000
 20
22.000000000
 30
34.540000000
 11
53.500000000
 21
22.000000000
 31
43.603121032
  0
LINE
  5
A9D
330
A02
100
AcDbEntity
  8
Pocket009
100
AcDbLine
 10
53.500000000
 20
22.000000000
 30
34.540000000
 11
53.500000000
 21
29.000000000
 31
34.540000000
  0
LINE
  5
A9E
330
A02
100
AcDbEntity
  8
Pocket009
100
AcDbLine
 10
53.500000000
 20
-3.122057067
 30
5.147141134
 11
53.500000000
 21
-3.122057067
 31
2.147141134
  0
LINE
  5
A9F
330
A02
100
AcDbEntity
  8
Pocket009
100
AcDbLine
 10
53.500000000
 20
-3.122057067
 30
2.147141134
 11
53.500000000
 21
2.877942933
 31
2.147141134
  0
LINE
  5
AA0
330
A02
100
AcDbEntity
  8
Pocket009
100
AcDbLine
 10
53.500000000
 20
2.877942933
 30
2.147141134
 11
53.500000000
 21
2.877942933
 31
5.147141134
  0
LINE
  5
AA1
330
A02
100
AcDbEntity
  8
Pocket009
100
AcDbLine
 10
53.500000000
 20
2.877942933
 30
5.147141134
 11
53.500000000
 21
-3.122057067
 31
5.147141134
  0
LINE
  5
AA2
330
A02
100
AcDbEntity
  8
Pocket009
100
AcDbLine
 10
52.500000000
 20
29.000000000
 30
35.540000000
 11
-52.500000000
 21
29.000000000
 31
35.540000000
  0
ARC
  5
AA3
330
A02
100
AcDbEntity
  8
Pocket009
100
AcDbCircle
 10
-52.500000000
 20
29.000000000
 30
34.540000000
 40
1.000000000
100
AcDbArc
 50
0.000000000
 51
90.000000000
  0
ARC
  5
AA4
330
A02
100
AcDbEntity
  8
Pocket009
100
AcDbCircle
 10
52.500000000
 20
29.000000000
 30
34.540000000
 40
0.000000000
100
AcDbArc
 50
90.000000000
 51
0.000000000
  0
LINE
  5
AA5
330
A02
100
AcDbEntity
  8
Pocket009
100
AcDbLine
 10
52.500000000
 20
30.000000000
 30
34.540000000
 11
-52.500000000
 21
30.000000000
 31
34.540000000
  0
ARC
  5
AA6
330
A02
100
AcDbEntity
  8
Pocket009
100
AcDbCircle
 10
35.961538000
 20
29.300000000
 30
32.040000000
 40
1.000000000
100
AcDbArc
 50
180.000000000
 51
0.000000000
  0
LINE
  5
AA7
330
A02
100
AcDbEntity
  8
Pocket009
100
AcDbLine
 10
34.961538000
 20
29.300000000
 30
32.040000000
 11
34.961538000
 21
30.000000000
 31
32.040000000
  0
ARC
  5
AA8
330
A02
100
AcDbEntity
  8
Pocket009
100
AcDbCircle
 10
35.961538000
 20
30.000000000
 30
32.040000000
 40
1.000000000
100
AcDbArc
 50
180.000000000
 51
0.000000000
  0
LINE
  5
AA9
330
A02
100
AcDbEntity
  8
Pocket009
100
AcDbLine
 10
36.961538000
 20
29.300000000
 30
32.040000000
 11
36.961538000
 21
30.000000000
 31
32.040000000
  0
LINE
  5
AAA
330
A02
100
AcDbEntity
  8
Pocket009
100
AcDbLine
 10
34.961538000
 20
29.300000000
 30
20.040000000
 11
34.961538000
 21
29.300000000
 31
32.040000000
  0
LINE
  5
AAB
330
A02
100
AcDbEntity
  8
Pocket009
100
AcDbLine
 10
34.961538000
 20
29.300000000
 30
20.040000000
 11
34.961538000
 21
30.000000000
 31
20.040000000
  0
LINE
  5
AAC
330
A02
100
AcDbEntity
  8
Pocket009
100
AcDbLine
 10
34.961538000
 20
30.000000000
 30
32.040000000
 11
34.961538000
 21
30.000000000
 31
20.040000000
  0
LINE
  5
AAD
330
A02
100
AcDbEntity
  8
Pocket009
100
AcDbLine
 10
34.961538000
 20
29.300000000
 30
32.040000000
 11
34.961538000
 21
30.000000000
 31
32.040000000
  0
ARC
  5
AAE
330
A02
100
AcDbEntity
  8
Pocket009
100
AcDbCircle
 10
35.961538000
 20
29.300000000
 30
20.040000000
 40
1.000000000
100
AcDbArc
 50
0.000000000
 51
180.000000000
  0
LINE
  5
AAF
330
A02
100
AcDbEntity
  8
Pocket009
100
AcDbLine
 10
36.961538000
 20
29.300000000
 30
20.040000000
 11
36.961538000
 21
30.000000000
 31
20.040000000
  0
ARC
  5
AB0
330
A02
100
AcDbEntity
  8
Pocket009
100
AcDbCircle
 10
35.961538000
 20
30.000000000
 30
20.040000000
 40
1.000000000
100
AcDbArc
 50
0.000000000
 51
180.000000000
  0
LINE
  5
AB1
330
A02
100
AcDbEntity
  8
Pocket009
100
AcDbLine
 10
34.961538000
 20
29.300000000
 30
20.040000000
 11
34.961538000
 21
30.000000000
 31
20.040000000
  0
LINE
  5
AB2
330
A02
100
AcDbEntity
  8
Pocket009
100
AcDbLine
 10
36.961538000
 20
29.300000000
 30
20.040000000
 11
36.961538000
 21
29.300000000
 31
32.040000000
  0
LINE
  5
AB3
330
A02
100
AcDbEntity
  8
Pocket009
100
AcDbLine
 10
36.961538000
 20
29.300000000
 30
20.040000000
 11
36.961538000
 21
30.000000000
 31
20.040000000
  0
LINE
  5
AB4
330
A02
100
AcDbEntity
  8
Pocket009
100
AcDbLine
 10
36.961538000
 20
30.000000000
 30
32.040000000
 11
36.961538000
 21
30.000000000
 31
20.040000000
  0
LINE
  5
AB5
330
A02
100
AcDbEntity
  8
Pocket009
100
AcDbLine
 10
36.961538000
 20
29.300000000
 30
32.040000000
 11
36.961538000
 21
30.000000000
 31
32.040000000
  0
ARC
  5
AB6
330
A02
100
AcDbEntity
  8
Pocket009
100
AcDbCircle
 10
29.423077000
 20
29.300000000
 30
32.040000000
 40
1.000000000
100
AcDbArc
 50
180.000000000
 51
0.000000000
  0
LINE
  5
AB7
330
A02
100
AcDbEntity
  8
Pocket009
100
AcDbLine
 10
28.423077000
 20
29.300000000
 30
32.040000000
 11
28.423077000
 21
30.000000000
 31
32.040000000
  0
ARC
  5
AB8
330
A02
100
AcDbEntity
  8
Pocket009
100
AcDbCircle
 10
29.423077000
 20
30.000000000
 30
32.040000000
 40
1.000000000
100
AcDbArc
 50
180.000000000
 51
0.000000000
  0
LINE
  5
AB9
330
A02
100
AcDbEntity
  8
Pocket009
100
AcDbLine
 10
30.423077000
 20
29.300000000
 30
32.040000000
 11
30.423077000
 21
30.000000000
 31
32.040000000
  0
LINE
  5
ABA
330
A02
100
AcDbEntity
  8
Pocket009
100
AcDbLine
 10
28.423077000
 20
29.300000000
 30
20.039999693
 11
28.423077000
 21
29.300000000
 31
32.040000000
  0
LINE
  5
ABB
330
A02
100
AcDbEntity
  8
Pocket009
100
AcDbLine
 10
28.423077000
 20
29.300000000
 30
20.039999693
 11
28.423077000
 21
30.000000000
 31
20.039999693
  0
LINE
  5
ABC
330
A02
100
AcDbEntity
  8
Pocket009
100
AcDbLine
 10
28.423077000
 20
30.000000000
 30
32.040000000
 11
28.423077000
 21
30.000000000
 31
20.039999693
  0
LINE
  5
ABD
330
A02
100
AcDbEntity
  8
Pocket009
100
AcDbLine
 10
28.423077000
 20
29.300000000
 30
32.040000000
 11
28.423077000
 21
30.000000000
 31
32.040000000
  0
ARC
  5
ABE
330
A02
100
AcDbEntity
  8
Pocket009
100
AcDbCircle
 10
29.423077000
 20
29.300000000
 30
20.039999693
 40
1.000000000
100
AcDbArc
 50
0.000000000
 51
180.000000000
  0
LINE
  5
ABF
330
A02
100
AcDbEntity
  8
Pocket009
100
AcDbLine
 10
30.423077000
 20
29.300000000
 30
20.039999693
 11
30.423077000
 21
30.000000000
 31
20.039999693
  0
ARC
  5
AC0
330
A02
100
AcDbEntity
  8
Pocket009
100
AcDbCircle
 10
29.423077000
 20
30.000000000
 30
20.039999693
 40
1.000000000
100
AcDbArc
 50
0.000000000
 51
180.000000000
  0
LINE
  5
AC1
330
A02
100
AcDbEntity
  8
Pocket009
100
AcDbLine
 10
28.423077000
 20
29.300000000
 30
20.039999693
 11
28.423077000
 21
30.000000000
 31
20.039999693
  0
LINE
  5
AC2
330
A02
100
AcDbEntity
  8
Pocket009
100
AcDbLine
 10
30.423077000
 20
29.300000000
 30
20.039999693
 11
30.423077000
 21
29.300000000
 31
32.040000000
  0
LINE
  5
AC3
330
A02
100
AcDbEntity
  8
Pocket009
100
AcDbLine
 10
30.423077000
 20
29.300000000
 30
20.039999693
 11
30.423077000
 21
30.000000000
 31
20.039999693
  0
LINE
  5
AC4
330
A02
100
AcDbEntity
  8
Pocket009
100
AcDbLine
 10
30.423077000
 20
30.000000000
 30
32.040000000
 11
30.423077000
 21
30.000000000
 31
20.039999693
  0
LINE
  5
AC5
330
A02
100
AcDbEntity
  8
Pocket009
100
AcDbLine
 10
30.423077000
 20
29.300000000
 30
32.040000000
 11
30.423077000
 21
30.000000000
 31
32.040000000
  0
ARC
  5
AC6
330
A02
100
AcDbEntity
  8
Pocket009
100
AcDbCircle
 10
22.884615000
 20
29.300000000
 30
32.040000000
 40
1.000000000
100
AcDbArc
 50
180.000000000
 51
0.000000000
  0
LINE
  5
AC7
330
A02
100
AcDbEntity
  8
Pocket009
100
AcDbLine
 10
21.884615000
 20
29.300000000
 30
32.040000000
 11
21.884615000
 21
30.000000000
 31
32.040000000
  0
ARC
  5
AC8
330
A02
100
AcDbEntity
  8
Pocket009
100
AcDbCircle
 10
22.884615000
 20
30.000000000
 30
32.040000000
 40
1.000000000
100
AcDbArc
 50
180.000000000
 51
0.000000000
  0
LINE
  5
AC9
330
A02
100
AcDbEntity
  8
Pocket009
100
AcDbLine
 10
23.884615000
 20
29.300000000
 30
32.040000000
 11
23.884615000
 21
30.000000000
 31
32.040000000
  0
LINE
  5
ACA
330
A02
100
AcDbEntity
  8
Pocket009
100
AcDbLine
 10
21.884615000
 20
29.300000000
 30
20.040000000
 11
21.884615000
 21
29.300000000
 31
32.040000000
  0
LINE
  5
ACB
330
A02
100
AcDbEntity
  8
Pocket009
100
AcDbLine
 10
21.884615000
 20
29.300000000
 30
20.040000000
 11
21.884615000
 21
30.000000000
 31
20.040000000
  0
LINE
  5
ACC
330
A02
100
AcDbEntity
  8
Pocket009
100
AcDbLine
 10
21.884615000
 20
30.000000000
 30
32.040000000
 11
21.884615000
 21
30.000000000
 31
20.040000000
  0
LINE
  5
ACD
330
A02
100
AcDbEntity
  8
Pocket009
100
AcDbLine
 10
21.884615000
 20
29.300000000
 30
32.040000000
 11
21.884615000
 21
30.000000000
 31
32.040000000
  0
ARC
  5
ACE
330
A02
100
AcDbEntity
  8
Pocket009
100
AcDbCircle
 10
22.884615000
 20
29.300000000
 30
20.040000000
 40
1.000000000
100
AcDbArc
 50
0.000000000
 51
180.000000000
  0
LINE
  5
ACF
330
A02
100
AcDbEntity
  8
Pocket009
100
AcDbLine
 10
23.884615000
 20
29.300000000
 30
20.040000000
 11
23.884615000
 21
30.000000000
 31
20.040000000
  0
ARC
  5
AD0
330
A02
100
AcDbEntity
  8
Pocket009
100
AcDbCircle
 10
22.884615000
 20
30.000000000
 30
20.040000000
 40
1.000000000
100
AcDbArc
 50
0.000000000
 51
180.000000000
  0
LINE
  5
AD1
330
A02
100
AcDbEntity
  8
Pocket009
100
AcDbLine
 10
21.884615000
 20
29.300000000
 30
20.040000000
 11
21.884615000
 21
30.000000000
 31
20.040000000
  0
LINE
  5
AD2
330
A02
100
AcDbEntity
  8
Pocket009
100
AcDbLine
 10
23.884615000
 20
29.300000000
 30
20.040000000
 11
23.884615000
 21
29.300000000
 31
32.040000000
  0
LINE
  5
AD3
330
A02
100
AcDbEntity
  8
Pocket009
100
AcDbLine
 10
23.884615000
 20
29.300000000
 30
20.040000000
 11
23.884615000
 21
30.000000000
 31
20.040000000
  0
LINE
  5
AD4
330
A02
100
AcDbEntity
  8
Pocket009
100
AcDbLine
 10
23.884615000
 20
30.000000000
 30
32.040000000
 11
23.884615000
 21
30.000000000
 31
20.040000000
  0
LINE
  5
AD5
330
A02
100
AcDbEntity
  8
Pocket009
100
AcDbLine
 10
23.884615000
 20
29.300000000
 30
32.040000000
 11
23.884615000
 21
30.000000000
 31
32.040000000
  0
ARC
  5
AD6
330
A02
100
AcDbEntity
  8
Pocket009
100
AcDbCircle
 10
16.346154000
 20
29.300000000
 30
32.040000000
 40
1.000000000
100
AcDbArc
 50
180.000000000
 51
0.000000000
  0
LINE
  5
AD7
330
A02
100
AcDbEntity
  8
Pocket009
100
AcDbLine
 10
15.346154000
 20
29.300000000
 30
32.040000000
 11
15.346154000
 21
30.000000000
 31
32.040000000
  0
ARC
  5
AD8
330
A02
100
AcDbEntity
  8
Pocket009
100
AcDbCircle
 10
16.346154000
 20
30.000000000
 30
32.040000000
 40
1.000000000
100
AcDbArc
 50
180.000000000
 51
0.000000000
  0
LINE
  5
AD9
330
A02
100
AcDbEntity
  8
Pocket009
100
AcDbLine
 10
17.346154000
 20
29.300000000
 30
32.040000000
 11
17.346154000
 21
30.000000000
 31
32.040000000
  0
LINE
  5
ADA
330
A02
100
AcDbEntity
  8
Pocket009
100
AcDbLine
 10
15.346154000
 20
29.300000000
 30
20.040000000
 11
15.346154000
 21
29.300000000
 31
32.040000000
  0
LINE
  5
ADB
330
A02
100
AcDbEntity
  8
Pocket009
100
AcDbLine
 10
15.346154000
 20
29.300000000
 30
20.040000000
 11
15.346154000
 21
30.000000000
 31
20.040000000
  0
LINE
  5
ADC
330
A02
100
AcDbEntity
  8
Pocket009
100
AcDbLine
 10
15.346154000
 20
30.000000000
 30
32.040000000
 11
15.346154000
 21
30.000000000
 31
20.040000000
  0
LINE
  5
ADD
330
A02
100
AcDbEntity
  8
Pocket009
100
AcDbLine
 10
15.346154000
 20
29.300000000
 30
32.040000000
 11
15.346154000
 21
30.000000000
 31
32.040000000
  0
ARC
  5
ADE
330
A02
100
AcDbEntity
  8
Pocket009
100
AcDbCircle
 10
16.346154000
 20
29.300000000
 30
20.040000000
 40
1.000000000
100
AcDbArc
 50
0.000000000
 51
180.000000000
  0
LINE
  5
ADF
330
A02
100
AcDbEntity
  8
Pocket009
100
AcDbLine
 10
17.346154000
 20
29.300000000
 30
20.040000000
 11
17.346154000
 21
30.000000000
 31
20.040000000
  0
ARC
  5
AE0
330
A02
100
AcDbEntity
  8
Pocket009
100
AcDbCircle
 10
16.346154000
 20
30.000000000
 30
20.040000000
 40
1.000000000
100
AcDbArc
 50
0.000000000
 51
180.000000000
  0
LINE
  5
AE1
330
A02
100
AcDbEntity
  8
Pocket009
100
AcDbLine
 10
15.346154000
 20
29.300000000
 30
20.040000000
 11
15.346154000
 21
30.000000000
 31
20.040000000
  0
LINE
  5
AE2
330
A02
100
AcDbEntity
  8
Pocket009
100
AcDbLine
 10
17.346154000
 20
29.300000000
 30
20.040000000
 11
17.346154000
 21
29.300000000
 31
32.040000000
  0
LINE
  5
AE3
330
A02
100
AcDbEntity
  8
Pocket009
100
AcDbLine
 10
17.346154000
 20
29.300000000
 30
20.040000000
 11
17.346154000
 21
30.000000000
 31
20.040000000
  0
LINE
  5
AE4
330
A02
100
AcDbEntity
  8
Pocket009
100
AcDbLine
 10
17.346154000
 20
30.000000000
 30
32.040000000
 11
17.346154000
 21
30.000000000
 31
20.040000000
  0
LINE
  5
AE5
330
A02
100
AcDbEntity
  8
Pocket009
100
AcDbLine
 10
17.346154000
 20
29.300000000
 30
32.040000000
 11
17.346154000
 21
30.000000000
 31
32.040000000
  0
ARC
  5
AE6
330
A02
100
AcDbEntity
  8
Pocket009
100
AcDbCircle
 10
9.807692000
 20
29.300000000
 30
32.040000000
 40
1.000000000
100
AcDbArc
 50
180.000000000
 51
0.000000000
  0
LINE
  5
AE7
330
A02
100
AcDbEntity
  8
Pocket009
100
AcDbLine
 10
8.807692000
 20
29.300000000
 30
32.040000000
 11
8.807692000
 21
30.000000000
 31
32.040000000
  0
ARC
  5
AE8
330
A02
100
AcDbEntity
  8
Pocket009
100
AcDbCircle
 10
9.807692000
 20
30.000000000
 30
32.040000000
 40
1.000000000
100
AcDbArc
 50
180.000000000
 51
0.000000000
  0
LINE
  5
AE9
330
A02
100
AcDbEntity
  8
Pocket009
100
AcDbLine
 10
10.807692000
 20
29.300000000
 30
32.040000000
 11
10.807692000
 21
30.000000000
 31
32.040000000
  0
LINE
  5
AEA
330
A02
100
AcDbEntity
  8
Pocket009
100
AcDbLine
 10
8.807692000
 20
29.300000000
 30
20.040000000
 11
8.807692000
 21
29.300000000
 31
32.040000000
  0
LINE
  5
AEB
330
A02
100
AcDbEntity
  8
Pocket009
100
AcDbLine
 10
8.807692000
 20
29.300000000
 30
20.040000000
 11
8.807692000
 21
30.000000000
 31
20.040000000
  0
LINE
  5
AEC
330
A02
100
AcDbEntity
  8
Pocket009
100
AcDbLine
 10
8.807692000
 20
30.000000000
 30
32.040000000
 11
8.807692000
 21
30.000000000
 31
20.040000000
  0
LINE
  5
AED
330
A02
100
AcDbEntity
  8
Pocket009
100
AcDbLine
 10
8.807692000
 20
29.300000000
 30
32.040000000
 11
8.807692000
 21
30.000000000
 31
32.040000000
  0
ARC
  5
AEE
330
A02
100
AcDbEntity
  8
Pocket009
100
AcDbCircle
 10
9.807692000
 20
29.300000000
 30
20.040000000
 40
1.000000000
100
AcDbArc
 50
0.000000000
 51
180.000000000
  0
LINE
  5
AEF
330
A02
100
AcDbEntity
  8
Pocket009
100
AcDbLine
 10
10.807692000
 20
29.300000000
 30
20.040000000
 11
10.807692000
 21
30.000000000
 31
20.040000000
  0
ARC
  5
AF0
330
A02
100
AcDbEntity
  8
Pocket009
100
AcDbCircle
 10
9.807692000
 20
30.000000000
 30
20.040000000
 40
1.000000000
100
AcDbArc
 50
0.000000000
 51
180.000000000
  0
LINE
  5
AF1
330
A02
100
AcDbEntity
  8
Pocket009
100
AcDbLine
 10
8.807692000
 20
29.300000000
 30
20.040000000
 11
8.807692000
 21
30.000000000
 31
20.040000000
  0
LINE
  5
AF2
330
A02
100
AcDbEntity
  8
Pocket009
100
AcDbLine
 10
10.807692000
 20
29.300000000
 30
20.040000000
 11
10.807692000
 21
29.300000000
 31
32.040000000
  0
LINE
  5
AF3
330
A02
100
AcDbEntity
  8
Pocket009
100
AcDbLine
 10
10.807692000
 20
29.300000000
 30
20.040000000
 11
10.807692000
 21
30.000000000
 31
20.040000000
  0
LINE
  5
AF4
330
A02
100
AcDbEntity
  8
Pocket009
100
AcDbLine
 10
10.807692000
 20
30.000000000
 30
32.040000000
 11
10.807692000
 21
30.000000000
 31
20.040000000
  0
LINE
  5
AF5
330
A02
100
AcDbEntity
  8
Pocket009
100
AcDbLine
 10
10.807692000
 20
29.300000000
 30
32.040000000
 11
10.807692000
 21
30.000000000
 31
32.040000000
  0
ARC
  5
AF6
330
A02
100
AcDbEntity
  8
Pocket009
100
AcDbCircle
 10
3.269231000
 20
29.300000000
 30
32.040000000
 40
1.000000000
100
AcDbArc
 50
180.000000000
 51
0.000000000
  0
LINE
  5
AF7
330
A02
100
AcDbEntity
  8
Pocket009
100
AcDbLine
 10
2.269231000
 20
29.300000000
 30
32.040000000
 11
2.269231000
 21
30.000000000
 31
32.040000000
  0
ARC
  5
AF8
330
A02
100
AcDbEntity
  8
Pocket009
100
AcDbCircle
 10
3.269231000
 20
30.000000000
 30
32.040000000
 40
1.000000000
100
AcDbArc
 50
180.000000000
 51
0.000000000
  0
LINE
  5
AF9
330
A02
100
AcDbEntity
  8
Pocket009
100
AcDbLine
 10
4.269231000
 20
29.300000000
 30
32.040000000
 11
4.269231000
 21
30.000000000
 31
32.040000000
  0
LINE
  5
AFA
330
A02
100
AcDbEntity
  8
Pocket009
100
AcDbLine
 10
2.269231000
 20
29.300000000
 30
20.040000000
 11
2.269231000
 21
29.300000000
 31
32.040000000
  0
LINE
  5
AFB
330
A02
100
AcDbEntity
  8
Pocket009
100
AcDbLine
 10
2.269231000
 20
29.300000000
 30
20.040000000
 11
2.269231000
 21
30.000000000
 31
20.040000000
  0
LINE
  5
AFC
330
A02
100
AcDbEntity
  8
Pocket009
100
AcDbLine
 10
2.269231000
 20
30.000000000
 30
32.040000000
 11
2.269231000
 21
30.000000000
 31
20.040000000
  0
LINE
  5
AFD
330
A02
100
AcDbEntity
  8
Pocket009
100
AcDbLine
 10
2.269231000
 20
29.300000000
 30
32.040000000
 11
2.269231000
 21
30.000000000
 31
32.040000000
  0
ARC
  5
AFE
330
A02
100
AcDbEntity
  8
Pocket009
100
AcDbCircle
 10
3.269231000
 20
29.300000000
 30
20.040000000
 40
1.000000000
100
AcDbArc
 50
0.000000000
 51
180.000000000
  0
LINE
  5
AFF
330
A02
100
AcDbEntity
  8
Pocket009
100
AcDbLine
 10
4.269231000
 20
29.300000000
 30
20.040000000
 11
4.269231000
 21
30.000000000
 31
20.040000000
  0
ARC
  5
B00
330
A02
100
AcDbEntity
  8
Pocket009
100
AcDbCircle
 10
3.269231000
 20
30.000000000
 30
20.040000000
 40
1.000000000
100
AcDbArc
 50
0.000000000
 51
180.000000000
  0
LINE
  5
B01
330
A02
100
AcDbEntity
  8
Pocket009
100
AcDbLine
 10
2.269231000
 20
29.300000000
 30
20.040000000
 11
2.269231000
 21
30.000000000
 31
20.040000000
  0
LINE
  5
B02
330
A02
100
AcDbEntity
  8
Pocket009
100
AcDbLine
 10
4.269231000
 20
29.300000000
 30
20.040000000
 11
4.269231000
 21
29.300000000
 31
32.040000000
  0
LINE
  5
B03
330
A02
100
AcDbEntity
  8
Pocket009
100
AcDbLine
 10
4.269231000
 20
29.300000000
 30
20.040000000
 11
4.269231000
 21
30.000000000
 31
20.040000000
  0
LINE
  5
B04
330
A02
100
AcDbEntity
  8
Pocket009
100
AcDbLine
 10
4.269231000
 20
30.000000000
 30
32.040000000
 11
4.269231000
 21
30.000000000
 31
20.040000000
  0
LINE
  5
B05
330
A02
100
AcDbEntity
  8
Pocket009
100
AcDbLine
 10
4.269231000
 20
29.300000000
 30
32.040000000
 11
4.269231000
 21
30.000000000
 31
32.040000000
  0
ARC
  5
B06
330
A02
100
AcDbEntity
  8
Pocket009
100
AcDbCircle
 10
-3.269231000
 20
29.300000000
 30
32.040000000
 40
1.000000000
100
AcDbArc
 50
180.000000000
 51
0.000000000
  0
LINE
  5
B07
330
A02
100
AcDbEntity
  8
Pocket009
100
AcDbLine
 10
-4.269231000
 20
29.300000000
 30
32.040000000
 11
-4.269231000
 21
30.000000000
 31
32.040000000
  0
ARC
  5
B08
330
A02
100
AcDbEntity
  8
Pocket009
100
AcDbCircle
 10
-3.269231000
 20
30.000000000
 30
32.040000000
 40
1.000000000
100
AcDbArc
 50
180.000000000
 51
0.000000000
  0
LINE
  5
B09
330
A02
100
AcDbEntity
  8
Pocket009
100
AcDbLine
 10
-2.269231000
 20
29.300000000
 30
32.040000000
 11
-2.269231000
 21
30.000000000
 31
32.040000000
  0
LINE
  5
B0A
330
A02
100
AcDbEntity
  8
Pocket009
100
AcDbLine
 10
-4.269231000
 20
29.300000000
 30
20.040000000
 11
-4.269231000
 21
29.300000000
 31
32.040000000
  0
LINE
  5
B0B
330
A02
100
AcDbEntity
  8
Pocket009
100
AcDbLine
 10
-4.269231000
 20
29.300000000
 30
20.040000000
 11
-4.269231000
 21
30.000000000
 31
20.040000000
  0
LINE
  5
B0C
330
A02
100
AcDbEntity
  8
Pocket009
100
AcDbLine
 10
-4.269231000
 20
30.000000000
 30
32.040000000
 11
-4.269231000
 21
30.000000000
 31
20.040000000
  0
LINE
  5
B0D
330
A02
100
AcDbEntity
  8
Pocket009
100
AcDbLine
 10
-4.269231000
 20
29.300000000
 30
32.040000000
 11
-4.269231000
 21
30.000000000
 31
32.040000000
  0
ARC
  5
B0E
330
A02
100
AcDbEntity
  8
Pocket009
100
AcDbCircle
 10
-3.269231000
 20
29.300000000
 30
20.040000000
 40
1.000000000
100
AcDbArc
 50
0.000000000
 51
180.000000000
  0
LINE
  5
B0F
330
A02
100
AcDbEntity
  8
Pocket009
100
AcDbLine
 10
-2.269231000
 20
29.300000000
 30
20.040000000
 11
-2.269231000
 21
30.000000000
 31
20.040000000
  0
ARC
  5
B10
330
A02
100
AcDbEntity
  8
Pocket009
100
AcDbCircle
 10
-3.269231000
 20
30.000000000
 30
20.040000000
 40
1.000000000
100
AcDbArc
 50
0.000000000
 51
180.000000000
  0
LINE
  5
B11
330
A02
100
AcDbEntity
  8
Pocket009
100
AcDbLine
 10
-4.269231000
 20
29.300000000
 30
20.040000000
 11
-4.269231000
 21
30.000000000
 31
20.040000000
  0
LINE
  5
B12
330
A02
100
AcDbEntity
  8
Pocket009
100
AcDbLine
 10
-2.269231000
 20
29.300000000
 30
20.040000000
 11
-2.269231000
 21
29.300000000
 31
32.040000000
  0
LINE
  5
B13
330
A02
100
AcDbEntity
  8
Pocket009
100
AcDbLine
 10
-2.269231000
 20
29.300000000
 30
20.040000000
 11
-2.269231000
 21
30.000000000
 31
20.040000000
  0
LINE
  5
B14
330
A02
100
AcDbEntity
  8
Pocket009
100
AcDbLine
 10
-2.269231000
 20
30.000000000
 30
32.040000000
 11
-2.269231000
 21
30.000000000
 31
20.040000000
  0
LINE
  5
B15
330
A02
100
AcDbEntity
  8
Pocket009
100
AcDbLine
 10
-2.269231000
 20
29.300000000
 30
32.040000000
 11
-2.269231000
 21
30.000000000
 31
32.040000000
  0
ARC
  5
B16
330
A02
100
AcDbEntity
  8
Pocket009
100
AcDbCircle
 10
-9.807692000
 20
29.300000000
 30
32.039999654
 40
1.000000000
100
AcDbArc
 50
180.000000000
 51
0.000000000
  0
LINE
  5
B17
330
A02
100
AcDbEntity
  8
Pocket009
100
AcDbLine
 10
-10.807692000
 20
29.300000000
 30
32.039999654
 11
-10.807692000
 21
30.000000000
 31
32.039999654
  0
ARC
  5
B18
330
A02
100
AcDbEntity
  8
Pocket009
100
AcDbCircle
 10
-9.807692000
 20
30.000000000
 30
32.039999654
 40
1.000000000
100
AcDbArc
 50
180.000000000
 51
0.000000000
  0
LINE
  5
B19
330
A02
100
AcDbEntity
  8
Pocket009
100
AcDbLine
 10
-8.807692000
 20
29.300000000
 30
32.039999654
 11
-8.807692000
 21
30.000000000
 31
32.039999654
  0
LINE
  5
B1A
330
A02
100
AcDbEntity
  8
Pocket009
100
AcDbLine
 10
-10.807692000
 20
29.300000000
 30
20.040000000
 11
-10.807692000
 21
29.300000000
 31
32.039999654
  0
LINE
  5
B1B
330
A02
100
AcDbEntity
  8
Pocket009
100
AcDbLine
 10
-10.807692000
 20
29.300000000
 30
20.040000000
 11
-10.807692000
 21
30.000000000
 31
20.040000000
  0
LINE
  5
B1C
330
A02
100
AcDbEntity
  8
Pocket009
100
AcDbLine
 10
-10.807692000
 20
30.000000000
 30
32.039999654
 11
-10.807692000
 21
30.000000000
 31
20.040000000
  0
LINE
  5
B1D
330
A02
100
AcDbEntity
  8
Pocket009
100
AcDbLine
 10
-10.807692000
 20
29.300000000
 30
32.039999654
 11
-10.807692000
 21
30.000000000
 31
32.039999654
  0
ARC
  5
B1E
330
A02
100
AcDbEntity
  8
Pocket009
100
AcDbCircle
 10
-9.807692000
 20
29.300000000
 30
20.040000000
 40
1.000000000
100
AcDbArc
 50
0.000000000
 51
180.000000000
  0
LINE
  5
B1F
330
A02
100
AcDbEntity
  8
Pocket009
100
AcDbLine
 10
-8.807692000
 20
29.300000000
 30
20.040000000
 11
-8.807692000
 21
30.000000000
 31
20.040000000
  0
ARC
  5
B20
330
A02
100
AcDbEntity
  8
Pocket009
100
AcDbCircle
 10
-9.807692000
 20
30.000000000
 30
20.040000000
 40
1.000000000
100
AcDbArc
 50
0.000000000
 51
180.000000000
  0
LINE
  5
B21
330
A02
100
AcDbEntity
  8
Pocket009
100
AcDbLine
 10
-10.807692000
 20
29.300000000
 30
20.040000000
 11
-10.807692000
 21
30.000000000
 31
20.040000000
  0
LINE
  5
B22
330
A02
100
AcDbEntity
  8
Pocket009
100
AcDbLine
 10
-8.807692000
 20
29.300000000
 30
20.040000000
 11
-8.807692000
 21
29.300000000
 31
32.039999654
  0
LINE
  5
B23
330
A02
100
AcDbEntity
  8
Pocket009
100
AcDbLine
 10
-8.807692000
 20
29.300000000
 30
20.040000000
 11
-8.807692000
 21
30.000000000
 31
20.040000000
  0
LINE
  5
B24
330
A02
100
AcDbEntity
  8
Pocket009
100
AcDbLine
 10
-8.807692000
 20
30.000000000
 30
32.039999654
 11
-8.807692000
 21
30.000000000
 31
20.040000000
  0
LINE
  5
B25
330
A02
100
AcDbEntity
  8
Pocket009
100
AcDbLine
 10
-8.807692000
 20
29.300000000
 30
32.039999654
 11
-8.807692000
 21
30.000000000
 31
32.039999654
  0
ARC
  5
B26
330
A02
100
AcDbEntity
  8
Pocket009
100
AcDbCircle
 10
-16.346154000
 20
29.300000000
 30
32.040000000
 40
1.000000000
100
AcDbArc
 50
180.000000000
 51
0.000000000
  0
LINE
  5
B27
330
A02
100
AcDbEntity
  8
Pocket009
100
AcDbLine
 10
-17.346154000
 20
29.300000000
 30
32.040000000
 11
-17.346154000
 21
30.000000000
 31
32.040000000
  0
ARC
  5
B28
330
A02
100
AcDbEntity
  8
Pocket009
100
AcDbCircle
 10
-16.346154000
 20
30.000000000
 30
32.040000000
 40
1.000000000
100
AcDbArc
 50
180.000000000
 51
0.000000000
  0
LINE
  5
B29
330
A02
100
AcDbEntity
  8
Pocket009
100
AcDbLine
 10
-15.346154000
 20
29.300000000
 30
32.040000000
 11
-15.346154000
 21
30.000000000
 31
32.040000000
  0
LINE
  5
B2A
330
A02
100
AcDbEntity
  8
Pocket009
100
AcDbLine
 10
-17.346154000
 20
29.300000000
 30
20.040000000
 11
-17.346154000
 21
29.300000000
 31
32.040000000
  0
LINE
  5
B2B
330
A02
100
AcDbEntity
  8
Pocket009
100
AcDbLine
 10
-17.346154000
 20
29.300000000
 30
20.040000000
 11
-17.346154000
 21
30.000000000
 31
20.040000000
  0
LINE
  5
B2C
330
A02
100
AcDbEntity
  8
Pocket009
100
AcDbLine
 10
-17.346154000
 20
30.000000000
 30
32.040000000
 11
-17.346154000
 21
30.000000000
 31
20.040000000
  0
LINE
  5
B2D
330
A02
100
AcDbEntity
  8
Pocket009
100
AcDbLine
 10
-17.346154000
 20
29.300000000
 30
32.040000000
 11
-17.346154000
 21
30.000000000
 31
32.040000000
  0
ARC
  5
B2E
330
A02
100
AcDbEntity
  8
Pocket009
100
AcDbCircle
 10
-16.346154000
 20
29.300000000
 30
20.040000000
 40
1.000000000
100
AcDbArc
 50
0.000000000
 51
180.000000000
  0
LINE
  5
B2F
330
A02
100
AcDbEntity
  8
Pocket009
100
AcDbLine
 10
-15.346154000
 20
29.300000000
 30
20.040000000
 11
-15.346154000
 21
30.000000000
 31
20.040000000
  0
ARC
  5
B30
330
A02
100
AcDbEntity
  8
Pocket009
100
AcDbCircle
 10
-16.346154000
 20
30.000000000
 30
20.040000000
 40
1.000000000
100
AcDbArc
 50
0.000000000
 51
180.000000000
  0
LINE
  5
B31
330
A02
100
AcDbEntity
  8
Pocket009
100
AcDbLine
 10
-17.346154000
 20
29.300000000
 30
20.040000000
 11
-17.346154000
 21
30.000000000
 31
20.040000000
  0
LINE
  5
B32
330
A02
100
AcDbEntity
  8
Pocket009
100
AcDbLine
 10
-15.346154000
 20
29.300000000
 30
20.040000000
 11
-15.346154000
 21
29.300000000
 31
32.040000000
  0
LINE
  5
B33
330
A02
100
AcDbEntity
  8
Pocket009
100
AcDbLine
 10
-15.346154000
 20
29.300000000
 30
20.040000000
 11
-15.346154000
 21
30.000000000
 31
20.040000000
  0
LINE
  5
B34
330
A02
100
AcDbEntity
  8
Pocket009
100
AcDbLine
 10
-15.346154000
 20
30.000000000
 30
32.040000000
 11
-15.346154000
 21
30.000000000
 31
20.040000000
  0
LINE
  5
B35
330
A02
100
AcDbEntity
  8
Pocket009
100
AcDbLine
 10
-15.346154000
 20
29.300000000
 30
32.040000000
 11
-15.346154000
 21
30.000000000
 31
32.040000000
  0
ARC
  5
B36
330
A02
100
AcDbEntity
  8
Pocket009
100
AcDbCircle
 10
-22.884615000
 20
29.300000000
 30
32.040000000
 40
1.000000000
100
AcDbArc
 50
180.000000000
 51
0.000000000
  0
LINE
  5
B37
330
A02
100
AcDbEntity
  8
Pocket009
100
AcDbLine
 10
-23.884615000
 20
29.300000000
 30
32.040000000
 11
-23.884615000
 21
30.000000000
 31
32.040000000
  0
ARC
  5
B38
330
A02
100
AcDbEntity
  8
Pocket009
100
AcDbCircle
 10
-22.884615000
 20
30.000000000
 30
32.040000000
 40
1.000000000
100
AcDbArc
 50
180.000000000
 51
0.000000000
  0
LINE
  5
B39
330
A02
100
AcDbEntity
  8
Pocket009
100
AcDbLine
 10
-21.884615000
 20
29.300000000
 30
32.040000000
 11
-21.884615000
 21
30.000000000
 31
32.040000000
  0
LINE
  5
B3A
330
A02
100
AcDbEntity
  8
Pocket009
100
AcDbLine
 10
-23.884615000
 20
29.300000000
 30
20.040000000
 11
-23.884615000
 21
29.300000000
 31
32.040000000
  0
LINE
  5
B3B
330
A02
100
AcDbEntity
  8
Pocket009
100
AcDbLine
 10
-23.884615000
 20
29.300000000
 30
20.040000000
 11
-23.884615000
 21
30.000000000
 31
20.040000000
  0
LINE
  5
B3C
330
A02
100
AcDbEntity
  8
Pocket009
100
AcDbLine
 10
-23.884615000
 20
30.000000000
 30
32.040000000
 11
-23.884615000
 21
30.000000000
 31
20.040000000
  0
LINE
  5
B3D
330
A02
100
AcDbEntity
  8
Pocket009
100
AcDbLine
 10
-23.884615000
 20
29.300000000
 30
32.040000000
 11
-23.884615000
 21
30.000000000
 31
32.040000000
  0
ARC
  5
B3E
330
A02
100
AcDbEntity
  8
Pocket009
100
AcDbCircle
 10
-22.884615000
 20
29.300000000
 30
20.040000000
 40
1.000000000
100
AcDbArc
 50
0.000000000
 51
180.000000000
  0
LINE
  5
B3F
330
A02
100
AcDbEntity
  8
Pocket009
100
AcDbLine
 10
-21.884615000
 20
29.300000000
 30
20.040000000
 11
-21.884615000
 21
30.000000000
 31
20.040000000
  0
ARC
  5
B40
330
A02
100
AcDbEntity
  8
Pocket009
100
AcDbCircle
 10
-22.884615000
 20
30.000000000
 30
20.040000000
 40
1.000000000
100
AcDbArc
 50
0.000000000
 51
180.000000000
  0
LINE
  5
B41
330
A02
100
AcDbEntity
  8
Pocket009
100
AcDbLine
 10
-23.884615000
 20
29.300000000
 30
20.040000000
 11
-23.884615000
 21
30.000000000
 31
20.040000000
  0
LINE
  5
B42
330
A02
100
AcDbEntity
  8
Pocket009
100
AcDbLine
 10
-21.884615000
 20
29.300000000
 30
20.040000000
 11
-21.884615000
 21
29.300000000
 31
32.040000000
  0
LINE
  5
B43
330
A02
100
AcDbEntity
  8
Pocket009
100
AcDbLine
 10
-21.884615000
 20
29.300000000
 30
20.040000000
 11
-21.884615000
 21
30.000000000
 31
20.040000000
  0
LINE
  5
B44
330
A02
100
AcDbEntity
  8
Pocket009
100
AcDbLine
 10
-21.884615000
 20
30.000000000
 30
32.040000000
 11
-21.884615000
 21
30.000000000
 31
20.040000000
  0
LINE
  5
B45
330
A02
100
AcDbEntity
  8
Pocket009
100
AcDbLine
 10
-21.884615000
 20
29.300000000
 30
32.040000000
 11
-21.884615000
 21
30.000000000
 31
32.040000000
  0
ARC
  5
B46
330
A02
100
AcDbEntity
  8
Pocket009
100
AcDbCircle
 10
-35.961538000
 20
29.300000000
 30
32.040000000
 40
1.000000000
100
AcDbArc
 50
180.000000000
 51
0.000000000
  0
LINE
  5
B47
330
A02
100
AcDbEntity
  8
Pocket009
100
AcDbLine
 10
-36.961538000
 20
29.300000000
 30
32.040000000
 11
-36.961538000
 21
30.000000000
 31
32.040000000
  0
ARC
  5
B48
330
A02
100
AcDbEntity
  8
Pocket009
100
AcDbCircle
 10
-35.961538000
 20
30.000000000
 30
32.040000000
 40
1.000000000
100
AcDbArc
 50
180.000000000
 51
0.000000000
  0
LINE
  5
B49
330
A02
100
AcDbEntity
  8
Pocket009
100
AcDbLine
 10
-34.961538000
 20
29.300000000
 30
32.040000000
 11
-34.961538000
 21
30.000000000
 31
32.040000000
  0
LINE
  5
B4A
330
A02
100
AcDbEntity
  8
Pocket009
100
AcDbLine
 10
-36.961538000
 20
29.300000000
 30
20.040000000
 11
-36.961538000
 21
29.300000000
 31
32.040000000
  0
LINE
  5
B4B
330
A02
100
AcDbEntity
  8
Pocket009
100
AcDbLine
 10
-36.961538000
 20
29.300000000
 30
20.040000000
 11
-36.961538000
 21
30.000000000
 31
20.040000000
  0
LINE
  5
B4C
330
A02
100
AcDbEntity
  8
Pocket009
100
AcDbLine
 10
-36.961538000
 20
30.000000000
 30
32.040000000
 11
-36.961538000
 21
30.000000000
 31
20.040000000
  0
LINE
  5
B4D
330
A02
100
AcDbEntity
  8
Pocket009
100
AcDbLine
 10
-36.961538000
 20
29.300000000
 30
32.040000000
 11
-36.961538000
 21
30.000000000
 31
32.040000000
  0
ARC
  5
B4E
330
A02
100
AcDbEntity
  8
Pocket009
100
AcDbCircle
 10
-35.961538000
 20
29.300000000
 30
20.040000000
 40
1.000000000
100
AcDbArc
 50
0.000000000
 51
180.000000000
  0
LINE
  5
B4F
330
A02
100
AcDbEntity
  8
Pocket009
100
AcDbLine
 10
-34.961538000
 20
29.300000000
 30
20.040000000
 11
-34.961538000
 21
30.000000000
 31
20.040000000
  0
ARC
  5
B50
330
A02
100
AcDbEntity
  8
Pocket009
100
AcDbCircle
 10
-35.961538000
 20
30.000000000
 30
20.040000000
 40
1.000000000
100
AcDbArc
 50
0.000000000
 51
180.000000000
  0
LINE
  5
B51
330
A02
100
AcDbEntity
  8
Pocket009
100
AcDbLine
 10
-36.961538000
 20
29.300000000
 30
20.040000000
 11
-36.961538000
 21
30.000000000
 31
20.040000000
  0
LINE
  5
B52
330
A02
100
AcDbEntity
  8
Pocket009
100
AcDbLine
 10
-34.961538000
 20
29.300000000
 30
20.040000000
 11
-34.961538000
 21
29.300000000
 31
32.040000000
  0
LINE
  5
B53
330
A02
100
AcDbEntity
  8
Pocket009
100
AcDbLine
 10
-34.961538000
 20
29.300000000
 30
20.040000000
 11
-34.961538000
 21
30.000000000
 31
20.040000000
  0
LINE
  5
B54
330
A02
100
AcDbEntity
  8
Pocket009
100
AcDbLine
 10
-34.961538000
 20
30.000000000
 30
32.040000000
 11
-34.961538000
 21
30.000000000
 31
20.040000000
  0
LINE
  5
B55
330
A02
100
AcDbEntity
  8
Pocket009
100
AcDbLine
 10
-34.961538000
 20
29.300000000
 30
32.040000000
 11
-34.961538000
 21
30.000000000
 31
32.040000000
  0
ARC
  5
B56
330
A02
100
AcDbEntity
  8
Pocket009
100
AcDbCircle
 10
-42.500000000
 20
29.300000000
 30
32.040000000
 40
1.000000000
100
AcDbArc
 50
180.000000000
 51
0.000000000
  0
LINE
  5
B57
330
A02
100
AcDbEntity
  8
Pocket009
100
AcDbLine
 10
-43.500000000
 20
29.300000000
 30
32.040000000
 11
-43.500000000
 21
30.000000000
 31
32.040000000
  0
ARC
  5
B58
330
A02
100
AcDbEntity
  8
Pocket009
100
AcDbCircle
 10
-42.500000000
 20
30.000000000
 30
32.040000000
 40
1.000000000
100
AcDbArc
 50
180.000000000
 51
0.000000000
  0
LINE
  5
B59
330
A02
100
AcDbEntity
  8
Pocket009
100
AcDbLine
 10
-41.500000000
 20
29.300000000
 30
32.040000000
 11
-41.500000000
 21
30.000000000
 31
32.040000000
  0
LINE
  5
B5A
330
A02
100
AcDbEntity
  8
Pocket009
100
AcDbLine
 10
-43.500000000
 20
29.300000000
 30
20.040000000
 11
-43.500000000
 21
29.300000000
 31
32.040000000
  0
LINE
  5
B5B
330
A02
100
AcDbEntity
  8
Pocket009
100
AcDbLine
 10
-43.500000000
 20
29.300000000
 30
20.040000000
 11
-43.500000000
 21
30.000000000
 31
20.040000000
  0
LINE
  5
B5C
330
A02
100
AcDbEntity
  8
Pocket009
100
AcDbLine
 10
-43.500000000
 20
30.000000000
 30
32.040000000
 11
-43.500000000
 21
30.000000000
 31
20.040000000
  0
LINE
  5
B5D
330
A02
100
AcDbEntity
  8
Pocket009
100
AcDbLine
 10
-43.500000000
 20
29.300000000
 30
32.040000000
 11
-43.500000000
 21
30.000000000
 31
32.040000000
  0
ARC
  5
B5E
330
A02
100
AcDbEntity
  8
Pocket009
100
AcDbCircle
 10
-42.500000000
 20
29.300000000
 30
20.040000000
 40
1.000000000
100
AcDbArc
 50
0.000000000
 51
180.000000000
  0
LINE
  5
B5F
330
A02
100
AcDbEntity
  8
Pocket009
100
AcDbLine
 10
-41.500000000
 20
29.300000000
 30
20.040000000
 11
-41.500000000
 21
30.000000000
 31
20.040000000
  0
ARC
  5
B60
330
A02
100
AcDbEntity
  8
Pocket009
100
AcDbCircle
 10
-42.500000000
 20
30.000000000
 30
20.040000000
 40
1.000000000
100
AcDbArc
 50
0.000000000
 51
180.000000000
  0
LINE
  5
B61
330
A02
100
AcDbEntity
  8
Pocket009
100
AcDbLine
 10
-43.500000000
 20
29.300000000
 30
20.040000000
 11
-43.500000000
 21
30.000000000
 31
20.040000000
  0
LINE
  5
B62
330
A02
100
AcDbEntity
  8
Pocket009
100
AcDbLine
 10
-41.500000000
 20
29.300000000
 30
20.040000000
 11
-41.500000000
 21
29.300000000
 31
32.040000000
  0
LINE
  5
B63
330
A02
100
AcDbEntity
  8
Pocket009
100
AcDbLine
 10
-41.500000000
 20
29.300000000
 30
20.040000000
 11
-41.500000000
 21
30.000000000
 31
20.040000000
  0
LINE
  5
B64
330
A02
100
AcDbEntity
  8
Pocket009
100
AcDbLine
 10
-41.500000000
 20
30.000000000
 30
32.040000000
 11
-41.500000000
 21
30.000000000
 31
20.040000000
  0
LINE
  5
B65
330
A02
100
AcDbEntity
  8
Pocket009
100
AcDbLine
 10
-41.500000000
 20
29.300000000
 30
32.040000000
 11
-41.500000000
 21
30.000000000
 31
32.040000000
  0
ARC
  5
B66
330
A02
100
AcDbEntity
  8
Pocket009
100
AcDbCircle
 10
42.500000000
 20
29.300000000
 30
32.040000000
 40
1.000000000
100
AcDbArc
 50
180.000000000
 51
0.000000000
  0
LINE
  5
B67
330
A02
100
AcDbEntity
  8
Pocket009
100
AcDbLine
 10
41.500000000
 20
29.300000000
 30
32.040000000
 11
41.500000000
 21
30.000000000
 31
32.040000000
  0
ARC
  5
B68
330
A02
100
AcDbEntity
  8
Pocket009
100
AcDbCircle
 10
42.500000000
 20
30.000000000
 30
32.040000000
 40
1.000000000
100
AcDbArc
 50
180.000000000
 51
0.000000000
  0
LINE
  5
B69
330
A02
100
AcDbEntity
  8
Pocket009
100
AcDbLine
 10
43.500000000
 20
29.300000000
 30
32.040000000
 11
43.500000000
 21
30.000000000
 31
32.040000000
  0
LINE
  5
B6A
330
A02
100
AcDbEntity
  8
Pocket009
100
AcDbLine
 10
41.500000000
 20
29.300000000
 30
20.039999654
 11
41.500000000
 21
29.300000000
 31
32.040000000
  0
LINE
  5
B6B
330
A02
100
AcDbEntity
  8
Pocket009
100
AcDbLine
 10
41.500000000
 20
29.300000000
 30
20.039999654
 11
41.500000000
 21
30.000000000
 31
20.039999654
  0
LINE
  5
B6C
330
A02
100
AcDbEntity
  8
Pocket009
100
AcDbLine
 10
41.500000000
 20
30.000000000
 30
32.040000000
 11
41.500000000
 21
30.000000000
 31
20.039999654
  0
LINE
  5
B6D
330
A02
100
AcDbEntity
  8
Pocket009
100
AcDbLine
 10
41.500000000
 20
29.300000000
 30
32.040000000
 11
41.500000000
 21
30.000000000
 31
32.040000000
  0
ARC
  5
B6E
330
A02
100
AcDbEntity
  8
Pocket009
100
AcDbCircle
 10
42.500000000
 20
29.300000000
 30
20.039999654
 40
1.000000000
100
AcDbArc
 50
0.000000000
 51
180.000000000
  0
LINE
  5
B6F
330
A02
100
AcDbEntity
  8
Pocket009
100
AcDbLine
 10
43.500000000
 20
29.300000000
 30
20.039999654
 11
43.500000000
 21
30.000000000
 31
20.039999654
  0
ARC
  5
B70
330
A02
100
AcDbEntity
  8
Pocket009
100
AcDbCircle
 10
42.500000000
 20
30.000000000
 30
20.039999654
 40
1.000000000
100
AcDbArc
 50
0.000000000
 51
180.000000000
  0
LINE
  5
B71
330
A02
100
AcDbEntity
  8
Pocket009
100
AcDbLine
 10
41.500000000
 20
29.300000000
 30
20.039999654
 11
41.500000000
 21
30.000000000
 31
20.039999654
  0
LINE
  5
B72
330
A02
100
AcDbEntity
  8
Pocket009
100
AcDbLine
 10
43.500000000
 20
29.300000000
 30
20.039999654
 11
43.500000000
 21
29.300000000
 31
32.040000000
  0
LINE
  5
B73
330
A02
100
AcDbEntity
  8
Pocket009
100
AcDbLine
 10
43.500000000
 20
29.300000000
 30
20.039999654
 11
43.500000000
 21
30.000000000
 31
20.039999654
  0
LINE
  5
B74
330
A02
100
AcDbEntity
  8
Pocket009
100
AcDbLine
 10
43.500000000
 20
30.000000000
 30
32.040000000
 11
43.500000000
 21
30.000000000
 31
20.039999654
  0
LINE
  5
B75
330
A02
100
AcDbEntity
  8
Pocket009
100
AcDbLine
 10
43.500000000
 20
29.300000000
 30
32.040000000
 11
43.500000000
 21
30.000000000
 31
32.040000000
  0
ARC
  5
B76
330
A02
100
AcDbEntity
  8
Pocket009
100
AcDbCircle
 10
-29.423077000
 20
29.300000000
 30
32.039999654
 40
1.000000000
100
AcDbArc
 50
180.000000000
 51
0.000000000
  0
LINE
  5
B77
330
A02
100
AcDbEntity
  8
Pocket009
100
AcDbLine
 10
-30.423077000
 20
29.300000000
 30
32.039999654
 11
-30.423077000
 21
30.000000000
 31
32.039999654
  0
ARC
  5
B78
330
A02
100
AcDbEntity
  8
Pocket009
100
AcDbCircle
 10
-29.423077000
 20
30.000000000
 30
32.039999654
 40
1.000000000
100
AcDbArc
 50
180.000000000
 51
0.000000000
  0
LINE
  5
B79
330
A02
100
AcDbEntity
  8
Pocket009
100
AcDbLine
 10
-28.423077000
 20
29.300000000
 30
32.039999654
 11
-28.423077000
 21
30.000000000
 31
32.039999654
  0
LINE
  5
B7A
330
A02
100
AcDbEntity
  8
Pocket009
100
AcDbLine
 10
-30.423077000
 20
29.300000000
 30
20.040000000
 11
-30.423077000
 21
29.300000000
 31
32.039999654
  0
LINE
  5
B7B
330
A02
100
AcDbEntity
  8
Pocket009
100
AcDbLine
 10
-30.423077000
 20
29.300000000
 30
20.040000000
 11
-30.423077000
 21
30.000000000
 31
20.040000000
  0
LINE
  5
B7C
330
A02
100
AcDbEntity
  8
Pocket009
100
AcDbLine
 10
-30.423077000
 20
30.000000000
 30
32.039999654
 11
-30.423077000
 21
30.000000000
 31
20.040000000
  0
LINE
  5
B7D
330
A02
100
AcDbEntity
  8
Pocket009
100
AcDbLine
 10
-30.423077000
 20
29.300000000
 30
32.039999654
 11
-30.423077000
 21
30.000000000
 31
32.039999654
  0
ARC
  5
B7E
330
A02
100
AcDbEntity
  8
Pocket009
100
AcDbCircle
 10
-29.423077000
 20
29.300000000
 30
20.040000000
 40
1.000000000
100
AcDbArc
 50
0.000000000
 51
180.000000000
  0
LINE
  5
B7F
330
A02
100
AcDbEntity
  8
Pocket009
100
AcDbLine
 10
-28.423077000
 20
29.300000000
 30
20.040000000
 11
-28.423077000
 21
30.000000000
 31
20.040000000
  0
ARC
  5
B80
330
A02
100
AcDbEntity
  8
Pocket009
100
AcDbCircle
 10
-29.423077000
 20
30.000000000
 30
20.040000000
 40
1.000000000
100
AcDbArc
 50
0.000000000
 51
180.000000000
  0
LINE
  5
B81
330
A02
100
AcDbEntity
  8
Pocket009
100
AcDbLine
 10
-30.423077000
 20
29.300000000
 30
20.040000000
 11
-30.423077000
 21
30.000000000
 31
20.040000000
  0
LINE
  5
B82
330
A02
100
AcDbEntity
  8
Pocket009
100
AcDbLine
 10
-28.423077000
 20
29.300000000
 30
20.040000000
 11
-28.423077000
 21
29.300000000
 31
32.039999654
  0
LINE
  5
B83
330
A02
100
AcDbEntity
  8
Pocket009
100
AcDbLine
 10
-28.423077000
 20
29.300000000
 30
20.040000000
 11
-28.423077000
 21
30.000000000
 31
20.040000000
  0
LINE
  5
B84
330
A02
100
AcDbEntity
  8
Pocket009
100
AcDbLine
 10
-28.423077000
 20
30.000000000
 30
32.039999654
 11
-28.423077000
 21
30.000000000
 31
20.040000000
  0
LINE
  5
B85
330
A02
100
AcDbEntity
  8
Pocket009
100
AcDbLine
 10
-28.423077000
 20
29.300000000
 30
32.039999654
 11
-28.423077000
 21
30.000000000
 31
32.039999654
  0
LINE
  5
B86
330
A02
100
AcDbEntity
  8
Pocket009
100
AcDbLine
 10
-52.800000000
 20
43.150000000
 30
15.140000000
 11
52.800000000
 21
43.150000000
 31
15.140000000
  0
LINE
  5
B87
330
A02
100
AcDbEntity
  8
Pocket009
100
AcDbLine
 10
-52.800000000
 20
29.300000000
 30
15.140000000
 11
-52.800000000
 21
43.150000000
 31
15.140000000
  0
LINE
  5
B88
330
A02
100
AcDbEntity
  8
Pocket009
100
AcDbLine
 10
52.800000000
 20
43.150000000
 30
15.140000000
 11
52.800000000
 21
29.300000000
 31
15.140000000
  0
LINE
  5
B89
330
A02
100
AcDbEntity
  8
Pocket009
100
AcDbLine
 10
-52.800000000
 20
29.300000000
 30
15.140000000
 11
52.800000000
 21
29.300000000
 31
15.140000000
  0
ARC
  5
B8A
330
A02
100
AcDbEntity
  8
Pocket009
100
AcDbCircle
 10
-42.499999921
 20
37.300000000
 30
15.140000000
 40
4.050000000
100
AcDbArc
 50
90.000000000
 51
-90.000000000
  0
LINE
  5
B8B
330
A02
100
AcDbEntity
  8
Pocket009
100
AcDbLine
 10
-42.499999921
 20
33.250000000
 30
15.140000000
 11
42.500000000
 21
33.250000000
 31
15.140000000
  0
ARC
  5
B8C
330
A02
100
AcDbEntity
  8
Pocket009
100
AcDbCircle
 10
42.500000000
 20
37.300000000
 30
15.140000000
 40
4.050000000
100
AcDbArc
 50
-90.000000000
 51
90.000000000
  0
LINE
  5
B8D
330
A02
100
AcDbEntity
  8
Pocket009
100
AcDbLine
 10
-42.499999921
 20
41.350000000
 30
15.140000000
 11
42.500000000
 21
41.350000000
 31
15.140000000
  0
LINE
  5
B8E
330
A02
100
AcDbEntity
  8
Pocket009
100
AcDbLine
 10
53.500000000
 20
42.850000000
 30
0.000000000
 11
53.500000000
 21
42.850000000
 31
15.540000000
  0
ARC
  5
B8F
330
A02
100
AcDbEntity
  8
Pocket009
100
AcDbCircle
 10
52.500000000
 20
42.850000000
 30
15.540000000
 40
1.000000000
100
AcDbArc
 50
0.000000000
 51
90.000000000
  0
ARC
  5
B90
330
A02
100
AcDbEntity
  8
Pocket009
100
AcDbCircle
 10
52.500000000
 20
42.850000000
 30
0.000000000
 40
1.000000000
100
AcDbArc
 50
0.000000000
 51
90.000000000
  0
LINE
  5
B91
330
A02
100
AcDbEntity
  8
Pocket009
100
AcDbLine
 10
52.500000000
 20
43.850000000
 30
0.000000000
 11
52.500000000
 21
43.850000000
 31
15.540000000
  0
LINE
  5
B92
330
A02
100
AcDbEntity
  8
Pocket009
100
AcDbLine
 10
52.500000000
 20
43.850000000
 30
0.000000000
 11
45.925000000
 21
43.850000000
 31
0.000000000
  0
ARC
  5
B93
330
A02
100
AcDbEntity
  8
Pocket009
100
AcDbCircle
 10
52.500000000
 20
42.850000000
 30
0.000000000
 40
1.000000000
100
AcDbArc
 50
0.000000000
 51
90.000000000
  0
LINE
  5
B94
330
A02
100
AcDbEntity
  8
Pocket009
100
AcDbLine
 10
53.500000000
 20
-42.850000000
 30
0.000000000
 11
53.500000000
 21
42.850000000
 31
0.000000000
  0
ARC
  5
B95
330
A02
100
AcDbEntity
  8
Pocket009
100
AcDbCircle
 10
52.500000000
 20
-42.850000000
 30
0.000000000
 40
1.000000000
100
AcDbArc
 50
-90.000000000
 51
0.000000000
  0
LINE
  5
B96
330
A02
100
AcDbEntity
  8
Pocket009
100
AcDbLine
 10
45.925000000
 20
-43.850000000
 30
0.000000000
 11
52.500000000
 21
-43.850000000
 31
0.000000000
  0
LINE
  5
B97
330
A02
100
AcDbEntity
  8
Pocket009
100
AcDbLine
 10
45.925000000
 20
-43.850000000
 30
0.000000000
 11
45.925000000
 21
-43.150000000
 31
0.000000000
  0
LINE
  5
B98
330
A02
100
AcDbEntity
  8
Pocket009
100
AcDbLine
 10
52.800000000
 20
-43.150000000
 30
0.000000000
 11
45.925000000
 21
-43.150000000
 31
0.000000000
  0
LINE
  5
B99
330
A02
100
AcDbEntity
  8
Pocket009
100
AcDbLine
 10
52.800000000
 20
43.150000000
 30
0.000000000
 11
52.800000000
 21
-43.150000000
 31
0.000000000
  0
LINE
  5
B9A
330
A02
100
AcDbEntity
  8
Pocket009
100
AcDbLine
 10
45.925000000
 20
43.150000000
 30
0.000000000
 11
52.800000000
 21
43.150000000
 31
0.000000000
  0
LINE
  5
B9B
330
A02
100
AcDbEntity
  8
Pocket009
100
AcDbLine
 10
45.925000000
 20
43.150000000
 30
0.000000000
 11
45.925000000
 21
43.850000000
 31
0.000000000
  0
LINE
  5
B9C
330
A02
100
AcDbEntity
  8
Pocket009
100
AcDbLine
 10
45.925000000
 20
43.850000000
 30
0.000000000
 11
45.925000000
 21
43.850000000
 31
11.600000000
  0
LINE
  5
B9D
330
A02
100
AcDbEntity
  8
Pocket009
100
AcDbLine
 10
45.925000000
 20
43.150000000
 30
0.000000000
 11
45.925000000
 21
43.850000000
 31
0.000000000
  0
LINE
  5
B9E
330
A02
100
AcDbEntity
  8
Pocket009
100
AcDbLine
 10
45.925000000
 20
43.150000000
 30
11.600000000
 11
45.925000000
 21
43.150000000
 31
0.000000000
  0
LINE
  5
B9F
330
A02
100
AcDbEntity
  8
Pocket009
100
AcDbLine
 10
45.925000000
 20
43.150000000
 30
11.600000000
 11
45.925000000
 21
43.850000000
 31
11.600000000
  0
LINE
  5
BA0
330
A02
100
AcDbEntity
  8
Pocket009
100
AcDbLine
 10
-45.925000000
 20
43.150000000
 30
11.600000000
 11
45.925000000
 21
43.150000000
 31
11.600000000
  0
LINE
  5
BA1
330
A02
100
AcDbEntity
  8
Pocket009
100
AcDbLine
 10
-45.925000000
 20
43.150000000
 30
11.600000000
 11
-45.925000000
 21
43.850000000
 31
11.600000000
  0
LINE
  5
BA2
330
A02
100
AcDbEntity
  8
Pocket009
100
AcDbLine
 10
45.925000000
 20
43.850000000
 30
11.600000000
 11
-45.925000000
 21
43.850000000
 31
11.600000000
  0
LINE
  5
BA3
330
A02
100
AcDbEntity
  8
Pocket009
100
AcDbLine
 10
45.925000000
 20
43.150000000
 30
11.600000000
 11
45.925000000
 21
43.850000000
 31
11.600000000
  0
LINE
  5
BA4
330
A02
100
AcDbEntity
  8
Pocket009
100
AcDbLine
 10
-45.925000000
 20
43.150000000
 30
0.000000000
 11
-45.925000000
 21
43.150000000
 31
11.600000000
  0
LINE
  5
BA5
330
A02
100
AcDbEntity
  8
Pocket009
100
AcDbLine
 10
-45.925000000
 20
43.850000000
 30
0.000000000
 11
-45.925000000
 21
43.150000000
 31
0.000000000
  0
LINE
  5
BA6
330
A02
100
AcDbEntity
  8
Pocket009
100
AcDbLine
 10
-45.925000000
 20
43.850000000
 30
11.600000000
 11
-45.925000000
 21
43.850000000
 31
0.000000000
  0
LINE
  5
BA7
330
A02
100
AcDbEntity
  8
Pocket009
100
AcDbLine
 10
-45.925000000
 20
43.150000000
 30
11.600000000
 11
-45.925000000
 21
43.850000000
 31
11.600000000
  0
ARC
  5
BA8
330
A02
100
AcDbEntity
  8
Pocket009
100
AcDbCircle
 10
-52.500000000
 20
42.850000000
 30
0.000000000
 40
1.000000000
100
AcDbArc
 50
90.000000000
 51
180.000000000
  0
LINE
  5
BA9
330
A02
100
AcDbEntity
  8
Pocket009
100
AcDbLine
 10
-45.925000000
 20
43.850000000
 30
0.000000000
 11
-52.500000000
 21
43.850000000
 31
0.000000000
  0
LINE
  5
BAA
330
A02
100
AcDbEntity
  8
Pocket009
100
AcDbLine
 10
-45.925000000
 20
43.850000000
 30
0.000000000
 11
-45.925000000
 21
43.150000000
 31
0.000000000
  0
LINE
  5
BAB
330
A02
100
AcDbEntity
  8
Pocket009
100
AcDbLine
 10
-52.800000000
 20
43.150000000
 30
0.000000000
 11
-45.925000000
 21
43.150000000
 31
0.000000000
  0
LINE
  5
BAC
330
A02
100
AcDbEntity
  8
Pocket009
100
AcDbLine
 10
-52.800000000
 20
-43.150000000
 30
0.000000000
 11
-52.800000000
 21
43.150000000
 31
0.000000000
  0
LINE
  5
BAD
330
A02
100
AcDbEntity
  8
Pocket009
100
AcDbLine
 10
-45.925000000
 20
-43.150000000
 30
0.000000000
 11
-52.800000000
 21
-43.150000000
 31
0.000000000
  0
LINE
  5
BAE
330
A02
100
AcDbEntity
  8
Pocket009
100
AcDbLine
 10
-45.925000000
 20
-43.150000000
 30
0.000000000
 11
-45.925000000
 21
-43.850000000
 31
0.000000000
  0
LINE
  5
BAF
330
A02
100
AcDbEntity
  8
Pocket009
100
AcDbLine
 10
-52.500000000
 20
-43.850000000
 30
0.000000000
 11
-45.925000000
 21
-43.850000000
 31
0.000000000
  0
ARC
  5
BB0
330
A02
100
AcDbEntity
  8
Pocket009
100
AcDbCircle
 10
-52.500000000
 20
-42.850000000
 30
0.000000000
 40
1.000000000
100
AcDbArc
 50
180.000000000
 51
-90.000000000
  0
LINE
  5
BB1
330
A02
100
AcDbEntity
  8
Pocket009
100
AcDbLine
 10
-53.500000000
 20
42.850000000
 30
0.000000000
 11
-53.500000000
 21
-42.850000000
 31
0.000000000
  0
ARC
  5
BB2
330
A02
100
AcDbEntity
  8
Pocket009
100
AcDbCircle
 10
-52.500000000
 20
42.850000000
 30
0.000000000
 40
1.000000000
100
AcDbArc
 50
90.000000000
 51
180.000000000
  0
LINE
  5
BB3
330
A02
100
AcDbEntity
  8
Pocket009
100
AcDbLine
 10
-53.500000000
 20
42.850000000
 30
0.000000000
 11
-53.500000000
 21
42.850000000
 31
15.540000000
  0
LINE
  5
BB4
330
A02
100
AcDbEntity
  8
Pocket009
100
AcDbLine
 10
-52.500000000
 20
43.850000000
 30
0.000000000
 11
-52.500000000
 21
43.850000000
 31
15.540000000
  0
ARC
  5
BB5
330
A02
100
AcDbEntity
  8
Pocket009
100
AcDbCircle
 10
-52.500000000
 20
42.850000000
 30
15.540000000
 40
1.000000000
100
AcDbArc
 50
90.000000000
 51
180.000000000
  0
ARC
  5
BB6
330
A02
100
AcDbEntity
  8
Pocket009
100
AcDbCircle
 10
-52.500000000
 20
-42.850000000
 30
0.000000000
 40
1.000000000
100
AcDbArc
 50
180.000000000
 51
-90.000000000
  0
LINE
  5
BB7
330
A02
100
AcDbEntity
  8
Pocket009
100
AcDbLine
 10
-53.500000000
 20
-42.850000000
 30
0.000000000
 11
-53.500000000
 21
-42.850000000
 31
15.540000000
  0
LINE
  5
BB8
330
A02
100
AcDbEntity
  8
Pocket009
100
AcDbLine
 10
-52.500000000
 20
-43.850000000
 30
0.000000000
 11
-52.500000000
 21
-43.850000000
 31
15.540000000
  0
ARC
  5
BB9
330
A02
100
AcDbEntity
  8
Pocket009
100
AcDbCircle
 10
-52.500000000
 20
-42.850000000
 30
15.540000000
 40
1.000000000
100
AcDbArc
 50
180.000000000
 51
-90.000000000
  0
ELLIPSE
  5
BBA
330
A02
100
AcDbEntity
  8
Pocket009
100
AcDbEllipse
 10
-52.500000000
 20
-29.000000000
 30
15.540000000
 11
1.000000000
 21
-1.000000000
 31
0.000000000
 40
0.707106781
 41
4.712388980
 42
0.000000000
  0
LINE
  5
BBB
330
A02
100
AcDbEntity
  8
Pocket009
100
AcDbLine
 10
-52.500000000
 20
-42.850000000
 30
16.540000000
 11
-52.500000000
 21
-30.000000000
 31
16.540000000
  0
LINE
  5
BBC
330
A02
100
AcDbEntity
  8
Pocket009
100
AcDbLine
 10
-53.500000000
 20
-42.850000000
 30
15.540000000
 11
-53.500000000
 21
-29.000000000
 31
15.540000000
  0
ARC
  5
BBD
330
A02
100
AcDbEntity
  8
Pocket009
100
AcDbCircle
 10
-52.500000000
 20
-42.850000000
 30
15.540000000
 40
1.000000000
100
AcDbArc
 50
0.000000000
 51
180.000000000
  0
LINE
  5
BBE
330
A02
100
AcDbEntity
  8
Pocket009
100
AcDbLine
 10
-53.500000000
 20
-29.000000000
 30
15.540000000
 11
-53.500000000
 21
-29.000000000
 31
34.540000000
  0
ARC
  5
BBF
330
A02
100
AcDbEntity
  8
Pocket009
100
AcDbCircle
 10
-52.500000000
 20
-29.000000000
 30
34.540000000
 40
1.000000000
100
AcDbArc
 50
180.000000000
 51
-90.000000000
  0
ELLIPSE
  5
BC0
330
A02
100
AcDbEntity
  8
Pocket009
100
AcDbEllipse
 10
-52.500000000
 20
-29.000000000
 30
15.540000000
 11
1.000000000
 21
-1.000000000
 31
0.000000000
 40
0.707106781
 41
4.712388980
 42
0.000000000
  0
LINE
  5
BC1
330
A02
100
AcDbEntity
  8
Pocket009
100
AcDbLine
 10
-52.500000000
 20
-30.000000000
 30
16.540000000
 11
-52.500000000
 21
-30.000000000
 31
34.540000000
  0
ARC
  5
BC2
330
A02
100
AcDbEntity
  8
Pocket009
100
AcDbCircle
 10
-52.500000000
 20
29.000000000
 30
34.540000000
 40
1.000000000
100
AcDbArc
 50
0.000000000
 51
180.000000000
  0
LINE
  5
BC3
330
A02
100
AcDbEntity
  8
Pocket009
100
AcDbLine
 10
-53.500000000
 20
29.000000000
 30
34.540000000
 11
-53.500000000
 21
22.000000000
 31
34.540000000
  0
LINE
  5
BC4
330
A02
100
AcDbEntity
  8
Pocket009
100
AcDbLine
 10
-52.500000000
 20
29.000000000
 30
35.540000000
 11
-52.500000000
 21
23.000000000
 31
35.540000000
  0
ELLIPSE
  5
BC5
330
A02
100
AcDbEntity
  8
Pocket009
100
AcDbEllipse
 10
-52.500000000
 20
22.000000000
 30
34.540000000
 11
1.000000000
 21
-1.000000000
 31
0.000000000
 40
0.707106781
 41
-3.141592654
 42
-1.570796327
  0
ELLIPSE
  5
BC6
330
A02
100
AcDbEntity
  8
Pocket009
100
AcDbEllipse
 10
-52.500000000
 20
-22.000000000
 30
34.540000000
 11
1.000000000
 21
-1.000000000
 31
0.000000000
 40
0.707106781
 41
4.712388980
 42
0.000000000
  0
LINE
  5
BC7
330
A02
100
AcDbEntity
  8
Pocket009
100
AcDbLine
 10
-52.500000000
 20
-23.000000000
 30
35.540000000
 11
-52.500000000
 21
-29.000000000
 31
35.540000000
  0
LINE
  5
BC8
330
A02
100
AcDbEntity
  8
Pocket009
100
AcDbLine
 10
-53.500000000
 20
-22.000000000
 30
34.540000000
 11
-53.500000000
 21
-29.000000000
 31
34.540000000
  0
ARC
  5
BC9
330
A02
100
AcDbEntity
  8
Pocket009
100
AcDbCircle
 10
-52.500000000
 20
-29.000000000
 30
34.540000000
 40
0.000000000
100
AcDbArc
 50
180.000000000
 51
0.000000000
  0
ELLIPSE
  5
BCA
330
A02
100
AcDbEntity
  8
Pocket009
100
AcDbEllipse
 10
-52.500000000
 20
22.000000000
 30
34.540000000
 11
1.000000000
 21
-1.000000000
 31
0.000000000
 40
0.707106781
 41
-3.141592654
 42
-1.570796327
  0
LINE
  5
BCB
330
A02
100
AcDbEntity
  8
Pocket009
100
AcDbLine
 10
-52.500000000
 20
23.000000000
 30
43.604421794
 11
-52.500000000
 21
23.000000000
 31
35.540000000
  0
LINE
  5
BCC
330
A02
100
AcDbEntity
  8
Pocket009
100
AcDbLine
 10
-53.500000000
 20
22.000000000
 30
43.604421794
 11
-53.500000000
 21
22.000000000
 31
34.540000000
  0
ARC
  5
BCD
330
A02
100
AcDbEntity
  8
Pocket009
100
AcDbCircle
 10
-52.500000000
 20
22.000000000
 30
43.604421794
 40
1.000000000
100
AcDbArc
 50
90.000000000
 51
180.000000000
  0
ARC
  5
BCE
330
A02
100
AcDbEntity
  8
Pocket009
100
AcDbCircle
 10
-52.500000000
 20
-22.000000000
 30
43.604421794
 40
1.000000000
100
AcDbArc
 50
180.000000000
 51
-90.000000000
  0
LINE
  5
BCF
330
A02
100
AcDbEntity
  8
Pocket009
100
AcDbLine
 10
-53.500000000
 20
-22.000000000
 30
34.540000000
 11
-53.500000000
 21
-22.000000000
 31
43.604421794
  0
ELLIPSE
  5
BD0
330
A02
100
AcDbEntity
  8
Pocket009
100
AcDbEllipse
 10
-52.500000000
 20
-22.000000000
 30
34.540000000
 11
1.000000000
 21
-1.000000000
 31
0.000000000
 40
0.707106781
 41
4.712388980
 42
0.000000000
  0
LINE
  5
BD1
330
A02
100
AcDbEntity
  8
Pocket009
100
AcDbLine
 10
-52.500000000
 20
-23.000000000
 30
35.540000000
 11
-52.500000000
 21
-23.000000000
 31
43.604421794
  0
ARC
  5
BD2
330
A02
100
AcDbEntity
  8
Pocket009
100
AcDbCircle
 10
-52.500000000
 20
-0.000000000
 30
48.840000000
 40
1.000000000
100
AcDbArc
 50
180.000000000
 51
-90.000000000
  0
ARC
  5
BD3
330
A02
100
AcDbEntity
  8
Pocket009
100
AcDbCircle
 10
-53.500000000
 20
0.000000000
 30
0.000000000
 40
0.000000000
100
AcDbArc
 50
90.000000000
 51
-90.000000000
  0
ARC
  5
BD4
330
A02
100
AcDbEntity
  8
Pocket009
100
AcDbCircle
 10
-52.500000000
 20
0.000000000
 30
0.000000000
 40
0.000000000
100
AcDbArc
 50
90.000000000
 51
-90.000000000
  0
ARC
  5
BD5
330
A02
100
AcDbEntity
  8
Pocket009
100
AcDbCircle
 10
-52.500000000
 20
22.000000000
 30
43.604421794
 40
1.000000000
100
AcDbArc
 50
90.000000000
 51
180.000000000
  0
ARC
  5
BD6
330
A02
100
AcDbEntity
  8
Pocket009
100
AcDbCircle
 10
-52.500000000
 20
-22.000000000
 30
43.604421794
 40
1.000000000
100
AcDbArc
 50
180.000000000
 51
-90.000000000
  0
ARC
  5
BD7
330
A02
100
AcDbEntity
  8
Pocket009
100
AcDbCircle
 10
-53.500000000
 20
0.000000000
 30
0.000000000
 40
22.000000000
100
AcDbArc
 50
-90.000000000
 51
-90.000000000
  0
ARC
  5
BD8
330
A02
100
AcDbEntity
  8
Pocket009
100
AcDbCircle
 10
-52.500000000
 20
0.000000000
 30
0.000000000
 40
22.450450450
100
AcDbArc
 50
-90.000000000
 51
-90.000000000
  0
ARC
  5
BD9
330
A02
100
AcDbEntity
  8
Pocket009
100
AcDbCircle
 10
-52.500000000
 20
-0.000000000
 30
48.840000000
 40
1.000000000
100
AcDbArc
 50
180.000000000
 51
-90.000000000
  0
LINE
  5
BDA
330
A02
100
AcDbEntity
  8
Pocket009
100
AcDbLine
 10
-52.800000000
 20
-3.122057067
 30
5.147141134
 11
-52.800000000
 21
-3.122057067
 31
2.147141134
  0
LINE
  5
BDB
330
A02
100
AcDbEntity
  8
Pocket009
100
AcDbLine
 10
-52.800000000
 20
-3.122057067
 30
2.147141134
 11
-53.500000000
 21
-3.122057067
 31
2.147141134
  0
LINE
  5
BDC
330
A02
100
AcDbEntity
  8
Pocket009
100
AcDbLine
 10
-53.500000000
 20
-3.122057067
 30
2.147141134
 11
-53.500000000
 21
-3.122057067
 31
5.147141134
  0
LINE
  5
BDD
330
A02
100
AcDbEntity
  8
Pocket009
100
AcDbLine
 10
-52.800000000
 20
-3.122057067
 30
5.147141134
 11
-53.500000000
 21
-3.122057067
 31
5.147141134
  0
LINE
  5
BDE
330
A02
100
AcDbEntity
  8
Pocket009
100
AcDbLine
 10
-52.800000000
 20
2.877942933
 30
5.147141134
 11
-52.800000000
 21
-3.122057067
 31
5.147141134
  0
LINE
  5
BDF
330
A02
100
AcDbEntity
  8
Pocket009
100
AcDbLine
 10
-52.800000000
 20
-3.122057067
 30
5.147141134
 11
-53.500000000
 21
-3.122057067
 31
5.147141134
  0
LINE
  5
BE0
330
A02
100
AcDbEntity
  8
Pocket009
100
AcDbLine
 10
-53.500000000
 20
-3.122057067
 30
5.147141134
 11
-53.500000000
 21
2.877942933
 31
5.147141134
  0
LINE
  5
BE1
330
A02
100
AcDbEntity
  8
Pocket009
100
AcDbLine
 10
-52.800000000
 20
2.877942933
 30
5.147141134
 11
-53.500000000
 21
2.877942933
 31
5.147141134
  0
LINE
  5
BE2
330
A02
100
AcDbEntity
  8
Pocket009
100
AcDbLine
 10
-52.800000000
 20
2.877942933
 30
2.147141134
 11
-52.800000000
 21
2.877942933
 31
5.147141134
  0
LINE
  5
BE3
330
A02
100
AcDbEntity
  8
Pocket009
100
AcDbLine
 10
-52.800000000
 20
2.877942933
 30
5.147141134
 11
-53.500000000
 21
2.877942933
 31
5.147141134
  0
LINE
  5
BE4
330
A02
100
AcDbEntity
  8
Pocket009
100
AcDbLine
 10
-53.500000000
 20
2.877942933
 30
5.147141134
 11
-53.500000000
 21
2.877942933
 31
2.147141134
  0
LINE
  5
BE5
330
A02
100
AcDbEntity
  8
Pocket009
100
AcDbLine
 10
-52.800000000
 20
2.877942933
 30
2.147141134
 11
-53.500000000
 21
2.877942933
 31
2.147141134
  0
LINE
  5
BE6
330
A02
100
AcDbEntity
  8
Pocket009
100
AcDbLine
 10
-52.800000000
 20
-3.122057067
 30
2.147141134
 11
-52.800000000
 21
2.877942933
 31
2.147141134
  0
LINE
  5
BE7
330
A02
100
AcDbEntity
  8
Pocket009
100
AcDbLine
 10
-52.800000000
 20
2.877942933
 30
2.147141134
 11
-53.500000000
 21
2.877942933
 31
2.147141134
  0
LINE
  5
BE8
330
A02
100
AcDbEntity
  8
Pocket009
100
AcDbLine
 10
-53.500000000
 20
2.877942933
 30
2.147141134
 11
-53.500000000
 21
-3.122057067
 31
2.147141134
  0
LINE
  5
BE9
330
A02
100
AcDbEntity
  8
Pocket009
100
AcDbLine
 10
-52.800000000
 20
-3.122057067
 30
2.147141134
 11
-53.500000000
 21
-3.122057067
 31
2.147141134
  0
ARC
  5
BEA
330
A02
100
AcDbEntity
  8
Pocket009
100
AcDbCircle
 10
-52.500000000
 20
29.000000000
 30
34.540000000
 40
1.000000000
100
AcDbArc
 50
90.000000000
 51
180.000000000
  0
ARC
  5
BEB
330
A02
100
AcDbEntity
  8
Pocket009
100
AcDbCircle
 10
-52.500000000
 20
29.000000000
 30
34.540000000
 40
1.000000000
100
AcDbArc
 50
0.000000000
 51
180.000000000
  0
ARC
  5
BEC
330
A02
100
AcDbEntity
  8
Pocket009
100
AcDbCircle
 10
-52.500000000
 20
29.000000000
 30
34.540000000
 40
1.000000000
100
AcDbArc
 50
0.000000000
 51
90.000000000
  0
ARC
  5
BED
330
A02
100
AcDbEntity
  8
Pocket009
100
AcDbCircle
 10
52.500000000
 20
29.000000000
 30
34.540000000
 40
1.000000000
100
AcDbArc
 50
0.000000000
 51
90.000000000
  0
ARC
  5
BEE
330
A02
100
AcDbEntity
  8
Pocket009
100
AcDbCircle
 10
52.500000000
 20
29.000000000
 30
34.540000000
 40
1.000000000
100
AcDbArc
 50
0.000000000
 51
0.000000000
  0
ARC
  5
BEF
330
A02
100
AcDbEntity
  8
Pocket009
100
AcDbCircle
 10
52.500000000
 20
29.000000000
 30
34.540000000
 40
0.000000000
100
AcDbArc
 50
90.000000000
 51
0.000000000
  0
LINE
  5
BF0
330
A02
100
AcDbEntity
  8
Pocket009
100
AcDbLine
 10
52.500000000
 20
-30.000000000
 30
16.540000000
 11
52.500000000
 21
-30.000000000
 31
34.540000000
  0
ARC
  5
BF1
330
A02
100
AcDbEntity
  8
Pocket009
100
AcDbCircle
 10
52.500000000
 20
-29.000000000
 30
34.540000000
 40
1.000000000
100
AcDbArc
 50
-90.000000000
 51
0.000000000
  0
ELLIPSE
  5
BF2
330
A02
100
AcDbEntity
  8
Pocket009
100
AcDbEllipse
 10
52.500000000
 20
-29.000000000
 30
15.540000000
 11
1.000000000
 21
1.000000000
 31
0.000000000
 40
0.707106781
 41
-3.141592654
 42
-1.570796327
  0
LINE
  5
BF3
330
A02
100
AcDbEntity
  8
Pocket009
100
AcDbLine
 10
53.500000000
 20
-29.000000000
 30
15.540000000
 11
53.500000000
 21
-29.000000000
 31
34.540000000
  0
ARC
  5
BF4
330
A02
100
AcDbEntity
  8
Pocket009
100
AcDbCircle
 10
52.500000000
 20
-29.000000000
 30
34.540000000
 40
0.000000000
100
AcDbArc
 50
0.000000000
 51
0.000000000
  0
LINE
  5
BF5
330
A02
100
AcDbEntity
  8
Pocket009
100
AcDbLine
 10
52.500000000
 20
-29.000000000
 30
35.540000000
 11
52.500000000
 21
-23.000000000
 31
35.540000000
  0
LINE
  5
BF6
330
A02
100
AcDbEntity
  8
Pocket009
100
AcDbLine
 10
53.500000000
 20
-29.000000000
 30
34.540000000
 11
53.500000000
 21
-22.000000000
 31
34.540000000
  0
ELLIPSE
  5
BF7
330
A02
100
AcDbEntity
  8
Pocket009
100
AcDbEllipse
 10
52.500000000
 20
-22.000000000
 30
34.540000000
 11
1.000000000
 21
1.000000000
 31
0.000000000
 40
0.707106781
 41
3.141592654
 42
4.712388980
  0
LINE
  5
BF8
330
A02
100
AcDbEntity
  8
Pocket009
100
AcDbLine
 10
53.500000000
 20
-42.850000000
 30
15.540000000
 11
53.500000000
 21
-29.000000000
 31
15.540000000
  0
ARC
  5
BF9
330
A02
100
AcDbEntity
  8
Pocket009
100
AcDbCircle
 10
52.500000000
 20
-42.850000000
 30
15.540000000
 40
1.000000000
100
AcDbArc
 50
0.000000000
 51
0.000000000
  0
ELLIPSE
  5
BFA
330
A02
100
AcDbEntity
  8
Pocket009
100
AcDbEllipse
 10
52.500000000
 20
-29.000000000
 30
15.540000000
 11
1.000000000
 21
1.000000000
 31
0.000000000
 40
0.707106781
 41
-3.141592654
 42
-1.570796327
  0
LINE
  5
BFB
330
A02
100
AcDbEntity
  8
Pocket009
100
AcDbLine
 10
52.500000000
 20
-42.850000000
 30
16.540000000
 11
52.500000000
 21
-30.000000000
 31
16.540000000
  0
ELLIPSE
  5
BFC
330
A02
100
AcDbEntity
  8
Pocket009
100
AcDbEllipse
 10
52.500000000
 20
-22.000000000
 30
34.540000000
 11
1.000000000
 21
1.000000000
 31
0.000000000
 40
0.707106781
 41
3.141592654
 42
4.712388980
  0
LINE
  5
BFD
330
A02
100
AcDbEntity
  8
Pocket009
100
AcDbLine
 10
52.500000000
 20
-23.000000000
 30
35.540000000
 11
52.500000000
 21
-23.000000000
 31
43.085329290
  0
ARC
  5
BFE
330
A02
100
AcDbEntity
  8
Pocket009
100
AcDbCircle
 10
52.500000000
 20
-22.000000000
 30
43.085329290
 40
1.000000000
100
AcDbArc
 50
-90.000000000
 51
0.000000000
  0
LINE
  5
BFF
330
A02
100
AcDbEntity
  8
Pocket009
100
AcDbLine
 10
53.500000000
 20
-22.000000000
 30
34.540000000
 11
53.500000000
 21
-22.000000000
 31
43.085329290
  0
ARC
  5
C00
330
A02
100
AcDbEntity
  8
Pocket009
100
AcDbCircle
 10
52.500000000
 20
-42.850000000
 30
0.000000000
 40
1.000000000
100
AcDbArc
 50
-90.000000000
 51
0.000000000
  0
LINE
  5
C01
330
A02
100
AcDbEntity
  8
Pocket009
100
AcDbLine
 10
52.500000000
 20
-43.850000000
 30
0.000000000
 11
52.500000000
 21
-43.850000000
 31
15.540000000
  0
LINE
  5
C02
330
A02
100
AcDbEntity
  8
Pocket009
100
AcDbLine
 10
53.500000000
 20
-42.850000000
 30
0.000000000
 11
53.500000000
 21
-42.850000000
 31
15.540000000
  0
ARC
  5
C03
330
A02
100
AcDbEntity
  8
Pocket009
100
AcDbCircle
 10
52.500000000
 20
-42.850000000
 30
15.540000000
 40
1.000000000
100
AcDbArc
 50
-90.000000000
 51
0.000000000
  0
ARC
  5
C04
330
A02
100
AcDbEntity
  8
Pocket009
100
AcDbCircle
 10
52.500000000
 20
-22.000000000
 30
43.085329290
 40
1.000000000
100
AcDbArc
 50
-90.000000000
 51
0.000000000
  0
SPLINE
  5
C05
330
A02
100
AcDbEntity
  8
Pocket009
100
AcDbSpline
210
0
220
0
230
1
 70
8
 71
3
 72
8
 73
4
 74
0
 40
7.545329290
 40
7.545329290
 40
7.545329290
 40
7.545329290
 40
8.025861218
 40
8.025861218
 40
8.025861218
 40
8.025861218
 10
53.500000000
 20
-22.000000000
 30
43.085329290
 10
53.500000000
 20
-22.000000000
 30
43.250410610
 10
53.500000000
 20
-22.000000000
 30
43.413498745
 10
53.500000000
 20
-22.000000000
 30
43.604421794
  0
SPLINE
  5
C06
330
A02
100
AcDbEntity
  8
Pocket009
100
AcDbSpline
210
0
220
0
230
1
 70
8
 71
3
 72
8
 73
4
 74
0
 40
7.545329290
 40
7.545329290
 40
7.545329290
 40
7.545329290
 40
8.025861218
 40
8.025861218
 40
8.025861218
 40
8.025861218
 10
52.500000000
 20
-23.000000000
 30
43.085329290
 10
52.500103203
 20
-23.000000000
 30
43.122327979
 10
52.524246193
 20
-23.000000000
 30
43.156447573
 10
52.576049640
 20
-23.000000000
 30
43.221909398
  0
SPLINE
  5
C07
330
A02
100
AcDbEntity
  8
Pocket009
100
AcDbSpline
210
0
220
0
230
1
 70
8
 71
3
 72
11
 73
7
 74
0
 40
0.000000000
 40
0.000000000
 40
0.000000000
 40
0.000000000
 40
0.240265964
 40
0.240265964
 40
0.240265964
 40
0.480531928
 40
0.480531928
 40
0.480531928
 40
0.480531928
 10
53.500000000
 20
-22.000000000
 30
43.604421794
 10
53.502968678
 20
-22.234493927
 30
43.605650817
 10
53.413161117
 20
-22.511645486
 30
43.568470783
 10
53.229381205
 20
-22.707106781
 30
43.492386507
 10
53.048784671
 20
-22.906013475
 30
43.417620139
 10
52.792710388
 20
-23.003213027
 30
43.311606232
 10
52.576049640
 20
-23.000000000
 30
43.221909398
  0
ARC
  5
C08
330
A02
100
AcDbEntity
  8
Pocket009
100
AcDbCircle
 10
52.500000000
 20
0.000000000
 30
0.000000000
 40
0.000000000
100
AcDbArc
 50
-90.000000000
 51
-90.000000000
  0
SPLINE
  5
C09
330
A02
100
AcDbEntity
  8
Pocket009
100
AcDbSpline
210
0
220
0
230
1
 70
8
 71
3
 72
11
 73
7
 74
0
 40
8.025861218
 40
8.025861218
 40
8.025861218
 40
8.025861218
 40
8.623136014
 40
8.623136014
 40
8.623136014
 40
9.220410811
 40
9.220410811
 40
9.220410811
 40
9.220410811
 10
53.500000000
 20
-22.000000000
 30
43.604421794
 10
53.501077806
 20
-22.133109914
 30
43.843325104
 10
53.384446976
 20
-22.250084474
 30
44.079862260
 10
53.196214446
 20
-22.329025671
 30
44.242440494
 10
53.008812728
 20
-22.408566407
 30
44.406813905
 10
52.754257854
 20
-22.450649365
 30
44.497954062
 10
52.500000000
 20
-22.450450450
 30
44.497223223
  0
ARC
  5
C0A
330
A02
100
AcDbEntity
  8
Pocket009
100
AcDbCircle
 10
52.500000000
 20
-0.000000000
 30
48.840000000
 40
0.000000000
100
AcDbArc
 50
-90.000000000
 51
0.000000000
  0
ARC
  5
C0B
330
A02
100
AcDbEntity
  8
Pocket009
100
AcDbCircle
 10
53.500000000
 20
0.000000000
 30
0.000000000
 40
0.000000000
100
AcDbArc
 50
-90.000000000
 51
-90.000000000
  0
SPLINE
  5
C0C
330
A02
100
AcDbEntity
  8
Pocket009
100
AcDbSpline
210
0
220
0
230
1
 70
8
 71
3
 72
11
 73
7
 74
0
 40
0.000000000
 40
0.000000000
 40
0.000000000
 40
0.000000000
 40
0.218465025
 40
0.218465025
 40
0.218465025
 40
0.436930050
 40
0.436930050
 40
0.436930050
 40
0.436930050
 10
52.500000000
 20
22.000000000
 30
44.721645766
 10
52.734493927
 20
22.001418270
 30
44.724528829
 10
53.011645486
 20
21.958513171
 30
44.637311254
 10
53.207106781
 20
21.870713266
 30
44.458831424
 10
53.406013475
 20
21.784434203
 30
44.283443166
 10
53.503213027
 20
21.662096035
 30
44.034753883
 10
53.500000000
 20
21.558587480
 30
43.824341477
  0
ARC
  5
C0D
330
A02
100
AcDbEntity
  8
Pocket009
100
AcDbCircle
 10
52.500000000
 20
0.000000000
 30
0.000000000
 40
22.000000000
100
AcDbArc
 50
-90.000000000
 51
90.000000000
  0
ARC
  5
C0E
330
A02
100
AcDbEntity
  8
Pocket009
100
AcDbCircle
 10
53.500000000
 20
0.000000000
 30
0.000000000
 40
21.558587480
100
AcDbArc
 50
-90.000000000
 51
90.000000000
  0
ARC
  5
C0F
330
A02
100
AcDbEntity
  8
Pocket009
100
AcDbCircle
 10
52.500000000
 20
-0.000000000
 30
48.840000000
 40
0.000000000
100
AcDbArc
 50
-90.000000000
 51
0.000000000
  0
SPLINE
  5
C10
330
A02
100
AcDbEntity
  8
Pocket009
100
AcDbSpline
210
0
220
0
230
1
 70
8
 71
3
 72
11
 73
7
 74
0
 40
0.000000000
 40
0.000000000
 40
0.000000000
 40
0.000000000
 40
0.614669852
 40
0.614669852
 40
0.614669852
 40
1.229339704
 40
1.229339704
 40
1.229339704
 40
1.229339704
 10
52.572248866
 20
22.110266076
 30
44.667233338
 10
52.789501282
 20
22.191499627
 30
44.630630942
 10
53.046673562
 20
22.242083207
 30
44.496800127
 10
53.228121043
 20
22.218961770
 30
44.285593942
 10
53.412769384
 20
22.198571593
 30
44.076895420
 10
53.502992327
 20
22.106699022
 30
43.812270745
 10
53.500000000
 20
22.000000000
 30
43.603121032
  0
SPLINE
  5
C11
330
A02
100
AcDbEntity
  8
Pocket009
100
AcDbSpline
210
0
220
0
230
1
 70
8
 71
3
 72
8
 73
4
 74
0
 40
107.229339704
 40
107.229339704
 40
107.229339704
 40
107.229339704
 40
107.666269753
 40
107.666269753
 40
107.666269753
 40
107.666269753
 10
52.572248866
 20
22.110266076
 30
44.667233338
 10
52.524055640
 20
22.056466573
 30
44.693856220
 10
52.500049343
 20
22.028410720
 30
44.707663115
 10
52.500000000
 20
22.000000000
 30
44.721645766
  0
SPLINE
  5
C12
330
A02
100
AcDbEntity
  8
Pocket009
100
AcDbSpline
210
0
220
0
230
1
 70
8
 71
3
 72
8
 73
4
 74
0
 40
107.229339704
 40
107.229339704
 40
107.229339704
 40
107.229339704
 40
107.666269753
 40
107.666269753
 40
107.666269753
 40
107.666269753
 10
53.500000000
 20
22.000000000
 30
43.603121032
 10
53.500000000
 20
21.840641520
 30
43.684140628
 10
53.500000000
 20
21.700501956
 30
43.754536652
 10
53.500000000
 20
21.558587480
 30
43.824341477
  0
SPLINE
  5
C13
330
A02
100
AcDbEntity
  8
Pocket009
100
AcDbSpline
210
0
220
0
230
1
 70
8
 71
3
 72
11
 73
7
 74
0
 40
0.000000000
 40
0.000000000
 40
0.000000000
 40
0.000000000
 40
0.218465025
 40
0.218465025
 40
0.218465025
 40
0.436930050
 40
0.436930050
 40
0.436930050
 40
0.436930050
 10
52.500000000
 20
22.000000000
 30
44.721645766
 10
52.734493927
 20
22.001418270
 30
44.724528829
 10
53.011645486
 20
21.958513171
 30
44.637311254
 10
53.207106781
 20
21.870713266
 30
44.458831424
 10
53.406013475
 20
21.784434203
 30
44.283443166
 10
53.503213027
 20
21.662096035
 30
44.034753883
 10
53.500000000
 20
21.558587480
 30
43.824341477
  0
LINE
  5
C14
330
A02
100
AcDbEntity
  8
Pocket009
100
AcDbLine
 10
53.500000000
 20
22.000000000
 30
34.540000000
 11
53.500000000
 21
22.000000000
 31
43.603121032
  0
SPLINE
  5
C15
330
A02
100
AcDbEntity
  8
Pocket009
100
AcDbSpline
210
0
220
0
230
1
 70
8
 71
3
 72
11
 73
7
 74
0
 40
106.000000000
 40
106.000000000
 40
106.000000000
 40
106.000000000
 40
106.614669852
 40
106.614669852
 40
106.614669852
 40
107.229339704
 40
107.229339704
 40
107.229339704
 40
107.229339704
 10
52.500000000
 20
23.000000000
 30
43.604421794
 10
52.743165374
 20
23.000264762
 30
43.604301897
 10
52.988913766
 20
22.910265107
 30
43.606946987
 10
53.179769432
 20
22.733424089
 30
43.609420156
 10
53.370495065
 20
22.559205037
 30
43.611604885
 10
53.501113676
 20
22.289902814
 30
43.613682245
 10
53.500000000
 20
22.000000000
 30
43.603121032
  0
ELLIPSE
  5
C16
330
A02
100
AcDbEntity
  8
Pocket009
100
AcDbEllipse
 10
52.500000000
 20
22.000000000
 30
34.540000000
 11
1.000000000
 21
1.000000000
 31
0.000000000
 40
0.707106781
 41
4.712388980
 42
0.000000000
  0
LINE
  5
C17
330
A02
100
AcDbEntity
  8
Pocket009
100
AcDbLine
 10
52.500000000
 20
23.000000000
 30
35.540000000
 11
52.500000000
 21
23.000000000
 31
43.604421794
  0
ELLIPSE
  5
C18
330
A02
100
AcDbEntity
  8
Pocket009
100
AcDbEllipse
 10
52.500000000
 20
22.000000000
 30
34.540000000
 11
1.000000000
 21
1.000000000
 31
0.000000000
 40
0.707106781
 41
4.712388980
 42
0.000000000
  0
LINE
  5
C19
330
A02
100
AcDbEntity
  8
Pocket009
100
AcDbLine
 10
52.500000000
 20
23.000000000
 30
35.540000000
 11
52.500000000
 21
29.000000000
 31
35.540000000
  0
LINE
  5
C1A
330
A02
100
AcDbEntity
  8
Pocket009
100
AcDbLine
 10
53.500000000
 20
22.000000000
 30
34.540000000
 11
53.500000000
 21
29.000000000
 31
34.540000000
  0
ARC
  5
C1B
330
A02
100
AcDbEntity
  8
Pocket009
100
AcDbCircle
 10
52.500000000
 20
29.000000000
 30
34.540000000
 40
1.000000000
100
AcDbArc
 50
0.000000000
 51
0.000000000
  0
LINE
  5
C1C
330
A02
100
AcDbEntity
  8
Pocket009
100
AcDbLine
 10
53.500000000
 20
-3.122057067
 30
5.147141134
 11
53.500000000
 21
-3.122057067
 31
2.147141134
  0
LINE
  5
C1D
330
A02
100
AcDbEntity
  8
Pocket009
100
AcDbLine
 10
53.500000000
 20
-3.122057067
 30
2.147141134
 11
52.800000000
 21
-3.122057067
 31
2.147141134
  0
LINE
  5
C1E
330
A02
100
AcDbEntity
  8
Pocket009
100
AcDbLine
 10
52.800000000
 20
-3.122057067
 30
2.147141134
 11
52.800000000
 21
-3.122057067
 31
5.147141134
  0
LINE
  5
C1F
330
A02
100
AcDbEntity
  8
Pocket009
100
AcDbLine
 10
53.500000000
 20
-3.122057067
 30
5.147141134
 11
52.800000000
 21
-3.122057067
 31
5.147141134
  0
LINE
  5
C20
330
A02
100
AcDbEntity
  8
Pocket009
100
AcDbLine
 10
53.500000000
 20
-3.122057067
 30
2.147141134
 11
53.500000000
 21
2.877942933
 31
2.147141134
  0
LINE
  5
C21
330
A02
100
AcDbEntity
  8
Pocket009
100
AcDbLine
 10
53.500000000
 20
2.877942933
 30
2.147141134
 11
52.800000000
 21
2.877942933
 31
2.147141134
  0
LINE
  5
C22
330
A02
100
AcDbEntity
  8
Pocket009
100
AcDbLine
 10
52.800000000
 20
2.877942933
 30
2.147141134
 11
52.800000000
 21
-3.122057067
 31
2.147141134
  0
LINE
  5
C23
330
A02
100
AcDbEntity
  8
Pocket009
100
AcDbLine
 10
53.500000000
 20
-3.122057067
 30
2.147141134
 11
52.800000000
 21
-3.122057067
 31
2.147141134
  0
LINE
  5
C24
330
A02
100
AcDbEntity
  8
Pocket009
100
AcDbLine
 10
53.500000000
 20
2.877942933
 30
2.147141134
 11
53.500000000
 21
2.877942933
 31
5.147141134
  0
LINE
  5
C25
330
A02
100
AcDbEntity
  8
Pocket009
100
AcDbLine
 10
53.500000000
 20
2.877942933
 30
5.147141134
 11
52.800000000
 21
2.877942933
 31
5.147141134
  0
LINE
  5
C26
330
A02
100
AcDbEntity
  8
Pocket009
100
AcDbLine
 10
52.800000000
 20
2.877942933
 30
5.147141134
 11
52.800000000
 21
2.877942933
 31
2.147141134
  0
LINE
  5
C27
330
A02
100
AcDbEntity
  8
Pocket009
100
AcDbLine
 10
53.500000000
 20
2.877942933
 30
2.147141134
 11
52.800000000
 21
2.877942933
 31
2.147141134
  0
LINE
  5
C28
330
A02
100
AcDbEntity
  8
Pocket009
100
AcDbLine
 10
53.500000000
 20
2.877942933
 30
5.147141134
 11
53.500000000
 21
-3.122057067
 31
5.147141134
  0
LINE
  5
C29
330
A02
100
AcDbEntity
  8
Pocket009
100
AcDbLine
 10
53.500000000
 20
-3.122057067
 30
5.147141134
 11
52.800000000
 21
-3.122057067
 31
5.147141134
  0
LINE
  5
C2A
330
A02
100
AcDbEntity
  8
Pocket009
100
AcDbLine
 10
52.800000000
 20
-3.122057067
 30
5.147141134
 11
52.800000000
 21
2.877942933
 31
5.147141134
  0
LINE
  5
C2B
330
A02
100
AcDbEntity
  8
Pocket009
100
AcDbLine
 10
53.500000000
 20
2.877942933
 30
5.147141134
 11
52.800000000
 21
2.877942933
 31
5.147141134
  0
LINE
  5
C2C
330
A02
100
AcDbEntity
  8
Pocket009
100
AcDbLine
 10
52.500000000
 20
29.000000000
 30
35.540000000
 11
-52.500000000
 21
29.000000000
 31
35.540000000
  0
LINE
  5
C2D
330
A02
100
AcDbEntity
  8
Pocket009
100
AcDbLine
 10
-52.500000000
 20
29.000000000
 30
35.540000000
 11
-52.500000000
 21
23.000000000
 31
35.540000000
  0
LINE
  5
C2E
330
A02
100
AcDbEntity
  8
Pocket009
100
AcDbLine
 10
52.500000000
 20
23.000000000
 30
35.540000000
 11
52.500000000
 21
29.000000000
 31
35.540000000
  0
LINE
  5
C2F
330
A02
100
AcDbEntity
  8
Pocket009
100
AcDbLine
 10
52.500000000
 20
23.000000000
 30
35.540000000
 11
-52.500000000
 21
23.000000000
 31
35.540000000
  0
LINE
  5
C30
330
A02
100
AcDbEntity
  8
Pocket009
100
AcDbLine
 10
-52.800000000
 20
29.300000000
 30
15.140000000
 11
-52.800000000
 21
29.300000000
 31
34.140000000
  0
LINE
  5
C31
330
A02
100
AcDbEntity
  8
Pocket009
100
AcDbLine
 10
-52.800000000
 20
29.300000000
 30
15.140000000
 11
52.800000000
 21
29.300000000
 31
15.140000000
  0
LINE
  5
C32
330
A02
100
AcDbEntity
  8
Pocket009
100
AcDbLine
 10
-52.800000000
 20
29.300000000
 30
34.140000000
 11
52.800000000
 21
29.300000000
 31
34.140000000
  0
LINE
  5
C33
330
A02
100
AcDbEntity
  8
Pocket009
100
AcDbLine
 10
52.800000000
 20
29.300000000
 30
15.140000000
 11
52.800000000
 21
29.300000000
 31
34.140000000
  0
LINE
  5
C34
330
A02
100
AcDbEntity
  8
Pocket009
100
AcDbLine
 10
-41.500000000
 20
29.300000000
 30
20.040000000
 11
-41.500000000
 21
29.300000000
 31
32.040000000
  0
ARC
  5
C35
330
A02
100
AcDbEntity
  8
Pocket009
100
AcDbCircle
 10
-42.500000000
 20
29.300000000
 30
20.040000000
 40
1.000000000
100
AcDbArc
 50
0.000000000
 51
180.000000000
  0
LINE
  5
C36
330
A02
100
AcDbEntity
  8
Pocket009
100
AcDbLine
 10
-43.500000000
 20
29.300000000
 30
20.040000000
 11
-43.500000000
 21
29.300000000
 31
32.040000000
  0
ARC
  5
C37
330
A02
100
AcDbEntity
  8
Pocket009
100
AcDbCircle
 10
-42.500000000
 20
29.300000000
 30
32.040000000
 40
1.000000000
100
AcDbArc
 50
180.000000000
 51
0.000000000
  0
LINE
  5
C38
330
A02
100
AcDbEntity
  8
Pocket009
100
AcDbLine
 10
-34.961538000
 20
29.300000000
 30
20.040000000
 11
-34.961538000
 21
29.300000000
 31
32.040000000
  0
ARC
  5
C39
330
A02
100
AcDbEntity
  8
Pocket009
100
AcDbCircle
 10
-35.961538000
 20
29.300000000
 30
20.040000000
 40
1.000000000
100
AcDbArc
 50
0.000000000
 51
180.000000000
  0
LINE
  5
C3A
330
A02
100
AcDbEntity
  8
Pocket009
100
AcDbLine
 10
-36.961538000
 20
29.300000000
 30
20.040000000
 11
-36.961538000
 21
29.300000000
 31
32.040000000
  0
ARC
  5
C3B
330
A02
100
AcDbEntity
  8
Pocket009
100
AcDbCircle
 10
-35.961538000
 20
29.300000000
 30
32.040000000
 40
1.000000000
100
AcDbArc
 50
180.000000000
 51
0.000000000
  0
LINE
  5
C3C
330
A02
100
AcDbEntity
  8
Pocket009
100
AcDbLine
 10
-21.884615000
 20
29.300000000
 30
20.040000000
 11
-21.884615000
 21
29.300000000
 31
32.040000000
  0
ARC
  5
C3D
330
A02
100
AcDbEntity
  8
Pocket009
100
AcDbCircle
 10
-22.884615000
 20
29.300000000
 30
20.040000000
 40
1.000000000
100
AcDbArc
 50
0.000000000
 51
180.000000000
  0
LINE
  5
C3E
330
A02
100
AcDbEntity
  8
Pocket009
100
AcDbLine
 10
-23.884615000
 20
29.300000000
 30
20.040000000
 11
-23.884615000
 21
29.300000000
 31
32.040000000
  0
ARC
  5
C3F
330
A02
100
AcDbEntity
  8
Pocket009
100
AcDbCircle
 10
-22.884615000
 20
29.300000000
 30
32.040000000
 40
1.000000000
100
AcDbArc
 50
180.000000000
 51
0.000000000
  0
LINE
  5
C40
330
A02
100
AcDbEntity
  8
Pocket009
100
AcDbLine
 10
-15.346154000
 20
29.300000000
 30
20.040000000
 11
-15.346154000
 21
29.300000000
 31
32.040000000
  0
ARC
  5
C41
330
A02
100
AcDbEntity
  8
Pocket009
100
AcDbCircle
 10
-16.346154000
 20
29.300000000
 30
20.040000000
 40
1.000000000
100
AcDbArc
 50
0.000000000
 51
180.000000000
  0
LINE
  5
C42
330
A02
100
AcDbEntity
  8
Pocket009
100
AcDbLine
 10
-17.346154000
 20
29.300000000
 30
20.040000000
 11
-17.346154000
 21
29.300000000
 31
32.040000000
  0
ARC
  5
C43
330
A02
100
AcDbEntity
  8
Pocket009
100
AcDbCircle
 10
-16.346154000
 20
29.300000000
 30
32.040000000
 40
1.000000000
100
AcDbArc
 50
180.000000000
 51
0.000000000
  0
LINE
  5
C44
330
A02
100
AcDbEntity
  8
Pocket009
100
AcDbLine
 10
-8.807692000
 20
29.300000000
 30
20.040000000
 11
-8.807692000
 21
29.300000000
 31
32.039999654
  0
ARC
  5
C45
330
A02
100
AcDbEntity
  8
Pocket009
100
AcDbCircle
 10
-9.807692000
 20
29.300000000
 30
20.040000000
 40
1.000000000
100
AcDbArc
 50
0.000000000
 51
180.000000000
  0
LINE
  5
C46
330
A02
100
AcDbEntity
  8
Pocket009
100
AcDbLine
 10
-10.807692000
 20
29.300000000
 30
20.040000000
 11
-10.807692000
 21
29.300000000
 31
32.039999654
  0
ARC
  5
C47
330
A02
100
AcDbEntity
  8
Pocket009
100
AcDbCircle
 10
-9.807692000
 20
29.300000000
 30
32.039999654
 40
1.000000000
100
AcDbArc
 50
180.000000000
 51
0.000000000
  0
LINE
  5
C48
330
A02
100
AcDbEntity
  8
Pocket009
100
AcDbLine
 10
-2.269231000
 20
29.300000000
 30
20.040000000
 11
-2.269231000
 21
29.300000000
 31
32.040000000
  0
ARC
  5
C49
330
A02
100
AcDbEntity
  8
Pocket009
100
AcDbCircle
 10
-3.269231000
 20
29.300000000
 30
20.040000000
 40
1.000000000
100
AcDbArc
 50
0.000000000
 51
180.000000000
  0
LINE
  5
C4A
330
A02
100
AcDbEntity
  8
Pocket009
100
AcDbLine
 10
-4.269231000
 20
29.300000000
 30
20.040000000
 11
-4.269231000
 21
29.300000000
 31
32.040000000
  0
ARC
  5
C4B
330
A02
100
AcDbEntity
  8
Pocket009
100
AcDbCircle
 10
-3.269231000
 20
29.300000000
 30
32.040000000
 40
1.000000000
100
AcDbArc
 50
180.000000000
 51
0.000000000
  0
LINE
  5
C4C
330
A02
100
AcDbEntity
  8
Pocket009
100
AcDbLine
 10
4.269231000
 20
29.300000000
 30
20.040000000
 11
4.269231000
 21
29.300000000
 31
32.040000000
  0
ARC
  5
C4D
330
A02
100
AcDbEntity
  8
Pocket009
100
AcDbCircle
 10
3.269231000
 20
29.300000000
 30
20.040000000
 40
1.000000000
100
AcDbArc
 50
0.000000000
 51
180.000000000
  0
LINE
  5
C4E
330
A02
100
AcDbEntity
  8
Pocket009
100
AcDbLine
 10
2.269231000
 20
29.300000000
 30
20.040000000
 11
2.269231000
 21
29.300000000
 31
32.040000000
  0
ARC
  5
C4F
330
A02
100
AcDbEntity
  8
Pocket009
100
AcDbCircle
 10
3.269231000
 20
29.300000000
 30
32.040000000
 40
1.000000000
100
AcDbArc
 50
180.000000000
 51
0.000000000
  0
LINE
  5
C50
330
A02
100
AcDbEntity
  8
Pocket009
100
AcDbLine
 10
10.807692000
 20
29.300000000
 30
20.040000000
 11
10.807692000
 21
29.300000000
 31
32.040000000
  0
ARC
  5
C51
330
A02
100
AcDbEntity
  8
Pocket009
100
AcDbCircle
 10
9.807692000
 20
29.300000000
 30
20.040000000
 40
1.000000000
100
AcDbArc
 50
0.000000000
 51
180.000000000
  0
LINE
  5
C52
330
A02
100
AcDbEntity
  8
Pocket009
100
AcDbLine
 10
8.807692000
 20
29.300000000
 30
20.040000000
 11
8.807692000
 21
29.300000000
 31
32.040000000
  0
ARC
  5
C53
330
A02
100
AcDbEntity
  8
Pocket009
100
AcDbCircle
 10
9.807692000
 20
29.300000000
 30
32.040000000
 40
1.000000000
100
AcDbArc
 50
180.000000000
 51
0.000000000
  0
LINE
  5
C54
330
A02
100
AcDbEntity
  8
Pocket009
100
AcDbLine
 10
17.346154000
 20
29.300000000
 30
20.040000000
 11
17.346154000
 21
29.300000000
 31
32.040000000
  0
ARC
  5
C55
330
A02
100
AcDbEntity
  8
Pocket009
100
AcDbCircle
 10
16.346154000
 20
29.300000000
 30
20.040000000
 40
1.000000000
100
AcDbArc
 50
0.000000000
 51
180.000000000
  0
LINE
  5
C56
330
A02
100
AcDbEntity
  8
Pocket009
100
AcDbLine
 10
15.346154000
 20
29.300000000
 30
20.040000000
 11
15.346154000
 21
29.300000000
 31
32.040000000
  0
ARC
  5
C57
330
A02
100
AcDbEntity
  8
Pocket009
100
AcDbCircle
 10
16.346154000
 20
29.300000000
 30
32.040000000
 40
1.000000000
100
AcDbArc
 50
180.000000000
 51
0.000000000
  0
LINE
  5
C58
330
A02
100
AcDbEntity
  8
Pocket009
100
AcDbLine
 10
23.884615000
 20
29.300000000
 30
20.040000000
 11
23.884615000
 21
29.300000000
 31
32.040000000
  0
ARC
  5
C59
330
A02
100
AcDbEntity
  8
Pocket009
100
AcDbCircle
 10
22.884615000
 20
29.300000000
 30
20.040000000
 40
1.000000000
100
AcDbArc
 50
0.000000000
 51
180.000000000
  0
LINE
  5
C5A
330
A02
100
AcDbEntity
  8
Pocket009
100
AcDbLine
 10
21.884615000
 20
29.300000000
 30
20.040000000
 11
21.884615000
 21
29.300000000
 31
32.040000000
  0
ARC
  5
C5B
330
A02
100
AcDbEntity
  8
Pocket009
100
AcDbCircle
 10
22.884615000
 20
29.300000000
 30
32.040000000
 40
1.000000000
100
AcDbArc
 50
180.000000000
 51
0.000000000
  0
LINE
  5
C5C
330
A02
100
AcDbEntity
  8
Pocket009
100
AcDbLine
 10
30.423077000
 20
29.300000000
 30
20.039999693
 11
30.423077000
 21
29.300000000
 31
32.040000000
  0
ARC
  5
C5D
330
A02
100
AcDbEntity
  8
Pocket009
100
AcDbCircle
 10
29.423077000
 20
29.300000000
 30
20.039999693
 40
1.000000000
100
AcDbArc
 50
0.000000000
 51
180.000000000
  0
LINE
  5
C5E
330
A02
100
AcDbEntity
  8
Pocket009
100
AcDbLine
 10
28.423077000
 20
29.300000000
 30
20.039999693
 11
28.423077000
 21
29.300000000
 31
32.040000000
  0
ARC
  5
C5F
330
A02
100
AcDbEntity
  8
Pocket009
100
AcDbCircle
 10
29.423077000
 20
29.300000000
 30
32.040000000
 40
1.000000000
100
AcDbArc
 50
180.000000000
 51
0.000000000
  0
LINE
  5
C60
330
A02
100
AcDbEntity
  8
Pocket009
100
AcDbLine
 10
36.961538000
 20
29.300000000
 30
20.040000000
 11
36.961538000
 21
29.300000000
 31
32.040000000
  0
ARC
  5
C61
330
A02
100
AcDbEntity
  8
Pocket009
100
AcDbCircle
 10
35.961538000
 20
29.300000000
 30
20.040000000
 40
1.000000000
100
AcDbArc
 50
0.000000000
 51
180.000000000
  0
LINE
  5
C62
330
A02
100
AcDbEntity
  8
Pocket009
100
AcDbLine
 10
34.961538000
 20
29.300000000
 30
20.040000000
 11
34.961538000
 21
29.300000000
 31
32.040000000
  0
ARC
  5
C63
330
A02
100
AcDbEntity
  8
Pocket009
100
AcDbCircle
 10
35.961538000
 20
29.300000000
 30
32.040000000
 40
1.000000000
100
AcDbArc
 50
180.000000000
 51
0.000000000
  0
LINE
  5
C64
330
A02
100
AcDbEntity
  8
Pocket009
100
AcDbLine
 10
-28.423077000
 20
29.300000000
 30
20.040000000
 11
-28.423077000
 21
29.300000000
 31
32.039999654
  0
ARC
  5
C65
330
A02
100
AcDbEntity
  8
Pocket009
100
AcDbCircle
 10
-29.423077000
 20
29.300000000
 30
20.040000000
 40
1.000000000
100
AcDbArc
 50
0.000000000
 51
180.000000000
  0
LINE
  5
C66
330
A02
100
AcDbEntity
  8
Pocket009
100
AcDbLine
 10
-30.423077000
 20
29.300000000
 30
20.040000000
 11
-30.423077000
 21
29.300000000
 31
32.039999654
  0
ARC
  5
C67
330
A02
100
AcDbEntity
  8
Pocket009
100
AcDbCircle
 10
-29.423077000
 20
29.300000000
 30
32.039999654
 40
1.000000000
100
AcDbArc
 50
180.000000000
 51
0.000000000
  0
LINE
  5
C68
330
A02
100
AcDbEntity
  8
Pocket009
100
AcDbLine
 10
43.500000000
 20
29.300000000
 30
20.039999654
 11
43.500000000
 21
29.300000000
 31
32.040000000
  0
ARC
  5
C69
330
A02
100
AcDbEntity
  8
Pocket009
100
AcDbCircle
 10
42.500000000
 20
29.300000000
 30
20.039999654
 40
1.000000000
100
AcDbArc
 50
0.000000000
 51
180.000000000
  0
LINE
  5
C6A
330
A02
100
AcDbEntity
  8
Pocket009
100
AcDbLine
 10
41.500000000
 20
29.300000000
 30
20.039999654
 11
41.500000000
 21
29.300000000
 31
32.040000000
  0
ARC
  5
C6B
330
A02
100
AcDbEntity
  8
Pocket009
100
AcDbCircle
 10
42.500000000
 20
29.300000000
 30
32.040000000
 40
1.000000000
100
AcDbArc
 50
180.000000000
 51
0.000000000
  0
LINE
  5
C6C
330
A02
100
AcDbEntity
  8
Pocket009
100
AcDbLine
 10
-52.800000000
 20
43.150000000
 30
0.000000000
 11
-45.925000000
 21
43.150000000
 31
0.000000000
  0
LINE
  5
C6D
330
A02
100
AcDbEntity
  8
Pocket009
100
AcDbLine
 10
-45.925000000
 20
43.150000000
 30
0.000000000
 11
-45.925000000
 21
43.150000000
 31
11.600000000
  0
LINE
  5
C6E
330
A02
100
AcDbEntity
  8
Pocket009
100
AcDbLine
 10
-45.925000000
 20
43.150000000
 30
11.600000000
 11
45.925000000
 21
43.150000000
 31
11.600000000
  0
LINE
  5
C6F
330
A02
100
AcDbEntity
  8
Pocket009
100
AcDbLine
 10
45.925000000
 20
43.150000000
 30
11.600000000
 11
45.925000000
 21
43.150000000
 31
0.000000000
  0
LINE
  5
C70
330
A02
100
AcDbEntity
  8
Pocket009
100
AcDbLine
 10
45.925000000
 20
43.150000000
 30
0.000000000
 11
52.800000000
 21
43.150000000
 31
0.000000000
  0
LINE
  5
C71
330
A02
100
AcDbEntity
  8
Pocket009
100
AcDbLine
 10
52.800000000
 20
43.150000000
 30
0.000000000
 11
52.800000000
 21
43.150000000
 31
15.140000000
  0
LINE
  5
C72
330
A02
100
AcDbEntity
  8
Pocket009
100
AcDbLine
 10
-52.800000000
 20
43.150000000
 30
15.140000000
 11
52.800000000
 21
43.150000000
 31
15.140000000
  0
LINE
  5
C73
330
A02
100
AcDbEntity
  8
Pocket009
100
AcDbLine
 10
-52.800000000
 20
43.150000000
 30
0.000000000
 11
-52.800000000
 21
43.150000000
 31
15.140000000
  0
LINE
  5
C74
330
A02
100
AcDbEntity
  8
Pocket009
100
AcDbLine
 10
-52.800000000
 20
-43.150000000
 30
0.000000000
 11
-52.800000000
 21
-43.150000000
 31
15.140000000
  0
LINE
  5
C75
330
A02
100
AcDbEntity
  8
Pocket009
100
AcDbLine
 10
-52.800000000
 20
-43.150000000
 30
0.000000000
 11
-52.800000000
 21
43.150000000
 31
0.000000000
  0
LINE
  5
C76
330
A02
100
AcDbEntity
  8
Pocket009
100
AcDbLine
 10
-52.800000000
 20
-43.150000000
 30
15.140000000
 11
-52.800000000
 21
-29.300000000
 31
15.140000000
  0
LINE
  5
C77
330
A02
100
AcDbEntity
  8
Pocket009
100
AcDbLine
 10
-52.800000000
 20
43.150000000
 30
0.000000000
 11
-52.800000000
 21
43.150000000
 31
15.140000000
  0
LINE
  5
C78
330
A02
100
AcDbEntity
  8
Pocket009
100
AcDbLine
 10
-52.800000000
 20
-29.300000000
 30
15.140000000
 11
-52.800000000
 21
-29.300000000
 31
34.140000000
  0
LINE
  5
C79
330
A02
100
AcDbEntity
  8
Pocket009
100
AcDbLine
 10
-52.800000000
 20
29.300000000
 30
15.140000000
 11
-52.800000000
 21
43.150000000
 31
15.140000000
  0
LINE
  5
C7A
330
A02
100
AcDbEntity
  8
Pocket009
100
AcDbLine
 10
-52.800000000
 20
-29.300000000
 30
34.140000000
 11
-52.800000000
 21
-22.300000000
 31
34.140000000
  0
LINE
  5
C7B
330
A02
100
AcDbEntity
  8
Pocket009
100
AcDbLine
 10
-52.800000000
 20
29.300000000
 30
15.140000000
 11
-52.800000000
 21
29.300000000
 31
34.140000000
  0
LINE
  5
C7C
330
A02
100
AcDbEntity
  8
Pocket009
100
AcDbLine
 10
-52.800000000
 20
-22.300000000
 30
34.140000000
 11
-52.800000000
 21
-22.300000000
 31
43.140000000
  0
LINE
  5
C7D
330
A02
100
AcDbEntity
  8
Pocket009
100
AcDbLine
 10
-52.800000000
 20
22.300000000
 30
34.140000000
 11
-52.800000000
 21
29.300000000
 31
34.140000000
  0
LINE
  5
C7E
330
A02
100
AcDbEntity
  8
Pocket009
100
AcDbLine
 10
-52.800000000
 20
-22.300000000
 30
43.140000000
 11
-52.800000000
 21
22.300000000
 31
43.140000000
  0
LINE
  5
C7F
330
A02
100
AcDbEntity
  8
Pocket009
100
AcDbLine
 10
-52.800000000
 20
22.300000000
 30
34.140000000
 11
-52.800000000
 21
22.300000000
 31
43.140000000
  0
LINE
  5
C80
330
A02
100
AcDbEntity
  8
Pocket009
100
AcDbLine
 10
-52.800000000
 20
-3.122057067
 30
5.147141134
 11
-52.800000000
 21
-3.122057067
 31
2.147141134
  0
LINE
  5
C81
330
A02
100
AcDbEntity
  8
Pocket009
100
AcDbLine
 10
-52.800000000
 20
-3.122057067
 30
2.147141134
 11
-52.800000000
 21
2.877942933
 31
2.147141134
  0
LINE
  5
C82
330
A02
100
AcDbEntity
  8
Pocket009
100
AcDbLine
 10
-52.800000000
 20
2.877942933
 30
2.147141134
 11
-52.800000000
 21
2.877942933
 31
5.147141134
  0
LINE
  5
C83
330
A02
100
AcDbEntity
  8
Pocket009
100
AcDbLine
 10
-52.800000000
 20
2.877942933
 30
5.147141134
 11
-52.800000000
 21
-3.122057067
 31
5.147141134
  0
LINE
  5
C84
330
A02
100
AcDbEntity
  8
Pocket009
100
AcDbLine
 10
52.800000000
 20
43.150000000
 30
0.000000000
 11
52.800000000
 21
43.150000000
 31
15.140000000
  0
LINE
  5
C85
330
A02
100
AcDbEntity
  8
Pocket009
100
AcDbLine
 10
52.800000000
 20
43.150000000
 30
0.000000000
 11
52.800000000
 21
-43.150000000
 31
0.000000000
  0
LINE
  5
C86
330
A02
100
AcDbEntity
  8
Pocket009
100
AcDbLine
 10
52.800000000
 20
43.150000000
 30
15.140000000
 11
52.800000000
 21
29.300000000
 31
15.140000000
  0
LINE
  5
C87
330
A02
100
AcDbEntity
  8
Pocket009
100
AcDbLine
 10
52.800000000
 20
-43.150000000
 30
0.000000000
 11
52.800000000
 21
-43.150000000
 31
15.140000000
  0
LINE
  5
C88
330
A02
100
AcDbEntity
  8
Pocket009
100
AcDbLine
 10
52.800000000
 20
29.300000000
 30
15.140000000
 11
52.800000000
 21
29.300000000
 31
34.140000000
  0
LINE
  5
C89
330
A02
100
AcDbEntity
  8
Pocket009
100
AcDbLine
 10
52.800000000
 20
-29.300000000
 30
15.140000000
 11
52.800000000
 21
-43.150000000
 31
15.140000000
  0
LINE
  5
C8A
330
A02
100
AcDbEntity
  8
Pocket009
100
AcDbLine
 10
52.800000000
 20
29.300000000
 30
34.140000000
 11
52.800000000
 21
22.300000000
 31
34.140000000
  0
LINE
  5
C8B
330
A02
100
AcDbEntity
  8
Pocket009
100
AcDbLine
 10
52.800000000
 20
-29.300000000
 30
15.140000000
 11
52.800000000
 21
-29.300000000
 31
34.140000000
  0
LINE
  5
C8C
330
A02
100
AcDbEntity
  8
Pocket009
100
AcDbLine
 10
52.800000000
 20
22.300000000
 30
34.140000000
 11
52.800000000
 21
22.300000000
 31
43.140000000
  0
LINE
  5
C8D
330
A02
100
AcDbEntity
  8
Pocket009
100
AcDbLine
 10
52.800000000
 20
-22.300000000
 30
34.140000000
 11
52.800000000
 21
-29.300000000
 31
34.140000000
  0
LINE
  5
C8E
330
A02
100
AcDbEntity
  8
Pocket009
100
AcDbLine
 10
52.800000000
 20
22.300000000
 30
43.140000000
 11
52.800000000
 21
-22.300000000
 31
43.140000000
  0
LINE
  5
C8F
330
A02
100
AcDbEntity
  8
Pocket009
100
AcDbLine
 10
52.800000000
 20
-22.300000000
 30
34.140000000
 11
52.800000000
 21
-22.300000000
 31
43.140000000
  0
LINE
  5
C90
330
A02
100
AcDbEntity
  8
Pocket009
100
AcDbLine
 10
52.800000000
 20
-3.122057067
 30
2.147141134
 11
52.800000000
 21
-3.122057067
 31
5.147141134
  0
LINE
  5
C91
330
A02
100
AcDbEntity
  8
Pocket009
100
AcDbLine
 10
52.800000000
 20
-3.122057067
 30
5.147141134
 11
52.800000000
 21
2.877942933
 31
5.147141134
  0
LINE
  5
C92
330
A02
100
AcDbEntity
  8
Pocket009
100
AcDbLine
 10
52.800000000
 20
2.877942933
 30
5.147141134
 11
52.800000000
 21
2.877942933
 31
2.147141134
  0
LINE
  5
C93
330
A02
100
AcDbEntity
  8
Pocket009
100
AcDbLine
 10
52.800000000
 20
2.877942933
 30
2.147141134
 11
52.800000000
 21
-3.122057067
 31
2.147141134
  0
LINE
  5
C94
330
A02
100
AcDbEntity
  8
Pocket009
100
AcDbLine
 10
-52.500000000
 20
-43.850000000
 30
0.000000000
 11
-45.925000000
 21
-43.850000000
 31
0.000000000
  0
LINE
  5
C95
330
A02
100
AcDbEntity
  8
Pocket009
100
AcDbLine
 10
-45.925000000
 20
-43.850000000
 30
11.600000000
 11
-45.925000000
 21
-43.850000000
 31
0.000000000
  0
LINE
  5
C96
330
A02
100
AcDbEntity
  8
Pocket009
100
AcDbLine
 10
45.925000000
 20
-43.850000000
 30
11.600000000
 11
-45.925000000
 21
-43.850000000
 31
11.600000000
  0
LINE
  5
C97
330
A02
100
AcDbEntity
  8
Pocket009
100
AcDbLine
 10
45.925000000
 20
-43.850000000
 30
0.000000000
 11
45.925000000
 21
-43.850000000
 31
11.600000000
  0
LINE
  5
C98
330
A02
100
AcDbEntity
  8
Pocket009
100
AcDbLine
 10
45.925000000
 20
-43.850000000
 30
0.000000000
 11
52.500000000
 21
-43.850000000
 31
0.000000000
  0
LINE
  5
C99
330
A02
100
AcDbEntity
  8
Pocket009
100
AcDbLine
 10
52.500000000
 20
-43.850000000
 30
0.000000000
 11
52.500000000
 21
-43.850000000
 31
15.540000000
  0
LINE
  5
C9A
330
A02
100
AcDbEntity
  8
Pocket009
100
AcDbLine
 10
52.500000000
 20
-43.850000000
 30
15.540000000
 11
-52.500000000
 21
-43.850000000
 31
15.540000000
  0
LINE
  5
C9B
330
A02
100
AcDbEntity
  8
Pocket009
100
AcDbLine
 10
-52.500000000
 20
-43.850000000
 30
0.000000000
 11
-52.500000000
 21
-43.850000000
 31
15.540000000
  0
LINE
  5
C9C
330
A02
100
AcDbEntity
  8
Pocket009
100
AcDbLine
 10
45.925000000
 20
-43.850000000
 30
0.000000000
 11
45.925000000
 21
-43.850000000
 31
11.600000000
  0
LINE
  5
C9D
330
A02
100
AcDbEntity
  8
Pocket009
100
AcDbLine
 10
45.925000000
 20
-43.850000000
 30
11.600000000
 11
45.925000000
 21
-43.150000000
 31
11.600000000
  0
LINE
  5
C9E
330
A02
100
AcDbEntity
  8
Pocket009
100
AcDbLine
 10
45.925000000
 20
-43.150000000
 30
0.000000000
 11
45.925000000
 21
-43.150000000
 31
11.600000000
  0
LINE
  5
C9F
330
A02
100
AcDbEntity
  8
Pocket009
100
AcDbLine
 10
45.925000000
 20
-43.850000000
 30
0.000000000
 11
45.925000000
 21
-43.150000000
 31
0.000000000
  0
LINE
  5
CA0
330
A02
100
AcDbEntity
  8
Pocket009
100
AcDbLine
 10
52.800000000
 20
-43.150000000
 30
0.000000000
 11
45.925000000
 21
-43.150000000
 31
0.000000000
  0
LINE
  5
CA1
330
A02
100
AcDbEntity
  8
Pocket009
100
AcDbLine
 10
45.925000000
 20
-43.150000000
 30
0.000000000
 11
45.925000000
 21
-43.150000000
 31
11.600000000
  0
LINE
  5
CA2
330
A02
100
AcDbEntity
  8
Pocket009
100
AcDbLine
 10
45.925000000
 20
-43.150000000
 30
11.600000000
 11
-45.925000000
 21
-43.150000000
 31
11.600000000
  0
LINE
  5
CA3
330
A02
100
AcDbEntity
  8
Pocket009
100
AcDbLine
 10
-45.925000000
 20
-43.150000000
 30
11.600000000
 11
-45.925000000
 21
-43.150000000
 31
0.000000000
  0
LINE
  5
CA4
330
A02
100
AcDbEntity
  8
Pocket009
100
AcDbLine
 10
-45.925000000
 20
-43.150000000
 30
0.000000000
 11
-52.800000000
 21
-43.150000000
 31
0.000000000
  0
LINE
  5
CA5
330
A02
100
AcDbEntity
  8
Pocket009
100
AcDbLine
 10
-52.800000000
 20
-43.150000000
 30
0.000000000
 11
-52.800000000
 21
-43.150000000
 31
15.140000000
  0
LINE
  5
CA6
330
A02
100
AcDbEntity
  8
Pocket009
100
AcDbLine
 10
52.800000000
 20
-43.150000000
 30
15.140000000
 11
-52.800000000
 21
-43.150000000
 31
15.140000000
  0
LINE
  5
CA7
330
A02
100
AcDbEntity
  8
Pocket009
100
AcDbLine
 10
52.800000000
 20
-43.150000000
 30
0.000000000
 11
52.800000000
 21
-43.150000000
 31
15.140000000
  0
LINE
  5
CA8
330
A02
100
AcDbEntity
  8
Pocket009
100
AcDbLine
 10
-45.925000000
 20
-43.850000000
 30
11.600000000
 11
-45.925000000
 21
-43.850000000
 31
0.000000000
  0
LINE
  5
CA9
330
A02
100
AcDbEntity
  8
Pocket009
100
AcDbLine
 10
-45.925000000
 20
-43.150000000
 30
0.000000000
 11
-45.925000000
 21
-43.850000000
 31
0.000000000
  0
LINE
  5
CAA
330
A02
100
AcDbEntity
  8
Pocket009
100
AcDbLine
 10
-45.925000000
 20
-43.150000000
 30
11.600000000
 11
-45.925000000
 21
-43.150000000
 31
0.000000000
  0
LINE
  5
CAB
330
A02
100
AcDbEntity
  8
Pocket009
100
AcDbLine
 10
-45.925000000
 20
-43.850000000
 30
11.600000000
 11
-45.925000000
 21
-43.150000000
 31
11.600000000
  0
ARC
  5
CAC
330
A02
100
AcDbEntity
  8
Pocket009
100
AcDbCircle
 10
-52.500000000
 20
-42.850000000
 30
15.540000000
 40
1.000000000
100
AcDbArc
 50
180.000000000
 51
-90.000000000
  0
ARC
  5
CAD
330
A02
100
AcDbEntity
  8
Pocket009
100
AcDbCircle
 10
-52.500000000
 20
-42.850000000
 30
15.540000000
 40
1.000000000
100
AcDbArc
 50
0.000000000
 51
180.000000000
  0
ARC
  5
CAE
330
A02
100
AcDbEntity
  8
Pocket009
100
AcDbCircle
 10
-52.500000000
 20
-42.850000000
 30
15.540000000
 40
1.000000000
100
AcDbArc
 50
0.000000000
 51
-90.000000000
  0
LINE
  5
CAF
330
A02
100
AcDbEntity
  8
Pocket009
100
AcDbLine
 10
52.500000000
 20
-42.850000000
 30
16.540000000
 11
-52.500000000
 21
-42.850000000
 31
16.540000000
  0
LINE
  5
CB0
330
A02
100
AcDbEntity
  8
Pocket009
100
AcDbLine
 10
-52.500000000
 20
-42.850000000
 30
16.540000000
 11
-52.500000000
 21
-30.000000000
 31
16.540000000
  0
LINE
  5
CB1
330
A02
100
AcDbEntity
  8
Pocket009
100
AcDbLine
 10
52.500000000
 20
-42.850000000
 30
16.540000000
 11
52.500000000
 21
-30.000000000
 31
16.540000000
  0
LINE
  5
CB2
330
A02
100
AcDbEntity
  8
Pocket009
100
AcDbLine
 10
-52.500000000
 20
-30.000000000
 30
16.540000000
 11
52.500000000
 21
-30.000000000
 31
16.540000000
  0
ARC
  5
CB3
330
A02
100
AcDbEntity
  8
Pocket009
100
AcDbCircle
 10
-42.499999921
 20
-37.300000000
 30
16.540000000
 40
4.050000000
100
AcDbArc
 50
90.000000000
 51
-90.000000000
  0
LINE
  5
CB4
330
A02
100
AcDbEntity
  8
Pocket009
100
AcDbLine
 10
-42.499999921
 20
-41.350000000
 30
16.540000000
 11
42.500000000
 21
-41.350000000
 31
16.540000000
  0
ARC
  5
CB5
330
A02
100
AcDbEntity
  8
Pocket009
100
AcDbCircle
 10
42.500000000
 20
-37.300000000
 30
16.540000000
 40
4.050000000
100
AcDbArc
 50
-90.000000000
 51
90.000000000
  0
LINE
  5
CB6
330
A02
100
AcDbEntity
  8
Pocket009
100
AcDbLine
 10
-42.499999921
 20
-33.250000000
 30
16.540000000
 11
42.500000000
 21
-33.250000000
 31
16.540000000
  0
ARC
  5
CB7
330
A02
100
AcDbEntity
  8
Pocket009
100
AcDbCircle
 10
-52.500000000
 20
-29.000000000
 30
34.540000000
 40
0.000000000
100
AcDbArc
 50
180.000000000
 51
0.000000000
  0
ARC
  5
CB8
330
A02
100
AcDbEntity
  8
Pocket009
100
AcDbCircle
 10
-52.500000000
 20
-29.000000000
 30
34.540000000
 40
0.000000000
100
AcDbArc
 50
-90.000000000
 51
0.000000000
  0
ARC
  5
CB9
330
A02
100
AcDbEntity
  8
Pocket009
100
AcDbCircle
 10
-52.500000000
 20
-29.000000000
 30
34.540000000
 40
1.000000000
100
AcDbArc
 50
180.000000000
 51
-90.000000000
  0
LINE
  5
CBA
330
A02
100
AcDbEntity
  8
Pocket009
100
AcDbLine
 10
-52.500000000
 20
-30.000000000
 30
16.540000000
 11
-52.500000000
 21
-30.000000000
 31
34.540000000
  0
LINE
  5
CBB
330
A02
100
AcDbEntity
  8
Pocket009
100
AcDbLine
 10
-52.500000000
 20
-30.000000000
 30
34.540000000
 11
52.500000000
 21
-30.000000000
 31
34.540000000
  0
LINE
  5
CBC
330
A02
100
AcDbEntity
  8
Pocket009
100
AcDbLine
 10
-52.500000000
 20
-30.000000000
 30
16.540000000
 11
52.500000000
 21
-30.000000000
 31
16.540000000
  0
LINE
  5
CBD
330
A02
100
AcDbEntity
  8
Pocket009
100
AcDbLine
 10
52.500000000
 20
-30.000000000
 30
16.540000000
 11
52.500000000
 21
-30.000000000
 31
34.540000000
  0
LINE
  5
CBE
330
A02
100
AcDbEntity
  8
Pocket009
100
AcDbLine
 10
-41.500000000
 20
-30.000000000
 30
32.040000000
 11
-41.500000000
 21
-30.000000000
 31
20.040000000
  0
ARC
  5
CBF
330
A02
100
AcDbEntity
  8
Pocket009
100
AcDbCircle
 10
-42.500000000
 20
-30.000000000
 30
20.040000000
 40
1.000000000
100
AcDbArc
 50
0.000000000
 51
180.000000000
  0
LINE
  5
CC0
330
A02
100
AcDbEntity
  8
Pocket009
100
AcDbLine
 10
-43.500000000
 20
-30.000000000
 30
32.040000000
 11
-43.500000000
 21
-30.000000000
 31
20.040000000
  0
ARC
  5
CC1
330
A02
100
AcDbEntity
  8
Pocket009
100
AcDbCircle
 10
-42.500000000
 20
-30.000000000
 30
32.040000000
 40
1.000000000
100
AcDbArc
 50
180.000000000
 51
0.000000000
  0
LINE
  5
CC2
330
A02
100
AcDbEntity
  8
Pocket009
100
AcDbLine
 10
-34.961538000
 20
-30.000000000
 30
32.040000000
 11
-34.961538000
 21
-30.000000000
 31
20.040000000
  0
ARC
  5
CC3
330
A02
100
AcDbEntity
  8
Pocket009
100
AcDbCircle
 10
-35.961538000
 20
-30.000000000
 30
20.040000000
 40
1.000000000
100
AcDbArc
 50
0.000000000
 51
180.000000000
  0
LINE
  5
CC4
330
A02
100
AcDbEntity
  8
Pocket009
100
AcDbLine
 10
-36.961538000
 20
-30.000000000
 30
32.040000000
 11
-36.961538000
 21
-30.000000000
 31
20.040000000
  0
ARC
  5
CC5
330
A02
100
AcDbEntity
  8
Pocket009
100
AcDbCircle
 10
-35.961538000
 20
-30.000000000
 30
32.040000000
 40
1.000000000
100
AcDbArc
 50
180.000000000
 51
0.000000000
  0
LINE
  5
CC6
330
A02
100
AcDbEntity
  8
Pocket009
100
AcDbLine
 10
-21.884615000
 20
-30.000000000
 30
32.040000000
 11
-21.884615000
 21
-30.000000000
 31
20.040000000
  0
ARC
  5
CC7
330
A02
100
AcDbEntity
  8
Pocket009
100
AcDbCircle
 10
-22.884615000
 20
-30.000000000
 30
20.040000000
 40
1.000000000
100
AcDbArc
 50
0.000000000
 51
180.000000000
  0
LINE
  5
CC8
330
A02
100
AcDbEntity
  8
Pocket009
100
AcDbLine
 10
-23.884615000
 20
-30.000000000
 30
32.040000000
 11
-23.884615000
 21
-30.000000000
 31
20.040000000
  0
ARC
  5
CC9
330
A02
100
AcDbEntity
  8
Pocket009
100
AcDbCircle
 10
-22.884615000
 20
-30.000000000
 30
32.040000000
 40
1.000000000
100
AcDbArc
 50
180.000000000
 51
0.000000000
  0
LINE
  5
CCA
330
A02
100
AcDbEntity
  8
Pocket009
100
AcDbLine
 10
-15.346154000
 20
-30.000000000
 30
32.040000000
 11
-15.346154000
 21
-30.000000000
 31
20.040000000
  0
ARC
  5
CCB
330
A02
100
AcDbEntity
  8
Pocket009
100
AcDbCircle
 10
-16.346154000
 20
-30.000000000
 30
20.040000000
 40
1.000000000
100
AcDbArc
 50
0.000000000
 51
180.000000000
  0
LINE
  5
CCC
330
A02
100
AcDbEntity
  8
Pocket009
100
AcDbLine
 10
-17.346154000
 20
-30.000000000
 30
32.040000000
 11
-17.346154000
 21
-30.000000000
 31
20.040000000
  0
ARC
  5
CCD
330
A02
100
AcDbEntity
  8
Pocket009
100
AcDbCircle
 10
-16.346154000
 20
-30.000000000
 30
32.040000000
 40
1.000000000
100
AcDbArc
 50
180.000000000
 51
0.000000000
  0
LINE
  5
CCE
330
A02
100
AcDbEntity
  8
Pocket009
100
AcDbLine
 10
-8.807692000
 20
-30.000000000
 30
32.039999654
 11
-8.807692000
 21
-30.000000000
 31
20.040000000
  0
ARC
  5
CCF
330
A02
100
AcDbEntity
  8
Pocket009
100
AcDbCircle
 10
-9.807692000
 20
-30.000000000
 30
20.040000000
 40
1.000000000
100
AcDbArc
 50
0.000000000
 51
180.000000000
  0
LINE
  5
CD0
330
A02
100
AcDbEntity
  8
Pocket009
100
AcDbLine
 10
-10.807692000
 20
-30.000000000
 30
32.039999654
 11
-10.807692000
 21
-30.000000000
 31
20.040000000
  0
ARC
  5
CD1
330
A02
100
AcDbEntity
  8
Pocket009
100
AcDbCircle
 10
-9.807692000
 20
-30.000000000
 30
32.039999654
 40
1.000000000
100
AcDbArc
 50
180.000000000
 51
0.000000000
  0
LINE
  5
CD2
330
A02
100
AcDbEntity
  8
Pocket009
100
AcDbLine
 10
-2.269231000
 20
-30.000000000
 30
32.040000000
 11
-2.269231000
 21
-30.000000000
 31
20.040000000
  0
ARC
  5
CD3
330
A02
100
AcDbEntity
  8
Pocket009
100
AcDbCircle
 10
-3.269231000
 20
-30.000000000
 30
20.040000000
 40
1.000000000
100
AcDbArc
 50
0.000000000
 51
180.000000000
  0
LINE
  5
CD4
330
A02
100
AcDbEntity
  8
Pocket009
100
AcDbLine
 10
-4.269231000
 20
-30.000000000
 30
32.040000000
 11
-4.269231000
 21
-30.000000000
 31
20.040000000
  0
ARC
  5
CD5
330
A02
100
AcDbEntity
  8
Pocket009
100
AcDbCircle
 10
-3.269231000
 20
-30.000000000
 30
32.040000000
 40
1.000000000
100
AcDbArc
 50
180.000000000
 51
0.000000000
  0
LINE
  5
CD6
330
A02
100
AcDbEntity
  8
Pocket009
100
AcDbLine
 10
4.269231000
 20
-30.000000000
 30
32.040000000
 11
4.269231000
 21
-30.000000000
 31
20.040000000
  0
ARC
  5
CD7
330
A02
100
AcDbEntity
  8
Pocket009
100
AcDbCircle
 10
3.269231000
 20
-30.000000000
 30
20.040000000
 40
1.000000000
100
AcDbArc
 50
0.000000000
 51
180.000000000
  0
LINE
  5
CD8
330
A02
100
AcDbEntity
  8
Pocket009
100
AcDbLine
 10
2.269231000
 20
-30.000000000
 30
32.040000000
 11
2.269231000
 21
-30.000000000
 31
20.040000000
  0
ARC
  5
CD9
330
A02
100
AcDbEntity
  8
Pocket009
100
AcDbCircle
 10
3.269231000
 20
-30.000000000
 30
32.040000000
 40
1.000000000
100
AcDbArc
 50
180.000000000
 51
0.000000000
  0
LINE
  5
CDA
330
A02
100
AcDbEntity
  8
Pocket009
100
AcDbLine
 10
10.807692000
 20
-30.000000000
 30
32.040000000
 11
10.807692000
 21
-30.000000000
 31
20.040000000
  0
ARC
  5
CDB
330
A02
100
AcDbEntity
  8
Pocket009
100
AcDbCircle
 10
9.807692000
 20
-30.000000000
 30
20.040000000
 40
1.000000000
100
AcDbArc
 50
0.000000000
 51
180.000000000
  0
LINE
  5
CDC
330
A02
100
AcDbEntity
  8
Pocket009
100
AcDbLine
 10
8.807692000
 20
-30.000000000
 30
32.040000000
 11
8.807692000
 21
-30.000000000
 31
20.040000000
  0
ARC
  5
CDD
330
A02
100
AcDbEntity
  8
Pocket009
100
AcDbCircle
 10
9.807692000
 20
-30.000000000
 30
32.040000000
 40
1.000000000
100
AcDbArc
 50
180.000000000
 51
0.000000000
  0
LINE
  5
CDE
330
A02
100
AcDbEntity
  8
Pocket009
100
AcDbLine
 10
17.346154000
 20
-30.000000000
 30
32.040000000
 11
17.346154000
 21
-30.000000000
 31
20.040000000
  0
ARC
  5
CDF
330
A02
100
AcDbEntity
  8
Pocket009
100
AcDbCircle
 10
16.346154000
 20
-30.000000000
 30
20.040000000
 40
1.000000000
100
AcDbArc
 50
0.000000000
 51
180.000000000
  0
LINE
  5
CE0
330
A02
100
AcDbEntity
  8
Pocket009
100
AcDbLine
 10
15.346154000
 20
-30.000000000
 30
32.040000000
 11
15.346154000
 21
-30.000000000
 31
20.040000000
  0
ARC
  5
CE1
330
A02
100
AcDbEntity
  8
Pocket009
100
AcDbCircle
 10
16.346154000
 20
-30.000000000
 30
32.040000000
 40
1.000000000
100
AcDbArc
 50
180.000000000
 51
0.000000000
  0
LINE
  5
CE2
330
A02
100
AcDbEntity
  8
Pocket009
100
AcDbLine
 10
23.884615000
 20
-30.000000000
 30
32.040000000
 11
23.884615000
 21
-30.000000000
 31
20.040000000
  0
ARC
  5
CE3
330
A02
100
AcDbEntity
  8
Pocket009
100
AcDbCircle
 10
22.884615000
 20
-30.000000000
 30
20.040000000
 40
1.000000000
100
AcDbArc
 50
0.000000000
 51
180.000000000
  0
LINE
  5
CE4
330
A02
100
AcDbEntity
  8
Pocket009
100
AcDbLine
 10
21.884615000
 20
-30.000000000
 30
32.040000000
 11
21.884615000
 21
-30.000000000
 31
20.040000000
  0
ARC
  5
CE5
330
A02
100
AcDbEntity
  8
Pocket009
100
AcDbCircle
 10
22.884615000
 20
-30.000000000
 30
32.040000000
 40
1.000000000
100
AcDbArc
 50
180.000000000
 51
0.000000000
  0
LINE
  5
CE6
330
A02
100
AcDbEntity
  8
Pocket009
100
AcDbLine
 10
30.423077000
 20
-30.000000000
 30
32.040000000
 11
30.423077000
 21
-30.000000000
 31
20.039999693
  0
ARC
  5
CE7
330
A02
100
AcDbEntity
  8
Pocket009
100
AcDbCircle
 10
29.423077000
 20
-30.000000000
 30
20.039999693
 40
1.000000000
100
AcDbArc
 50
0.000000000
 51
180.000000000
  0
LINE
  5
CE8
330
A02
100
AcDbEntity
  8
Pocket009
100
AcDbLine
 10
28.423077000
 20
-30.000000000
 30
32.040000000
 11
28.423077000
 21
-30.000000000
 31
20.039999693
  0
ARC
  5
CE9
330
A02
100
AcDbEntity
  8
Pocket009
100
AcDbCircle
 10
29.423077000
 20
-30.000000000
 30
32.040000000
 40
1.000000000
100
AcDbArc
 50
180.000000000
 51
0.000000000
  0
LINE
  5
CEA
330
A02
100
AcDbEntity
  8
Pocket009
100
AcDbLine
 10
36.961538000
 20
-30.000000000
 30
32.040000000
 11
36.961538000
 21
-30.000000000
 31
20.040000000
  0
ARC
  5
CEB
330
A02
100
AcDbEntity
  8
Pocket009
100
AcDbCircle
 10
35.961538000
 20
-30.000000000
 30
20.040000000
 40
1.000000000
100
AcDbArc
 50
0.000000000
 51
180.000000000
  0
LINE
  5
CEC
330
A02
100
AcDbEntity
  8
Pocket009
100
AcDbLine
 10
34.961538000
 20
-30.000000000
 30
32.040000000
 11
34.961538000
 21
-30.000000000
 31
20.040000000
  0
ARC
  5
CED
330
A02
100
AcDbEntity
  8
Pocket009
100
AcDbCircle
 10
35.961538000
 20
-30.000000000
 30
32.040000000
 40
1.000000000
100
AcDbArc
 50
180.000000000
 51
0.000000000
  0
LINE
  5
CEE
330
A02
100
AcDbEntity
  8
Pocket009
100
AcDbLine
 10
-28.423077000
 20
-30.000000000
 30
32.039999654
 11
-28.423077000
 21
-30.000000000
 31
20.040000000
  0
ARC
  5
CEF
330
A02
100
AcDbEntity
  8
Pocket009
100
AcDbCircle
 10
-29.423077000
 20
-30.000000000
 30
20.040000000
 40
1.000000000
100
AcDbArc
 50
0.000000000
 51
180.000000000
  0
LINE
  5
CF0
330
A02
100
AcDbEntity
  8
Pocket009
100
AcDbLine
 10
-30.423077000
 20
-30.000000000
 30
32.039999654
 11
-30.423077000
 21
-30.000000000
 31
20.040000000
  0
ARC
  5
CF1
330
A02
100
AcDbEntity
  8
Pocket009
100
AcDbCircle
 10
-29.423077000
 20
-30.000000000
 30
32.039999654
 40
1.000000000
100
AcDbArc
 50
180.000000000
 51
0.000000000
  0
LINE
  5
CF2
330
A02
100
AcDbEntity
  8
Pocket009
100
AcDbLine
 10
43.500000000
 20
-30.000000000
 30
32.040000000
 11
43.500000000
 21
-30.000000000
 31
20.039999654
  0
ARC
  5
CF3
330
A02
100
AcDbEntity
  8
Pocket009
100
AcDbCircle
 10
42.500000000
 20
-30.000000000
 30
20.039999654
 40
1.000000000
100
AcDbArc
 50
0.000000000
 51
180.000000000
  0
LINE
  5
CF4
330
A02
100
AcDbEntity
  8
Pocket009
100
AcDbLine
 10
41.500000000
 20
-30.000000000
 30
32.040000000
 11
41.500000000
 21
-30.000000000
 31
20.039999654
  0
ARC
  5
CF5
330
A02
100
AcDbEntity
  8
Pocket009
100
AcDbCircle
 10
42.500000000
 20
-30.000000000
 30
32.040000000
 40
1.000000000
100
AcDbArc
 50
180.000000000
 51
0.000000000
  0
LINE
  5
CF6
330
A02
100
AcDbEntity
  8
Pocket009
100
AcDbLine
 10
-52.500000000
 20
-23.000000000
 30
35.540000000
 11
52.500000000
 21
-23.000000000
 31
35.540000000
  0
LINE
  5
CF7
330
A02
100
AcDbEntity
  8
Pocket009
100
AcDbLine
 10
-52.500000000
 20
-23.000000000
 30
35.540000000
 11
-52.500000000
 21
-29.000000000
 31
35.540000000
  0
LINE
  5
CF8
330
A02
100
AcDbEntity
  8
Pocket009
100
AcDbLine
 10
52.500000000
 20
-29.000000000
 30
35.540000000
 11
52.500000000
 21
-23.000000000
 31
35.540000000
  0
LINE
  5
CF9
330
A02
100
AcDbEntity
  8
Pocket009
100
AcDbLine
 10
-52.500000000
 20
-29.000000000
 30
35.540000000
 11
52.500000000
 21
-29.000000000
 31
35.540000000
  0
LINE
  5
CFA
330
A02
100
AcDbEntity
  8
Pocket009
100
AcDbLine
 10
-52.500000000
 20
23.000000000
 30
43.604421794
 11
52.500000000
 21
23.000000000
 31
43.604421794
  0
LINE
  5
CFB
330
A02
100
AcDbEntity
  8
Pocket009
100
AcDbLine
 10
-52.500000000
 20
23.000000000
 30
43.604421794
 11
-52.500000000
 21
23.000000000
 31
35.540000000
  0
LINE
  5
CFC
330
A02
100
AcDbEntity
  8
Pocket009
100
AcDbLine
 10
52.500000000
 20
23.000000000
 30
35.540000000
 11
52.500000000
 21
23.000000000
 31
43.604421794
  0
LINE
  5
CFD
330
A02
100
AcDbEntity
  8
Pocket009
100
AcDbLine
 10
52.500000000
 20
23.000000000
 30
35.540000000
 11
-52.500000000
 21
23.000000000
 31
35.540000000
  0
ARC
  5
CFE
330
A02
100
AcDbEntity
  8
Pocket009
100
AcDbCircle
 10
-52.500000000
 20
22.000000000
 30
43.604421794
 40
1.000000000
100
AcDbArc
 50
90.000000000
 51
180.000000000
  0
ARC
  5
CFF
330
A02
100
AcDbEntity
  8
Pocket009
100
AcDbCircle
 10
-52.500000000
 20
22.000000000
 30
43.604421794
 40
1.000000000
100
AcDbArc
 50
90.000000000
 51
180.000000000
  0
ARC
  5
D00
330
A02
100
AcDbEntity
  8
Pocket009
100
AcDbCircle
 10
-52.500000000
 20
22.000000000
 30
43.604421794
 40
0.450450450
100
AcDbArc
 50
90.000000000
 51
90.000000000
  0
ARC
  5
D01
330
A02
100
AcDbEntity
  8
Pocket009
100
AcDbCircle
 10
-52.500000000
 20
-22.000000000
 30
43.604421794
 40
1.000000000
100
AcDbArc
 50
180.000000000
 51
-90.000000000
  0
ARC
  5
D02
330
A02
100
AcDbEntity
  8
Pocket009
100
AcDbCircle
 10
-52.500000000
 20
-22.000000000
 30
43.604421794
 40
1.000000000
100
AcDbArc
 50
180.000000000
 51
-90.000000000
  0
ARC
  5
D03
330
A02
100
AcDbEntity
  8
Pocket009
100
AcDbCircle
 10
-52.500000000
 20
-22.000000000
 30
43.604421794
 40
1.000000000
100
AcDbArc
 50
-90.000000000
 51
-90.000000000
  0
LINE
  5
D04
330
A02
100
AcDbEntity
  8
Pocket009
100
AcDbLine
 10
52.500000000
 20
-23.000000000
 30
43.604421794
 11
-52.500000000
 21
-23.000000000
 31
43.604421794
  0
LINE
  5
D05
330
A02
100
AcDbEntity
  8
Pocket009
100
AcDbLine
 10
-52.500000000
 20
-23.000000000
 30
35.540000000
 11
-52.500000000
 21
-23.000000000
 31
43.604421794
  0
SPLINE
  5
D06
330
A02
100
AcDbEntity
  8
Pocket009
100
AcDbSpline
210
0
220
0
230
1
 70
8
 71
3
 72
11
 73
7
 74
0
 40
8.025861218
 40
8.025861218
 40
8.025861218
 40
8.025861218
 40
8.623136014
 40
8.623136014
 40
8.623136014
 40
9.220410811
 40
9.220410811
 40
9.220410811
 40
9.220410811
 10
52.576049640
 20
-23.000000000
 30
43.221909398
 10
52.641150588
 20
-23.000000000
 30
43.304234485
 10
52.659608601
 20
-23.000000000
 30
43.404835188
 10
52.638732741
 20
-23.000000000
 30
43.480234885
 10
52.618975431
 20
-23.000000000
 30
43.556381949
 10
52.560412914
 20
-23.000000000
 30
43.605139348
 10
52.500000000
 20
-23.000000000
 30
43.604421794
  0
LINE
  5
D07
330
A02
100
AcDbEntity
  8
Pocket009
100
AcDbLine
 10
-52.500000000
 20
-23.000000000
 30
35.540000000
 11
52.500000000
 21
-23.000000000
 31
35.540000000
  0
SPLINE
  5
D08
330
A02
100
AcDbEntity
  8
Pocket009
100
AcDbSpline
210
0
220
0
230
1
 70
8
 71
3
 72
8
 73
4
 74
0
 40
7.545329290
 40
7.545329290
 40
7.545329290
 40
7.545329290
 40
8.025861218
 40
8.025861218
 40
8.025861218
 40
8.025861218
 10
52.500000000
 20
-23.000000000
 30
43.085329290
 10
52.500103203
 20
-23.000000000
 30
43.122327979
 10
52.524246193
 20
-23.000000000
 30
43.156447573
 10
52.576049640
 20
-23.000000000
 30
43.221909398
  0
LINE
  5
D09
330
A02
100
AcDbEntity
  8
Pocket009
100
AcDbLine
 10
52.500000000
 20
-23.000000000
 30
35.540000000
 11
52.500000000
 21
-23.000000000
 31
43.085329290
  0
LINE
  5
D0A
330
A02
100
AcDbEntity
  8
Pocket009
100
AcDbLine
 10
52.500000000
 20
-22.450450450
 30
44.497223223
 11
-52.500000000
 21
-22.450450450
 31
44.497223223
  0
ARC
  5
D0B
330
A02
100
AcDbEntity
  8
Pocket009
100
AcDbCircle
 10
-52.500000000
 20
0.000000000
 30
0.000000000
 40
22.450450450
100
AcDbArc
 50
-90.000000000
 51
-90.000000000
  0
ARC
  5
D0C
330
A02
100
AcDbEntity
  8
Pocket009
100
AcDbCircle
 10
52.500000000
 20
0.000000000
 30
0.000000000
 40
0.000000000
100
AcDbArc
 50
-90.000000000
 51
-90.000000000
  0
ARC
  5
D0D
330
A02
100
AcDbEntity
  8
Pocket009
100
AcDbCircle
 10
-52.500000000
 20
0.000000000
 30
0.000000000
 40
0.000000000
100
AcDbArc
 50
90.000000000
 51
-90.000000000
  0
ARC
  5
D0E
330
A02
100
AcDbEntity
  8
Pocket009
100
AcDbCircle
 10
52.500000000
 20
0.000000000
 30
0.000000000
 40
22.000000000
100
AcDbArc
 50
-90.000000000
 51
90.000000000
  0
LINE
  5
D0F
330
A02
100
AcDbEntity
  8
Pocket009
100
AcDbLine
 10
-52.500000000
 20
22.450450450
 30
44.497223223
 11
52.500000000
 21
22.450450450
 31
44.497223223
  0
SPLINE
  5
D10
330
A02
100
AcDbEntity
  8
Pocket009
100
AcDbSpline
210
0
220
0
230
1
 70
8
 71
3
 72
8
 73
4
 74
0
 40
107.229339704
 40
107.229339704
 40
107.229339704
 40
107.229339704
 40
107.666269753
 40
107.666269753
 40
107.666269753
 40
107.666269753
 10
52.572248866
 20
22.110266076
 30
44.667233338
 10
52.524055640
 20
22.056466573
 30
44.693856220
 10
52.500049343
 20
22.028410720
 30
44.707663115
 10
52.500000000
 20
22.000000000
 30
44.721645766
  0
SPLINE
  5
D11
330
A02
100
AcDbEntity
  8
Pocket009
100
AcDbSpline
210
0
220
0
230
1
 70
8
 71
3
 72
11
 73
7
 74
0
 40
106.000000000
 40
106.000000000
 40
106.000000000
 40
106.000000000
 40
106.614669852
 40
106.614669852
 40
106.614669852
 40
107.229339704
 40
107.229339704
 40
107.229339704
 40
107.229339704
 10
52.500000000
 20
22.450450450
 30
44.497223223
 10
52.556276701
 20
22.450915836
 30
44.496980190
 10
52.612183140
 20
22.411675828
 30
44.516820459
 10
52.633583779
 20
22.345394436
 30
44.550072358
 10
52.655687011
 20
22.280282654
 30
44.582751504
 10
52.640951971
 20
22.187153425
 30
44.629194637
 10
52.572248866
 20
22.110266076
 30
44.667233338
  0
ARC
  5
D12
330
A02
100
AcDbEntity
  8
Pocket009
100
AcDbCircle
 10
50.500000000
 20
0.000000000
 30
0.000000000
 40
21.000000000
100
AcDbArc
 50
90.000000000
 51
-90.000000000
  0
LINE
  5
D13
330
A02
100
AcDbEntity
  8
Pocket009
100
AcDbLine
 10
50.500000000
 20
-21.000000000
 30
45.199840708
 11
-50.500000000
 21
-21.000000000
 31
45.199840708
  0
ARC
  5
D14
330
A02
100
AcDbEntity
  8
Pocket009
100
AcDbCircle
 10
-50.500000000
 20
0.000000000
 30
0.000000000
 40
21.000000000
100
AcDbArc
 50
90.000000000
 51
-90.000000000
  0
ARC
  5
D15
330
A02
100
AcDbEntity
  8
Pocket009
100
AcDbCircle
 10
-50.500000000
 20
0.000000000
 30
0.000000000
 40
0.000000000
100
AcDbArc
 50
90.000000000
 51
90.000000000
  0
LINE
  5
D16
330
A02
100
AcDbEntity
  8
Pocket009
100
AcDbLine
 10
50.500000000
 20
21.000000000
 30
45.199840708
 11
-50.500000000
 21
21.000000000
 31
45.199840708
  0
ARC
  5
D17
330
A02
100
AcDbEntity
  8
Pocket009
100
AcDbCircle
 10
50.500000000
 20
0.000000000
 30
0.000000000
 40
0.000000000
100
AcDbArc
 50
90.000000000
 51
90.000000000
  0
ARC
  5
D18
330
A02
100
AcDbEntity
  8
Pocket009
100
AcDbCircle
 10
52.500000000
 20
-29.000000000
 30
34.540000000
 40
0.000000000
100
AcDbArc
 50
-90.000000000
 51
0.000000000
  0
ARC
  5
D19
330
A02
100
AcDbEntity
  8
Pocket009
100
AcDbCircle
 10
52.500000000
 20
-29.000000000
 30
34.540000000
 40
0.000000000
100
AcDbArc
 50
0.000000000
 51
0.000000000
  0
ARC
  5
D1A
330
A02
100
AcDbEntity
  8
Pocket009
100
AcDbCircle
 10
52.500000000
 20
-29.000000000
 30
34.540000000
 40
1.000000000
100
AcDbArc
 50
-90.000000000
 51
0.000000000
  0
ARC
  5
D1B
330
A02
100
AcDbEntity
  8
Pocket009
100
AcDbCircle
 10
52.500000000
 20
-42.850000000
 30
15.540000000
 40
1.000000000
100
AcDbArc
 50
-90.000000000
 51
0.000000000
  0
ARC
  5
D1C
330
A02
100
AcDbEntity
  8
Pocket009
100
AcDbCircle
 10
52.500000000
 20
-42.850000000
 30
15.540000000
 40
1.000000000
100
AcDbArc
 50
0.000000000
 51
-90.000000000
  0
ARC
  5
D1D
330
A02
100
AcDbEntity
  8
Pocket009
100
AcDbCircle
 10
52.500000000
 20
-42.850000000
 30
15.540000000
 40
1.000000000
100
AcDbArc
 50
0.000000000
 51
0.000000000
  0
SPLINE
  5
D1E
330
A02
100
AcDbEntity
  8
Pocket009
100
AcDbSpline
210
0
220
0
230
1
 70
8
 71
3
 72
11
 73
7
 74
0
 40
0.000000000
 40
0.000000000
 40
0.000000000
 40
0.000000000
 40
0.240265964
 40
0.240265964
 40
0.240265964
 40
0.480531928
 40
0.480531928
 40
0.480531928
 40
0.480531928
 10
53.500000000
 20
-22.000000000
 30
43.604421794
 10
53.502968678
 20
-22.234493927
 30
43.605650817
 10
53.413161117
 20
-22.511645486
 30
43.568470783
 10
53.229381205
 20
-22.707106781
 30
43.492386507
 10
53.048784671
 20
-22.906013475
 30
43.417620139
 10
52.792710388
 20
-23.003213027
 30
43.311606232
 10
52.576049640
 20
-23.000000000
 30
43.221909398
  0
SPLINE
  5
D1F
330
A02
100
AcDbEntity
  8
Pocket009
100
AcDbSpline
210
0
220
0
230
1
 70
8
 71
3
 72
11
 73
7
 74
0
 40
8.025861218
 40
8.025861218
 40
8.025861218
 40
8.025861218
 40
8.623136014
 40
8.623136014
 40
8.623136014
 40
9.220410811
 40
9.220410811
 40
9.220410811
 40
9.220410811
 10
53.500000000
 20
-22.000000000
 30
43.604421794
 10
53.501077806
 20
-22.133109914
 30
43.843325104
 10
53.384446976
 20
-22.250084474
 30
44.079862260
 10
53.196214446
 20
-22.329025671
 30
44.242440494
 10
53.008812728
 20
-22.408566407
 30
44.406813905
 10
52.754257854
 20
-22.450649365
 30
44.497954062
 10
52.500000000
 20
-22.450450450
 30
44.497223223
  0
SPLINE
  5
D20
330
A02
100
AcDbEntity
  8
Pocket009
100
AcDbSpline
210
0
220
0
230
1
 70
8
 71
3
 72
11
 73
7
 74
0
 40
8.025861218
 40
8.025861218
 40
8.025861218
 40
8.025861218
 40
8.623136014
 40
8.623136014
 40
8.623136014
 40
9.220410811
 40
9.220410811
 40
9.220410811
 40
9.220410811
 10
52.576049640
 20
-23.000000000
 30
43.221909398
 10
52.641150588
 20
-23.000000000
 30
43.304234485
 10
52.659608601
 20
-23.000000000
 30
43.404835188
 10
52.638732741
 20
-23.000000000
 30
43.480234885
 10
52.618975431
 20
-23.000000000
 30
43.556381949
 10
52.560412914
 20
-23.000000000
 30
43.605139348
 10
52.500000000
 20
-23.000000000
 30
43.604421794
  0
SPLINE
  5
D21
330
A02
100
AcDbEntity
  8
Pocket009
100
AcDbSpline
210
0
220
0
230
1
 70
8
 71
3
 72
11
 73
7
 74
0
 40
0.000000000
 40
0.000000000
 40
0.000000000
 40
0.000000000
 40
0.597274796
 40
0.597274796
 40
0.597274796
 40
1.194549593
 40
1.194549593
 40
1.194549593
 40
1.194549593
 10
52.500000000
 20
-22.450450450
 30
44.497223223
 10
52.500000000
 20
-22.606629731
 30
44.419327926
 10
52.500000000
 20
-22.753028719
 30
44.290115255
 10
52.500000000
 20
-22.851601565
 30
44.128611430
 10
52.500000000
 20
-22.951390228
 30
43.967855982
 10
52.500000000
 20
-23.000805995
 30
43.778946851
 10
52.500000000
 20
-23.000000000
 30
43.604421794
  0
ARC
  5
D22
330
A02
100
AcDbEntity
  8
Pocket009
100
AcDbCircle
 10
52.500000000
 20
22.000000000
 30
43.604421794
 40
0.450450450
100
AcDbArc
 50
90.000000000
 51
90.000000000
  0
SPLINE
  5
D23
330
A02
100
AcDbEntity
  8
Pocket009
100
AcDbSpline
210
0
220
0
230
1
 70
8
 71
3
 72
11
 73
7
 74
0
 40
106.000000000
 40
106.000000000
 40
106.000000000
 40
106.000000000
 40
106.614669852
 40
106.614669852
 40
106.614669852
 40
107.229339704
 40
107.229339704
 40
107.229339704
 40
107.229339704
 10
52.500000000
 20
22.450450450
 30
44.497223223
 10
52.556276701
 20
22.450915836
 30
44.496980190
 10
52.612183140
 20
22.411675828
 30
44.516820459
 10
52.633583779
 20
22.345394436
 30
44.550072358
 10
52.655687011
 20
22.280282654
 30
44.582751504
 10
52.640951971
 20
22.187153425
 30
44.629194637
 10
52.572248866
 20
22.110266076
 30
44.667233338
  0
SPLINE
  5
D24
330
A02
100
AcDbEntity
  8
Pocket009
100
AcDbSpline
210
0
220
0
230
1
 70
8
 71
3
 72
11
 73
7
 74
0
 40
106.000000000
 40
106.000000000
 40
106.000000000
 40
106.000000000
 40
106.614669852
 40
106.614669852
 40
106.614669852
 40
107.229339704
 40
107.229339704
 40
107.229339704
 40
107.229339704
 10
52.500000000
 20
23.000000000
 30
43.604421794
 10
52.743165374
 20
23.000264762
 30
43.604301897
 10
52.988913766
 20
22.910265107
 30
43.606946987
 10
53.179769432
 20
22.733424089
 30
43.609420156
 10
53.370495065
 20
22.559205037
 30
43.611604885
 10
53.501113676
 20
22.289902814
 30
43.613682245
 10
53.500000000
 20
22.000000000
 30
43.603121032
  0
SPLINE
  5
D25
330
A02
100
AcDbEntity
  8
Pocket009
100
AcDbSpline
210
0
220
0
230
1
 70
8
 71
3
 72
11
 73
7
 74
0
 40
0.000000000
 40
0.000000000
 40
0.000000000
 40
0.000000000
 40
0.614669852
 40
0.614669852
 40
0.614669852
 40
1.229339704
 40
1.229339704
 40
1.229339704
 40
1.229339704
 10
52.572248866
 20
22.110266076
 30
44.667233338
 10
52.789501282
 20
22.191499627
 30
44.630630942
 10
53.046673562
 20
22.242083207
 30
44.496800127
 10
53.228121043
 20
22.218961770
 30
44.285593942
 10
53.412769384
 20
22.198571593
 30
44.076895420
 10
53.502992327
 20
22.106699022
 30
43.812270745
 10
53.500000000
 20
22.000000000
 30
43.603121032
  0
LINE
  5
D26
330
A02
100
AcDbEntity
  8
Pocket009
100
AcDbLine
 10
-52.800000000
 20
29.300000000
 30
34.140000000
 11
52.800000000
 21
29.300000000
 31
34.140000000
  0
LINE
  5
D27
330
A02
100
AcDbEntity
  8
Pocket009
100
AcDbLine
 10
52.800000000
 20
29.300000000
 30
34.140000000
 11
52.800000000
 21
22.300000000
 31
34.140000000
  0
LINE
  5
D28
330
A02
100
AcDbEntity
  8
Pocket009
100
AcDbLine
 10
-52.800000000
 20
22.300000000
 30
34.140000000
 11
52.800000000
 21
22.300000000
 31
34.140000000
  0
LINE
  5
D29
330
A02
100
AcDbEntity
  8
Pocket009
100
AcDbLine
 10
-52.800000000
 20
22.300000000
 30
34.140000000
 11
-52.800000000
 21
29.300000000
 31
34.140000000
  0
LINE
  5
D2A
330
A02
100
AcDbEntity
  8
Pocket009
100
AcDbLine
 10
52.800000000
 20
-29.300000000
 30
15.140000000
 11
-52.800000000
 21
-29.300000000
 31
15.140000000
  0
LINE
  5
D2B
330
A02
100
AcDbEntity
  8
Pocket009
100
AcDbLine
 10
52.800000000
 20
-29.300000000
 30
15.140000000
 11
52.800000000
 21
-43.150000000
 31
15.140000000
  0
LINE
  5
D2C
330
A02
100
AcDbEntity
  8
Pocket009
100
AcDbLine
 10
-52.800000000
 20
-43.150000000
 30
15.140000000
 11
-52.800000000
 21
-29.300000000
 31
15.140000000
  0
LINE
  5
D2D
330
A02
100
AcDbEntity
  8
Pocket009
100
AcDbLine
 10
52.800000000
 20
-43.150000000
 30
15.140000000
 11
-52.800000000
 21
-43.150000000
 31
15.140000000
  0
ARC
  5
D2E
330
A02
100
AcDbEntity
  8
Pocket009
100
AcDbCircle
 10
-42.499999921
 20
-37.300000000
 30
15.140000000
 40
4.050000000
100
AcDbArc
 50
90.000000000
 51
-90.000000000
  0
LINE
  5
D2F
330
A02
100
AcDbEntity
  8
Pocket009
100
AcDbLine
 10
-42.499999921
 20
-41.350000000
 30
15.140000000
 11
42.500000000
 21
-41.350000000
 31
15.140000000
  0
ARC
  5
D30
330
A02
100
AcDbEntity
  8
Pocket009
100
AcDbCircle
 10
42.500000000
 20
-37.300000000
 30
15.140000000
 40
4.050000000
100
AcDbArc
 50
-90.000000000
 51
90.000000000
  0
LINE
  5
D31
330
A02
100
AcDbEntity
  8
Pocket009
100
AcDbLine
 10
-42.499999921
 20
-33.250000000
 30
15.140000000
 11
42.500000000
 21
-33.250000000
 31
15.140000000
  0
LINE
  5
D32
330
A02
100
AcDbEntity
  8
Pocket009
100
AcDbLine
 10
52.800000000
 20
-29.300000000
 30
15.140000000
 11
52.800000000
 21
-29.300000000
 31
34.140000000
  0
LINE
  5
D33
330
A02
100
AcDbEntity
  8
Pocket009
100
AcDbLine
 10
52.800000000
 20
-29.300000000
 30
15.140000000
 11
-52.800000000
 21
-29.300000000
 31
15.140000000
  0
LINE
  5
D34
330
A02
100
AcDbEntity
  8
Pocket009
100
AcDbLine
 10
52.800000000
 20
-29.300000000
 30
34.140000000
 11
-52.800000000
 21
-29.300000000
 31
34.140000000
  0
LINE
  5
D35
330
A02
100
AcDbEntity
  8
Pocket009
100
AcDbLine
 10
-52.800000000
 20
-29.300000000
 30
15.140000000
 11
-52.800000000
 21
-29.300000000
 31
34.140000000
  0
ARC
  5
D36
330
A02
100
AcDbEntity
  8
Pocket009
100
AcDbCircle
 10
35.961538000
 20
-29.300000000
 30
32.040000000
 40
1.000000000
100
AcDbArc
 50
180.000000000
 51
0.000000000
  0
LINE
  5
D37
330
A02
100
AcDbEntity
  8
Pocket009
100
AcDbLine
 10
34.961538000
 20
-29.300000000
 30
32.040000000
 11
34.961538000
 21
-29.300000000
 31
20.040000000
  0
ARC
  5
D38
330
A02
100
AcDbEntity
  8
Pocket009
100
AcDbCircle
 10
35.961538000
 20
-29.300000000
 30
20.040000000
 40
1.000000000
100
AcDbArc
 50
0.000000000
 51
180.000000000
  0
LINE
  5
D39
330
A02
100
AcDbEntity
  8
Pocket009
100
AcDbLine
 10
36.961538000
 20
-29.300000000
 30
32.040000000
 11
36.961538000
 21
-29.300000000
 31
20.040000000
  0
ARC
  5
D3A
330
A02
100
AcDbEntity
  8
Pocket009
100
AcDbCircle
 10
29.423077000
 20
-29.300000000
 30
32.040000000
 40
1.000000000
100
AcDbArc
 50
180.000000000
 51
0.000000000
  0
LINE
  5
D3B
330
A02
100
AcDbEntity
  8
Pocket009
100
AcDbLine
 10
28.423077000
 20
-29.300000000
 30
32.040000000
 11
28.423077000
 21
-29.300000000
 31
20.039999693
  0
ARC
  5
D3C
330
A02
100
AcDbEntity
  8
Pocket009
100
AcDbCircle
 10
29.423077000
 20
-29.300000000
 30
20.039999693
 40
1.000000000
100
AcDbArc
 50
0.000000000
 51
180.000000000
  0
LINE
  5
D3D
330
A02
100
AcDbEntity
  8
Pocket009
100
AcDbLine
 10
30.423077000
 20
-29.300000000
 30
32.040000000
 11
30.423077000
 21
-29.300000000
 31
20.039999693
  0
ARC
  5
D3E
330
A02
100
AcDbEntity
  8
Pocket009
100
AcDbCircle
 10
22.884615000
 20
-29.300000000
 30
32.040000000
 40
1.000000000
100
AcDbArc
 50
180.000000000
 51
0.000000000
  0
LINE
  5
D3F
330
A02
100
AcDbEntity
  8
Pocket009
100
AcDbLine
 10
21.884615000
 20
-29.300000000
 30
32.040000000
 11
21.884615000
 21
-29.300000000
 31
20.040000000
  0
ARC
  5
D40
330
A02
100
AcDbEntity
  8
Pocket009
100
AcDbCircle
 10
22.884615000
 20
-29.300000000
 30
20.040000000
 40
1.000000000
100
AcDbArc
 50
0.000000000
 51
180.000000000
  0
LINE
  5
D41
330
A02
100
AcDbEntity
  8
Pocket009
100
AcDbLine
 10
23.884615000
 20
-29.300000000
 30
32.040000000
 11
23.884615000
 21
-29.300000000
 31
20.040000000
  0
ARC
  5
D42
330
A02
100
AcDbEntity
  8
Pocket009
100
AcDbCircle
 10
16.346154000
 20
-29.300000000
 30
32.040000000
 40
1.000000000
100
AcDbArc
 50
180.000000000
 51
0.000000000
  0
LINE
  5
D43
330
A02
100
AcDbEntity
  8
Pocket009
100
AcDbLine
 10
15.346154000
 20
-29.300000000
 30
32.040000000
 11
15.346154000
 21
-29.300000000
 31
20.040000000
  0
ARC
  5
D44
330
A02
100
AcDbEntity
  8
Pocket009
100
AcDbCircle
 10
16.346154000
 20
-29.300000000
 30
20.040000000
 40
1.000000000
100
AcDbArc
 50
0.000000000
 51
180.000000000
  0
LINE
  5
D45
330
A02
100
AcDbEntity
  8
Pocket009
100
AcDbLine
 10
17.346154000
 20
-29.300000000
 30
32.040000000
 11
17.346154000
 21
-29.300000000
 31
20.040000000
  0
ARC
  5
D46
330
A02
100
AcDbEntity
  8
Pocket009
100
AcDbCircle
 10
9.807692000
 20
-29.300000000
 30
32.040000000
 40
1.000000000
100
AcDbArc
 50
180.000000000
 51
0.000000000
  0
LINE
  5
D47
330
A02
100
AcDbEntity
  8
Pocket009
100
AcDbLine
 10
8.807692000
 20
-29.300000000
 30
32.040000000
 11
8.807692000
 21
-29.300000000
 31
20.040000000
  0
ARC
  5
D48
330
A02
100
AcDbEntity
  8
Pocket009
100
AcDbCircle
 10
9.807692000
 20
-29.300000000
 30
20.040000000
 40
1.000000000
100
AcDbArc
 50
0.000000000
 51
180.000000000
  0
LINE
  5
D49
330
A02
100
AcDbEntity
  8
Pocket009
100
AcDbLine
 10
10.807692000
 20
-29.300000000
 30
32.040000000
 11
10.807692000
 21
-29.300000000
 31
20.040000000
  0
ARC
  5
D4A
330
A02
100
AcDbEntity
  8
Pocket009
100
AcDbCircle
 10
3.269231000
 20
-29.300000000
 30
32.040000000
 40
1.000000000
100
AcDbArc
 50
180.000000000
 51
0.000000000
  0
LINE
  5
D4B
330
A02
100
AcDbEntity
  8
Pocket009
100
AcDbLine
 10
2.269231000
 20
-29.300000000
 30
32.040000000
 11
2.269231000
 21
-29.300000000
 31
20.040000000
  0
ARC
  5
D4C
330
A02
100
AcDbEntity
  8
Pocket009
100
AcDbCircle
 10
3.269231000
 20
-29.300000000
 30
20.040000000
 40
1.000000000
100
AcDbArc
 50
0.000000000
 51
180.000000000
  0
LINE
  5
D4D
330
A02
100
AcDbEntity
  8
Pocket009
100
AcDbLine
 10
4.269231000
 20
-29.300000000
 30
32.040000000
 11
4.269231000
 21
-29.300000000
 31
20.040000000
  0
ARC
  5
D4E
330
A02
100
AcDbEntity
  8
Pocket009
100
AcDbCircle
 10
-3.269231000
 20
-29.300000000
 30
32.040000000
 40
1.000000000
100
AcDbArc
 50
180.000000000
 51
0.000000000
  0
LINE
  5
D4F
330
A02
100
AcDbEntity
  8
Pocket009
100
AcDbLine
 10
-4.269231000
 20
-29.300000000
 30
32.040000000
 11
-4.269231000
 21
-29.300000000
 31
20.040000000
  0
ARC
  5
D50
330
A02
100
AcDbEntity
  8
Pocket009
100
AcDbCircle
 10
-3.269231000
 20
-29.300000000
 30
20.040000000
 40
1.000000000
100
AcDbArc
 50
0.000000000
 51
180.000000000
  0
LINE
  5
D51
330
A02
100
AcDbEntity
  8
Pocket009
100
AcDbLine
 10
-2.269231000
 20
-29.300000000
 30
32.040000000
 11
-2.269231000
 21
-29.300000000
 31
20.040000000
  0
ARC
  5
D52
330
A02
100
AcDbEntity
  8
Pocket009
100
AcDbCircle
 10
-9.807692000
 20
-29.300000000
 30
32.039999654
 40
1.000000000
100
AcDbArc
 50
180.000000000
 51
0.000000000
  0
LINE
  5
D53
330
A02
100
AcDbEntity
  8
Pocket009
100
AcDbLine
 10
-10.807692000
 20
-29.300000000
 30
32.039999654
 11
-10.807692000
 21
-29.300000000
 31
20.040000000
  0
ARC
  5
D54
330
A02
100
AcDbEntity
  8
Pocket009
100
AcDbCircle
 10
-9.807692000
 20
-29.300000000
 30
20.040000000
 40
1.000000000
100
AcDbArc
 50
0.000000000
 51
180.000000000
  0
LINE
  5
D55
330
A02
100
AcDbEntity
  8
Pocket009
100
AcDbLine
 10
-8.807692000
 20
-29.300000000
 30
32.039999654
 11
-8.807692000
 21
-29.300000000
 31
20.040000000
  0
ARC
  5
D56
330
A02
100
AcDbEntity
  8
Pocket009
100
AcDbCircle
 10
-16.346154000
 20
-29.300000000
 30
32.040000000
 40
1.000000000
100
AcDbArc
 50
180.000000000
 51
0.000000000
  0
LINE
  5
D57
330
A02
100
AcDbEntity
  8
Pocket009
100
AcDbLine
 10
-17.346154000
 20
-29.300000000
 30
32.040000000
 11
-17.346154000
 21
-29.300000000
 31
20.040000000
  0
ARC
  5
D58
330
A02
100
AcDbEntity
  8
Pocket009
100
AcDbCircle
 10
-16.346154000
 20
-29.300000000
 30
20.040000000
 40
1.000000000
100
AcDbArc
 50
0.000000000
 51
180.000000000
  0
LINE
  5
D59
330
A02
100
AcDbEntity
  8
Pocket009
100
AcDbLine
 10
-15.346154000
 20
-29.300000000
 30
32.040000000
 11
-15.346154000
 21
-29.300000000
 31
20.040000000
  0
ARC
  5
D5A
330
A02
100
AcDbEntity
  8
Pocket009
100
AcDbCircle
 10
-22.884615000
 20
-29.300000000
 30
32.040000000
 40
1.000000000
100
AcDbArc
 50
180.000000000
 51
0.000000000
  0
LINE
  5
D5B
330
A02
100
AcDbEntity
  8
Pocket009
100
AcDbLine
 10
-23.884615000
 20
-29.300000000
 30
32.040000000
 11
-23.884615000
 21
-29.300000000
 31
20.040000000
  0
ARC
  5
D5C
330
A02
100
AcDbEntity
  8
Pocket009
100
AcDbCircle
 10
-22.884615000
 20
-29.300000000
 30
20.040000000
 40
1.000000000
100
AcDbArc
 50
0.000000000
 51
180.000000000
  0
LINE
  5
D5D
330
A02
100
AcDbEntity
  8
Pocket009
100
AcDbLine
 10
-21.884615000
 20
-29.300000000
 30
32.040000000
 11
-21.884615000
 21
-29.300000000
 31
20.040000000
  0
ARC
  5
D5E
330
A02
100
AcDbEntity
  8
Pocket009
100
AcDbCircle
 10
-35.961538000
 20
-29.300000000
 30
32.040000000
 40
1.000000000
100
AcDbArc
 50
180.000000000
 51
0.000000000
  0
LINE
  5
D5F
330
A02
100
AcDbEntity
  8
Pocket009
100
AcDbLine
 10
-36.961538000
 20
-29.300000000
 30
32.040000000
 11
-36.961538000
 21
-29.300000000
 31
20.040000000
  0
ARC
  5
D60
330
A02
100
AcDbEntity
  8
Pocket009
100
AcDbCircle
 10
-35.961538000
 20
-29.300000000
 30
20.040000000
 40
1.000000000
100
AcDbArc
 50
0.000000000
 51
180.000000000
  0
LINE
  5
D61
330
A02
100
AcDbEntity
  8
Pocket009
100
AcDbLine
 10
-34.961538000
 20
-29.300000000
 30
32.040000000
 11
-34.961538000
 21
-29.300000000
 31
20.040000000
  0
ARC
  5
D62
330
A02
100
AcDbEntity
  8
Pocket009
100
AcDbCircle
 10
-42.500000000
 20
-29.300000000
 30
32.040000000
 40
1.000000000
100
AcDbArc
 50
180.000000000
 51
0.000000000
  0
LINE
  5
D63
330
A02
100
AcDbEntity
  8
Pocket009
100
AcDbLine
 10
-43.500000000
 20
-29.300000000
 30
32.040000000
 11
-43.500000000
 21
-29.300000000
 31
20.040000000
  0
ARC
  5
D64
330
A02
100
AcDbEntity
  8
Pocket009
100
AcDbCircle
 10
-42.500000000
 20
-29.300000000
 30
20.040000000
 40
1.000000000
100
AcDbArc
 50
0.000000000
 51
180.000000000
  0
LINE
  5
D65
330
A02
100
AcDbEntity
  8
Pocket009
100
AcDbLine
 10
-41.500000000
 20
-29.300000000
 30
32.040000000
 11
-41.500000000
 21
-29.300000000
 31
20.040000000
  0
ARC
  5
D66
330
A02
100
AcDbEntity
  8
Pocket009
100
AcDbCircle
 10
42.500000000
 20
-29.300000000
 30
32.040000000
 40
1.000000000
100
AcDbArc
 50
180.000000000
 51
0.000000000
  0
LINE
  5
D67
330
A02
100
AcDbEntity
  8
Pocket009
100
AcDbLine
 10
41.500000000
 20
-29.300000000
 30
32.040000000
 11
41.500000000
 21
-29.300000000
 31
20.039999654
  0
ARC
  5
D68
330
A02
100
AcDbEntity
  8
Pocket009
100
AcDbCircle
 10
42.500000000
 20
-29.300000000
 30
20.039999654
 40
1.000000000
100
AcDbArc
 50
0.000000000
 51
180.000000000
  0
LINE
  5
D69
330
A02
100
AcDbEntity
  8
Pocket009
100
AcDbLine
 10
43.500000000
 20
-29.300000000
 30
32.040000000
 11
43.500000000
 21
-29.300000000
 31
20.039999654
  0
ARC
  5
D6A
330
A02
100
AcDbEntity
  8
Pocket009
100
AcDbCircle
 10
-29.423077000
 20
-29.300000000
 30
32.039999654
 40
1.000000000
100
AcDbArc
 50
180.000000000
 51
0.000000000
  0
LINE
  5
D6B
330
A02
100
AcDbEntity
  8
Pocket009
100
AcDbLine
 10
-30.423077000
 20
-29.300000000
 30
32.039999654
 11
-30.423077000
 21
-29.300000000
 31
20.040000000
  0
ARC
  5
D6C
330
A02
100
AcDbEntity
  8
Pocket009
100
AcDbCircle
 10
-29.423077000
 20
-29.300000000
 30
20.040000000
 40
1.000000000
100
AcDbArc
 50
0.000000000
 51
180.000000000
  0
LINE
  5
D6D
330
A02
100
AcDbEntity
  8
Pocket009
100
AcDbLine
 10
-28.423077000
 20
-29.300000000
 30
32.039999654
 11
-28.423077000
 21
-29.300000000
 31
20.040000000
  0
LINE
  5
D6E
330
A02
100
AcDbEntity
  8
Pocket009
100
AcDbLine
 10
52.800000000
 20
-22.300000000
 30
34.140000000
 11
-52.800000000
 21
-22.300000000
 31
34.140000000
  0
LINE
  5
D6F
330
A02
100
AcDbEntity
  8
Pocket009
100
AcDbLine
 10
52.800000000
 20
-22.300000000
 30
34.140000000
 11
52.800000000
 21
-29.300000000
 31
34.140000000
  0
LINE
  5
D70
330
A02
100
AcDbEntity
  8
Pocket009
100
AcDbLine
 10
52.800000000
 20
-29.300000000
 30
34.140000000
 11
-52.800000000
 21
-29.300000000
 31
34.140000000
  0
LINE
  5
D71
330
A02
100
AcDbEntity
  8
Pocket009
100
AcDbLine
 10
-52.800000000
 20
-29.300000000
 30
34.140000000
 11
-52.800000000
 21
-22.300000000
 31
34.140000000
  0
LINE
  5
D72
330
A02
100
AcDbEntity
  8
Pocket009
100
AcDbLine
 10
52.800000000
 20
-22.300000000
 30
34.140000000
 11
52.800000000
 21
-22.300000000
 31
43.140000000
  0
LINE
  5
D73
330
A02
100
AcDbEntity
  8
Pocket009
100
AcDbLine
 10
-52.800000000
 20
-22.300000000
 30
34.140000000
 11
-52.800000000
 21
-22.300000000
 31
43.140000000
  0
LINE
  5
D74
330
A02
100
AcDbEntity
  8
Pocket009
100
AcDbLine
 10
52.800000000
 20
-22.300000000
 30
34.140000000
 11
-52.800000000
 21
-22.300000000
 31
34.140000000
  0
LINE
  5
D75
330
A02
100
AcDbEntity
  8
Pocket009
100
AcDbLine
 10
52.800000000
 20
-22.300000000
 30
43.140000000
 11
-52.800000000
 21
-22.300000000
 31
43.140000000
  0
LINE
  5
D76
330
A02
100
AcDbEntity
  8
Pocket009
100
AcDbLine
 10
-52.800000000
 20
22.300000000
 30
43.140000000
 11
52.800000000
 21
22.300000000
 31
43.140000000
  0
LINE
  5
D77
330
A02
100
AcDbEntity
  8
Pocket009
100
AcDbLine
 10
52.800000000
 20
22.300000000
 30
43.140000000
 11
52.800000000
 21
-22.300000000
 31
43.140000000
  0
LINE
  5
D78
330
A02
100
AcDbEntity
  8
Pocket009
100
AcDbLine
 10
52.800000000
 20
-22.300000000
 30
43.140000000
 11
-52.800000000
 21
-22.300000000
 31
43.140000000
  0
LINE
  5
D79
330
A02
100
AcDbEntity
  8
Pocket009
100
AcDbLine
 10
-52.800000000
 20
-22.300000000
 30
43.140000000
 11
-52.800000000
 21
22.300000000
 31
43.140000000
  0
LINE
  5
D7A
330
A02
100
AcDbEntity
  8
Pocket009
100
AcDbLine
 10
-52.800000000
 20
22.300000000
 30
34.140000000
 11
-52.800000000
 21
22.300000000
 31
43.140000000
  0
LINE
  5
D7B
330
A02
100
AcDbEntity
  8
Pocket009
100
AcDbLine
 10
52.800000000
 20
22.300000000
 30
34.140000000
 11
52.800000000
 21
22.300000000
 31
43.140000000
  0
LINE
  5
D7C
330
A02
100
AcDbEntity
  8
Pocket009
100
AcDbLine
 10
-52.800000000
 20
22.300000000
 30
34.140000000
 11
52.800000000
 21
22.300000000
 31
34.140000000
  0
LINE
  5
D7D
330
A02
100
AcDbEntity
  8
Pocket009
100
AcDbLine
 10
-52.800000000
 20
22.300000000
 30
43.140000000
 11
52.800000000
 21
22.300000000
 31
43.140000000
  0
LINE
  5
D7E
330
A02
100
AcDbEntity
  8
Pocket009
100
AcDbLine
 10
45.925000000
 20
-43.850000000
 30
11.600000000
 11
-45.925000000
 21
-43.850000000
 31
11.600000000
  0
LINE
  5
D7F
330
A02
100
AcDbEntity
  8
Pocket009
100
AcDbLine
 10
-45.925000000
 20
-43.850000000
 30
11.600000000
 11
-45.925000000
 21
-43.150000000
 31
11.600000000
  0
LINE
  5
D80
330
A02
100
AcDbEntity
  8
Pocket009
100
AcDbLine
 10
45.925000000
 20
-43.150000000
 30
11.600000000
 11
-45.925000000
 21
-43.150000000
 31
11.600000000
  0
LINE
  5
D81
330
A02
100
AcDbEntity
  8
Pocket009
100
AcDbLine
 10
45.925000000
 20
-43.850000000
 30
11.600000000
 11
45.925000000
 21
-43.150000000
 31
11.600000000
  0
LINE
  5
D82
330
A02
100
AcDbEntity
  8
Pocket009
100
AcDbLine
 10
52.500000000
 20
-43.850000000
 30
15.540000000
 11
-52.500000000
 21
-43.850000000
 31
15.540000000
  0
ARC
  5
D83
330
A02
100
AcDbEntity
  8
Pocket009
100
AcDbCircle
 10
-52.500000000
 20
-42.850000000
 30
15.540000000
 40
1.000000000
100
AcDbArc
 50
0.000000000
 51
-90.000000000
  0
ARC
  5
D84
330
A02
100
AcDbEntity
  8
Pocket009
100
AcDbCircle
 10
52.500000000
 20
-42.850000000
 30
15.540000000
 40
1.000000000
100
AcDbArc
 50
0.000000000
 51
-90.000000000
  0
LINE
  5
D85
330
A02
100
AcDbEntity
  8
Pocket009
100
AcDbLine
 10
52.500000000
 20
-42.850000000
 30
16.540000000
 11
-52.500000000
 21
-42.850000000
 31
16.540000000
  0
ARC
  5
D86
330
A02
100
AcDbEntity
  8
Pocket009
100
AcDbCircle
 10
-42.499999921
 20
-37.300000000
 30
16.540000000
 40
4.050000000
100
AcDbArc
 50
90.000000000
 51
-90.000000000
  0
LINE
  5
D87
330
A02
100
AcDbEntity
  8
Pocket009
100
AcDbLine
 10
-42.499999921
 20
-41.350000000
 30
16.540000000
 11
-42.499999921
 21
-41.350000000
 31
15.140000000
  0
ARC
  5
D88
330
A02
100
AcDbEntity
  8
Pocket009
100
AcDbCircle
 10
-42.499999921
 20
-37.300000000
 30
15.140000000
 40
4.050000000
100
AcDbArc
 50
90.000000000
 51
-90.000000000
  0
LINE
  5
D89
330
A02
100
AcDbEntity
  8
Pocket009
100
AcDbLine
 10
-42.499999921
 20
-33.250000000
 30
16.540000000
 11
-42.499999921
 21
-33.250000000
 31
15.140000000
  0
LINE
  5
D8A
330
A02
100
AcDbEntity
  8
Pocket009
100
AcDbLine
 10
-42.499999921
 20
-41.350000000
 30
16.540000000
 11
42.500000000
 21
-41.350000000
 31
16.540000000
  0
LINE
  5
D8B
330
A02
100
AcDbEntity
  8
Pocket009
100
AcDbLine
 10
42.500000000
 20
-41.350000000
 30
16.540000000
 11
42.500000000
 21
-41.350000000
 31
15.140000000
  0
LINE
  5
D8C
330
A02
100
AcDbEntity
  8
Pocket009
100
AcDbLine
 10
-42.499999921
 20
-41.350000000
 30
15.140000000
 11
42.500000000
 21
-41.350000000
 31
15.140000000
  0
LINE
  5
D8D
330
A02
100
AcDbEntity
  8
Pocket009
100
AcDbLine
 10
-42.499999921
 20
-41.350000000
 30
16.540000000
 11
-42.499999921
 21
-41.350000000
 31
15.140000000
  0
ARC
  5
D8E
330
A02
100
AcDbEntity
  8
Pocket009
100
AcDbCircle
 10
42.500000000
 20
-37.300000000
 30
16.540000000
 40
4.050000000
100
AcDbArc
 50
-90.000000000
 51
90.000000000
  0
LINE
  5
D8F
330
A02
100
AcDbEntity
  8
Pocket009
100
AcDbLine
 10
42.500000000
 20
-33.250000000
 30
16.540000000
 11
42.500000000
 21
-33.250000000
 31
15.140000000
  0
ARC
  5
D90
330
A02
100
AcDbEntity
  8
Pocket009
100
AcDbCircle
 10
42.500000000
 20
-37.300000000
 30
15.140000000
 40
4.050000000
100
AcDbArc
 50
-90.000000000
 51
90.000000000
  0
LINE
  5
D91
330
A02
100
AcDbEntity
  8
Pocket009
100
AcDbLine
 10
42.500000000
 20
-41.350000000
 30
16.540000000
 11
42.500000000
 21
-41.350000000
 31
15.140000000
  0
LINE
  5
D92
330
A02
100
AcDbEntity
  8
Pocket009
100
AcDbLine
 10
-42.499999921
 20
-33.250000000
 30
16.540000000
 11
42.500000000
 21
-33.250000000
 31
16.540000000
  0
LINE
  5
D93
330
A02
100
AcDbEntity
  8
Pocket009
100
AcDbLine
 10
42.500000000
 20
-33.250000000
 30
16.540000000
 11
42.500000000
 21
-33.250000000
 31
15.140000000
  0
LINE
  5
D94
330
A02
100
AcDbEntity
  8
Pocket009
100
AcDbLine
 10
-42.499999921
 20
-33.250000000
 30
15.140000000
 11
42.500000000
 21
-33.250000000
 31
15.140000000
  0
LINE
  5
D95
330
A02
100
AcDbEntity
  8
Pocket009
100
AcDbLine
 10
-42.499999921
 20
-33.250000000
 30
16.540000000
 11
-42.499999921
 21
-33.250000000
 31
15.140000000
  0
ARC
  5
D96
330
A02
100
AcDbEntity
  8
Pocket009
100
AcDbCircle
 10
-52.500000000
 20
-29.000000000
 30
34.540000000
 40
0.000000000
100
AcDbArc
 50
-90.000000000
 51
0.000000000
  0
LINE
  5
D97
330
A02
100
AcDbEntity
  8
Pocket009
100
AcDbLine
 10
-52.500000000
 20
-29.000000000
 30
35.540000000
 11
52.500000000
 21
-29.000000000
 31
35.540000000
  0
LINE
  5
D98
330
A02
100
AcDbEntity
  8
Pocket009
100
AcDbLine
 10
-52.500000000
 20
-30.000000000
 30
34.540000000
 11
52.500000000
 21
-30.000000000
 31
34.540000000
  0
ARC
  5
D99
330
A02
100
AcDbEntity
  8
Pocket009
100
AcDbCircle
 10
52.500000000
 20
-29.000000000
 30
34.540000000
 40
0.000000000
100
AcDbArc
 50
-90.000000000
 51
0.000000000
  0
LINE
  5
D9A
330
A02
100
AcDbEntity
  8
Pocket009
100
AcDbLine
 10
-41.500000000
 20
-30.000000000
 30
32.040000000
 11
-41.500000000
 21
-30.000000000
 31
20.040000000
  0
LINE
  5
D9B
330
A02
100
AcDbEntity
  8
Pocket009
100
AcDbLine
 10
-41.500000000
 20
-30.000000000
 30
20.040000000
 11
-41.500000000
 21
-29.300000000
 31
20.040000000
  0
LINE
  5
D9C
330
A02
100
AcDbEntity
  8
Pocket009
100
AcDbLine
 10
-41.500000000
 20
-29.300000000
 30
32.040000000
 11
-41.500000000
 21
-29.300000000
 31
20.040000000
  0
LINE
  5
D9D
330
A02
100
AcDbEntity
  8
Pocket009
100
AcDbLine
 10
-41.500000000
 20
-30.000000000
 30
32.040000000
 11
-41.500000000
 21
-29.300000000
 31
32.040000000
  0
ARC
  5
D9E
330
A02
100
AcDbEntity
  8
Pocket009
100
AcDbCircle
 10
-42.500000000
 20
-30.000000000
 30
20.040000000
 40
1.000000000
100
AcDbArc
 50
0.000000000
 51
180.000000000
  0
LINE
  5
D9F
330
A02
100
AcDbEntity
  8
Pocket009
100
AcDbLine
 10
-41.500000000
 20
-30.000000000
 30
20.040000000
 11
-41.500000000
 21
-29.300000000
 31
20.040000000
  0
ARC
  5
DA0
330
A02
100
AcDbEntity
  8
Pocket009
100
AcDbCircle
 10
-42.500000000
 20
-29.300000000
 30
20.040000000
 40
1.000000000
100
AcDbArc
 50
0.000000000
 51
180.000000000
  0
LINE
  5
DA1
330
A02
100
AcDbEntity
  8
Pocket009
100
AcDbLine
 10
-43.500000000
 20
-30.000000000
 30
20.040000000
 11
-43.500000000
 21
-29.300000000
 31
20.040000000
  0
LINE
  5
DA2
330
A02
100
AcDbEntity
  8
Pocket009
100
AcDbLine
 10
-43.500000000
 20
-30.000000000
 30
32.040000000
 11
-43.500000000
 21
-30.000000000
 31
20.040000000
  0
LINE
  5
DA3
330
A02
100
AcDbEntity
  8
Pocket009
100
AcDbLine
 10
-43.500000000
 20
-30.000000000
 30
20.040000000
 11
-43.500000000
 21
-29.300000000
 31
20.040000000
  0
LINE
  5
DA4
330
A02
100
AcDbEntity
  8
Pocket009
100
AcDbLine
 10
-43.500000000
 20
-29.300000000
 30
32.040000000
 11
-43.500000000
 21
-29.300000000
 31
20.040000000
  0
LINE
  5
DA5
330
A02
100
AcDbEntity
  8
Pocket009
100
AcDbLine
 10
-43.500000000
 20
-30.000000000
 30
32.040000000
 11
-43.500000000
 21
-29.300000000
 31
32.040000000
  0
ARC
  5
DA6
330
A02
100
AcDbEntity
  8
Pocket009
100
AcDbCircle
 10
-42.500000000
 20
-30.000000000
 30
32.040000000
 40
1.000000000
100
AcDbArc
 50
180.000000000
 51
0.000000000
  0
LINE
  5
DA7
330
A02
100
AcDbEntity
  8
Pocket009
100
AcDbLine
 10
-43.500000000
 20
-30.000000000
 30
32.040000000
 11
-43.500000000
 21
-29.300000000
 31
32.040000000
  0
ARC
  5
DA8
330
A02
100
AcDbEntity
  8
Pocket009
100
AcDbCircle
 10
-42.500000000
 20
-29.300000000
 30
32.040000000
 40
1.000000000
100
AcDbArc
 50
180.000000000
 51
0.000000000
  0
LINE
  5
DA9
330
A02
100
AcDbEntity
  8
Pocket009
100
AcDbLine
 10
-41.500000000
 20
-30.000000000
 30
32.040000000
 11
-41.500000000
 21
-29.300000000
 31
32.040000000
  0
LINE
  5
DAA
330
A02
100
AcDbEntity
  8
Pocket009
100
AcDbLine
 10
-34.961538000
 20
-30.000000000
 30
32.040000000
 11
-34.961538000
 21
-30.000000000
 31
20.040000000
  0
LINE
  5
DAB
330
A02
100
AcDbEntity
  8
Pocket009
100
AcDbLine
 10
-34.961538000
 20
-30.000000000
 30
20.040000000
 11
-34.961538000
 21
-29.300000000
 31
20.040000000
  0
LINE
  5
DAC
330
A02
100
AcDbEntity
  8
Pocket009
100
AcDbLine
 10
-34.961538000
 20
-29.300000000
 30
32.040000000
 11
-34.961538000
 21
-29.300000000
 31
20.040000000
  0
LINE
  5
DAD
330
A02
100
AcDbEntity
  8
Pocket009
100
AcDbLine
 10
-34.961538000
 20
-30.000000000
 30
32.040000000
 11
-34.961538000
 21
-29.300000000
 31
32.040000000
  0
ARC
  5
DAE
330
A02
100
AcDbEntity
  8
Pocket009
100
AcDbCircle
 10
-35.961538000
 20
-30.000000000
 30
20.040000000
 40
1.000000000
100
AcDbArc
 50
0.000000000
 51
180.000000000
  0
LINE
  5
DAF
330
A02
100
AcDbEntity
  8
Pocket009
100
AcDbLine
 10
-34.961538000
 20
-30.000000000
 30
20.040000000
 11
-34.961538000
 21
-29.300000000
 31
20.040000000
  0
ARC
  5
DB0
330
A02
100
AcDbEntity
  8
Pocket009
100
AcDbCircle
 10
-35.961538000
 20
-29.300000000
 30
20.040000000
 40
1.000000000
100
AcDbArc
 50
0.000000000
 51
180.000000000
  0
LINE
  5
DB1
330
A02
100
AcDbEntity
  8
Pocket009
100
AcDbLine
 10
-36.961538000
 20
-30.000000000
 30
20.040000000
 11
-36.961538000
 21
-29.300000000
 31
20.040000000
  0
LINE
  5
DB2
330
A02
100
AcDbEntity
  8
Pocket009
100
AcDbLine
 10
-36.961538000
 20
-30.000000000
 30
32.040000000
 11
-36.961538000
 21
-30.000000000
 31
20.040000000
  0
LINE
  5
DB3
330
A02
100
AcDbEntity
  8
Pocket009
100
AcDbLine
 10
-36.961538000
 20
-30.000000000
 30
20.040000000
 11
-36.961538000
 21
-29.300000000
 31
20.040000000
  0
LINE
  5
DB4
330
A02
100
AcDbEntity
  8
Pocket009
100
AcDbLine
 10
-36.961538000
 20
-29.300000000
 30
32.040000000
 11
-36.961538000
 21
-29.300000000
 31
20.040000000
  0
LINE
  5
DB5
330
A02
100
AcDbEntity
  8
Pocket009
100
AcDbLine
 10
-36.961538000
 20
-30.000000000
 30
32.040000000
 11
-36.961538000
 21
-29.300000000
 31
32.040000000
  0
ARC
  5
DB6
330
A02
100
AcDbEntity
  8
Pocket009
100
AcDbCircle
 10
-35.961538000
 20
-30.000000000
 30
32.040000000
 40
1.000000000
100
AcDbArc
 50
180.000000000
 51
0.000000000
  0
LINE
  5
DB7
330
A02
100
AcDbEntity
  8
Pocket009
100
AcDbLine
 10
-36.961538000
 20
-30.000000000
 30
32.040000000
 11
-36.961538000
 21
-29.300000000
 31
32.040000000
  0
ARC
  5
DB8
330
A02
100
AcDbEntity
  8
Pocket009
100
AcDbCircle
 10
-35.961538000
 20
-29.300000000
 30
32.040000000
 40
1.000000000
100
AcDbArc
 50
180.000000000
 51
0.000000000
  0
LINE
  5
DB9
330
A02
100
AcDbEntity
  8
Pocket009
100
AcDbLine
 10
-34.961538000
 20
-30.000000000
 30
32.040000000
 11
-34.961538000
 21
-29.300000000
 31
32.040000000
  0
LINE
  5
DBA
330
A02
100
AcDbEntity
  8
Pocket009
100
AcDbLine
 10
-21.884615000
 20
-30.000000000
 30
32.040000000
 11
-21.884615000
 21
-30.000000000
 31
20.040000000
  0
LINE
  5
DBB
330
A02
100
AcDbEntity
  8
Pocket009
100
AcDbLine
 10
-21.884615000
 20
-30.000000000
 30
20.040000000
 11
-21.884615000
 21
-29.300000000
 31
20.040000000
  0
LINE
  5
DBC
330
A02
100
AcDbEntity
  8
Pocket009
100
AcDbLine
 10
-21.884615000
 20
-29.300000000
 30
32.040000000
 11
-21.884615000
 21
-29.300000000
 31
20.040000000
  0
LINE
  5
DBD
330
A02
100
AcDbEntity
  8
Pocket009
100
AcDbLine
 10
-21.884615000
 20
-30.000000000
 30
32.040000000
 11
-21.884615000
 21
-29.300000000
 31
32.040000000
  0
ARC
  5
DBE
330
A02
100
AcDbEntity
  8
Pocket009
100
AcDbCircle
 10
-22.884615000
 20
-30.000000000
 30
20.040000000
 40
1.000000000
100
AcDbArc
 50
0.000000000
 51
180.000000000
  0
LINE
  5
DBF
330
A02
100
AcDbEntity
  8
Pocket009
100
AcDbLine
 10
-21.884615000
 20
-30.000000000
 30
20.040000000
 11
-21.884615000
 21
-29.300000000
 31
20.040000000
  0
ARC
  5
DC0
330
A02
100
AcDbEntity
  8
Pocket009
100
AcDbCircle
 10
-22.884615000
 20
-29.300000000
 30
20.040000000
 40
1.000000000
100
AcDbArc
 50
0.000000000
 51
180.000000000
  0
LINE
  5
DC1
330
A02
100
AcDbEntity
  8
Pocket009
100
AcDbLine
 10
-23.884615000
 20
-30.000000000
 30
20.040000000
 11
-23.884615000
 21
-29.300000000
 31
20.040000000
  0
LINE
  5
DC2
330
A02
100
AcDbEntity
  8
Pocket009
100
AcDbLine
 10
-23.884615000
 20
-30.000000000
 30
32.040000000
 11
-23.884615000
 21
-30.000000000
 31
20.040000000
  0
LINE
  5
DC3
330
A02
100
AcDbEntity
  8
Pocket009
100
AcDbLine
 10
-23.884615000
 20
-30.000000000
 30
20.040000000
 11
-23.884615000
 21
-29.300000000
 31
20.040000000
  0
LINE
  5
DC4
330
A02
100
AcDbEntity
  8
Pocket009
100
AcDbLine
 10
-23.884615000
 20
-29.300000000
 30
32.040000000
 11
-23.884615000
 21
-29.300000000
 31
20.040000000
  0
LINE
  5
DC5
330
A02
100
AcDbEntity
  8
Pocket009
100
AcDbLine
 10
-23.884615000
 20
-30.000000000
 30
32.040000000
 11
-23.884615000
 21
-29.300000000
 31
32.040000000
  0
ARC
  5
DC6
330
A02
100
AcDbEntity
  8
Pocket009
100
AcDbCircle
 10
-22.884615000
 20
-30.000000000
 30
32.040000000
 40
1.000000000
100
AcDbArc
 50
180.000000000
 51
0.000000000
  0
LINE
  5
DC7
330
A02
100
AcDbEntity
  8
Pocket009
100
AcDbLine
 10
-23.884615000
 20
-30.000000000
 30
32.040000000
 11
-23.884615000
 21
-29.300000000
 31
32.040000000
  0
ARC
  5
DC8
330
A02
100
AcDbEntity
  8
Pocket009
100
AcDbCircle
 10
-22.884615000
 20
-29.300000000
 30
32.040000000
 40
1.000000000
100
AcDbArc
 50
180.000000000
 51
0.000000000
  0
LINE
  5
DC9
330
A02
100
AcDbEntity
  8
Pocket009
100
AcDbLine
 10
-21.884615000
 20
-30.000000000
 30
32.040000000
 11
-21.884615000
 21
-29.300000000
 31
32.040000000
  0
LINE
  5
DCA
330
A02
100
AcDbEntity
  8
Pocket009
100
AcDbLine
 10
-15.346154000
 20
-30.000000000
 30
32.040000000
 11
-15.346154000
 21
-30.000000000
 31
20.040000000
  0
LINE
  5
DCB
330
A02
100
AcDbEntity
  8
Pocket009
100
AcDbLine
 10
-15.346154000
 20
-30.000000000
 30
20.040000000
 11
-15.346154000
 21
-29.300000000
 31
20.040000000
  0
LINE
  5
DCC
330
A02
100
AcDbEntity
  8
Pocket009
100
AcDbLine
 10
-15.346154000
 20
-29.300000000
 30
32.040000000
 11
-15.346154000
 21
-29.300000000
 31
20.040000000
  0
LINE
  5
DCD
330
A02
100
AcDbEntity
  8
Pocket009
100
AcDbLine
 10
-15.346154000
 20
-30.000000000
 30
32.040000000
 11
-15.346154000
 21
-29.300000000
 31
32.040000000
  0
ARC
  5
DCE
330
A02
100
AcDbEntity
  8
Pocket009
100
AcDbCircle
 10
-16.346154000
 20
-30.000000000
 30
20.040000000
 40
1.000000000
100
AcDbArc
 50
0.000000000
 51
180.000000000
  0
LINE
  5
DCF
330
A02
100
AcDbEntity
  8
Pocket009
100
AcDbLine
 10
-15.346154000
 20
-30.000000000
 30
20.040000000
 11
-15.346154000
 21
-29.300000000
 31
20.040000000
  0
ARC
  5
DD0
330
A02
100
AcDbEntity
  8
Pocket009
100
AcDbCircle
 10
-16.346154000
 20
-29.300000000
 30
20.040000000
 40
1.000000000
100
AcDbArc
 50
0.000000000
 51
180.000000000
  0
LINE
  5
DD1
330
A02
100
AcDbEntity
  8
Pocket009
100
AcDbLine
 10
-17.346154000
 20
-30.000000000
 30
20.040000000
 11
-17.346154000
 21
-29.300000000
 31
20.040000000
  0
LINE
  5
DD2
330
A02
100
AcDbEntity
  8
Pocket009
100
AcDbLine
 10
-17.346154000
 20
-30.000000000
 30
32.040000000
 11
-17.346154000
 21
-30.000000000
 31
20.040000000
  0
LINE
  5
DD3
330
A02
100
AcDbEntity
  8
Pocket009
100
AcDbLine
 10
-17.346154000
 20
-30.000000000
 30
20.040000000
 11
-17.346154000
 21
-29.300000000
 31
20.040000000
  0
LINE
  5
DD4
330
A02
100
AcDbEntity
  8
Pocket009
100
AcDbLine
 10
-17.346154000
 20
-29.300000000
 30
32.040000000
 11
-17.346154000
 21
-29.300000000
 31
20.040000000
  0
LINE
  5
DD5
330
A02
100
AcDbEntity
  8
Pocket009
100
AcDbLine
 10
-17.346154000
 20
-30.000000000
 30
32.040000000
 11
-17.346154000
 21
-29.300000000
 31
32.040000000
  0
ARC
  5
DD6
330
A02
100
AcDbEntity
  8
Pocket009
100
AcDbCircle
 10
-16.346154000
 20
-30.000000000
 30
32.040000000
 40
1.000000000
100
AcDbArc
 50
180.000000000
 51
0.000000000
  0
LINE
  5
DD7
330
A02
100
AcDbEntity
  8
Pocket009
100
AcDbLine
 10
-17.346154000
 20
-30.000000000
 30
32.040000000
 11
-17.346154000
 21
-29.300000000
 31
32.040000000
  0
ARC
  5
DD8
330
A02
100
AcDbEntity
  8
Pocket009
100
AcDbCircle
 10
-16.346154000
 20
-29.300000000
 30
32.040000000
 40
1.000000000
100
AcDbArc
 50
180.000000000
 51
0.000000000
  0
LINE
  5
DD9
330
A02
100
AcDbEntity
  8
Pocket009
100
AcDbLine
 10
-15.346154000
 20
-30.000000000
 30
32.040000000
 11
-15.346154000
 21
-29.300000000
 31
32.040000000
  0
LINE
  5
DDA
330
A02
100
AcDbEntity
  8
Pocket009
100
AcDbLine
 10
-8.807692000
 20
-30.000000000
 30
32.039999654
 11
-8.807692000
 21
-30.000000000
 31
20.040000000
  0
LINE
  5
DDB
330
A02
100
AcDbEntity
  8
Pocket009
100
AcDbLine
 10
-8.807692000
 20
-30.000000000
 30
20.040000000
 11
-8.807692000
 21
-29.300000000
 31
20.040000000
  0
LINE
  5
DDC
330
A02
100
AcDbEntity
  8
Pocket009
100
AcDbLine
 10
-8.807692000
 20
-29.300000000
 30
32.039999654
 11
-8.807692000
 21
-29.300000000
 31
20.040000000
  0
LINE
  5
DDD
330
A02
100
AcDbEntity
  8
Pocket009
100
AcDbLine
 10
-8.807692000
 20
-30.000000000
 30
32.039999654
 11
-8.807692000
 21
-29.300000000
 31
32.039999654
  0
ARC
  5
DDE
330
A02
100
AcDbEntity
  8
Pocket009
100
AcDbCircle
 10
-9.807692000
 20
-30.000000000
 30
20.040000000
 40
1.000000000
100
AcDbArc
 50
0.000000000
 51
180.000000000
  0
LINE
  5
DDF
330
A02
100
AcDbEntity
  8
Pocket009
100
AcDbLine
 10
-8.807692000
 20
-30.000000000
 30
20.040000000
 11
-8.807692000
 21
-29.300000000
 31
20.040000000
  0
ARC
  5
DE0
330
A02
100
AcDbEntity
  8
Pocket009
100
AcDbCircle
 10
-9.807692000
 20
-29.300000000
 30
20.040000000
 40
1.000000000
100
AcDbArc
 50
0.000000000
 51
180.000000000
  0
LINE
  5
DE1
330
A02
100
AcDbEntity
  8
Pocket009
100
AcDbLine
 10
-10.807692000
 20
-30.000000000
 30
20.040000000
 11
-10.807692000
 21
-29.300000000
 31
20.040000000
  0
LINE
  5
DE2
330
A02
100
AcDbEntity
  8
Pocket009
100
AcDbLine
 10
-10.807692000
 20
-30.000000000
 30
32.039999654
 11
-10.807692000
 21
-30.000000000
 31
20.040000000
  0
LINE
  5
DE3
330
A02
100
AcDbEntity
  8
Pocket009
100
AcDbLine
 10
-10.807692000
 20
-30.000000000
 30
20.040000000
 11
-10.807692000
 21
-29.300000000
 31
20.040000000
  0
LINE
  5
DE4
330
A02
100
AcDbEntity
  8
Pocket009
100
AcDbLine
 10
-10.807692000
 20
-29.300000000
 30
32.039999654
 11
-10.807692000
 21
-29.300000000
 31
20.040000000
  0
LINE
  5
DE5
330
A02
100
AcDbEntity
  8
Pocket009
100
AcDbLine
 10
-10.807692000
 20
-30.000000000
 30
32.039999654
 11
-10.807692000
 21
-29.300000000
 31
32.039999654
  0
ARC
  5
DE6
330
A02
100
AcDbEntity
  8
Pocket009
100
AcDbCircle
 10
-9.807692000
 20
-30.000000000
 30
32.039999654
 40
1.000000000
100
AcDbArc
 50
180.000000000
 51
0.000000000
  0
LINE
  5
DE7
330
A02
100
AcDbEntity
  8
Pocket009
100
AcDbLine
 10
-10.807692000
 20
-30.000000000
 30
32.039999654
 11
-10.807692000
 21
-29.300000000
 31
32.039999654
  0
ARC
  5
DE8
330
A02
100
AcDbEntity
  8
Pocket009
100
AcDbCircle
 10
-9.807692000
 20
-29.300000000
 30
32.039999654
 40
1.000000000
100
AcDbArc
 50
180.000000000
 51
0.000000000
  0
LINE
  5
DE9
330
A02
100
AcDbEntity
  8
Pocket009
100
AcDbLine
 10
-8.807692000
 20
-30.000000000
 30
32.039999654
 11
-8.807692000
 21
-29.300000000
 31
32.039999654
  0
LINE
  5
DEA
330
A02
100
AcDbEntity
  8
Pocket009
100
AcDbLine
 10
-2.269231000
 20
-30.000000000
 30
32.040000000
 11
-2.269231000
 21
-30.000000000
 31
20.040000000
  0
LINE
  5
DEB
330
A02
100
AcDbEntity
  8
Pocket009
100
AcDbLine
 10
-2.269231000
 20
-30.000000000
 30
20.040000000
 11
-2.269231000
 21
-29.300000000
 31
20.040000000
  0
LINE
  5
DEC
330
A02
100
AcDbEntity
  8
Pocket009
100
AcDbLine
 10
-2.269231000
 20
-29.300000000
 30
32.040000000
 11
-2.269231000
 21
-29.300000000
 31
20.040000000
  0
LINE
  5
DED
330
A02
100
AcDbEntity
  8
Pocket009
100
AcDbLine
 10
-2.269231000
 20
-30.000000000
 30
32.040000000
 11
-2.269231000
 21
-29.300000000
 31
32.040000000
  0
ARC
  5
DEE
330
A02
100
AcDbEntity
  8
Pocket009
100
AcDbCircle
 10
-3.269231000
 20
-30.000000000
 30
20.040000000
 40
1.000000000
100
AcDbArc
 50
0.000000000
 51
180.000000000
  0
LINE
  5
DEF
330
A02
100
AcDbEntity
  8
Pocket009
100
AcDbLine
 10
-2.269231000
 20
-30.000000000
 30
20.040000000
 11
-2.269231000
 21
-29.300000000
 31
20.040000000
  0
ARC
  5
DF0
330
A02
100
AcDbEntity
  8
Pocket009
100
AcDbCircle
 10
-3.269231000
 20
-29.300000000
 30
20.040000000
 40
1.000000000
100
AcDbArc
 50
0.000000000
 51
180.000000000
  0
LINE
  5
DF1
330
A02
100
AcDbEntity
  8
Pocket009
100
AcDbLine
 10
-4.269231000
 20
-30.000000000
 30
20.040000000
 11
-4.269231000
 21
-29.300000000
 31
20.040000000
  0
LINE
  5
DF2
330
A02
100
AcDbEntity
  8
Pocket009
100
AcDbLine
 10
-4.269231000
 20
-30.000000000
 30
32.040000000
 11
-4.269231000
 21
-30.000000000
 31
20.040000000
  0
LINE
  5
DF3
330
A02
100
AcDbEntity
  8
Pocket009
100
AcDbLine
 10
-4.269231000
 20
-30.000000000
 30
20.040000000
 11
-4.269231000
 21
-29.300000000
 31
20.040000000
  0
LINE
  5
DF4
330
A02
100
AcDbEntity
  8
Pocket009
100
AcDbLine
 10
-4.269231000
 20
-29.300000000
 30
32.040000000
 11
-4.269231000
 21
-29.300000000
 31
20.040000000
  0
LINE
  5
DF5
330
A02
100
AcDbEntity
  8
Pocket009
100
AcDbLine
 10
-4.269231000
 20
-30.000000000
 30
32.040000000
 11
-4.269231000
 21
-29.300000000
 31
32.040000000
  0
ARC
  5
DF6
330
A02
100
AcDbEntity
  8
Pocket009
100
AcDbCircle
 10
-3.269231000
 20
-30.000000000
 30
32.040000000
 40
1.000000000
100
AcDbArc
 50
180.000000000
 51
0.000000000
  0
LINE
  5
DF7
330
A02
100
AcDbEntity
  8
Pocket009
100
AcDbLine
 10
-4.269231000
 20
-30.000000000
 30
32.040000000
 11
-4.269231000
 21
-29.300000000
 31
32.040000000
  0
ARC
  5
DF8
330
A02
100
AcDbEntity
  8
Pocket009
100
AcDbCircle
 10
-3.269231000
 20
-29.300000000
 30
32.040000000
 40
1.000000000
100
AcDbArc
 50
180.000000000
 51
0.000000000
  0
LINE
  5
DF9
330
A02
100
AcDbEntity
  8
Pocket009
100
AcDbLine
 10
-2.269231000
 20
-30.000000000
 30
32.040000000
 11
-2.269231000
 21
-29.300000000
 31
32.040000000
  0
LINE
  5
DFA
330
A02
100
AcDbEntity
  8
Pocket009
100
AcDbLine
 10
4.269231000
 20
-30.000000000
 30
32.040000000
 11
4.269231000
 21
-30.000000000
 31
20.040000000
  0
LINE
  5
DFB
330
A02
100
AcDbEntity
  8
Pocket009
100
AcDbLine
 10
4.269231000
 20
-30.000000000
 30
20.040000000
 11
4.269231000
 21
-29.300000000
 31
20.040000000
  0
LINE
  5
DFC
330
A02
100
AcDbEntity
  8
Pocket009
100
AcDbLine
 10
4.269231000
 20
-29.300000000
 30
32.040000000
 11
4.269231000
 21
-29.300000000
 31
20.040000000
  0
LINE
  5
DFD
330
A02
100
AcDbEntity
  8
Pocket009
100
AcDbLine
 10
4.269231000
 20
-30.000000000
 30
32.040000000
 11
4.269231000
 21
-29.300000000
 31
32.040000000
  0
ARC
  5
DFE
330
A02
100
AcDbEntity
  8
Pocket009
100
AcDbCircle
 10
3.269231000
 20
-30.000000000
 30
20.040000000
 40
1.000000000
100
AcDbArc
 50
0.000000000
 51
180.000000000
  0
LINE
  5
DFF
330
A02
100
AcDbEntity
  8
Pocket009
100
AcDbLine
 10
4.269231000
 20
-30.000000000
 30
20.040000000
 11
4.269231000
 21
-29.300000000
 31
20.040000000
  0
ARC
  5
E00
330
A02
100
AcDbEntity
  8
Pocket009
100
AcDbCircle
 10
3.269231000
 20
-29.300000000
 30
20.040000000
 40
1.000000000
100
AcDbArc
 50
0.000000000
 51
180.000000000
  0
LINE
  5
E01
330
A02
100
AcDbEntity
  8
Pocket009
100
AcDbLine
 10
2.269231000
 20
-30.000000000
 30
20.040000000
 11
2.269231000
 21
-29.300000000
 31
20.040000000
  0
LINE
  5
E02
330
A02
100
AcDbEntity
  8
Pocket009
100
AcDbLine
 10
2.269231000
 20
-30.000000000
 30
32.040000000
 11
2.269231000
 21
-30.000000000
 31
20.040000000
  0
LINE
  5
E03
330
A02
100
AcDbEntity
  8
Pocket009
100
AcDbLine
 10
2.269231000
 20
-30.000000000
 30
20.040000000
 11
2.269231000
 21
-29.300000000
 31
20.040000000
  0
LINE
  5
E04
330
A02
100
AcDbEntity
  8
Pocket009
100
AcDbLine
 10
2.269231000
 20
-29.300000000
 30
32.040000000
 11
2.269231000
 21
-29.300000000
 31
20.040000000
  0
LINE
  5
E05
330
A02
100
AcDbEntity
  8
Pocket009
100
AcDbLine
 10
2.269231000
 20
-30.000000000
 30
32.040000000
 11
2.269231000
 21
-29.300000000
 31
32.040000000
  0
ARC
  5
E06
330
A02
100
AcDbEntity
  8
Pocket009
100
AcDbCircle
 10
3.269231000
 20
-30.000000000
 30
32.040000000
 40
1.000000000
100
AcDbArc
 50
180.000000000
 51
0.000000000
  0
LINE
  5
E07
330
A02
100
AcDbEntity
  8
Pocket009
100
AcDbLine
 10
2.269231000
 20
-30.000000000
 30
32.040000000
 11
2.269231000
 21
-29.300000000
 31
32.040000000
  0
ARC
  5
E08
330
A02
100
AcDbEntity
  8
Pocket009
100
AcDbCircle
 10
3.269231000
 20
-29.300000000
 30
32.040000000
 40
1.000000000
100
AcDbArc
 50
180.000000000
 51
0.000000000
  0
LINE
  5
E09
330
A02
100
AcDbEntity
  8
Pocket009
100
AcDbLine
 10
4.269231000
 20
-30.000000000
 30
32.040000000
 11
4.269231000
 21
-29.300000000
 31
32.040000000
  0
LINE
  5
E0A
330
A02
100
AcDbEntity
  8
Pocket009
100
AcDbLine
 10
10.807692000
 20
-30.000000000
 30
32.040000000
 11
10.807692000
 21
-30.000000000
 31
20.040000000
  0
LINE
  5
E0B
330
A02
100
AcDbEntity
  8
Pocket009
100
AcDbLine
 10
10.807692000
 20
-30.000000000
 30
20.040000000
 11
10.807692000
 21
-29.300000000
 31
20.040000000
  0
LINE
  5
E0C
330
A02
100
AcDbEntity
  8
Pocket009
100
AcDbLine
 10
10.807692000
 20
-29.300000000
 30
32.040000000
 11
10.807692000
 21
-29.300000000
 31
20.040000000
  0
LINE
  5
E0D
330
A02
100
AcDbEntity
  8
Pocket009
100
AcDbLine
 10
10.807692000
 20
-30.000000000
 30
32.040000000
 11
10.807692000
 21
-29.300000000
 31
32.040000000
  0
ARC
  5
E0E
330
A02
100
AcDbEntity
  8
Pocket009
100
AcDbCircle
 10
9.807692000
 20
-30.000000000
 30
20.040000000
 40
1.000000000
100
AcDbArc
 50
0.000000000
 51
180.000000000
  0
LINE
  5
E0F
330
A02
100
AcDbEntity
  8
Pocket009
100
AcDbLine
 10
10.807692000
 20
-30.000000000
 30
20.040000000
 11
10.807692000
 21
-29.300000000
 31
20.040000000
  0
ARC
  5
E10
330
A02
100
AcDbEntity
  8
Pocket009
100
AcDbCircle
 10
9.807692000
 20
-29.300000000
 30
20.040000000
 40
1.000000000
100
AcDbArc
 50
0.000000000
 51
180.000000000
  0
LINE
  5
E11
330
A02
100
AcDbEntity
  8
Pocket009
100
AcDbLine
 10
8.807692000
 20
-30.000000000
 30
20.040000000
 11
8.807692000
 21
-29.300000000
 31
20.040000000
  0
LINE
  5
E12
330
A02
100
AcDbEntity
  8
Pocket009
100
AcDbLine
 10
8.807692000
 20
-30.000000000
 30
32.040000000
 11
8.807692000
 21
-30.000000000
 31
20.040000000
  0
LINE
  5
E13
330
A02
100
AcDbEntity
  8
Pocket009
100
AcDbLine
 10
8.807692000
 20
-30.000000000
 30
20.040000000
 11
8.807692000
 21
-29.300000000
 31
20.040000000
  0
LINE
  5
E14
330
A02
100
AcDbEntity
  8
Pocket009
100
AcDbLine
 10
8.807692000
 20
-29.300000000
 30
32.040000000
 11
8.807692000
 21
-29.300000000
 31
20.040000000
  0
LINE
  5
E15
330
A02
100
AcDbEntity
  8
Pocket009
100
AcDbLine
 10
8.807692000
 20
-30.000000000
 30
32.040000000
 11
8.807692000
 21
-29.300000000
 31
32.040000000
  0
ARC
  5
E16
330
A02
100
AcDbEntity
  8
Pocket009
100
AcDbCircle
 10
9.807692000
 20
-30.000000000
 30
32.040000000
 40
1.000000000
100
AcDbArc
 50
180.000000000
 51
0.000000000
  0
LINE
  5
E17
330
A02
100
AcDbEntity
  8
Pocket009
100
AcDbLine
 10
8.807692000
 20
-30.000000000
 30
32.040000000
 11
8.807692000
 21
-29.300000000
 31
32.040000000
  0
ARC
  5
E18
330
A02
100
AcDbEntity
  8
Pocket009
100
AcDbCircle
 10
9.807692000
 20
-29.300000000
 30
32.040000000
 40
1.000000000
100
AcDbArc
 50
180.000000000
 51
0.000000000
  0
LINE
  5
E19
330
A02
100
AcDbEntity
  8
Pocket009
100
AcDbLine
 10
10.807692000
 20
-30.000000000
 30
32.040000000
 11
10.807692000
 21
-29.300000000
 31
32.040000000
  0
LINE
  5
E1A
330
A02
100
AcDbEntity
  8
Pocket009
100
AcDbLine
 10
17.346154000
 20
-30.000000000
 30
32.040000000
 11
17.346154000
 21
-30.000000000
 31
20.040000000
  0
LINE
  5
E1B
330
A02
100
AcDbEntity
  8
Pocket009
100
AcDbLine
 10
17.346154000
 20
-30.000000000
 30
20.040000000
 11
17.346154000
 21
-29.300000000
 31
20.040000000
  0
LINE
  5
E1C
330
A02
100
AcDbEntity
  8
Pocket009
100
AcDbLine
 10
17.346154000
 20
-29.300000000
 30
32.040000000
 11
17.346154000
 21
-29.300000000
 31
20.040000000
  0
LINE
  5
E1D
330
A02
100
AcDbEntity
  8
Pocket009
100
AcDbLine
 10
17.346154000
 20
-30.000000000
 30
32.040000000
 11
17.346154000
 21
-29.300000000
 31
32.040000000
  0
ARC
  5
E1E
330
A02
100
AcDbEntity
  8
Pocket009
100
AcDbCircle
 10
16.346154000
 20
-30.000000000
 30
20.040000000
 40
1.000000000
100
AcDbArc
 50
0.000000000
 51
180.000000000
  0
LINE
  5
E1F
330
A02
100
AcDbEntity
  8
Pocket009
100
AcDbLine
 10
17.346154000
 20
-30.000000000
 30
20.040000000
 11
17.346154000
 21
-29.300000000
 31
20.040000000
  0
ARC
  5
E20
330
A02
100
AcDbEntity
  8
Pocket009
100
AcDbCircle
 10
16.346154000
 20
-29.300000000
 30
20.040000000
 40
1.000000000
100
AcDbArc
 50
0.000000000
 51
180.000000000
  0
LINE
  5
E21
330
A02
100
AcDbEntity
  8
Pocket009
100
AcDbLine
 10
15.346154000
 20
-30.000000000
 30
20.040000000
 11
15.346154000
 21
-29.300000000
 31
20.040000000
  0
LINE
  5
E22
330
A02
100
AcDbEntity
  8
Pocket009
100
AcDbLine
 10
15.346154000
 20
-30.000000000
 30
32.040000000
 11
15.346154000
 21
-30.000000000
 31
20.040000000
  0
LINE
  5
E23
330
A02
100
AcDbEntity
  8
Pocket009
100
AcDbLine
 10
15.346154000
 20
-30.000000000
 30
20.040000000
 11
15.346154000
 21
-29.300000000
 31
20.040000000
  0
LINE
  5
E24
330
A02
100
AcDbEntity
  8
Pocket009
100
AcDbLine
 10
15.346154000
 20
-29.300000000
 30
32.040000000
 11
15.346154000
 21
-29.300000000
 31
20.040000000
  0
LINE
  5
E25
330
A02
100
AcDbEntity
  8
Pocket009
100
AcDbLine
 10
15.346154000
 20
-30.000000000
 30
32.040000000
 11
15.346154000
 21
-29.300000000
 31
32.040000000
  0
ARC
  5
E26
330
A02
100
AcDbEntity
  8
Pocket009
100
AcDbCircle
 10
16.346154000
 20
-30.000000000
 30
32.040000000
 40
1.000000000
100
AcDbArc
 50
180.000000000
 51
0.000000000
  0
LINE
  5
E27
330
A02
100
AcDbEntity
  8
Pocket009
100
AcDbLine
 10
15.346154000
 20
-30.000000000
 30
32.040000000
 11
15.346154000
 21
-29.300000000
 31
32.040000000
  0
ARC
  5
E28
330
A02
100
AcDbEntity
  8
Pocket009
100
AcDbCircle
 10
16.346154000
 20
-29.300000000
 30
32.040000000
 40
1.000000000
100
AcDbArc
 50
180.000000000
 51
0.000000000
  0
LINE
  5
E29
330
A02
100
AcDbEntity
  8
Pocket009
100
AcDbLine
 10
17.346154000
 20
-30.000000000
 30
32.040000000
 11
17.346154000
 21
-29.300000000
 31
32.040000000
  0
LINE
  5
E2A
330
A02
100
AcDbEntity
  8
Pocket009
100
AcDbLine
 10
23.884615000
 20
-30.000000000
 30
32.040000000
 11
23.884615000
 21
-30.000000000
 31
20.040000000
  0
LINE
  5
E2B
330
A02
100
AcDbEntity
  8
Pocket009
100
AcDbLine
 10
23.884615000
 20
-30.000000000
 30
20.040000000
 11
23.884615000
 21
-29.300000000
 31
20.040000000
  0
LINE
  5
E2C
330
A02
100
AcDbEntity
  8
Pocket009
100
AcDbLine
 10
23.884615000
 20
-29.300000000
 30
32.040000000
 11
23.884615000
 21
-29.300000000
 31
20.040000000
  0
LINE
  5
E2D
330
A02
100
AcDbEntity
  8
Pocket009
100
AcDbLine
 10
23.884615000
 20
-30.000000000
 30
32.040000000
 11
23.884615000
 21
-29.300000000
 31
32.040000000
  0
ARC
  5
E2E
330
A02
100
AcDbEntity
  8
Pocket009
100
AcDbCircle
 10
22.884615000
 20
-30.000000000
 30
20.040000000
 40
1.000000000
100
AcDbArc
 50
0.000000000
 51
180.000000000
  0
LINE
  5
E2F
330
A02
100
AcDbEntity
  8
Pocket009
100
AcDbLine
 10
23.884615000
 20
-30.000000000
 30
20.040000000
 11
23.884615000
 21
-29.300000000
 31
20.040000000
  0
ARC
  5
E30
330
A02
100
AcDbEntity
  8
Pocket009
100
AcDbCircle
 10
22.884615000
 20
-29.300000000
 30
20.040000000
 40
1.000000000
100
AcDbArc
 50
0.000000000
 51
180.000000000
  0
LINE
  5
E31
330
A02
100
AcDbEntity
  8
Pocket009
100
AcDbLine
 10
21.884615000
 20
-30.000000000
 30
20.040000000
 11
21.884615000
 21
-29.300000000
 31
20.040000000
  0
LINE
  5
E32
330
A02
100
AcDbEntity
  8
Pocket009
100
AcDbLine
 10
21.884615000
 20
-30.000000000
 30
32.040000000
 11
21.884615000
 21
-30.000000000
 31
20.040000000
  0
LINE
  5
E33
330
A02
100
AcDbEntity
  8
Pocket009
100
AcDbLine
 10
21.884615000
 20
-30.000000000
 30
20.040000000
 11
21.884615000
 21
-29.300000000
 31
20.040000000
  0
LINE
  5
E34
330
A02
100
AcDbEntity
  8
Pocket009
100
AcDbLine
 10
21.884615000
 20
-29.300000000
 30
32.040000000
 11
21.884615000
 21
-29.300000000
 31
20.040000000
  0
LINE
  5
E35
330
A02
100
AcDbEntity
  8
Pocket009
100
AcDbLine
 10
21.884615000
 20
-30.000000000
 30
32.040000000
 11
21.884615000
 21
-29.300000000
 31
32.040000000
  0
ARC
  5
E36
330
A02
100
AcDbEntity
  8
Pocket009
100
AcDbCircle
 10
22.884615000
 20
-30.000000000
 30
32.040000000
 40
1.000000000
100
AcDbArc
 50
180.000000000
 51
0.000000000
  0
LINE
  5
E37
330
A02
100
AcDbEntity
  8
Pocket009
100
AcDbLine
 10
21.884615000
 20
-30.000000000
 30
32.040000000
 11
21.884615000
 21
-29.300000000
 31
32.040000000
  0
ARC
  5
E38
330
A02
100
AcDbEntity
  8
Pocket009
100
AcDbCircle
 10
22.884615000
 20
-29.300000000
 30
32.040000000
 40
1.000000000
100
AcDbArc
 50
180.000000000
 51
0.000000000
  0
LINE
  5
E39
330
A02
100
AcDbEntity
  8
Pocket009
100
AcDbLine
 10
23.884615000
 20
-30.000000000
 30
32.040000000
 11
23.884615000
 21
-29.300000000
 31
32.040000000
  0
LINE
  5
E3A
330
A02
100
AcDbEntity
  8
Pocket009
100
AcDbLine
 10
30.423077000
 20
-30.000000000
 30
32.040000000
 11
30.423077000
 21
-30.000000000
 31
20.039999693
  0
LINE
  5
E3B
330
A02
100
AcDbEntity
  8
Pocket009
100
AcDbLine
 10
30.423077000
 20
-30.000000000
 30
20.039999693
 11
30.423077000
 21
-29.300000000
 31
20.039999693
  0
LINE
  5
E3C
330
A02
100
AcDbEntity
  8
Pocket009
100
AcDbLine
 10
30.423077000
 20
-29.300000000
 30
32.040000000
 11
30.423077000
 21
-29.300000000
 31
20.039999693
  0
LINE
  5
E3D
330
A02
100
AcDbEntity
  8
Pocket009
100
AcDbLine
 10
30.423077000
 20
-30.000000000
 30
32.040000000
 11
30.423077000
 21
-29.300000000
 31
32.040000000
  0
ARC
  5
E3E
330
A02
100
AcDbEntity
  8
Pocket009
100
AcDbCircle
 10
29.423077000
 20
-30.000000000
 30
20.039999693
 40
1.000000000
100
AcDbArc
 50
0.000000000
 51
180.000000000
  0
LINE
  5
E3F
330
A02
100
AcDbEntity
  8
Pocket009
100
AcDbLine
 10
30.423077000
 20
-30.000000000
 30
20.039999693
 11
30.423077000
 21
-29.300000000
 31
20.039999693
  0
ARC
  5
E40
330
A02
100
AcDbEntity
  8
Pocket009
100
AcDbCircle
 10
29.423077000
 20
-29.300000000
 30
20.039999693
 40
1.000000000
100
AcDbArc
 50
0.000000000
 51
180.000000000
  0
LINE
  5
E41
330
A02
100
AcDbEntity
  8
Pocket009
100
AcDbLine
 10
28.423077000
 20
-30.000000000
 30
20.039999693
 11
28.423077000
 21
-29.300000000
 31
20.039999693
  0
LINE
  5
E42
330
A02
100
AcDbEntity
  8
Pocket009
100
AcDbLine
 10
28.423077000
 20
-30.000000000
 30
32.040000000
 11
28.423077000
 21
-30.000000000
 31
20.039999693
  0
LINE
  5
E43
330
A02
100
AcDbEntity
  8
Pocket009
100
AcDbLine
 10
28.423077000
 20
-30.000000000
 30
20.039999693
 11
28.423077000
 21
-29.300000000
 31
20.039999693
  0
LINE
  5
E44
330
A02
100
AcDbEntity
  8
Pocket009
100
AcDbLine
 10
28.423077000
 20
-29.300000000
 30
32.040000000
 11
28.423077000
 21
-29.300000000
 31
20.039999693
  0
LINE
  5
E45
330
A02
100
AcDbEntity
  8
Pocket009
100
AcDbLine
 10
28.423077000
 20
-30.000000000
 30
32.040000000
 11
28.423077000
 21
-29.300000000
 31
32.040000000
  0
ARC
  5
E46
330
A02
100
AcDbEntity
  8
Pocket009
100
AcDbCircle
 10
29.423077000
 20
-30.000000000
 30
32.040000000
 40
1.000000000
100
AcDbArc
 50
180.000000000
 51
0.000000000
  0
LINE
  5
E47
330
A02
100
AcDbEntity
  8
Pocket009
100
AcDbLine
 10
28.423077000
 20
-30.000000000
 30
32.040000000
 11
28.423077000
 21
-29.300000000
 31
32.040000000
  0
ARC
  5
E48
330
A02
100
AcDbEntity
  8
Pocket009
100
AcDbCircle
 10
29.423077000
 20
-29.300000000
 30
32.040000000
 40
1.000000000
100
AcDbArc
 50
180.000000000
 51
0.000000000
  0
LINE
  5
E49
330
A02
100
AcDbEntity
  8
Pocket009
100
AcDbLine
 10
30.423077000
 20
-30.000000000
 30
32.040000000
 11
30.423077000
 21
-29.300000000
 31
32.040000000
  0
LINE
  5
E4A
330
A02
100
AcDbEntity
  8
Pocket009
100
AcDbLine
 10
36.961538000
 20
-30.000000000
 30
32.040000000
 11
36.961538000
 21
-30.000000000
 31
20.040000000
  0
LINE
  5
E4B
330
A02
100
AcDbEntity
  8
Pocket009
100
AcDbLine
 10
36.961538000
 20
-30.000000000
 30
20.040000000
 11
36.961538000
 21
-29.300000000
 31
20.040000000
  0
LINE
  5
E4C
330
A02
100
AcDbEntity
  8
Pocket009
100
AcDbLine
 10
36.961538000
 20
-29.300000000
 30
32.040000000
 11
36.961538000
 21
-29.300000000
 31
20.040000000
  0
LINE
  5
E4D
330
A02
100
AcDbEntity
  8
Pocket009
100
AcDbLine
 10
36.961538000
 20
-30.000000000
 30
32.040000000
 11
36.961538000
 21
-29.300000000
 31
32.040000000
  0
ARC
  5
E4E
330
A02
100
AcDbEntity
  8
Pocket009
100
AcDbCircle
 10
35.961538000
 20
-30.000000000
 30
20.040000000
 40
1.000000000
100
AcDbArc
 50
0.000000000
 51
180.000000000
  0
LINE
  5
E4F
330
A02
100
AcDbEntity
  8
Pocket009
100
AcDbLine
 10
36.961538000
 20
-30.000000000
 30
20.040000000
 11
36.961538000
 21
-29.300000000
 31
20.040000000
  0
ARC
  5
E50
330
A02
100
AcDbEntity
  8
Pocket009
100
AcDbCircle
 10
35.961538000
 20
-29.300000000
 30
20.040000000
 40
1.000000000
100
AcDbArc
 50
0.000000000
 51
180.000000000
  0
LINE
  5
E51
330
A02
100
AcDbEntity
  8
Pocket009
100
AcDbLine
 10
34.961538000
 20
-30.000000000
 30
20.040000000
 11
34.961538000
 21
-29.300000000
 31
20.040000000
  0
LINE
  5
E52
330
A02
100
AcDbEntity
  8
Pocket009
100
AcDbLine
 10
34.961538000
 20
-30.000000000
 30
32.040000000
 11
34.961538000
 21
-30.000000000
 31
20.040000000
  0
LINE
  5
E53
330
A02
100
AcDbEntity
  8
Pocket009
100
AcDbLine
 10
34.961538000
 20
-30.000000000
 30
20.040000000
 11
34.961538000
 21
-29.300000000
 31
20.040000000
  0
LINE
  5
E54
330
A02
100
AcDbEntity
  8
Pocket009
100
AcDbLine
 10
34.961538000
 20
-29.300000000
 30
32.040000000
 11
34.961538000
 21
-29.300000000
 31
20.040000000
  0
LINE
  5
E55
330
A02
100
AcDbEntity
  8
Pocket009
100
AcDbLine
 10
34.961538000
 20
-30.000000000
 30
32.040000000
 11
34.961538000
 21
-29.300000000
 31
32.040000000
  0
ARC
  5
E56
330
A02
100
AcDbEntity
  8
Pocket009
100
AcDbCircle
 10
35.961538000
 20
-30.000000000
 30
32.040000000
 40
1.000000000
100
AcDbArc
 50
180.000000000
 51
0.000000000
  0
LINE
  5
E57
330
A02
100
AcDbEntity
  8
Pocket009
100
AcDbLine
 10
34.961538000
 20
-30.000000000
 30
32.040000000
 11
34.961538000
 21
-29.300000000
 31
32.040000000
  0
ARC
  5
E58
330
A02
100
AcDbEntity
  8
Pocket009
100
AcDbCircle
 10
35.961538000
 20
-29.300000000
 30
32.040000000
 40
1.000000000
100
AcDbArc
 50
180.000000000
 51
0.000000000
  0
LINE
  5
E59
330
A02
100
AcDbEntity
  8
Pocket009
100
AcDbLine
 10
36.961538000
 20
-30.000000000
 30
32.040000000
 11
36.961538000
 21
-29.300000000
 31
32.040000000
  0
LINE
  5
E5A
330
A02
100
AcDbEntity
  8
Pocket009
100
AcDbLine
 10
-28.423077000
 20
-30.000000000
 30
32.039999654
 11
-28.423077000
 21
-30.000000000
 31
20.040000000
  0
LINE
  5
E5B
330
A02
100
AcDbEntity
  8
Pocket009
100
AcDbLine
 10
-28.423077000
 20
-30.000000000
 30
20.040000000
 11
-28.423077000
 21
-29.300000000
 31
20.040000000
  0
LINE
  5
E5C
330
A02
100
AcDbEntity
  8
Pocket009
100
AcDbLine
 10
-28.423077000
 20
-29.300000000
 30
32.039999654
 11
-28.423077000
 21
-29.300000000
 31
20.040000000
  0
LINE
  5
E5D
330
A02
100
AcDbEntity
  8
Pocket009
100
AcDbLine
 10
-28.423077000
 20
-30.000000000
 30
32.039999654
 11
-28.423077000
 21
-29.300000000
 31
32.039999654
  0
ARC
  5
E5E
330
A02
100
AcDbEntity
  8
Pocket009
100
AcDbCircle
 10
-29.423077000
 20
-30.000000000
 30
20.040000000
 40
1.000000000
100
AcDbArc
 50
0.000000000
 51
180.000000000
  0
LINE
  5
E5F
330
A02
100
AcDbEntity
  8
Pocket009
100
AcDbLine
 10
-28.423077000
 20
-30.000000000
 30
20.040000000
 11
-28.423077000
 21
-29.300000000
 31
20.040000000
  0
ARC
  5
E60
330
A02
100
AcDbEntity
  8
Pocket009
100
AcDbCircle
 10
-29.423077000
 20
-29.300000000
 30
20.040000000
 40
1.000000000
100
AcDbArc
 50
0.000000000
 51
180.000000000
  0
LINE
  5
E61
330
A02
100
AcDbEntity
  8
Pocket009
100
AcDbLine
 10
-30.423077000
 20
-30.000000000
 30
20.040000000
 11
-30.423077000
 21
-29.300000000
 31
20.040000000
  0
LINE
  5
E62
330
A02
100
AcDbEntity
  8
Pocket009
100
AcDbLine
 10
-30.423077000
 20
-30.000000000
 30
32.039999654
 11
-30.423077000
 21
-30.000000000
 31
20.040000000
  0
LINE
  5
E63
330
A02
100
AcDbEntity
  8
Pocket009
100
AcDbLine
 10
-30.423077000
 20
-30.000000000
 30
20.040000000
 11
-30.423077000
 21
-29.300000000
 31
20.040000000
  0
LINE
  5
E64
330
A02
100
AcDbEntity
  8
Pocket009
100
AcDbLine
 10
-30.423077000
 20
-29.300000000
 30
32.039999654
 11
-30.423077000
 21
-29.300000000
 31
20.040000000
  0
LINE
  5
E65
330
A02
100
AcDbEntity
  8
Pocket009
100
AcDbLine
 10
-30.423077000
 20
-30.000000000
 30
32.039999654
 11
-30.423077000
 21
-29.300000000
 31
32.039999654
  0
ARC
  5
E66
330
A02
100
AcDbEntity
  8
Pocket009
100
AcDbCircle
 10
-29.423077000
 20
-30.000000000
 30
32.039999654
 40
1.000000000
100
AcDbArc
 50
180.000000000
 51
0.000000000
  0
LINE
  5
E67
330
A02
100
AcDbEntity
  8
Pocket009
100
AcDbLine
 10
-30.423077000
 20
-30.000000000
 30
32.039999654
 11
-30.423077000
 21
-29.300000000
 31
32.039999654
  0
ARC
  5
E68
330
A02
100
AcDbEntity
  8
Pocket009
100
AcDbCircle
 10
-29.423077000
 20
-29.300000000
 30
32.039999654
 40
1.000000000
100
AcDbArc
 50
180.000000000
 51
0.000000000
  0
LINE
  5
E69
330
A02
100
AcDbEntity
  8
Pocket009
100
AcDbLine
 10
-28.423077000
 20
-30.000000000
 30
32.039999654
 11
-28.423077000
 21
-29.300000000
 31
32.039999654
  0
LINE
  5
E6A
330
A02
100
AcDbEntity
  8
Pocket009
100
AcDbLine
 10
43.500000000
 20
-30.000000000
 30
32.040000000
 11
43.500000000
 21
-30.000000000
 31
20.039999654
  0
LINE
  5
E6B
330
A02
100
AcDbEntity
  8
Pocket009
100
AcDbLine
 10
43.500000000
 20
-30.000000000
 30
20.039999654
 11
43.500000000
 21
-29.300000000
 31
20.039999654
  0
LINE
  5
E6C
330
A02
100
AcDbEntity
  8
Pocket009
100
AcDbLine
 10
43.500000000
 20
-29.300000000
 30
32.040000000
 11
43.500000000
 21
-29.300000000
 31
20.039999654
  0
LINE
  5
E6D
330
A02
100
AcDbEntity
  8
Pocket009
100
AcDbLine
 10
43.500000000
 20
-30.000000000
 30
32.040000000
 11
43.500000000
 21
-29.300000000
 31
32.040000000
  0
ARC
  5
E6E
330
A02
100
AcDbEntity
  8
Pocket009
100
AcDbCircle
 10
42.500000000
 20
-30.000000000
 30
20.039999654
 40
1.000000000
100
AcDbArc
 50
0.000000000
 51
180.000000000
  0
LINE
  5
E6F
330
A02
100
AcDbEntity
  8
Pocket009
100
AcDbLine
 10
43.500000000
 20
-30.000000000
 30
20.039999654
 11
43.500000000
 21
-29.300000000
 31
20.039999654
  0
ARC
  5
E70
330
A02
100
AcDbEntity
  8
Pocket009
100
AcDbCircle
 10
42.500000000
 20
-29.300000000
 30
20.039999654
 40
1.000000000
100
AcDbArc
 50
0.000000000
 51
180.000000000
  0
LINE
  5
E71
330
A02
100
AcDbEntity
  8
Pocket009
100
AcDbLine
 10
41.500000000
 20
-30.000000000
 30
20.039999654
 11
41.500000000
 21
-29.300000000
 31
20.039999654
  0
LINE
  5
E72
330
A02
100
AcDbEntity
  8
Pocket009
100
AcDbLine
 10
41.500000000
 20
-30.000000000
 30
32.040000000
 11
41.500000000
 21
-30.000000000
 31
20.039999654
  0
LINE
  5
E73
330
A02
100
AcDbEntity
  8
Pocket009
100
AcDbLine
 10
41.500000000
 20
-30.000000000
 30
20.039999654
 11
41.500000000
 21
-29.300000000
 31
20.039999654
  0
LINE
  5
E74
330
A02
100
AcDbEntity
  8
Pocket009
100
AcDbLine
 10
41.500000000
 20
-29.300000000
 30
32.040000000
 11
41.500000000
 21
-29.300000000
 31
20.039999654
  0
LINE
  5
E75
330
A02
100
AcDbEntity
  8
Pocket009
100
AcDbLine
 10
41.500000000
 20
-30.000000000
 30
32.040000000
 11
41.500000000
 21
-29.300000000
 31
32.040000000
  0
ARC
  5
E76
330
A02
100
AcDbEntity
  8
Pocket009
100
AcDbCircle
 10
42.500000000
 20
-30.000000000
 30
32.040000000
 40
1.000000000
100
AcDbArc
 50
180.000000000
 51
0.000000000
  0
LINE
  5
E77
330
A02
100
AcDbEntity
  8
Pocket009
100
AcDbLine
 10
41.500000000
 20
-30.000000000
 30
32.040000000
 11
41.500000000
 21
-29.300000000
 31
32.040000000
  0
ARC
  5
E78
330
A02
100
AcDbEntity
  8
Pocket009
100
AcDbCircle
 10
42.500000000
 20
-29.300000000
 30
32.040000000
 40
1.000000000
100
AcDbArc
 50
180.000000000
 51
0.000000000
  0
LINE
  5
E79
330
A02
100
AcDbEntity
  8
Pocket009
100
AcDbLine
 10
43.500000000
 20
-30.000000000
 30
32.040000000
 11
43.500000000
 21
-29.300000000
 31
32.040000000
  0
LINE
  5
E7A
330
A02
100
AcDbEntity
  8
Pocket009
100
AcDbLine
 10
-52.500000000
 20
22.450450450
 30
44.497223223
 11
52.500000000
 21
22.450450450
 31
44.497223223
  0
ARC
  5
E7B
330
A02
100
AcDbEntity
  8
Pocket009
100
AcDbCircle
 10
-52.500000000
 20
22.000000000
 30
43.604421794
 40
0.450450450
100
AcDbArc
 50
90.000000000
 51
90.000000000
  0
ARC
  5
E7C
330
A02
100
AcDbEntity
  8
Pocket009
100
AcDbCircle
 10
52.500000000
 20
22.000000000
 30
43.604421794
 40
0.450450450
100
AcDbArc
 50
90.000000000
 51
90.000000000
  0
LINE
  5
E7D
330
A02
100
AcDbEntity
  8
Pocket009
100
AcDbLine
 10
-52.500000000
 20
23.000000000
 30
43.604421794
 11
52.500000000
 21
23.000000000
 31
43.604421794
  0
LINE
  5
E7E
330
A02
100
AcDbEntity
  8
Pocket009
100
AcDbLine
 10
52.500000000
 20
-22.450450450
 30
44.497223223
 11
-52.500000000
 21
-22.450450450
 31
44.497223223
  0
ARC
  5
E7F
330
A02
100
AcDbEntity
  8
Pocket009
100
AcDbCircle
 10
-52.500000000
 20
-22.000000000
 30
43.604421794
 40
1.000000000
100
AcDbArc
 50
-90.000000000
 51
-90.000000000
  0
SPLINE
  5
E80
330
A02
100
AcDbEntity
  8
Pocket009
100
AcDbSpline
210
0
220
0
230
1
 70
8
 71
3
 72
11
 73
7
 74
0
 40
0.000000000
 40
0.000000000
 40
0.000000000
 40
0.000000000
 40
0.597274796
 40
0.597274796
 40
0.597274796
 40
1.194549593
 40
1.194549593
 40
1.194549593
 40
1.194549593
 10
52.500000000
 20
-22.450450450
 30
44.497223223
 10
52.500000000
 20
-22.606629731
 30
44.419327926
 10
52.500000000
 20
-22.753028719
 30
44.290115255
 10
52.500000000
 20
-22.851601565
 30
44.128611430
 10
52.500000000
 20
-22.951390228
 30
43.967855982
 10
52.500000000
 20
-23.000805995
 30
43.778946851
 10
52.500000000
 20
-23.000000000
 30
43.604421794
  0
LINE
  5
E81
330
A02
100
AcDbEntity
  8
Pocket009
100
AcDbLine
 10
52.500000000
 20
-23.000000000
 30
43.604421794
 11
-52.500000000
 21
-23.000000000
 31
43.604421794
  0
ARC
  5
E82
330
A02
100
AcDbEntity
  8
Pocket009
100
AcDbCircle
 10
50.500000000
 20
0.000000000
 30
0.000000000
 40
21.000000000
100
AcDbArc
 50
90.000000000
 51
-90.000000000
  0
ARC
  5
E83
330
A02
100
AcDbEntity
  8
Pocket009
100
AcDbCircle
 10
50.500000000
 20
0.000000000
 30
0.000000000
 40
0.000000000
100
AcDbArc
 50
90.000000000
 51
90.000000000
  0
LINE
  5
E84
330
A02
100
AcDbEntity
  8
Pocket009
100
AcDbLine
 10
50.500000000
 20
21.000000000
 30
45.199840708
 11
50.500000000
 21
21.000000000
 31
44.540000000
  0
LINE
  5
E85
330
A02
100
AcDbEntity
  8
Pocket009
100
AcDbLine
 10
50.500000000
 20
-21.000000000
 30
44.540000000
 11
50.500000000
 21
21.000000000
 31
44.540000000
  0
LINE
  5
E86
330
A02
100
AcDbEntity
  8
Pocket009
100
AcDbLine
 10
50.500000000
 20
-21.000000000
 30
45.199840708
 11
50.500000000
 21
-21.000000000
 31
44.540000000
  0
LINE
  5
E87
330
A02
100
AcDbEntity
  8
Pocket009
100
AcDbLine
 10
50.500000000
 20
-21.000000000
 30
45.199840708
 11
-50.500000000
 21
-21.000000000
 31
45.199840708
  0
LINE
  5
E88
330
A02
100
AcDbEntity
  8
Pocket009
100
AcDbLine
 10
50.500000000
 20
-21.000000000
 30
45.199840708
 11
50.500000000
 21
-21.000000000
 31
44.540000000
  0
LINE
  5
E89
330
A02
100
AcDbEntity
  8
Pocket009
100
AcDbLine
 10
-50.500000000
 20
-21.000000000
 30
44.540000000
 11
50.500000000
 21
-21.000000000
 31
44.540000000
  0
LINE
  5
E8A
330
A02
100
AcDbEntity
  8
Pocket009
100
AcDbLine
 10
-50.500000000
 20
-21.000000000
 30
45.199840708
 11
-50.500000000
 21
-21.000000000
 31
44.540000000
  0
ARC
  5
E8B
330
A02
100
AcDbEntity
  8
Pocket009
100
AcDbCircle
 10
-50.500000000
 20
0.000000000
 30
0.000000000
 40
0.000000000
100
AcDbArc
 50
90.000000000
 51
90.000000000
  0
ARC
  5
E8C
330
A02
100
AcDbEntity
  8
Pocket009
100
AcDbCircle
 10
-50.500000000
 20
0.000000000
 30
0.000000000
 40
21.000000000
100
AcDbArc
 50
90.000000000
 51
-90.000000000
  0
LINE
  5
E8D
330
A02
100
AcDbEntity
  8
Pocket009
100
AcDbLine
 10
-50.500000000
 20
-21.000000000
 30
45.199840708
 11
-50.500000000
 21
-21.000000000
 31
44.540000000
  0
LINE
  5
E8E
330
A02
100
AcDbEntity
  8
Pocket009
100
AcDbLine
 10
-50.500000000
 20
21.000000000
 30
44.540000000
 11
-50.500000000
 21
-21.000000000
 31
44.540000000
  0
LINE
  5
E8F
330
A02
100
AcDbEntity
  8
Pocket009
100
AcDbLine
 10
-50.500000000
 20
21.000000000
 30
45.199840708
 11
-50.500000000
 21
21.000000000
 31
44.540000000
  0
LINE
  5
E90
330
A02
100
AcDbEntity
  8
Pocket009
100
AcDbLine
 10
50.500000000
 20
21.000000000
 30
45.199840708
 11
-50.500000000
 21
21.000000000
 31
45.199840708
  0
LINE
  5
E91
330
A02
100
AcDbEntity
  8
Pocket009
100
AcDbLine
 10
-50.500000000
 20
21.000000000
 30
45.199840708
 11
-50.500000000
 21
21.000000000
 31
44.540000000
  0
LINE
  5
E92
330
A02
100
AcDbEntity
  8
Pocket009
100
AcDbLine
 10
50.500000000
 20
21.000000000
 30
44.540000000
 11
-50.500000000
 21
21.000000000
 31
44.540000000
  0
LINE
  5
E93
330
A02
100
AcDbEntity
  8
Pocket009
100
AcDbLine
 10
50.500000000
 20
21.000000000
 30
45.199840708
 11
50.500000000
 21
21.000000000
 31
44.540000000
  0
LINE
  5
E94
330
A02
100
AcDbEntity
  8
Pocket009
100
AcDbLine
 10
-50.500000000
 20
-21.000000000
 30
44.540000000
 11
50.500000000
 21
-21.000000000
 31
44.540000000
  0
LINE
  5
E95
330
A02
100
AcDbEntity
  8
Pocket009
100
AcDbLine
 10
50.500000000
 20
-21.000000000
 30
44.540000000
 11
50.500000000
 21
21.000000000
 31
44.540000000
  0
LINE
  5
E96
330
A02
100
AcDbEntity
  8
Pocket009
100
AcDbLine
 10
50.500000000
 20
21.000000000
 30
44.540000000
 11
-50.500000000
 21
21.000000000
 31
44.540000000
  0
LINE
  5
E97
330
A02
100
AcDbEntity
  8
Pocket009
100
AcDbLine
 10
-50.500000000
 20
21.000000000
 30
44.540000000
 11
-50.500000000
 21
-21.000000000
 31
44.540000000
  0
ENDSEC
  0
SECTION
  2
OBJECTS
  0
DICTIONARY
  5
F000
330
0
100
AcDbDictionary
  3
ACAD_GROUP
350
F001
  0
DICTIONARY
  5
F001
330
F000
100
AcDbDictionary
  0
ENDSEC
  0
EOF