ISO-10303-21;
HEADER;
FILE_DESCRIPTION(('FreeCAD Model'),'2;1');
FILE_NAME('Open CASCADE Shape Model','2025-12-12T04:57:01',(''),(''),
  'Open CASCADE STEP processor 7.8','FreeCAD','Unknown');
FILE_SCHEMA(('AUTOMOTIVE_DESIGN { 1 0 10303 214 1 1 1 1 }'));
ENDSEC;
DATA;
#1 = APPLICATION_PROTOCOL_DEFINITION('international standard',
  'automotive_design',2000,#2);
#2 = APPLICATION_CONTEXT(
  'core data for automotive mechanical design processes');
#3 = SHAPE_DEFINITION_REPRESENTATION(#4,#10);
#4 = PRODUCT_DEFINITION_SHAPE('','',#5);
#5 = PRODUCT_DEFINITION('design','',#6,#9);
#6 = PRODUCT_DEFINITION_FORMATION('','',#7);
#7 = PRODUCT('Chamfer001','Chamfer001','',(#8));
#8 = PRODUCT_CONTEXT('',#2,'mechanical');
#9 = PRODUCT_DEFINITION_CONTEXT('part definition',#2,'design');
#10 = ADVANCED_BREP_SHAPE_REPRESENTATION('',(#11,#15),#2753);
#11 = AXIS2_PLACEMENT_3D('',#12,#13,#14);
#12 = CARTESIAN_POINT('',(0.,0.,0.));
#13 = DIRECTION('',(0.,0.,1.));
#14 = DIRECTION('',(1.,0.,-0.));
#15 = MANIFOLD_SOLID_BREP('',#16);
#16 = CLOSED_SHELL('',(#17,#57,#112,#136,#160,#201,#218,#267,#299,#341,
    #366,#483,#500,#517,#548,#579,#667,#691,#722,#747,#772,#796,#828,
    #852,#908,#932,#964,#981,#1006,#1031,#1062,#1097,#1162,#1211,#1235,
    #1300,#1324,#1389,#1413,#1467,#1484,#1543,#1583,#1607,#1642,#1664,
    #1682,#1723,#1747,#1786,#1804,#1821,#1841,#1861,#1878,#1890,#1907,
    #1988,#2030,#2132,#2144,#2166,#2183,#2200,#2212,#2224,#2241,#2266,
    #2290,#2307,#2319,#2336,#2348,#2373,#2398,#2446,#2470,#2504,#2545,
    #2569,#2604,#2620,#2632,#2649,#2666,#2677,#2686,#2695,#2712,#2724,
    #2741));
#17 = ADVANCED_FACE('',(#18),#52,.F.);
#18 = FACE_BOUND('',#19,.F.);
#19 = EDGE_LOOP('',(#20,#30,#38,#46));
#20 = ORIENTED_EDGE('',*,*,#21,.F.);
#21 = EDGE_CURVE('',#22,#24,#26,.T.);
#22 = VERTEX_POINT('',#23);
#23 = CARTESIAN_POINT('',(-53.6,-3.,15.16));
#24 = VERTEX_POINT('',#25);
#25 = CARTESIAN_POINT('',(-53.6,-3.,16.36));
#26 = LINE('',#27,#28);
#27 = CARTESIAN_POINT('',(-53.6,-3.,15.16));
#28 = VECTOR('',#29,1.);
#29 = DIRECTION('',(0.,0.,1.));
#30 = ORIENTED_EDGE('',*,*,#31,.T.);
#31 = EDGE_CURVE('',#22,#32,#34,.T.);
#32 = VERTEX_POINT('',#33);
#33 = CARTESIAN_POINT('',(-53.6,3.,15.16));
#34 = LINE('',#35,#36);
#35 = CARTESIAN_POINT('',(-53.6,0.,15.16));
#36 = VECTOR('',#37,1.);
#37 = DIRECTION('',(0.,1.,0.));
#38 = ORIENTED_EDGE('',*,*,#39,.F.);
#39 = EDGE_CURVE('',#40,#32,#42,.T.);
#40 = VERTEX_POINT('',#41);
#41 = CARTESIAN_POINT('',(-53.6,3.,16.36));
#42 = LINE('',#43,#44);
#43 = CARTESIAN_POINT('',(-53.6,3.,18.16));
#44 = VECTOR('',#45,1.);
#45 = DIRECTION('',(0.,0.,-1.));
#46 = ORIENTED_EDGE('',*,*,#47,.F.);
#47 = EDGE_CURVE('',#24,#40,#48,.T.);
#48 = LINE('',#49,#50);
#49 = CARTESIAN_POINT('',(-53.6,-3.,16.36));
#50 = VECTOR('',#51,1.);
#51 = DIRECTION('',(0.,1.,0.));
#52 = PLANE('',#53);
#53 = AXIS2_PLACEMENT_3D('',#54,#55,#56);
#54 = CARTESIAN_POINT('',(-53.6,-1.E-16,16.66));
#55 = DIRECTION('',(1.,0.,0.));
#56 = DIRECTION('',(0.,0.,1.));
#57 = ADVANCED_FACE('',(#58),#107,.T.);
#58 = FACE_BOUND('',#59,.T.);
#59 = EDGE_LOOP('',(#60,#70,#76,#77,#85,#93,#101));
#60 = ORIENTED_EDGE('',*,*,#61,.F.);
#61 = EDGE_CURVE('',#62,#64,#66,.T.);
#62 = VERTEX_POINT('',#63);
#63 = CARTESIAN_POINT('',(-51.8,-3.,18.16));
#64 = VERTEX_POINT('',#65);
#65 = CARTESIAN_POINT('',(-50.316596,-3.,18.16));
#66 = LINE('',#67,#68);
#67 = CARTESIAN_POINT('',(-51.654149,-3.,18.16));
#68 = VECTOR('',#69,1.);
#69 = DIRECTION('',(1.,0.,0.));
#70 = ORIENTED_EDGE('',*,*,#71,.F.);
#71 = EDGE_CURVE('',#24,#62,#72,.T.);
#72 = LINE('',#73,#74);
#73 = CARTESIAN_POINT('',(-53.12340124235,-3.,16.836598757645));
#74 = VECTOR('',#75,1.);
#75 = DIRECTION('',(0.707106781187,0.,0.707106781187));
#76 = ORIENTED_EDGE('',*,*,#21,.F.);
#77 = ORIENTED_EDGE('',*,*,#78,.F.);
#78 = EDGE_CURVE('',#79,#22,#81,.T.);
#79 = VERTEX_POINT('',#80);
#80 = CARTESIAN_POINT('',(-52.1,-3.,15.16));
#81 = LINE('',#82,#83);
#82 = CARTESIAN_POINT('',(-52.1,-3.,15.16));
#83 = VECTOR('',#84,1.);
#84 = DIRECTION('',(-1.,0.,0.));
#85 = ORIENTED_EDGE('',*,*,#86,.F.);
#86 = EDGE_CURVE('',#87,#79,#89,.T.);
#87 = VERTEX_POINT('',#88);
#88 = CARTESIAN_POINT('',(-52.1,-3.,10.16));
#89 = LINE('',#90,#91);
#90 = CARTESIAN_POINT('',(-52.1,-3.,10.16));
#91 = VECTOR('',#92,1.);
#92 = DIRECTION('',(0.,0.,1.));
#93 = ORIENTED_EDGE('',*,*,#94,.T.);
#94 = EDGE_CURVE('',#87,#95,#97,.T.);
#95 = VERTEX_POINT('',#96);
#96 = CARTESIAN_POINT('',(-50.316596,-3.,10.16));
#97 = LINE('',#98,#99);
#98 = CARTESIAN_POINT('',(-52.1,-3.,10.16));
#99 = VECTOR('',#100,1.);
#100 = DIRECTION('',(1.,0.,0.));
#101 = ORIENTED_EDGE('',*,*,#102,.F.);
#102 = EDGE_CURVE('',#64,#95,#103,.T.);
#103 = LINE('',#104,#105);
#104 = CARTESIAN_POINT('',(-50.316596,-3.,7.91));
#105 = VECTOR('',#106,1.);
#106 = DIRECTION('',(0.,0.,-1.));
#107 = PLANE('',#108);
#108 = AXIS2_PLACEMENT_3D('',#109,#110,#111);
#109 = CARTESIAN_POINT('',(-51.62595148471,-3.,14.492346515289));
#110 = DIRECTION('',(-0.,-1.,-0.));
#111 = DIRECTION('',(0.,0.,-1.));
#112 = ADVANCED_FACE('',(#113),#131,.F.);
#113 = FACE_BOUND('',#114,.F.);
#114 = EDGE_LOOP('',(#115,#116,#117,#125));
#115 = ORIENTED_EDGE('',*,*,#71,.F.);
#116 = ORIENTED_EDGE('',*,*,#47,.T.);
#117 = ORIENTED_EDGE('',*,*,#118,.T.);
#118 = EDGE_CURVE('',#40,#119,#121,.T.);
#119 = VERTEX_POINT('',#120);
#120 = CARTESIAN_POINT('',(-51.8,3.,18.16));
#121 = LINE('',#122,#123);
#122 = CARTESIAN_POINT('',(-53.12340124235,3.,16.836598757645));
#123 = VECTOR('',#124,1.);
#124 = DIRECTION('',(0.707106781187,0.,0.707106781187));
#125 = ORIENTED_EDGE('',*,*,#126,.F.);
#126 = EDGE_CURVE('',#62,#119,#127,.T.);
#127 = LINE('',#128,#129);
#128 = CARTESIAN_POINT('',(-51.8,-3.,18.16));
#129 = VECTOR('',#130,1.);
#130 = DIRECTION('',(0.,1.,0.));
#131 = PLANE('',#132);
#132 = AXIS2_PLACEMENT_3D('',#133,#134,#135);
#133 = CARTESIAN_POINT('',(-52.7,-3.,17.26));
#134 = DIRECTION('',(0.707106781187,1.E-17,-0.707106781187));
#135 = DIRECTION('',(-7.071067811865E-18,1.,7.071067811865E-18));
#136 = ADVANCED_FACE('',(#137),#155,.T.);
#137 = FACE_BOUND('',#138,.T.);
#138 = EDGE_LOOP('',(#139,#147,#153,#154));
#139 = ORIENTED_EDGE('',*,*,#140,.F.);
#140 = EDGE_CURVE('',#141,#32,#143,.T.);
#141 = VERTEX_POINT('',#142);
#142 = CARTESIAN_POINT('',(-52.1,3.,15.16));
#143 = LINE('',#144,#145);
#144 = CARTESIAN_POINT('',(-52.1,3.,15.16));
#145 = VECTOR('',#146,1.);
#146 = DIRECTION('',(-1.,0.,0.));
#147 = ORIENTED_EDGE('',*,*,#148,.T.);
#148 = EDGE_CURVE('',#141,#79,#149,.T.);
#149 = LINE('',#150,#151);
#150 = CARTESIAN_POINT('',(-52.1,0.,15.16));
#151 = VECTOR('',#152,1.);
#152 = DIRECTION('',(0.,-1.,0.));
#153 = ORIENTED_EDGE('',*,*,#78,.T.);
#154 = ORIENTED_EDGE('',*,*,#31,.T.);
#155 = PLANE('',#156);
#156 = AXIS2_PLACEMENT_3D('',#157,#158,#159);
#157 = CARTESIAN_POINT('',(-52.85,0.,15.16));
#158 = DIRECTION('',(-0.,-0.,-1.));
#159 = DIRECTION('',(-1.,0.,0.));
#160 = ADVANCED_FACE('',(#161),#196,.T.);
#161 = FACE_BOUND('',#162,.T.);
#162 = EDGE_LOOP('',(#163,#164,#165,#173,#181,#189,#195));
#163 = ORIENTED_EDGE('',*,*,#39,.F.);
#164 = ORIENTED_EDGE('',*,*,#118,.T.);
#165 = ORIENTED_EDGE('',*,*,#166,.F.);
#166 = EDGE_CURVE('',#167,#119,#169,.T.);
#167 = VERTEX_POINT('',#168);
#168 = CARTESIAN_POINT('',(-50.316596,3.,18.16));
#169 = LINE('',#170,#171);
#170 = CARTESIAN_POINT('',(-52.1,3.,18.16));
#171 = VECTOR('',#172,1.);
#172 = DIRECTION('',(-1.,0.,0.));
#173 = ORIENTED_EDGE('',*,*,#174,.F.);
#174 = EDGE_CURVE('',#175,#167,#177,.T.);
#175 = VERTEX_POINT('',#176);
#176 = CARTESIAN_POINT('',(-50.316596,3.,10.16));
#177 = LINE('',#178,#179);
#178 = CARTESIAN_POINT('',(-50.316596,3.,18.14));
#179 = VECTOR('',#180,1.);
#180 = DIRECTION('',(0.,0.,1.));
#181 = ORIENTED_EDGE('',*,*,#182,.F.);
#182 = EDGE_CURVE('',#183,#175,#185,.T.);
#183 = VERTEX_POINT('',#184);
#184 = CARTESIAN_POINT('',(-52.1,3.,10.16));
#185 = LINE('',#186,#187);
#186 = CARTESIAN_POINT('',(-52.1,3.,10.16));
#187 = VECTOR('',#188,1.);
#188 = DIRECTION('',(1.,0.,0.));
#189 = ORIENTED_EDGE('',*,*,#190,.T.);
#190 = EDGE_CURVE('',#183,#141,#191,.T.);
#191 = LINE('',#192,#193);
#192 = CARTESIAN_POINT('',(-52.1,3.,18.14));
#193 = VECTOR('',#194,1.);
#194 = DIRECTION('',(0.,0.,1.));
#195 = ORIENTED_EDGE('',*,*,#140,.T.);
#196 = PLANE('',#197);
#197 = AXIS2_PLACEMENT_3D('',#198,#199,#200);
#198 = CARTESIAN_POINT('',(-51.62595148471,3.,14.492346515289));
#199 = DIRECTION('',(0.,1.,0.));
#200 = DIRECTION('',(0.,0.,1.));
#201 = ADVANCED_FACE('',(#202),#213,.T.);
#202 = FACE_BOUND('',#203,.T.);
#203 = EDGE_LOOP('',(#204,#205,#206,#207));
#204 = ORIENTED_EDGE('',*,*,#166,.T.);
#205 = ORIENTED_EDGE('',*,*,#126,.F.);
#206 = ORIENTED_EDGE('',*,*,#61,.T.);
#207 = ORIENTED_EDGE('',*,*,#208,.F.);
#208 = EDGE_CURVE('',#167,#64,#209,.T.);
#209 = LINE('',#210,#211);
#210 = CARTESIAN_POINT('',(-50.316596,5.,18.16));
#211 = VECTOR('',#212,1.);
#212 = DIRECTION('',(0.,-1.,0.));
#213 = PLANE('',#214);
#214 = AXIS2_PLACEMENT_3D('',#215,#216,#217);
#215 = CARTESIAN_POINT('',(-51.958298,0.,18.16));
#216 = DIRECTION('',(4.54E-15,0.,1.));
#217 = DIRECTION('',(1.,0.,-4.54E-15));
#218 = ADVANCED_FACE('',(#219),#262,.T.);
#219 = FACE_BOUND('',#220,.T.);
#220 = EDGE_LOOP('',(#221,#231,#239,#245,#246,#247,#248,#256));
#221 = ORIENTED_EDGE('',*,*,#222,.F.);
#222 = EDGE_CURVE('',#223,#225,#227,.T.);
#223 = VERTEX_POINT('',#224);
#224 = CARTESIAN_POINT('',(-50.316596,5.,5.66));
#225 = VERTEX_POINT('',#226);
#226 = CARTESIAN_POINT('',(-50.316596,-5.,5.66));
#227 = LINE('',#228,#229);
#228 = CARTESIAN_POINT('',(-50.316596,5.,5.66));
#229 = VECTOR('',#230,1.);
#230 = DIRECTION('',(0.,-1.,0.));
#231 = ORIENTED_EDGE('',*,*,#232,.T.);
#232 = EDGE_CURVE('',#223,#233,#235,.T.);
#233 = VERTEX_POINT('',#234);
#234 = CARTESIAN_POINT('',(-50.316596,5.,10.16));
#235 = LINE('',#236,#237);
#236 = CARTESIAN_POINT('',(-50.316596,5.,5.66));
#237 = VECTOR('',#238,1.);
#238 = DIRECTION('',(0.,0.,1.));
#239 = ORIENTED_EDGE('',*,*,#240,.F.);
#240 = EDGE_CURVE('',#175,#233,#241,.T.);
#241 = LINE('',#242,#243);
#242 = CARTESIAN_POINT('',(-50.316596,5.,10.16));
#243 = VECTOR('',#244,1.);
#244 = DIRECTION('',(0.,1.,0.));
#245 = ORIENTED_EDGE('',*,*,#174,.T.);
#246 = ORIENTED_EDGE('',*,*,#208,.T.);
#247 = ORIENTED_EDGE('',*,*,#102,.T.);
#248 = ORIENTED_EDGE('',*,*,#249,.T.);
#249 = EDGE_CURVE('',#95,#250,#252,.T.);
#250 = VERTEX_POINT('',#251);
#251 = CARTESIAN_POINT('',(-50.316596,-5.,10.16));
#252 = LINE('',#253,#254);
#253 = CARTESIAN_POINT('',(-50.316596,0.,10.16));
#254 = VECTOR('',#255,1.);
#255 = DIRECTION('',(0.,-1.,0.));
#256 = ORIENTED_EDGE('',*,*,#257,.F.);
#257 = EDGE_CURVE('',#225,#250,#258,.T.);
#258 = LINE('',#259,#260);
#259 = CARTESIAN_POINT('',(-50.316596,-5.,5.66));
#260 = VECTOR('',#261,1.);
#261 = DIRECTION('',(0.,0.,1.));
#262 = PLANE('',#263);
#263 = AXIS2_PLACEMENT_3D('',#264,#265,#266);
#264 = CARTESIAN_POINT('',(-50.316596,0.,12.338146964856));
#265 = DIRECTION('',(1.,0.,0.));
#266 = DIRECTION('',(0.,0.,1.));
#267 = ADVANCED_FACE('',(#268),#294,.T.);
#268 = FACE_BOUND('',#269,.T.);
#269 = EDGE_LOOP('',(#270,#278,#279,#280,#288));
#270 = ORIENTED_EDGE('',*,*,#271,.T.);
#271 = EDGE_CURVE('',#272,#250,#274,.T.);
#272 = VERTEX_POINT('',#273);
#273 = CARTESIAN_POINT('',(-51.1,-5.,10.16));
#274 = LINE('',#275,#276);
#275 = CARTESIAN_POINT('',(-52.1,-5.,10.16));
#276 = VECTOR('',#277,1.);
#277 = DIRECTION('',(1.,0.,0.));
#278 = ORIENTED_EDGE('',*,*,#249,.F.);
#279 = ORIENTED_EDGE('',*,*,#94,.F.);
#280 = ORIENTED_EDGE('',*,*,#281,.F.);
#281 = EDGE_CURVE('',#282,#87,#284,.T.);
#282 = VERTEX_POINT('',#283);
#283 = CARTESIAN_POINT('',(-52.1,-5.,10.16));
#284 = LINE('',#285,#286);
#285 = CARTESIAN_POINT('',(-52.1,-5.,10.16));
#286 = VECTOR('',#287,1.);
#287 = DIRECTION('',(0.,1.,0.));
#288 = ORIENTED_EDGE('',*,*,#289,.T.);
#289 = EDGE_CURVE('',#282,#272,#290,.T.);
#290 = LINE('',#291,#292);
#291 = CARTESIAN_POINT('',(-52.1,-5.,10.16));
#292 = VECTOR('',#293,1.);
#293 = DIRECTION('',(1.,0.,0.));
#294 = PLANE('',#295);
#295 = AXIS2_PLACEMENT_3D('',#296,#297,#298);
#296 = CARTESIAN_POINT('',(-52.1,-5.,10.16));
#297 = DIRECTION('',(0.,0.,1.));
#298 = DIRECTION('',(0.,1.,0.));
#299 = ADVANCED_FACE('',(#300),#336,.T.);
#300 = FACE_BOUND('',#301,.T.);
#301 = EDGE_LOOP('',(#302,#310,#318,#326,#332,#333,#334,#335));
#302 = ORIENTED_EDGE('',*,*,#303,.F.);
#303 = EDGE_CURVE('',#304,#183,#306,.T.);
#304 = VERTEX_POINT('',#305);
#305 = CARTESIAN_POINT('',(-52.1,5.,10.16));
#306 = LINE('',#307,#308);
#307 = CARTESIAN_POINT('',(-52.1,5.,10.16));
#308 = VECTOR('',#309,1.);
#309 = DIRECTION('',(0.,-1.,0.));
#310 = ORIENTED_EDGE('',*,*,#311,.T.);
#311 = EDGE_CURVE('',#304,#312,#314,.T.);
#312 = VERTEX_POINT('',#313);
#313 = CARTESIAN_POINT('',(-52.1,5.,5.2));
#314 = LINE('',#315,#316);
#315 = CARTESIAN_POINT('',(-52.1,5.,16.586971));
#316 = VECTOR('',#317,1.);
#317 = DIRECTION('',(0.,0.,-1.));
#318 = ORIENTED_EDGE('',*,*,#319,.F.);
#319 = EDGE_CURVE('',#320,#312,#322,.T.);
#320 = VERTEX_POINT('',#321);
#321 = CARTESIAN_POINT('',(-52.1,-5.,5.2));
#322 = LINE('',#323,#324);
#323 = CARTESIAN_POINT('',(-52.1,0.75,5.2));
#324 = VECTOR('',#325,1.);
#325 = DIRECTION('',(0.,1.,0.));
#326 = ORIENTED_EDGE('',*,*,#327,.T.);
#327 = EDGE_CURVE('',#320,#282,#328,.T.);
#328 = LINE('',#329,#330);
#329 = CARTESIAN_POINT('',(-52.1,-5.,-16.586971));
#330 = VECTOR('',#331,1.);
#331 = DIRECTION('',(0.,0.,1.));
#332 = ORIENTED_EDGE('',*,*,#281,.T.);
#333 = ORIENTED_EDGE('',*,*,#86,.T.);
#334 = ORIENTED_EDGE('',*,*,#148,.F.);
#335 = ORIENTED_EDGE('',*,*,#190,.F.);
#336 = PLANE('',#337);
#337 = AXIS2_PLACEMENT_3D('',#338,#339,#340);
#338 = CARTESIAN_POINT('',(-52.1,2.1E-16,12.123333333333));
#339 = DIRECTION('',(-1.,0.,2.5E-16));
#340 = DIRECTION('',(-2.5E-16,0.,-1.));
#341 = ADVANCED_FACE('',(#342),#361,.F.);
#342 = FACE_BOUND('',#343,.F.);
#343 = EDGE_LOOP('',(#344,#352,#353,#354,#355));
#344 = ORIENTED_EDGE('',*,*,#345,.T.);
#345 = EDGE_CURVE('',#346,#233,#348,.T.);
#346 = VERTEX_POINT('',#347);
#347 = CARTESIAN_POINT('',(-51.1,5.,10.16));
#348 = LINE('',#349,#350);
#349 = CARTESIAN_POINT('',(-52.1,5.,10.16));
#350 = VECTOR('',#351,1.);
#351 = DIRECTION('',(1.,0.,0.));
#352 = ORIENTED_EDGE('',*,*,#240,.F.);
#353 = ORIENTED_EDGE('',*,*,#182,.F.);
#354 = ORIENTED_EDGE('',*,*,#303,.F.);
#355 = ORIENTED_EDGE('',*,*,#356,.T.);
#356 = EDGE_CURVE('',#304,#346,#357,.T.);
#357 = LINE('',#358,#359);
#358 = CARTESIAN_POINT('',(-52.1,5.,10.16));
#359 = VECTOR('',#360,1.);
#360 = DIRECTION('',(1.,0.,0.));
#361 = PLANE('',#362);
#362 = AXIS2_PLACEMENT_3D('',#363,#364,#365);
#363 = CARTESIAN_POINT('',(-52.1,5.,10.16));
#364 = DIRECTION('',(0.,0.,-1.));
#365 = DIRECTION('',(0.,-1.,0.));
#366 = ADVANCED_FACE('',(#367,#456,#467),#478,.T.);
#367 = FACE_BOUND('',#368,.T.);
#368 = EDGE_LOOP('',(#369,#379,#387,#395,#403,#411,#419,#427,#435,#443,
    #449,#450));
#369 = ORIENTED_EDGE('',*,*,#370,.T.);
#370 = EDGE_CURVE('',#371,#373,#375,.T.);
#371 = VERTEX_POINT('',#372);
#372 = CARTESIAN_POINT('',(-51.1,-5.,5.66));
#373 = VERTEX_POINT('',#374);
#374 = CARTESIAN_POINT('',(-51.1,-41.5,5.66));
#375 = LINE('',#376,#377);
#376 = CARTESIAN_POINT('',(-51.1,41.5,5.66));
#377 = VECTOR('',#378,1.);
#378 = DIRECTION('',(0.,-1.,0.));
#379 = ORIENTED_EDGE('',*,*,#380,.T.);
#380 = EDGE_CURVE('',#373,#381,#383,.T.);
#381 = VERTEX_POINT('',#382);
#382 = CARTESIAN_POINT('',(51.1,-41.5,5.66));
#383 = LINE('',#384,#385);
#384 = CARTESIAN_POINT('',(-51.1,-41.5,5.66));
#385 = VECTOR('',#386,1.);
#386 = DIRECTION('',(1.,0.,0.));
#387 = ORIENTED_EDGE('',*,*,#388,.T.);
#388 = EDGE_CURVE('',#381,#389,#391,.T.);
#389 = VERTEX_POINT('',#390);
#390 = CARTESIAN_POINT('',(51.1,-5.,5.66));
#391 = LINE('',#392,#393);
#392 = CARTESIAN_POINT('',(51.1,-41.5,5.66));
#393 = VECTOR('',#394,1.);
#394 = DIRECTION('',(0.,1.,0.));
#395 = ORIENTED_EDGE('',*,*,#396,.F.);
#396 = EDGE_CURVE('',#397,#389,#399,.T.);
#397 = VERTEX_POINT('',#398);
#398 = CARTESIAN_POINT('',(50.505,-5.,5.66));
#399 = LINE('',#400,#401);
#400 = CARTESIAN_POINT('',(50.505,-5.,5.66));
#401 = VECTOR('',#402,1.);
#402 = DIRECTION('',(1.,0.,0.));
#403 = ORIENTED_EDGE('',*,*,#404,.T.);
#404 = EDGE_CURVE('',#397,#405,#407,.T.);
#405 = VERTEX_POINT('',#406);
#406 = CARTESIAN_POINT('',(50.505,5.,5.66));
#407 = LINE('',#408,#409);
#408 = CARTESIAN_POINT('',(50.505,-5.,5.66));
#409 = VECTOR('',#410,1.);
#410 = DIRECTION('',(0.,1.,0.));
#411 = ORIENTED_EDGE('',*,*,#412,.F.);
#412 = EDGE_CURVE('',#413,#405,#415,.T.);
#413 = VERTEX_POINT('',#414);
#414 = CARTESIAN_POINT('',(51.1,5.,5.66));
#415 = LINE('',#416,#417);
#416 = CARTESIAN_POINT('',(51.1,5.,5.66));
#417 = VECTOR('',#418,1.);
#418 = DIRECTION('',(-1.,0.,0.));
#419 = ORIENTED_EDGE('',*,*,#420,.T.);
#420 = EDGE_CURVE('',#413,#421,#423,.T.);
#421 = VERTEX_POINT('',#422);
#422 = CARTESIAN_POINT('',(51.1,41.5,5.66));
#423 = LINE('',#424,#425);
#424 = CARTESIAN_POINT('',(51.1,-41.5,5.66));
#425 = VECTOR('',#426,1.);
#426 = DIRECTION('',(0.,1.,0.));
#427 = ORIENTED_EDGE('',*,*,#428,.T.);
#428 = EDGE_CURVE('',#421,#429,#431,.T.);
#429 = VERTEX_POINT('',#430);
#430 = CARTESIAN_POINT('',(-51.1,41.5,5.66));
#431 = LINE('',#432,#433);
#432 = CARTESIAN_POINT('',(51.1,41.5,5.66));
#433 = VECTOR('',#434,1.);
#434 = DIRECTION('',(-1.,0.,0.));
#435 = ORIENTED_EDGE('',*,*,#436,.T.);
#436 = EDGE_CURVE('',#429,#437,#439,.T.);
#437 = VERTEX_POINT('',#438);
#438 = CARTESIAN_POINT('',(-51.1,5.,5.66));
#439 = LINE('',#440,#441);
#440 = CARTESIAN_POINT('',(-51.1,41.5,5.66));
#441 = VECTOR('',#442,1.);
#442 = DIRECTION('',(0.,-1.,0.));
#443 = ORIENTED_EDGE('',*,*,#444,.F.);
#444 = EDGE_CURVE('',#223,#437,#445,.T.);
#445 = LINE('',#446,#447);
#446 = CARTESIAN_POINT('',(-50.316596,5.,5.66));
#447 = VECTOR('',#448,1.);
#448 = DIRECTION('',(-1.,0.,0.));
#449 = ORIENTED_EDGE('',*,*,#222,.T.);
#450 = ORIENTED_EDGE('',*,*,#451,.F.);
#451 = EDGE_CURVE('',#371,#225,#452,.T.);
#452 = LINE('',#453,#454);
#453 = CARTESIAN_POINT('',(-51.1,-5.,5.66));
#454 = VECTOR('',#455,1.);
#455 = DIRECTION('',(1.,0.,0.));
#456 = FACE_BOUND('',#457,.T.);
#457 = EDGE_LOOP('',(#458));
#458 = ORIENTED_EDGE('',*,*,#459,.F.);
#459 = EDGE_CURVE('',#460,#460,#462,.T.);
#460 = VERTEX_POINT('',#461);
#461 = CARTESIAN_POINT('',(-40.5,-26.095329,5.66));
#462 = CIRCLE('',#463,2.);
#463 = AXIS2_PLACEMENT_3D('',#464,#465,#466);
#464 = CARTESIAN_POINT('',(-42.5,-26.095329,5.66));
#465 = DIRECTION('',(0.,0.,1.));
#466 = DIRECTION('',(1.,0.,0.));
#467 = FACE_BOUND('',#468,.T.);
#468 = EDGE_LOOP('',(#469));
#469 = ORIENTED_EDGE('',*,*,#470,.F.);
#470 = EDGE_CURVE('',#471,#471,#473,.T.);
#471 = VERTEX_POINT('',#472);
#472 = CARTESIAN_POINT('',(44.5,23.904671,5.66));
#473 = CIRCLE('',#474,2.);
#474 = AXIS2_PLACEMENT_3D('',#475,#476,#477);
#475 = CARTESIAN_POINT('',(42.5,23.904671,5.66));
#476 = DIRECTION('',(0.,0.,1.));
#477 = DIRECTION('',(1.,0.,0.));
#478 = PLANE('',#479);
#479 = AXIS2_PLACEMENT_3D('',#480,#481,#482);
#480 = CARTESIAN_POINT('',(0.,0.,5.66));
#481 = DIRECTION('',(0.,0.,1.));
#482 = DIRECTION('',(1.,0.,0.));
#483 = ADVANCED_FACE('',(#484),#495,.T.);
#484 = FACE_BOUND('',#485,.T.);
#485 = EDGE_LOOP('',(#486,#487,#493,#494));
#486 = ORIENTED_EDGE('',*,*,#271,.F.);
#487 = ORIENTED_EDGE('',*,*,#488,.F.);
#488 = EDGE_CURVE('',#371,#272,#489,.T.);
#489 = LINE('',#490,#491);
#490 = CARTESIAN_POINT('',(-51.1,-5.,5.66));
#491 = VECTOR('',#492,1.);
#492 = DIRECTION('',(0.,0.,1.));
#493 = ORIENTED_EDGE('',*,*,#451,.T.);
#494 = ORIENTED_EDGE('',*,*,#257,.T.);
#495 = PLANE('',#496);
#496 = AXIS2_PLACEMENT_3D('',#497,#498,#499);
#497 = CARTESIAN_POINT('',(-51.01549689866,-5.,12.092801101336));
#498 = DIRECTION('',(-0.,-1.,-0.));
#499 = DIRECTION('',(0.,0.,-1.));
#500 = ADVANCED_FACE('',(#501),#512,.T.);
#501 = FACE_BOUND('',#502,.T.);
#502 = EDGE_LOOP('',(#503,#509,#510,#511));
#503 = ORIENTED_EDGE('',*,*,#504,.T.);
#504 = EDGE_CURVE('',#437,#346,#505,.T.);
#505 = LINE('',#506,#507);
#506 = CARTESIAN_POINT('',(-51.1,5.,5.66));
#507 = VECTOR('',#508,1.);
#508 = DIRECTION('',(0.,0.,1.));
#509 = ORIENTED_EDGE('',*,*,#345,.T.);
#510 = ORIENTED_EDGE('',*,*,#232,.F.);
#511 = ORIENTED_EDGE('',*,*,#444,.T.);
#512 = PLANE('',#513);
#513 = AXIS2_PLACEMENT_3D('',#514,#515,#516);
#514 = CARTESIAN_POINT('',(-51.01549689866,5.,12.092801101336));
#515 = DIRECTION('',(0.,1.,0.));
#516 = DIRECTION('',(0.,0.,1.));
#517 = ADVANCED_FACE('',(#518),#543,.T.);
#518 = FACE_BOUND('',#519,.T.);
#519 = EDGE_LOOP('',(#520,#528,#536,#542));
#520 = ORIENTED_EDGE('',*,*,#521,.F.);
#521 = EDGE_CURVE('',#522,#282,#524,.T.);
#522 = VERTEX_POINT('',#523);
#523 = CARTESIAN_POINT('',(-52.1,-5.,11.16));
#524 = LINE('',#525,#526);
#525 = CARTESIAN_POINT('',(-52.1,-5.,19.120361));
#526 = VECTOR('',#527,1.);
#527 = DIRECTION('',(0.,0.,-1.));
#528 = ORIENTED_EDGE('',*,*,#529,.F.);
#529 = EDGE_CURVE('',#530,#522,#532,.T.);
#530 = VERTEX_POINT('',#531);
#531 = CARTESIAN_POINT('',(-51.1,-5.,11.16));
#532 = LINE('',#533,#534);
#533 = CARTESIAN_POINT('',(-51.1,-5.,11.16));
#534 = VECTOR('',#535,1.);
#535 = DIRECTION('',(-1.,0.,0.));
#536 = ORIENTED_EDGE('',*,*,#537,.F.);
#537 = EDGE_CURVE('',#272,#530,#538,.T.);
#538 = LINE('',#539,#540);
#539 = CARTESIAN_POINT('',(-51.1,-5.,5.66));
#540 = VECTOR('',#541,1.);
#541 = DIRECTION('',(0.,0.,1.));
#542 = ORIENTED_EDGE('',*,*,#289,.F.);
#543 = PLANE('',#544);
#544 = AXIS2_PLACEMENT_3D('',#545,#546,#547);
#545 = CARTESIAN_POINT('',(-52.1,-5.,19.120361));
#546 = DIRECTION('',(0.,1.,0.));
#547 = DIRECTION('',(0.,0.,-1.));
#548 = ADVANCED_FACE('',(#549),#574,.F.);
#549 = FACE_BOUND('',#550,.F.);
#550 = EDGE_LOOP('',(#551,#561,#567,#568));
#551 = ORIENTED_EDGE('',*,*,#552,.F.);
#552 = EDGE_CURVE('',#553,#555,#557,.T.);
#553 = VERTEX_POINT('',#554);
#554 = CARTESIAN_POINT('',(-53.5,-5.,5.2));
#555 = VERTEX_POINT('',#556);
#556 = CARTESIAN_POINT('',(-53.5,-5.,10.16));
#557 = LINE('',#558,#559);
#558 = CARTESIAN_POINT('',(-53.5,-5.,-16.586971));
#559 = VECTOR('',#560,1.);
#560 = DIRECTION('',(0.,0.,1.));
#561 = ORIENTED_EDGE('',*,*,#562,.T.);
#562 = EDGE_CURVE('',#553,#320,#563,.T.);
#563 = LINE('',#564,#565);
#564 = CARTESIAN_POINT('',(-70.05410456133,-5.,5.2));
#565 = VECTOR('',#566,1.);
#566 = DIRECTION('',(1.,0.,0.));
#567 = ORIENTED_EDGE('',*,*,#327,.T.);
#568 = ORIENTED_EDGE('',*,*,#569,.F.);
#569 = EDGE_CURVE('',#555,#282,#570,.T.);
#570 = LINE('',#571,#572);
#571 = CARTESIAN_POINT('',(-26.75,-5.,10.16));
#572 = VECTOR('',#573,1.);
#573 = DIRECTION('',(1.,0.,0.));
#574 = PLANE('',#575);
#575 = AXIS2_PLACEMENT_3D('',#576,#577,#578);
#576 = CARTESIAN_POINT('',(-53.5,-5.,-16.586971));
#577 = DIRECTION('',(0.,-1.,0.));
#578 = DIRECTION('',(0.,0.,1.));
#579 = ADVANCED_FACE('',(#580),#662,.F.);
#580 = FACE_BOUND('',#581,.F.);
#581 = EDGE_LOOP('',(#582,#592,#600,#608,#616,#624,#632,#640,#648,#654,
    #655,#656));
#582 = ORIENTED_EDGE('',*,*,#583,.F.);
#583 = EDGE_CURVE('',#584,#586,#588,.T.);
#584 = VERTEX_POINT('',#585);
#585 = CARTESIAN_POINT('',(53.5,-14.5,5.2));
#586 = VERTEX_POINT('',#587);
#587 = CARTESIAN_POINT('',(-53.5,-14.5,5.2));
#588 = LINE('',#589,#590);
#589 = CARTESIAN_POINT('',(53.5,-14.5,5.2));
#590 = VECTOR('',#591,1.);
#591 = DIRECTION('',(-1.,-0.,-0.));
#592 = ORIENTED_EDGE('',*,*,#593,.T.);
#593 = EDGE_CURVE('',#584,#594,#596,.T.);
#594 = VERTEX_POINT('',#595);
#595 = CARTESIAN_POINT('',(53.5,-5.,5.2));
#596 = LINE('',#597,#598);
#597 = CARTESIAN_POINT('',(53.5,12.5,5.2));
#598 = VECTOR('',#599,1.);
#599 = DIRECTION('',(0.,1.,0.));
#600 = ORIENTED_EDGE('',*,*,#601,.F.);
#601 = EDGE_CURVE('',#602,#594,#604,.T.);
#602 = VERTEX_POINT('',#603);
#603 = CARTESIAN_POINT('',(52.1,-5.,5.2));
#604 = LINE('',#605,#606);
#605 = CARTESIAN_POINT('',(-16.55410456133,-5.,5.2));
#606 = VECTOR('',#607,1.);
#607 = DIRECTION('',(1.,0.,0.));
#608 = ORIENTED_EDGE('',*,*,#609,.T.);
#609 = EDGE_CURVE('',#602,#610,#612,.T.);
#610 = VERTEX_POINT('',#611);
#611 = CARTESIAN_POINT('',(52.1,5.,5.2));
#612 = LINE('',#613,#614);
#613 = CARTESIAN_POINT('',(52.1,0.75,5.2));
#614 = VECTOR('',#615,1.);
#615 = DIRECTION('',(0.,1.,0.));
#616 = ORIENTED_EDGE('',*,*,#617,.F.);
#617 = EDGE_CURVE('',#618,#610,#620,.T.);
#618 = VERTEX_POINT('',#619);
#619 = CARTESIAN_POINT('',(53.5,5.,5.2));
#620 = LINE('',#621,#622);
#621 = CARTESIAN_POINT('',(-16.55410456133,5.,5.2));
#622 = VECTOR('',#623,1.);
#623 = DIRECTION('',(-1.,0.,0.));
#624 = ORIENTED_EDGE('',*,*,#625,.T.);
#625 = EDGE_CURVE('',#618,#626,#628,.T.);
#626 = VERTEX_POINT('',#627);
#627 = CARTESIAN_POINT('',(53.5,17.5,5.2));
#628 = LINE('',#629,#630);
#629 = CARTESIAN_POINT('',(53.5,12.5,5.2));
#630 = VECTOR('',#631,1.);
#631 = DIRECTION('',(0.,1.,0.));
#632 = ORIENTED_EDGE('',*,*,#633,.T.);
#633 = EDGE_CURVE('',#626,#634,#636,.T.);
#634 = VERTEX_POINT('',#635);
#635 = CARTESIAN_POINT('',(-53.5,17.5,5.2));
#636 = LINE('',#637,#638);
#637 = CARTESIAN_POINT('',(53.5,17.5,5.2));
#638 = VECTOR('',#639,1.);
#639 = DIRECTION('',(-1.,-0.,-0.));
#640 = ORIENTED_EDGE('',*,*,#641,.T.);
#641 = EDGE_CURVE('',#634,#642,#644,.T.);
#642 = VERTEX_POINT('',#643);
#643 = CARTESIAN_POINT('',(-53.5,5.,5.2));
#644 = LINE('',#645,#646);
#645 = CARTESIAN_POINT('',(-53.5,22.675,5.2));
#646 = VECTOR('',#647,1.);
#647 = DIRECTION('',(0.,-1.,0.));
#648 = ORIENTED_EDGE('',*,*,#649,.F.);
#649 = EDGE_CURVE('',#312,#642,#650,.T.);
#650 = LINE('',#651,#652);
#651 = CARTESIAN_POINT('',(-70.05410456133,5.,5.2));
#652 = VECTOR('',#653,1.);
#653 = DIRECTION('',(-1.,0.,0.));
#654 = ORIENTED_EDGE('',*,*,#319,.F.);
#655 = ORIENTED_EDGE('',*,*,#562,.F.);
#656 = ORIENTED_EDGE('',*,*,#657,.T.);
#657 = EDGE_CURVE('',#553,#586,#658,.T.);
#658 = LINE('',#659,#660);
#659 = CARTESIAN_POINT('',(-53.5,22.675,5.2));
#660 = VECTOR('',#661,1.);
#661 = DIRECTION('',(0.,-1.,0.));
#662 = PLANE('',#663);
#663 = AXIS2_PLACEMENT_3D('',#664,#665,#666);
#664 = CARTESIAN_POINT('',(-86.60820912266,1.5,5.2));
#665 = DIRECTION('',(0.,0.,1.));
#666 = DIRECTION('',(1.,0.,0.));
#667 = ADVANCED_FACE('',(#668),#686,.F.);
#668 = FACE_BOUND('',#669,.F.);
#669 = EDGE_LOOP('',(#670,#678,#684,#685));
#670 = ORIENTED_EDGE('',*,*,#671,.F.);
#671 = EDGE_CURVE('',#672,#642,#674,.T.);
#672 = VERTEX_POINT('',#673);
#673 = CARTESIAN_POINT('',(-53.5,5.,10.16));
#674 = LINE('',#675,#676);
#675 = CARTESIAN_POINT('',(-53.5,5.,16.586971));
#676 = VECTOR('',#677,1.);
#677 = DIRECTION('',(0.,0.,-1.));
#678 = ORIENTED_EDGE('',*,*,#679,.F.);
#679 = EDGE_CURVE('',#304,#672,#680,.T.);
#680 = LINE('',#681,#682);
#681 = CARTESIAN_POINT('',(-26.75,5.,10.16));
#682 = VECTOR('',#683,1.);
#683 = DIRECTION('',(-1.,0.,0.));
#684 = ORIENTED_EDGE('',*,*,#311,.T.);
#685 = ORIENTED_EDGE('',*,*,#649,.T.);
#686 = PLANE('',#687);
#687 = AXIS2_PLACEMENT_3D('',#688,#689,#690);
#688 = CARTESIAN_POINT('',(-53.5,5.,16.586971));
#689 = DIRECTION('',(0.,1.,0.));
#690 = DIRECTION('',(0.,0.,-1.));
#691 = ADVANCED_FACE('',(#692),#717,.F.);
#692 = FACE_BOUND('',#693,.F.);
#693 = EDGE_LOOP('',(#694,#702,#710,#716));
#694 = ORIENTED_EDGE('',*,*,#695,.F.);
#695 = EDGE_CURVE('',#696,#304,#698,.T.);
#696 = VERTEX_POINT('',#697);
#697 = CARTESIAN_POINT('',(-52.1,5.,11.16));
#698 = LINE('',#699,#700);
#699 = CARTESIAN_POINT('',(-52.1,5.,19.120361));
#700 = VECTOR('',#701,1.);
#701 = DIRECTION('',(0.,0.,-1.));
#702 = ORIENTED_EDGE('',*,*,#703,.F.);
#703 = EDGE_CURVE('',#704,#696,#706,.T.);
#704 = VERTEX_POINT('',#705);
#705 = CARTESIAN_POINT('',(-51.1,5.,11.16));
#706 = LINE('',#707,#708);
#707 = CARTESIAN_POINT('',(-51.1,5.,11.16));
#708 = VECTOR('',#709,1.);
#709 = DIRECTION('',(-1.,0.,0.));
#710 = ORIENTED_EDGE('',*,*,#711,.F.);
#711 = EDGE_CURVE('',#346,#704,#712,.T.);
#712 = LINE('',#713,#714);
#713 = CARTESIAN_POINT('',(-51.1,5.,5.66));
#714 = VECTOR('',#715,1.);
#715 = DIRECTION('',(0.,0.,1.));
#716 = ORIENTED_EDGE('',*,*,#356,.F.);
#717 = PLANE('',#718);
#718 = AXIS2_PLACEMENT_3D('',#719,#720,#721);
#719 = CARTESIAN_POINT('',(-52.1,5.,19.120361));
#720 = DIRECTION('',(0.,1.,0.));
#721 = DIRECTION('',(0.,0.,-1.));
#722 = ADVANCED_FACE('',(#723),#742,.T.);
#723 = FACE_BOUND('',#724,.T.);
#724 = EDGE_LOOP('',(#725,#726,#727,#735,#741));
#725 = ORIENTED_EDGE('',*,*,#488,.T.);
#726 = ORIENTED_EDGE('',*,*,#537,.T.);
#727 = ORIENTED_EDGE('',*,*,#728,.T.);
#728 = EDGE_CURVE('',#530,#729,#731,.T.);
#729 = VERTEX_POINT('',#730);
#730 = CARTESIAN_POINT('',(-51.1,-41.5,11.16));
#731 = LINE('',#732,#733);
#732 = CARTESIAN_POINT('',(-51.1,41.5,11.16));
#733 = VECTOR('',#734,1.);
#734 = DIRECTION('',(0.,-1.,0.));
#735 = ORIENTED_EDGE('',*,*,#736,.T.);
#736 = EDGE_CURVE('',#729,#373,#737,.T.);
#737 = LINE('',#738,#739);
#738 = CARTESIAN_POINT('',(-51.1,-41.5,10.16));
#739 = VECTOR('',#740,1.);
#740 = DIRECTION('',(-0.,-0.,-1.));
#741 = ORIENTED_EDGE('',*,*,#370,.F.);
#742 = PLANE('',#743);
#743 = AXIS2_PLACEMENT_3D('',#744,#745,#746);
#744 = CARTESIAN_POINT('',(-51.1,0.,8.41));
#745 = DIRECTION('',(1.,0.,0.));
#746 = DIRECTION('',(0.,0.,1.));
#747 = ADVANCED_FACE('',(#748),#767,.T.);
#748 = FACE_BOUND('',#749,.T.);
#749 = EDGE_LOOP('',(#750,#758,#764,#765,#766));
#750 = ORIENTED_EDGE('',*,*,#751,.F.);
#751 = EDGE_CURVE('',#752,#429,#754,.T.);
#752 = VERTEX_POINT('',#753);
#753 = CARTESIAN_POINT('',(-51.1,41.5,11.16));
#754 = LINE('',#755,#756);
#755 = CARTESIAN_POINT('',(-51.1,41.5,11.16));
#756 = VECTOR('',#757,1.);
#757 = DIRECTION('',(-0.,-0.,-1.));
#758 = ORIENTED_EDGE('',*,*,#759,.T.);
#759 = EDGE_CURVE('',#752,#704,#760,.T.);
#760 = LINE('',#761,#762);
#761 = CARTESIAN_POINT('',(-51.1,41.5,11.16));
#762 = VECTOR('',#763,1.);
#763 = DIRECTION('',(0.,-1.,0.));
#764 = ORIENTED_EDGE('',*,*,#711,.F.);
#765 = ORIENTED_EDGE('',*,*,#504,.F.);
#766 = ORIENTED_EDGE('',*,*,#436,.F.);
#767 = PLANE('',#768);
#768 = AXIS2_PLACEMENT_3D('',#769,#770,#771);
#769 = CARTESIAN_POINT('',(-51.1,0.,8.41));
#770 = DIRECTION('',(1.,0.,0.));
#771 = DIRECTION('',(0.,0.,1.));
#772 = ADVANCED_FACE('',(#773),#791,.T.);
#773 = FACE_BOUND('',#774,.T.);
#774 = EDGE_LOOP('',(#775,#783,#784,#785));
#775 = ORIENTED_EDGE('',*,*,#776,.T.);
#776 = EDGE_CURVE('',#777,#752,#779,.T.);
#777 = VERTEX_POINT('',#778);
#778 = CARTESIAN_POINT('',(51.1,41.5,11.16));
#779 = LINE('',#780,#781);
#780 = CARTESIAN_POINT('',(51.1,41.5,11.16));
#781 = VECTOR('',#782,1.);
#782 = DIRECTION('',(-1.,0.,0.));
#783 = ORIENTED_EDGE('',*,*,#751,.T.);
#784 = ORIENTED_EDGE('',*,*,#428,.F.);
#785 = ORIENTED_EDGE('',*,*,#786,.F.);
#786 = EDGE_CURVE('',#777,#421,#787,.T.);
#787 = LINE('',#788,#789);
#788 = CARTESIAN_POINT('',(51.1,41.5,11.16));
#789 = VECTOR('',#790,1.);
#790 = DIRECTION('',(-0.,-0.,-1.));
#791 = PLANE('',#792);
#792 = AXIS2_PLACEMENT_3D('',#793,#794,#795);
#793 = CARTESIAN_POINT('',(-8.2E-16,41.5,8.41));
#794 = DIRECTION('',(-0.,-1.,-0.));
#795 = DIRECTION('',(0.,0.,-1.));
#796 = ADVANCED_FACE('',(#797),#823,.T.);
#797 = FACE_BOUND('',#798,.T.);
#798 = EDGE_LOOP('',(#799,#807,#815,#821,#822));
#799 = ORIENTED_EDGE('',*,*,#800,.T.);
#800 = EDGE_CURVE('',#413,#801,#803,.T.);
#801 = VERTEX_POINT('',#802);
#802 = CARTESIAN_POINT('',(51.1,5.,10.16));
#803 = LINE('',#804,#805);
#804 = CARTESIAN_POINT('',(51.1,5.,5.66));
#805 = VECTOR('',#806,1.);
#806 = DIRECTION('',(0.,0.,1.));
#807 = ORIENTED_EDGE('',*,*,#808,.T.);
#808 = EDGE_CURVE('',#801,#809,#811,.T.);
#809 = VERTEX_POINT('',#810);
#810 = CARTESIAN_POINT('',(51.1,5.,11.16));
#811 = LINE('',#812,#813);
#812 = CARTESIAN_POINT('',(51.1,5.,5.66));
#813 = VECTOR('',#814,1.);
#814 = DIRECTION('',(0.,0.,1.));
#815 = ORIENTED_EDGE('',*,*,#816,.T.);
#816 = EDGE_CURVE('',#809,#777,#817,.T.);
#817 = LINE('',#818,#819);
#818 = CARTESIAN_POINT('',(51.1,-41.5,11.16));
#819 = VECTOR('',#820,1.);
#820 = DIRECTION('',(0.,1.,0.));
#821 = ORIENTED_EDGE('',*,*,#786,.T.);
#822 = ORIENTED_EDGE('',*,*,#420,.F.);
#823 = PLANE('',#824);
#824 = AXIS2_PLACEMENT_3D('',#825,#826,#827);
#825 = CARTESIAN_POINT('',(51.1,0.,8.41));
#826 = DIRECTION('',(-1.,-0.,-0.));
#827 = DIRECTION('',(0.,0.,-1.));
#828 = ADVANCED_FACE('',(#829),#847,.T.);
#829 = FACE_BOUND('',#830,.T.);
#830 = EDGE_LOOP('',(#831,#839,#840,#841));
#831 = ORIENTED_EDGE('',*,*,#832,.T.);
#832 = EDGE_CURVE('',#833,#801,#835,.T.);
#833 = VERTEX_POINT('',#834);
#834 = CARTESIAN_POINT('',(50.505,5.,10.16));
#835 = LINE('',#836,#837);
#836 = CARTESIAN_POINT('',(-52.1,5.,10.16));
#837 = VECTOR('',#838,1.);
#838 = DIRECTION('',(1.,0.,0.));
#839 = ORIENTED_EDGE('',*,*,#800,.F.);
#840 = ORIENTED_EDGE('',*,*,#412,.T.);
#841 = ORIENTED_EDGE('',*,*,#842,.T.);
#842 = EDGE_CURVE('',#405,#833,#843,.T.);
#843 = LINE('',#844,#845);
#844 = CARTESIAN_POINT('',(50.505,5.,5.66));
#845 = VECTOR('',#846,1.);
#846 = DIRECTION('',(0.,0.,1.));
#847 = PLANE('',#848);
#848 = AXIS2_PLACEMENT_3D('',#849,#850,#851);
#849 = CARTESIAN_POINT('',(51.107118117229,5.,12.095381882771));
#850 = DIRECTION('',(0.,1.,0.));
#851 = DIRECTION('',(0.,0.,1.));
#852 = ADVANCED_FACE('',(#853),#903,.T.);
#853 = FACE_BOUND('',#854,.T.);
#854 = EDGE_LOOP('',(#855,#856,#864,#872,#880,#888,#896,#902));
#855 = ORIENTED_EDGE('',*,*,#404,.F.);
#856 = ORIENTED_EDGE('',*,*,#857,.T.);
#857 = EDGE_CURVE('',#397,#858,#860,.T.);
#858 = VERTEX_POINT('',#859);
#859 = CARTESIAN_POINT('',(50.505,-5.,10.16));
#860 = LINE('',#861,#862);
#861 = CARTESIAN_POINT('',(50.505,-5.,5.66));
#862 = VECTOR('',#863,1.);
#863 = DIRECTION('',(0.,0.,1.));
#864 = ORIENTED_EDGE('',*,*,#865,.T.);
#865 = EDGE_CURVE('',#858,#866,#868,.T.);
#866 = VERTEX_POINT('',#867);
#867 = CARTESIAN_POINT('',(50.505,-3.,10.16));
#868 = LINE('',#869,#870);
#869 = CARTESIAN_POINT('',(50.505,-5.,10.16));
#870 = VECTOR('',#871,1.);
#871 = DIRECTION('',(0.,1.,0.));
#872 = ORIENTED_EDGE('',*,*,#873,.T.);
#873 = EDGE_CURVE('',#866,#874,#876,.T.);
#874 = VERTEX_POINT('',#875);
#875 = CARTESIAN_POINT('',(50.505,-3.,18.16));
#876 = LINE('',#877,#878);
#877 = CARTESIAN_POINT('',(50.505,-3.,18.14));
#878 = VECTOR('',#879,1.);
#879 = DIRECTION('',(0.,0.,1.));
#880 = ORIENTED_EDGE('',*,*,#881,.T.);
#881 = EDGE_CURVE('',#874,#882,#884,.T.);
#882 = VERTEX_POINT('',#883);
#883 = CARTESIAN_POINT('',(50.505,3.,18.16));
#884 = LINE('',#885,#886);
#885 = CARTESIAN_POINT('',(50.505,-5.,18.16));
#886 = VECTOR('',#887,1.);
#887 = DIRECTION('',(0.,1.,0.));
#888 = ORIENTED_EDGE('',*,*,#889,.F.);
#889 = EDGE_CURVE('',#890,#882,#892,.T.);
#890 = VERTEX_POINT('',#891);
#891 = CARTESIAN_POINT('',(50.505,3.,10.16));
#892 = LINE('',#893,#894);
#893 = CARTESIAN_POINT('',(50.505,3.,7.91));
#894 = VECTOR('',#895,1.);
#895 = DIRECTION('',(0.,0.,1.));
#896 = ORIENTED_EDGE('',*,*,#897,.F.);
#897 = EDGE_CURVE('',#833,#890,#898,.T.);
#898 = LINE('',#899,#900);
#899 = CARTESIAN_POINT('',(50.505,0.,10.16));
#900 = VECTOR('',#901,1.);
#901 = DIRECTION('',(-0.,-1.,-0.));
#902 = ORIENTED_EDGE('',*,*,#842,.F.);
#903 = PLANE('',#904);
#904 = AXIS2_PLACEMENT_3D('',#905,#906,#907);
#905 = CARTESIAN_POINT('',(50.505,0.,12.338146964856));
#906 = DIRECTION('',(-1.,-0.,-0.));
#907 = DIRECTION('',(0.,0.,-1.));
#908 = ADVANCED_FACE('',(#909),#927,.T.);
#909 = FACE_BOUND('',#910,.T.);
#910 = EDGE_LOOP('',(#911,#919,#925,#926));
#911 = ORIENTED_EDGE('',*,*,#912,.T.);
#912 = EDGE_CURVE('',#389,#913,#915,.T.);
#913 = VERTEX_POINT('',#914);
#914 = CARTESIAN_POINT('',(51.1,-5.,10.16));
#915 = LINE('',#916,#917);
#916 = CARTESIAN_POINT('',(51.1,-5.,5.66));
#917 = VECTOR('',#918,1.);
#918 = DIRECTION('',(0.,0.,1.));
#919 = ORIENTED_EDGE('',*,*,#920,.F.);
#920 = EDGE_CURVE('',#858,#913,#921,.T.);
#921 = LINE('',#922,#923);
#922 = CARTESIAN_POINT('',(-52.1,-5.,10.16));
#923 = VECTOR('',#924,1.);
#924 = DIRECTION('',(1.,0.,0.));
#925 = ORIENTED_EDGE('',*,*,#857,.F.);
#926 = ORIENTED_EDGE('',*,*,#396,.T.);
#927 = PLANE('',#928);
#928 = AXIS2_PLACEMENT_3D('',#929,#930,#931);
#929 = CARTESIAN_POINT('',(51.107118117229,-5.,12.095381882771));
#930 = DIRECTION('',(-0.,-1.,-0.));
#931 = DIRECTION('',(0.,0.,-1.));
#932 = ADVANCED_FACE('',(#933),#959,.T.);
#933 = FACE_BOUND('',#934,.T.);
#934 = EDGE_LOOP('',(#935,#943,#951,#957,#958));
#935 = ORIENTED_EDGE('',*,*,#936,.F.);
#936 = EDGE_CURVE('',#937,#381,#939,.T.);
#937 = VERTEX_POINT('',#938);
#938 = CARTESIAN_POINT('',(51.1,-41.5,11.16));
#939 = LINE('',#940,#941);
#940 = CARTESIAN_POINT('',(51.1,-41.5,11.16));
#941 = VECTOR('',#942,1.);
#942 = DIRECTION('',(-0.,-0.,-1.));
#943 = ORIENTED_EDGE('',*,*,#944,.T.);
#944 = EDGE_CURVE('',#937,#945,#947,.T.);
#945 = VERTEX_POINT('',#946);
#946 = CARTESIAN_POINT('',(51.1,-5.,11.16));
#947 = LINE('',#948,#949);
#948 = CARTESIAN_POINT('',(51.1,-41.5,11.16));
#949 = VECTOR('',#950,1.);
#950 = DIRECTION('',(0.,1.,0.));
#951 = ORIENTED_EDGE('',*,*,#952,.F.);
#952 = EDGE_CURVE('',#913,#945,#953,.T.);
#953 = LINE('',#954,#955);
#954 = CARTESIAN_POINT('',(51.1,-5.,5.66));
#955 = VECTOR('',#956,1.);
#956 = DIRECTION('',(0.,0.,1.));
#957 = ORIENTED_EDGE('',*,*,#912,.F.);
#958 = ORIENTED_EDGE('',*,*,#388,.F.);
#959 = PLANE('',#960);
#960 = AXIS2_PLACEMENT_3D('',#961,#962,#963);
#961 = CARTESIAN_POINT('',(51.1,0.,8.41));
#962 = DIRECTION('',(-1.,-0.,-0.));
#963 = DIRECTION('',(0.,0.,-1.));
#964 = ADVANCED_FACE('',(#965),#976,.T.);
#965 = FACE_BOUND('',#966,.T.);
#966 = EDGE_LOOP('',(#967,#973,#974,#975));
#967 = ORIENTED_EDGE('',*,*,#968,.T.);
#968 = EDGE_CURVE('',#729,#937,#969,.T.);
#969 = LINE('',#970,#971);
#970 = CARTESIAN_POINT('',(-51.1,-41.5,11.16));
#971 = VECTOR('',#972,1.);
#972 = DIRECTION('',(1.,0.,0.));
#973 = ORIENTED_EDGE('',*,*,#936,.T.);
#974 = ORIENTED_EDGE('',*,*,#380,.F.);
#975 = ORIENTED_EDGE('',*,*,#736,.F.);
#976 = PLANE('',#977);
#977 = AXIS2_PLACEMENT_3D('',#978,#979,#980);
#978 = CARTESIAN_POINT('',(8.2E-16,-41.5,8.41));
#979 = DIRECTION('',(0.,1.,0.));
#980 = DIRECTION('',(0.,0.,1.));
#981 = ADVANCED_FACE('',(#982),#1001,.T.);
#982 = FACE_BOUND('',#983,.F.);
#983 = EDGE_LOOP('',(#984,#992,#999,#1000));
#984 = ORIENTED_EDGE('',*,*,#985,.T.);
#985 = EDGE_CURVE('',#460,#986,#988,.T.);
#986 = VERTEX_POINT('',#987);
#987 = CARTESIAN_POINT('',(-40.5,-26.095329,11.86));
#988 = LINE('',#989,#990);
#989 = CARTESIAN_POINT('',(-40.5,-26.095329,5.66));
#990 = VECTOR('',#991,1.);
#991 = DIRECTION('',(0.,0.,1.));
#992 = ORIENTED_EDGE('',*,*,#993,.T.);
#993 = EDGE_CURVE('',#986,#986,#994,.T.);
#994 = CIRCLE('',#995,2.);
#995 = AXIS2_PLACEMENT_3D('',#996,#997,#998);
#996 = CARTESIAN_POINT('',(-42.5,-26.095329,11.86));
#997 = DIRECTION('',(0.,0.,1.));
#998 = DIRECTION('',(1.,0.,0.));
#999 = ORIENTED_EDGE('',*,*,#985,.F.);
#1000 = ORIENTED_EDGE('',*,*,#459,.F.);
#1001 = CYLINDRICAL_SURFACE('',#1002,2.);
#1002 = AXIS2_PLACEMENT_3D('',#1003,#1004,#1005);
#1003 = CARTESIAN_POINT('',(-42.5,-26.095329,5.66));
#1004 = DIRECTION('',(-0.,-0.,-1.));
#1005 = DIRECTION('',(1.,0.,0.));
#1006 = ADVANCED_FACE('',(#1007),#1026,.T.);
#1007 = FACE_BOUND('',#1008,.F.);
#1008 = EDGE_LOOP('',(#1009,#1017,#1024,#1025));
#1009 = ORIENTED_EDGE('',*,*,#1010,.T.);
#1010 = EDGE_CURVE('',#471,#1011,#1013,.T.);
#1011 = VERTEX_POINT('',#1012);
#1012 = CARTESIAN_POINT('',(44.5,23.904671,11.86));
#1013 = LINE('',#1014,#1015);
#1014 = CARTESIAN_POINT('',(44.5,23.904671,5.66));
#1015 = VECTOR('',#1016,1.);
#1016 = DIRECTION('',(0.,0.,1.));
#1017 = ORIENTED_EDGE('',*,*,#1018,.T.);
#1018 = EDGE_CURVE('',#1011,#1011,#1019,.T.);
#1019 = CIRCLE('',#1020,2.);
#1020 = AXIS2_PLACEMENT_3D('',#1021,#1022,#1023);
#1021 = CARTESIAN_POINT('',(42.5,23.904671,11.86));
#1022 = DIRECTION('',(0.,0.,1.));
#1023 = DIRECTION('',(1.,0.,0.));
#1024 = ORIENTED_EDGE('',*,*,#1010,.F.);
#1025 = ORIENTED_EDGE('',*,*,#470,.F.);
#1026 = CYLINDRICAL_SURFACE('',#1027,2.);
#1027 = AXIS2_PLACEMENT_3D('',#1028,#1029,#1030);
#1028 = CARTESIAN_POINT('',(42.5,23.904671,5.66));
#1029 = DIRECTION('',(-0.,-0.,-1.));
#1030 = DIRECTION('',(1.,0.,0.));
#1031 = ADVANCED_FACE('',(#1032),#1057,.T.);
#1032 = FACE_BOUND('',#1033,.T.);
#1033 = EDGE_LOOP('',(#1034,#1035,#1043,#1051));
#1034 = ORIENTED_EDGE('',*,*,#521,.T.);
#1035 = ORIENTED_EDGE('',*,*,#1036,.T.);
#1036 = EDGE_CURVE('',#282,#1037,#1039,.T.);
#1037 = VERTEX_POINT('',#1038);
#1038 = CARTESIAN_POINT('',(-52.1,-42.45,10.16));
#1039 = LINE('',#1040,#1041);
#1040 = CARTESIAN_POINT('',(-52.1,42.45,10.16));
#1041 = VECTOR('',#1042,1.);
#1042 = DIRECTION('',(0.,-1.,0.));
#1043 = ORIENTED_EDGE('',*,*,#1044,.T.);
#1044 = EDGE_CURVE('',#1037,#1045,#1047,.T.);
#1045 = VERTEX_POINT('',#1046);
#1046 = CARTESIAN_POINT('',(-52.1,-42.45,11.16));
#1047 = LINE('',#1048,#1049);
#1048 = CARTESIAN_POINT('',(-52.1,-42.45,10.16));
#1049 = VECTOR('',#1050,1.);
#1050 = DIRECTION('',(0.,0.,1.));
#1051 = ORIENTED_EDGE('',*,*,#1052,.F.);
#1052 = EDGE_CURVE('',#522,#1045,#1053,.T.);
#1053 = LINE('',#1054,#1055);
#1054 = CARTESIAN_POINT('',(-52.1,42.45,11.16));
#1055 = VECTOR('',#1056,1.);
#1056 = DIRECTION('',(0.,-1.,0.));
#1057 = PLANE('',#1058);
#1058 = AXIS2_PLACEMENT_3D('',#1059,#1060,#1061);
#1059 = CARTESIAN_POINT('',(-52.1,5.8E-16,10.896809076043));
#1060 = DIRECTION('',(-1.,-0.,-0.));
#1061 = DIRECTION('',(0.,0.,-1.));
#1062 = ADVANCED_FACE('',(#1063),#1092,.T.);
#1063 = FACE_BOUND('',#1064,.T.);
#1064 = EDGE_LOOP('',(#1065,#1066,#1074,#1082,#1088,#1089,#1090,#1091));
#1065 = ORIENTED_EDGE('',*,*,#1052,.T.);
#1066 = ORIENTED_EDGE('',*,*,#1067,.T.);
#1067 = EDGE_CURVE('',#1045,#1068,#1070,.T.);
#1068 = VERTEX_POINT('',#1069);
#1069 = CARTESIAN_POINT('',(52.1,-42.45,11.16));
#1070 = LINE('',#1071,#1072);
#1071 = CARTESIAN_POINT('',(-52.1,-42.45,11.16));
#1072 = VECTOR('',#1073,1.);
#1073 = DIRECTION('',(1.,0.,0.));
#1074 = ORIENTED_EDGE('',*,*,#1075,.T.);
#1075 = EDGE_CURVE('',#1068,#1076,#1078,.T.);
#1076 = VERTEX_POINT('',#1077);
#1077 = CARTESIAN_POINT('',(52.1,-5.,11.16));
#1078 = LINE('',#1079,#1080);
#1079 = CARTESIAN_POINT('',(52.1,-42.45,11.16));
#1080 = VECTOR('',#1081,1.);
#1081 = DIRECTION('',(0.,1.,0.));
#1082 = ORIENTED_EDGE('',*,*,#1083,.F.);
#1083 = EDGE_CURVE('',#945,#1076,#1084,.T.);
#1084 = LINE('',#1085,#1086);
#1085 = CARTESIAN_POINT('',(51.1,-5.,11.16));
#1086 = VECTOR('',#1087,1.);
#1087 = DIRECTION('',(1.,0.,0.));
#1088 = ORIENTED_EDGE('',*,*,#944,.F.);
#1089 = ORIENTED_EDGE('',*,*,#968,.F.);
#1090 = ORIENTED_EDGE('',*,*,#728,.F.);
#1091 = ORIENTED_EDGE('',*,*,#529,.T.);
#1092 = PLANE('',#1093);
#1093 = AXIS2_PLACEMENT_3D('',#1094,#1095,#1096);
#1094 = CARTESIAN_POINT('',(2.4E-15,0.,11.16));
#1095 = DIRECTION('',(0.,0.,1.));
#1096 = DIRECTION('',(1.,0.,0.));
#1097 = ADVANCED_FACE('',(#1098),#1157,.F.);
#1098 = FACE_BOUND('',#1099,.F.);
#1099 = EDGE_LOOP('',(#1100,#1101,#1109,#1117,#1125,#1134,#1142,#1150,
    #1156));
#1100 = ORIENTED_EDGE('',*,*,#552,.T.);
#1101 = ORIENTED_EDGE('',*,*,#1102,.T.);
#1102 = EDGE_CURVE('',#555,#1103,#1105,.T.);
#1103 = VERTEX_POINT('',#1104);
#1104 = CARTESIAN_POINT('',(-53.5,-43.85,10.16));
#1105 = LINE('',#1106,#1107);
#1106 = CARTESIAN_POINT('',(-53.5,43.85,10.16));
#1107 = VECTOR('',#1108,1.);
#1108 = DIRECTION('',(0.,-1.,0.));
#1109 = ORIENTED_EDGE('',*,*,#1110,.F.);
#1110 = EDGE_CURVE('',#1111,#1103,#1113,.T.);
#1111 = VERTEX_POINT('',#1112);
#1112 = CARTESIAN_POINT('',(-53.5,-43.85,0.));
#1113 = LINE('',#1114,#1115);
#1114 = CARTESIAN_POINT('',(-53.5,-43.85,0.));
#1115 = VECTOR('',#1116,1.);
#1116 = DIRECTION('',(0.,0.,1.));
#1117 = ORIENTED_EDGE('',*,*,#1118,.F.);
#1118 = EDGE_CURVE('',#1119,#1111,#1121,.T.);
#1119 = VERTEX_POINT('',#1120);
#1120 = CARTESIAN_POINT('',(-53.5,-17.78744554108,0.));
#1121 = LINE('',#1122,#1123);
#1122 = CARTESIAN_POINT('',(-53.5,43.85,0.));
#1123 = VECTOR('',#1124,1.);
#1124 = DIRECTION('',(0.,-1.,0.));
#1125 = ORIENTED_EDGE('',*,*,#1126,.F.);
#1126 = EDGE_CURVE('',#1127,#1119,#1129,.T.);
#1127 = VERTEX_POINT('',#1128);
#1128 = CARTESIAN_POINT('',(-53.5,-17.5,0.312794724863));
#1129 = CIRCLE('',#1130,0.343426);
#1130 = AXIS2_PLACEMENT_3D('',#1131,#1132,#1133);
#1131 = CARTESIAN_POINT('',(-53.5,-17.842425,0.338996573099));
#1132 = DIRECTION('',(-1.,0.,0.));
#1133 = DIRECTION('',(0.,-1.,0.));
#1134 = ORIENTED_EDGE('',*,*,#1135,.F.);
#1135 = EDGE_CURVE('',#1136,#1127,#1138,.T.);
#1136 = VERTEX_POINT('',#1137);
#1137 = CARTESIAN_POINT('',(-53.5,-17.5,5.5));
#1138 = LINE('',#1139,#1140);
#1139 = CARTESIAN_POINT('',(-53.5,-17.5,2.39853875));
#1140 = VECTOR('',#1141,1.);
#1141 = DIRECTION('',(0.,0.,-1.));
#1142 = ORIENTED_EDGE('',*,*,#1143,.T.);
#1143 = EDGE_CURVE('',#1136,#1144,#1146,.T.);
#1144 = VERTEX_POINT('',#1145);
#1145 = CARTESIAN_POINT('',(-53.5,-14.5,5.5));
#1146 = LINE('',#1147,#1148);
#1147 = CARTESIAN_POINT('',(-53.5,13.175,5.5));
#1148 = VECTOR('',#1149,1.);
#1149 = DIRECTION('',(0.,1.,0.));
#1150 = ORIENTED_EDGE('',*,*,#1151,.T.);
#1151 = EDGE_CURVE('',#1144,#586,#1152,.T.);
#1152 = LINE('',#1153,#1154);
#1153 = CARTESIAN_POINT('',(-53.5,-14.5,2.75));
#1154 = VECTOR('',#1155,1.);
#1155 = DIRECTION('',(0.,0.,-1.));
#1156 = ORIENTED_EDGE('',*,*,#657,.F.);
#1157 = PLANE('',#1158);
#1158 = AXIS2_PLACEMENT_3D('',#1159,#1160,#1161);
#1159 = CARTESIAN_POINT('',(-53.5,43.85,0.));
#1160 = DIRECTION('',(1.,0.,0.));
#1161 = DIRECTION('',(0.,-1.,0.));
#1162 = ADVANCED_FACE('',(#1163),#1206,.T.);
#1163 = FACE_BOUND('',#1164,.T.);
#1164 = EDGE_LOOP('',(#1165,#1166,#1167,#1175,#1183,#1191,#1199,#1205));
#1165 = ORIENTED_EDGE('',*,*,#569,.F.);
#1166 = ORIENTED_EDGE('',*,*,#1102,.T.);
#1167 = ORIENTED_EDGE('',*,*,#1168,.T.);
#1168 = EDGE_CURVE('',#1103,#1169,#1171,.T.);
#1169 = VERTEX_POINT('',#1170);
#1170 = CARTESIAN_POINT('',(53.5,-43.85,10.16));
#1171 = LINE('',#1172,#1173);
#1172 = CARTESIAN_POINT('',(-53.5,-43.85,10.16));
#1173 = VECTOR('',#1174,1.);
#1174 = DIRECTION('',(1.,0.,0.));
#1175 = ORIENTED_EDGE('',*,*,#1176,.T.);
#1176 = EDGE_CURVE('',#1169,#1177,#1179,.T.);
#1177 = VERTEX_POINT('',#1178);
#1178 = CARTESIAN_POINT('',(53.5,-5.,10.16));
#1179 = LINE('',#1180,#1181);
#1180 = CARTESIAN_POINT('',(53.5,-43.85,10.16));
#1181 = VECTOR('',#1182,1.);
#1182 = DIRECTION('',(0.,1.,0.));
#1183 = ORIENTED_EDGE('',*,*,#1184,.F.);
#1184 = EDGE_CURVE('',#1185,#1177,#1187,.T.);
#1185 = VERTEX_POINT('',#1186);
#1186 = CARTESIAN_POINT('',(52.1,-5.,10.16));
#1187 = LINE('',#1188,#1189);
#1188 = CARTESIAN_POINT('',(26.75,-5.,10.16));
#1189 = VECTOR('',#1190,1.);
#1190 = DIRECTION('',(1.,0.,0.));
#1191 = ORIENTED_EDGE('',*,*,#1192,.F.);
#1192 = EDGE_CURVE('',#1193,#1185,#1195,.T.);
#1193 = VERTEX_POINT('',#1194);
#1194 = CARTESIAN_POINT('',(52.1,-42.45,10.16));
#1195 = LINE('',#1196,#1197);
#1196 = CARTESIAN_POINT('',(52.1,-42.45,10.16));
#1197 = VECTOR('',#1198,1.);
#1198 = DIRECTION('',(0.,1.,0.));
#1199 = ORIENTED_EDGE('',*,*,#1200,.F.);
#1200 = EDGE_CURVE('',#1037,#1193,#1201,.T.);
#1201 = LINE('',#1202,#1203);
#1202 = CARTESIAN_POINT('',(-52.1,-42.45,10.16));
#1203 = VECTOR('',#1204,1.);
#1204 = DIRECTION('',(1.,0.,0.));
#1205 = ORIENTED_EDGE('',*,*,#1036,.F.);
#1206 = PLANE('',#1207);
#1207 = AXIS2_PLACEMENT_3D('',#1208,#1209,#1210);
#1208 = CARTESIAN_POINT('',(0.,0.,10.16));
#1209 = DIRECTION('',(0.,0.,1.));
#1210 = DIRECTION('',(1.,0.,0.));
#1211 = ADVANCED_FACE('',(#1212),#1230,.T.);
#1212 = FACE_BOUND('',#1213,.T.);
#1213 = EDGE_LOOP('',(#1214,#1222,#1228,#1229));
#1214 = ORIENTED_EDGE('',*,*,#1215,.F.);
#1215 = EDGE_CURVE('',#1216,#584,#1218,.T.);
#1216 = VERTEX_POINT('',#1217);
#1217 = CARTESIAN_POINT('',(53.5,-14.5,5.5));
#1218 = LINE('',#1219,#1220);
#1219 = CARTESIAN_POINT('',(53.5,-14.5,5.5));
#1220 = VECTOR('',#1221,1.);
#1221 = DIRECTION('',(0.,0.,-1.));
#1222 = ORIENTED_EDGE('',*,*,#1223,.T.);
#1223 = EDGE_CURVE('',#1216,#1144,#1224,.T.);
#1224 = LINE('',#1225,#1226);
#1225 = CARTESIAN_POINT('',(53.5,-14.5,5.5));
#1226 = VECTOR('',#1227,1.);
#1227 = DIRECTION('',(-1.,-0.,-0.));
#1228 = ORIENTED_EDGE('',*,*,#1151,.T.);
#1229 = ORIENTED_EDGE('',*,*,#583,.F.);
#1230 = PLANE('',#1231);
#1231 = AXIS2_PLACEMENT_3D('',#1232,#1233,#1234);
#1232 = CARTESIAN_POINT('',(53.5,-14.5,5.5));
#1233 = DIRECTION('',(0.,-1.,0.));
#1234 = DIRECTION('',(0.,0.,-1.));
#1235 = ADVANCED_FACE('',(#1236),#1295,.F.);
#1236 = FACE_BOUND('',#1237,.F.);
#1237 = EDGE_LOOP('',(#1238,#1248,#1256,#1262,#1263,#1264,#1272,#1280,
    #1289));
#1238 = ORIENTED_EDGE('',*,*,#1239,.F.);
#1239 = EDGE_CURVE('',#1240,#1242,#1244,.T.);
#1240 = VERTEX_POINT('',#1241);
#1241 = CARTESIAN_POINT('',(-53.5,43.85,0.));
#1242 = VERTEX_POINT('',#1243);
#1243 = CARTESIAN_POINT('',(-53.5,17.5,0.));
#1244 = LINE('',#1245,#1246);
#1245 = CARTESIAN_POINT('',(-53.5,43.85,0.));
#1246 = VECTOR('',#1247,1.);
#1247 = DIRECTION('',(0.,-1.,0.));
#1248 = ORIENTED_EDGE('',*,*,#1249,.T.);
#1249 = EDGE_CURVE('',#1240,#1250,#1252,.T.);
#1250 = VERTEX_POINT('',#1251);
#1251 = CARTESIAN_POINT('',(-53.5,43.85,10.16));
#1252 = LINE('',#1253,#1254);
#1253 = CARTESIAN_POINT('',(-53.5,43.85,0.));
#1254 = VECTOR('',#1255,1.);
#1255 = DIRECTION('',(0.,0.,1.));
#1256 = ORIENTED_EDGE('',*,*,#1257,.T.);
#1257 = EDGE_CURVE('',#1250,#672,#1258,.T.);
#1258 = LINE('',#1259,#1260);
#1259 = CARTESIAN_POINT('',(-53.5,43.85,10.16));
#1260 = VECTOR('',#1261,1.);
#1261 = DIRECTION('',(0.,-1.,0.));
#1262 = ORIENTED_EDGE('',*,*,#671,.T.);
#1263 = ORIENTED_EDGE('',*,*,#641,.F.);
#1264 = ORIENTED_EDGE('',*,*,#1265,.T.);
#1265 = EDGE_CURVE('',#634,#1266,#1268,.T.);
#1266 = VERTEX_POINT('',#1267);
#1267 = CARTESIAN_POINT('',(-53.5,17.5,4.094155));
#1268 = LINE('',#1269,#1270);
#1269 = CARTESIAN_POINT('',(-53.5,17.5,2.6));
#1270 = VECTOR('',#1271,1.);
#1271 = DIRECTION('',(0.,0.,-1.));
#1272 = ORIENTED_EDGE('',*,*,#1273,.T.);
#1273 = EDGE_CURVE('',#1266,#1274,#1276,.T.);
#1274 = VERTEX_POINT('',#1275);
#1275 = CARTESIAN_POINT('',(-53.5,13.638709991995,4.094155));
#1276 = LINE('',#1277,#1278);
#1277 = CARTESIAN_POINT('',(-53.5,30.675,4.094155));
#1278 = VECTOR('',#1279,1.);
#1279 = DIRECTION('',(0.,-1.,0.));
#1280 = ORIENTED_EDGE('',*,*,#1281,.T.);
#1281 = EDGE_CURVE('',#1274,#1282,#1284,.T.);
#1282 = VERTEX_POINT('',#1283);
#1283 = CARTESIAN_POINT('',(-53.5,13.596935273051,3.994937991791));
#1284 = CIRCLE('',#1285,5.8403E-02);
#1285 = AXIS2_PLACEMENT_3D('',#1286,#1287,#1288);
#1286 = CARTESIAN_POINT('',(-53.5,13.638709991995,4.035752));
#1287 = DIRECTION('',(1.,0.,0.));
#1288 = DIRECTION('',(0.,1.,0.));
#1289 = ORIENTED_EDGE('',*,*,#1290,.T.);
#1290 = EDGE_CURVE('',#1282,#1242,#1291,.T.);
#1291 = LINE('',#1292,#1293);
#1292 = CARTESIAN_POINT('',(-53.5,21.982730604201,-4.588248479211));
#1293 = VECTOR('',#1294,1.);
#1294 = DIRECTION('',(0.,0.698834104567,-0.715283785846));
#1295 = PLANE('',#1296);
#1296 = AXIS2_PLACEMENT_3D('',#1297,#1298,#1299);
#1297 = CARTESIAN_POINT('',(-53.5,43.85,0.));
#1298 = DIRECTION('',(1.,0.,0.));
#1299 = DIRECTION('',(0.,-1.,0.));
#1300 = ADVANCED_FACE('',(#1301),#1319,.T.);
#1301 = FACE_BOUND('',#1302,.T.);
#1302 = EDGE_LOOP('',(#1303,#1311,#1312,#1313));
#1303 = ORIENTED_EDGE('',*,*,#1304,.F.);
#1304 = EDGE_CURVE('',#626,#1305,#1307,.T.);
#1305 = VERTEX_POINT('',#1306);
#1306 = CARTESIAN_POINT('',(53.5,17.5,4.094155));
#1307 = LINE('',#1308,#1309);
#1308 = CARTESIAN_POINT('',(53.5,17.5,5.2));
#1309 = VECTOR('',#1310,1.);
#1310 = DIRECTION('',(0.,0.,-1.));
#1311 = ORIENTED_EDGE('',*,*,#633,.T.);
#1312 = ORIENTED_EDGE('',*,*,#1265,.T.);
#1313 = ORIENTED_EDGE('',*,*,#1314,.F.);
#1314 = EDGE_CURVE('',#1305,#1266,#1315,.T.);
#1315 = LINE('',#1316,#1317);
#1316 = CARTESIAN_POINT('',(53.5,17.5,4.094155));
#1317 = VECTOR('',#1318,1.);
#1318 = DIRECTION('',(-1.,-0.,-0.));
#1319 = PLANE('',#1320);
#1320 = AXIS2_PLACEMENT_3D('',#1321,#1322,#1323);
#1321 = CARTESIAN_POINT('',(53.5,17.5,5.2));
#1322 = DIRECTION('',(0.,-1.,0.));
#1323 = DIRECTION('',(0.,0.,-1.));
#1324 = ADVANCED_FACE('',(#1325),#1384,.F.);
#1325 = FACE_BOUND('',#1326,.F.);
#1326 = EDGE_LOOP('',(#1327,#1335,#1343,#1351,#1359,#1367,#1376,#1382,
    #1383));
#1327 = ORIENTED_EDGE('',*,*,#1328,.T.);
#1328 = EDGE_CURVE('',#618,#1329,#1331,.T.);
#1329 = VERTEX_POINT('',#1330);
#1330 = CARTESIAN_POINT('',(53.5,5.,10.16));
#1331 = LINE('',#1332,#1333);
#1332 = CARTESIAN_POINT('',(53.5,5.,-14.045374));
#1333 = VECTOR('',#1334,1.);
#1334 = DIRECTION('',(0.,0.,1.));
#1335 = ORIENTED_EDGE('',*,*,#1336,.T.);
#1336 = EDGE_CURVE('',#1329,#1337,#1339,.T.);
#1337 = VERTEX_POINT('',#1338);
#1338 = CARTESIAN_POINT('',(53.5,43.85,10.16));
#1339 = LINE('',#1340,#1341);
#1340 = CARTESIAN_POINT('',(53.5,-43.85,10.16));
#1341 = VECTOR('',#1342,1.);
#1342 = DIRECTION('',(0.,1.,0.));
#1343 = ORIENTED_EDGE('',*,*,#1344,.F.);
#1344 = EDGE_CURVE('',#1345,#1337,#1347,.T.);
#1345 = VERTEX_POINT('',#1346);
#1346 = CARTESIAN_POINT('',(53.5,43.85,0.));
#1347 = LINE('',#1348,#1349);
#1348 = CARTESIAN_POINT('',(53.5,43.85,0.));
#1349 = VECTOR('',#1350,1.);
#1350 = DIRECTION('',(0.,0.,1.));
#1351 = ORIENTED_EDGE('',*,*,#1352,.F.);
#1352 = EDGE_CURVE('',#1353,#1345,#1355,.T.);
#1353 = VERTEX_POINT('',#1354);
#1354 = CARTESIAN_POINT('',(53.5,17.5,0.));
#1355 = LINE('',#1356,#1357);
#1356 = CARTESIAN_POINT('',(53.5,-43.85,0.));
#1357 = VECTOR('',#1358,1.);
#1358 = DIRECTION('',(0.,1.,0.));
#1359 = ORIENTED_EDGE('',*,*,#1360,.F.);
#1360 = EDGE_CURVE('',#1361,#1353,#1363,.T.);
#1361 = VERTEX_POINT('',#1362);
#1362 = CARTESIAN_POINT('',(53.5,13.596935273051,3.994937991791));
#1363 = LINE('',#1364,#1365);
#1364 = CARTESIAN_POINT('',(53.5,13.596935273051,3.994937991791));
#1365 = VECTOR('',#1366,1.);
#1366 = DIRECTION('',(0.,0.698834104567,-0.715283785846));
#1367 = ORIENTED_EDGE('',*,*,#1368,.F.);
#1368 = EDGE_CURVE('',#1369,#1361,#1371,.T.);
#1369 = VERTEX_POINT('',#1370);
#1370 = CARTESIAN_POINT('',(53.5,13.638709991995,4.094155));
#1371 = CIRCLE('',#1372,5.8403E-02);
#1372 = AXIS2_PLACEMENT_3D('',#1373,#1374,#1375);
#1373 = CARTESIAN_POINT('',(53.5,13.638709991995,4.035752));
#1374 = DIRECTION('',(1.,0.,0.));
#1375 = DIRECTION('',(0.,1.,0.));
#1376 = ORIENTED_EDGE('',*,*,#1377,.F.);
#1377 = EDGE_CURVE('',#1305,#1369,#1378,.T.);
#1378 = LINE('',#1379,#1380);
#1379 = CARTESIAN_POINT('',(53.5,17.5,4.094155));
#1380 = VECTOR('',#1381,1.);
#1381 = DIRECTION('',(0.,-1.,0.));
#1382 = ORIENTED_EDGE('',*,*,#1304,.F.);
#1383 = ORIENTED_EDGE('',*,*,#625,.F.);
#1384 = PLANE('',#1385);
#1385 = AXIS2_PLACEMENT_3D('',#1386,#1387,#1388);
#1386 = CARTESIAN_POINT('',(53.5,-43.85,0.));
#1387 = DIRECTION('',(-1.,0.,0.));
#1388 = DIRECTION('',(0.,1.,0.));
#1389 = ADVANCED_FACE('',(#1390),#1408,.F.);
#1390 = FACE_BOUND('',#1391,.F.);
#1391 = EDGE_LOOP('',(#1392,#1393,#1394,#1402));
#1392 = ORIENTED_EDGE('',*,*,#1328,.F.);
#1393 = ORIENTED_EDGE('',*,*,#617,.T.);
#1394 = ORIENTED_EDGE('',*,*,#1395,.T.);
#1395 = EDGE_CURVE('',#610,#1396,#1398,.T.);
#1396 = VERTEX_POINT('',#1397);
#1397 = CARTESIAN_POINT('',(52.1,5.,10.16));
#1398 = LINE('',#1399,#1400);
#1399 = CARTESIAN_POINT('',(52.1,5.,-14.045374));
#1400 = VECTOR('',#1401,1.);
#1401 = DIRECTION('',(0.,0.,1.));
#1402 = ORIENTED_EDGE('',*,*,#1403,.F.);
#1403 = EDGE_CURVE('',#1329,#1396,#1404,.T.);
#1404 = LINE('',#1405,#1406);
#1405 = CARTESIAN_POINT('',(26.75,5.,10.16));
#1406 = VECTOR('',#1407,1.);
#1407 = DIRECTION('',(-1.,0.,0.));
#1408 = PLANE('',#1409);
#1409 = AXIS2_PLACEMENT_3D('',#1410,#1411,#1412);
#1410 = CARTESIAN_POINT('',(53.5,5.,-14.045374));
#1411 = DIRECTION('',(0.,1.,0.));
#1412 = DIRECTION('',(0.,0.,1.));
#1413 = ADVANCED_FACE('',(#1414),#1462,.T.);
#1414 = FACE_BOUND('',#1415,.T.);
#1415 = EDGE_LOOP('',(#1416,#1426,#1432,#1438,#1439,#1440,#1448,#1456));
#1416 = ORIENTED_EDGE('',*,*,#1417,.F.);
#1417 = EDGE_CURVE('',#1418,#1420,#1422,.T.);
#1418 = VERTEX_POINT('',#1419);
#1419 = CARTESIAN_POINT('',(52.1,-3.,10.16));
#1420 = VERTEX_POINT('',#1421);
#1421 = CARTESIAN_POINT('',(52.1,-3.,15.16));
#1422 = LINE('',#1423,#1424);
#1423 = CARTESIAN_POINT('',(52.1,-3.,18.14));
#1424 = VECTOR('',#1425,1.);
#1425 = DIRECTION('',(0.,0.,1.));
#1426 = ORIENTED_EDGE('',*,*,#1427,.T.);
#1427 = EDGE_CURVE('',#1418,#1185,#1428,.T.);
#1428 = LINE('',#1429,#1430);
#1429 = CARTESIAN_POINT('',(52.1,-2.5,10.16));
#1430 = VECTOR('',#1431,1.);
#1431 = DIRECTION('',(0.,-1.,0.));
#1432 = ORIENTED_EDGE('',*,*,#1433,.T.);
#1433 = EDGE_CURVE('',#1185,#602,#1434,.T.);
#1434 = LINE('',#1435,#1436);
#1435 = CARTESIAN_POINT('',(52.1,-5.,14.045374));
#1436 = VECTOR('',#1437,1.);
#1437 = DIRECTION('',(0.,0.,-1.));
#1438 = ORIENTED_EDGE('',*,*,#609,.T.);
#1439 = ORIENTED_EDGE('',*,*,#1395,.T.);
#1440 = ORIENTED_EDGE('',*,*,#1441,.F.);
#1441 = EDGE_CURVE('',#1442,#1396,#1444,.T.);
#1442 = VERTEX_POINT('',#1443);
#1443 = CARTESIAN_POINT('',(52.1,3.,10.16));
#1444 = LINE('',#1445,#1446);
#1445 = CARTESIAN_POINT('',(52.1,2.5,10.16));
#1446 = VECTOR('',#1447,1.);
#1447 = DIRECTION('',(0.,1.,0.));
#1448 = ORIENTED_EDGE('',*,*,#1449,.F.);
#1449 = EDGE_CURVE('',#1450,#1442,#1452,.T.);
#1450 = VERTEX_POINT('',#1451);
#1451 = CARTESIAN_POINT('',(52.1,3.,15.16));
#1452 = LINE('',#1453,#1454);
#1453 = CARTESIAN_POINT('',(52.1,3.,10.528404538021));
#1454 = VECTOR('',#1455,1.);
#1455 = DIRECTION('',(3.E-16,0.,-1.));
#1456 = ORIENTED_EDGE('',*,*,#1457,.F.);
#1457 = EDGE_CURVE('',#1420,#1450,#1458,.T.);
#1458 = LINE('',#1459,#1460);
#1459 = CARTESIAN_POINT('',(52.1,-1.E-16,15.16));
#1460 = VECTOR('',#1461,1.);
#1461 = DIRECTION('',(0.,1.,0.));
#1462 = PLANE('',#1463);
#1463 = AXIS2_PLACEMENT_3D('',#1464,#1465,#1466);
#1464 = CARTESIAN_POINT('',(52.1,-2.1E-16,12.123333333333));
#1465 = DIRECTION('',(1.,0.,3.7E-16));
#1466 = DIRECTION('',(-3.7E-16,0.,1.));
#1467 = ADVANCED_FACE('',(#1468),#1479,.F.);
#1468 = FACE_BOUND('',#1469,.F.);
#1469 = EDGE_LOOP('',(#1470,#1476,#1477,#1478));
#1470 = ORIENTED_EDGE('',*,*,#1471,.F.);
#1471 = EDGE_CURVE('',#1177,#594,#1472,.T.);
#1472 = LINE('',#1473,#1474);
#1473 = CARTESIAN_POINT('',(53.5,-5.,14.045374));
#1474 = VECTOR('',#1475,1.);
#1475 = DIRECTION('',(0.,0.,-1.));
#1476 = ORIENTED_EDGE('',*,*,#1184,.F.);
#1477 = ORIENTED_EDGE('',*,*,#1433,.T.);
#1478 = ORIENTED_EDGE('',*,*,#601,.T.);
#1479 = PLANE('',#1480);
#1480 = AXIS2_PLACEMENT_3D('',#1481,#1482,#1483);
#1481 = CARTESIAN_POINT('',(53.5,-5.,14.045374));
#1482 = DIRECTION('',(0.,-1.,0.));
#1483 = DIRECTION('',(0.,0.,-1.));
#1484 = ADVANCED_FACE('',(#1485),#1538,.F.);
#1485 = FACE_BOUND('',#1486,.F.);
#1486 = EDGE_LOOP('',(#1487,#1497,#1503,#1504,#1505,#1506,#1507,#1515,
    #1523,#1531));
#1487 = ORIENTED_EDGE('',*,*,#1488,.F.);
#1488 = EDGE_CURVE('',#1489,#1491,#1493,.T.);
#1489 = VERTEX_POINT('',#1490);
#1490 = CARTESIAN_POINT('',(53.5,-43.85,0.));
#1491 = VERTEX_POINT('',#1492);
#1492 = CARTESIAN_POINT('',(53.5,-17.99932039525,0.));
#1493 = LINE('',#1494,#1495);
#1494 = CARTESIAN_POINT('',(53.5,-43.85,0.));
#1495 = VECTOR('',#1496,1.);
#1496 = DIRECTION('',(0.,1.,0.));
#1497 = ORIENTED_EDGE('',*,*,#1498,.T.);
#1498 = EDGE_CURVE('',#1489,#1169,#1499,.T.);
#1499 = LINE('',#1500,#1501);
#1500 = CARTESIAN_POINT('',(53.5,-43.85,0.));
#1501 = VECTOR('',#1502,1.);
#1502 = DIRECTION('',(0.,0.,1.));
#1503 = ORIENTED_EDGE('',*,*,#1176,.T.);
#1504 = ORIENTED_EDGE('',*,*,#1471,.T.);
#1505 = ORIENTED_EDGE('',*,*,#593,.F.);
#1506 = ORIENTED_EDGE('',*,*,#1215,.F.);
#1507 = ORIENTED_EDGE('',*,*,#1508,.F.);
#1508 = EDGE_CURVE('',#1509,#1216,#1511,.T.);
#1509 = VERTEX_POINT('',#1510);
#1510 = CARTESIAN_POINT('',(53.5,-17.5,5.5));
#1511 = LINE('',#1512,#1513);
#1512 = CARTESIAN_POINT('',(53.5,-17.5,5.5));
#1513 = VECTOR('',#1514,1.);
#1514 = DIRECTION('',(0.,1.,0.));
#1515 = ORIENTED_EDGE('',*,*,#1516,.F.);
#1516 = EDGE_CURVE('',#1517,#1509,#1519,.T.);
#1517 = VERTEX_POINT('',#1518);
#1518 = CARTESIAN_POINT('',(53.5,-17.5,0.368581101191));
#1519 = LINE('',#1520,#1521);
#1520 = CARTESIAN_POINT('',(53.5,-17.5,0.));
#1521 = VECTOR('',#1522,1.);
#1522 = DIRECTION('',(0.,0.,1.));
#1523 = ORIENTED_EDGE('',*,*,#1524,.F.);
#1524 = EDGE_CURVE('',#1525,#1517,#1527,.T.);
#1525 = VERTEX_POINT('',#1526);
#1526 = CARTESIAN_POINT('',(53.5,-17.50976734783,0.382862009202));
#1527 = LINE('',#1528,#1529);
#1528 = CARTESIAN_POINT('',(53.5,-17.50976734783,0.382862009202));
#1529 = VECTOR('',#1530,1.);
#1530 = DIRECTION('',(0.,0.564534317,-0.825409598278));
#1531 = ORIENTED_EDGE('',*,*,#1532,.F.);
#1532 = EDGE_CURVE('',#1491,#1525,#1533,.T.);
#1533 = CIRCLE('',#1534,0.511327);
#1534 = AXIS2_PLACEMENT_3D('',#1535,#1536,#1537);
#1535 = CARTESIAN_POINT('',(53.5,-18.004701,0.511298689634));
#1536 = DIRECTION('',(1.,0.,0.));
#1537 = DIRECTION('',(0.,1.,0.));
#1538 = PLANE('',#1539);
#1539 = AXIS2_PLACEMENT_3D('',#1540,#1541,#1542);
#1540 = CARTESIAN_POINT('',(53.5,-43.85,0.));
#1541 = DIRECTION('',(-1.,0.,0.));
#1542 = DIRECTION('',(0.,1.,0.));
#1543 = ADVANCED_FACE('',(#1544),#1578,.T.);
#1544 = FACE_BOUND('',#1545,.T.);
#1545 = EDGE_LOOP('',(#1546,#1552,#1553,#1554,#1562,#1570,#1576,#1577));
#1546 = ORIENTED_EDGE('',*,*,#1547,.T.);
#1547 = EDGE_CURVE('',#1337,#1250,#1548,.T.);
#1548 = LINE('',#1549,#1550);
#1549 = CARTESIAN_POINT('',(53.5,43.85,10.16));
#1550 = VECTOR('',#1551,1.);
#1551 = DIRECTION('',(-1.,0.,0.));
#1552 = ORIENTED_EDGE('',*,*,#1257,.T.);
#1553 = ORIENTED_EDGE('',*,*,#679,.F.);
#1554 = ORIENTED_EDGE('',*,*,#1555,.F.);
#1555 = EDGE_CURVE('',#1556,#304,#1558,.T.);
#1556 = VERTEX_POINT('',#1557);
#1557 = CARTESIAN_POINT('',(-52.1,42.45,10.16));
#1558 = LINE('',#1559,#1560);
#1559 = CARTESIAN_POINT('',(-52.1,42.45,10.16));
#1560 = VECTOR('',#1561,1.);
#1561 = DIRECTION('',(0.,-1.,0.));
#1562 = ORIENTED_EDGE('',*,*,#1563,.F.);
#1563 = EDGE_CURVE('',#1564,#1556,#1566,.T.);
#1564 = VERTEX_POINT('',#1565);
#1565 = CARTESIAN_POINT('',(52.1,42.45,10.16));
#1566 = LINE('',#1567,#1568);
#1567 = CARTESIAN_POINT('',(52.1,42.45,10.16));
#1568 = VECTOR('',#1569,1.);
#1569 = DIRECTION('',(-1.,0.,0.));
#1570 = ORIENTED_EDGE('',*,*,#1571,.F.);
#1571 = EDGE_CURVE('',#1396,#1564,#1572,.T.);
#1572 = LINE('',#1573,#1574);
#1573 = CARTESIAN_POINT('',(52.1,-42.45,10.16));
#1574 = VECTOR('',#1575,1.);
#1575 = DIRECTION('',(0.,1.,0.));
#1576 = ORIENTED_EDGE('',*,*,#1403,.F.);
#1577 = ORIENTED_EDGE('',*,*,#1336,.T.);
#1578 = PLANE('',#1579);
#1579 = AXIS2_PLACEMENT_3D('',#1580,#1581,#1582);
#1580 = CARTESIAN_POINT('',(0.,0.,10.16));
#1581 = DIRECTION('',(0.,0.,1.));
#1582 = DIRECTION('',(1.,0.,0.));
#1583 = ADVANCED_FACE('',(#1584),#1602,.T.);
#1584 = FACE_BOUND('',#1585,.T.);
#1585 = EDGE_LOOP('',(#1586,#1587,#1588,#1596));
#1586 = ORIENTED_EDGE('',*,*,#1555,.T.);
#1587 = ORIENTED_EDGE('',*,*,#695,.F.);
#1588 = ORIENTED_EDGE('',*,*,#1589,.F.);
#1589 = EDGE_CURVE('',#1590,#696,#1592,.T.);
#1590 = VERTEX_POINT('',#1591);
#1591 = CARTESIAN_POINT('',(-52.1,42.45,11.16));
#1592 = LINE('',#1593,#1594);
#1593 = CARTESIAN_POINT('',(-52.1,42.45,11.16));
#1594 = VECTOR('',#1595,1.);
#1595 = DIRECTION('',(0.,-1.,0.));
#1596 = ORIENTED_EDGE('',*,*,#1597,.F.);
#1597 = EDGE_CURVE('',#1556,#1590,#1598,.T.);
#1598 = LINE('',#1599,#1600);
#1599 = CARTESIAN_POINT('',(-52.1,42.45,10.16));
#1600 = VECTOR('',#1601,1.);
#1601 = DIRECTION('',(0.,0.,1.));
#1602 = PLANE('',#1603);
#1603 = AXIS2_PLACEMENT_3D('',#1604,#1605,#1606);
#1604 = CARTESIAN_POINT('',(-52.1,5.8E-16,10.896809076043));
#1605 = DIRECTION('',(-1.,-0.,-0.));
#1606 = DIRECTION('',(0.,0.,-1.));
#1607 = ADVANCED_FACE('',(#1608),#1637,.T.);
#1608 = FACE_BOUND('',#1609,.T.);
#1609 = EDGE_LOOP('',(#1610,#1611,#1612,#1613,#1614,#1615,#1623,#1631));
#1610 = ORIENTED_EDGE('',*,*,#1589,.T.);
#1611 = ORIENTED_EDGE('',*,*,#703,.F.);
#1612 = ORIENTED_EDGE('',*,*,#759,.F.);
#1613 = ORIENTED_EDGE('',*,*,#776,.F.);
#1614 = ORIENTED_EDGE('',*,*,#816,.F.);
#1615 = ORIENTED_EDGE('',*,*,#1616,.T.);
#1616 = EDGE_CURVE('',#809,#1617,#1619,.T.);
#1617 = VERTEX_POINT('',#1618);
#1618 = CARTESIAN_POINT('',(52.1,5.,11.16));
#1619 = LINE('',#1620,#1621);
#1620 = CARTESIAN_POINT('',(51.1,5.,11.16));
#1621 = VECTOR('',#1622,1.);
#1622 = DIRECTION('',(1.,0.,0.));
#1623 = ORIENTED_EDGE('',*,*,#1624,.T.);
#1624 = EDGE_CURVE('',#1617,#1625,#1627,.T.);
#1625 = VERTEX_POINT('',#1626);
#1626 = CARTESIAN_POINT('',(52.1,42.45,11.16));
#1627 = LINE('',#1628,#1629);
#1628 = CARTESIAN_POINT('',(52.1,-42.45,11.16));
#1629 = VECTOR('',#1630,1.);
#1630 = DIRECTION('',(0.,1.,0.));
#1631 = ORIENTED_EDGE('',*,*,#1632,.T.);
#1632 = EDGE_CURVE('',#1625,#1590,#1633,.T.);
#1633 = LINE('',#1634,#1635);
#1634 = CARTESIAN_POINT('',(52.1,42.45,11.16));
#1635 = VECTOR('',#1636,1.);
#1636 = DIRECTION('',(-1.,0.,0.));
#1637 = PLANE('',#1638);
#1638 = AXIS2_PLACEMENT_3D('',#1639,#1640,#1641);
#1639 = CARTESIAN_POINT('',(2.4E-15,0.,11.16));
#1640 = DIRECTION('',(0.,0.,1.));
#1641 = DIRECTION('',(1.,0.,0.));
#1642 = ADVANCED_FACE('',(#1643),#1659,.F.);
#1643 = FACE_BOUND('',#1644,.F.);
#1644 = EDGE_LOOP('',(#1645,#1651,#1657,#1658));
#1645 = ORIENTED_EDGE('',*,*,#1646,.F.);
#1646 = EDGE_CURVE('',#1396,#1617,#1647,.T.);
#1647 = LINE('',#1648,#1649);
#1648 = CARTESIAN_POINT('',(52.1,5.,15.008585038021));
#1649 = VECTOR('',#1650,1.);
#1650 = DIRECTION('',(-3.E-16,0.,1.));
#1651 = ORIENTED_EDGE('',*,*,#1652,.F.);
#1652 = EDGE_CURVE('',#801,#1396,#1653,.T.);
#1653 = LINE('',#1654,#1655);
#1654 = CARTESIAN_POINT('',(-52.1,5.,10.16));
#1655 = VECTOR('',#1656,1.);
#1656 = DIRECTION('',(1.,0.,0.));
#1657 = ORIENTED_EDGE('',*,*,#808,.T.);
#1658 = ORIENTED_EDGE('',*,*,#1616,.T.);
#1659 = PLANE('',#1660);
#1660 = AXIS2_PLACEMENT_3D('',#1661,#1662,#1663);
#1661 = CARTESIAN_POINT('',(-52.1,5.,19.120361));
#1662 = DIRECTION('',(0.,1.,0.));
#1663 = DIRECTION('',(0.,0.,-1.));
#1664 = ADVANCED_FACE('',(#1665),#1677,.F.);
#1665 = FACE_BOUND('',#1666,.F.);
#1666 = EDGE_LOOP('',(#1667,#1668,#1669,#1675,#1676));
#1667 = ORIENTED_EDGE('',*,*,#1652,.T.);
#1668 = ORIENTED_EDGE('',*,*,#1441,.F.);
#1669 = ORIENTED_EDGE('',*,*,#1670,.F.);
#1670 = EDGE_CURVE('',#890,#1442,#1671,.T.);
#1671 = LINE('',#1672,#1673);
#1672 = CARTESIAN_POINT('',(-52.1,3.,10.16));
#1673 = VECTOR('',#1674,1.);
#1674 = DIRECTION('',(1.,0.,0.));
#1675 = ORIENTED_EDGE('',*,*,#897,.F.);
#1676 = ORIENTED_EDGE('',*,*,#832,.T.);
#1677 = PLANE('',#1678);
#1678 = AXIS2_PLACEMENT_3D('',#1679,#1680,#1681);
#1679 = CARTESIAN_POINT('',(-52.1,5.,10.16));
#1680 = DIRECTION('',(0.,0.,-1.));
#1681 = DIRECTION('',(0.,-1.,0.));
#1682 = ADVANCED_FACE('',(#1683),#1718,.T.);
#1683 = FACE_BOUND('',#1684,.T.);
#1684 = EDGE_LOOP('',(#1685,#1693,#1701,#1709,#1715,#1716,#1717));
#1685 = ORIENTED_EDGE('',*,*,#1686,.T.);
#1686 = EDGE_CURVE('',#882,#1687,#1689,.T.);
#1687 = VERTEX_POINT('',#1688);
#1688 = CARTESIAN_POINT('',(51.7,3.,18.16));
#1689 = LINE('',#1690,#1691);
#1690 = CARTESIAN_POINT('',(-0.39875,3.,18.16));
#1691 = VECTOR('',#1692,1.);
#1692 = DIRECTION('',(1.,0.,0.));
#1693 = ORIENTED_EDGE('',*,*,#1694,.F.);
#1694 = EDGE_CURVE('',#1695,#1687,#1697,.T.);
#1695 = VERTEX_POINT('',#1696);
#1696 = CARTESIAN_POINT('',(53.5,3.,16.36));
#1697 = LINE('',#1698,#1699);
#1698 = CARTESIAN_POINT('',(53.066461743975,3.,16.793538256025));
#1699 = VECTOR('',#1700,1.);
#1700 = DIRECTION('',(-0.707106781187,0.,0.707106781187));
#1701 = ORIENTED_EDGE('',*,*,#1702,.F.);
#1702 = EDGE_CURVE('',#1703,#1695,#1705,.T.);
#1703 = VERTEX_POINT('',#1704);
#1704 = CARTESIAN_POINT('',(53.5,3.,15.16));
#1705 = LINE('',#1706,#1707);
#1706 = CARTESIAN_POINT('',(53.5,3.,15.16));
#1707 = VECTOR('',#1708,1.);
#1708 = DIRECTION('',(0.,0.,1.));
#1709 = ORIENTED_EDGE('',*,*,#1710,.T.);
#1710 = EDGE_CURVE('',#1703,#1450,#1711,.T.);
#1711 = LINE('',#1712,#1713);
#1712 = CARTESIAN_POINT('',(53.5,3.,15.16));
#1713 = VECTOR('',#1714,1.);
#1714 = DIRECTION('',(-1.,-0.,-0.));
#1715 = ORIENTED_EDGE('',*,*,#1449,.T.);
#1716 = ORIENTED_EDGE('',*,*,#1670,.F.);
#1717 = ORIENTED_EDGE('',*,*,#889,.T.);
#1718 = PLANE('',#1719);
#1719 = AXIS2_PLACEMENT_3D('',#1720,#1721,#1722);
#1720 = CARTESIAN_POINT('',(51.684173487949,3.,14.478326512051));
#1721 = DIRECTION('',(0.,1.,0.));
#1722 = DIRECTION('',(0.,0.,1.));
#1723 = ADVANCED_FACE('',(#1724),#1742,.T.);
#1724 = FACE_BOUND('',#1725,.T.);
#1725 = EDGE_LOOP('',(#1726,#1734,#1740,#1741));
#1726 = ORIENTED_EDGE('',*,*,#1727,.T.);
#1727 = EDGE_CURVE('',#874,#1728,#1730,.T.);
#1728 = VERTEX_POINT('',#1729);
#1729 = CARTESIAN_POINT('',(51.7,-3.,18.16));
#1730 = LINE('',#1731,#1732);
#1731 = CARTESIAN_POINT('',(-0.39875,-3.,18.16));
#1732 = VECTOR('',#1733,1.);
#1733 = DIRECTION('',(1.,0.,0.));
#1734 = ORIENTED_EDGE('',*,*,#1735,.F.);
#1735 = EDGE_CURVE('',#1687,#1728,#1736,.T.);
#1736 = LINE('',#1737,#1738);
#1737 = CARTESIAN_POINT('',(51.7,3.,18.16));
#1738 = VECTOR('',#1739,1.);
#1739 = DIRECTION('',(0.,-1.,0.));
#1740 = ORIENTED_EDGE('',*,*,#1686,.F.);
#1741 = ORIENTED_EDGE('',*,*,#881,.F.);
#1742 = PLANE('',#1743);
#1743 = AXIS2_PLACEMENT_3D('',#1744,#1745,#1746);
#1744 = CARTESIAN_POINT('',(52.0025,0.,18.16));
#1745 = DIRECTION('',(0.,0.,1.));
#1746 = DIRECTION('',(1.,0.,0.));
#1747 = ADVANCED_FACE('',(#1748),#1781,.T.);
#1748 = FACE_BOUND('',#1749,.T.);
#1749 = EDGE_LOOP('',(#1750,#1760,#1766,#1767,#1768,#1774,#1775));
#1750 = ORIENTED_EDGE('',*,*,#1751,.F.);
#1751 = EDGE_CURVE('',#1752,#1754,#1756,.T.);
#1752 = VERTEX_POINT('',#1753);
#1753 = CARTESIAN_POINT('',(53.5,-3.,16.36));
#1754 = VERTEX_POINT('',#1755);
#1755 = CARTESIAN_POINT('',(53.5,-3.,15.16));
#1756 = LINE('',#1757,#1758);
#1757 = CARTESIAN_POINT('',(53.5,-3.,18.16));
#1758 = VECTOR('',#1759,1.);
#1759 = DIRECTION('',(0.,0.,-1.));
#1760 = ORIENTED_EDGE('',*,*,#1761,.T.);
#1761 = EDGE_CURVE('',#1752,#1728,#1762,.T.);
#1762 = LINE('',#1763,#1764);
#1763 = CARTESIAN_POINT('',(53.066461743975,-3.,16.793538256025));
#1764 = VECTOR('',#1765,1.);
#1765 = DIRECTION('',(-0.707106781187,0.,0.707106781187));
#1766 = ORIENTED_EDGE('',*,*,#1727,.F.);
#1767 = ORIENTED_EDGE('',*,*,#873,.F.);
#1768 = ORIENTED_EDGE('',*,*,#1769,.T.);
#1769 = EDGE_CURVE('',#866,#1418,#1770,.T.);
#1770 = LINE('',#1771,#1772);
#1771 = CARTESIAN_POINT('',(-52.1,-3.,10.16));
#1772 = VECTOR('',#1773,1.);
#1773 = DIRECTION('',(1.,0.,0.));
#1774 = ORIENTED_EDGE('',*,*,#1417,.T.);
#1775 = ORIENTED_EDGE('',*,*,#1776,.F.);
#1776 = EDGE_CURVE('',#1754,#1420,#1777,.T.);
#1777 = LINE('',#1778,#1779);
#1778 = CARTESIAN_POINT('',(53.5,-3.,15.16));
#1779 = VECTOR('',#1780,1.);
#1780 = DIRECTION('',(-1.,-0.,-0.));
#1781 = PLANE('',#1782);
#1782 = AXIS2_PLACEMENT_3D('',#1783,#1784,#1785);
#1783 = CARTESIAN_POINT('',(51.684173487949,-3.,14.478326512051));
#1784 = DIRECTION('',(-0.,-1.,-0.));
#1785 = DIRECTION('',(0.,0.,-1.));
#1786 = ADVANCED_FACE('',(#1787),#1799,.T.);
#1787 = FACE_BOUND('',#1788,.T.);
#1788 = EDGE_LOOP('',(#1789,#1795,#1796,#1797,#1798));
#1789 = ORIENTED_EDGE('',*,*,#1790,.T.);
#1790 = EDGE_CURVE('',#913,#1185,#1791,.T.);
#1791 = LINE('',#1792,#1793);
#1792 = CARTESIAN_POINT('',(-52.1,-5.,10.16));
#1793 = VECTOR('',#1794,1.);
#1794 = DIRECTION('',(1.,0.,0.));
#1795 = ORIENTED_EDGE('',*,*,#1427,.F.);
#1796 = ORIENTED_EDGE('',*,*,#1769,.F.);
#1797 = ORIENTED_EDGE('',*,*,#865,.F.);
#1798 = ORIENTED_EDGE('',*,*,#920,.T.);
#1799 = PLANE('',#1800);
#1800 = AXIS2_PLACEMENT_3D('',#1801,#1802,#1803);
#1801 = CARTESIAN_POINT('',(-52.1,-5.,10.16));
#1802 = DIRECTION('',(0.,0.,1.));
#1803 = DIRECTION('',(0.,1.,0.));
#1804 = ADVANCED_FACE('',(#1805),#1816,.T.);
#1805 = FACE_BOUND('',#1806,.T.);
#1806 = EDGE_LOOP('',(#1807,#1813,#1814,#1815));
#1807 = ORIENTED_EDGE('',*,*,#1808,.F.);
#1808 = EDGE_CURVE('',#1185,#1076,#1809,.T.);
#1809 = LINE('',#1810,#1811);
#1810 = CARTESIAN_POINT('',(52.1,-5.,15.008585038021));
#1811 = VECTOR('',#1812,1.);
#1812 = DIRECTION('',(-3.E-16,0.,1.));
#1813 = ORIENTED_EDGE('',*,*,#1790,.F.);
#1814 = ORIENTED_EDGE('',*,*,#952,.T.);
#1815 = ORIENTED_EDGE('',*,*,#1083,.T.);
#1816 = PLANE('',#1817);
#1817 = AXIS2_PLACEMENT_3D('',#1818,#1819,#1820);
#1818 = CARTESIAN_POINT('',(-52.1,-5.,19.120361));
#1819 = DIRECTION('',(0.,1.,0.));
#1820 = DIRECTION('',(0.,0.,-1.));
#1821 = ADVANCED_FACE('',(#1822,#1825),#1836,.T.);
#1822 = FACE_BOUND('',#1823,.T.);
#1823 = EDGE_LOOP('',(#1824));
#1824 = ORIENTED_EDGE('',*,*,#993,.T.);
#1825 = FACE_BOUND('',#1826,.F.);
#1826 = EDGE_LOOP('',(#1827));
#1827 = ORIENTED_EDGE('',*,*,#1828,.T.);
#1828 = EDGE_CURVE('',#1829,#1829,#1831,.T.);
#1829 = VERTEX_POINT('',#1830);
#1830 = CARTESIAN_POINT('',(-41.3,-26.095329,11.86));
#1831 = CIRCLE('',#1832,1.2);
#1832 = AXIS2_PLACEMENT_3D('',#1833,#1834,#1835);
#1833 = CARTESIAN_POINT('',(-42.5,-26.095329,11.86));
#1834 = DIRECTION('',(0.,0.,1.));
#1835 = DIRECTION('',(1.,0.,0.));
#1836 = PLANE('',#1837);
#1837 = AXIS2_PLACEMENT_3D('',#1838,#1839,#1840);
#1838 = CARTESIAN_POINT('',(4.7E-15,-1.095329,11.86));
#1839 = DIRECTION('',(0.,0.,1.));
#1840 = DIRECTION('',(1.,0.,0.));
#1841 = ADVANCED_FACE('',(#1842,#1845),#1856,.T.);
#1842 = FACE_BOUND('',#1843,.T.);
#1843 = EDGE_LOOP('',(#1844));
#1844 = ORIENTED_EDGE('',*,*,#1018,.T.);
#1845 = FACE_BOUND('',#1846,.F.);
#1846 = EDGE_LOOP('',(#1847));
#1847 = ORIENTED_EDGE('',*,*,#1848,.T.);
#1848 = EDGE_CURVE('',#1849,#1849,#1851,.T.);
#1849 = VERTEX_POINT('',#1850);
#1850 = CARTESIAN_POINT('',(43.7,23.904671,11.86));
#1851 = CIRCLE('',#1852,1.2);
#1852 = AXIS2_PLACEMENT_3D('',#1853,#1854,#1855);
#1853 = CARTESIAN_POINT('',(42.5,23.904671,11.86));
#1854 = DIRECTION('',(0.,0.,1.));
#1855 = DIRECTION('',(1.,0.,0.));
#1856 = PLANE('',#1857);
#1857 = AXIS2_PLACEMENT_3D('',#1858,#1859,#1860);
#1858 = CARTESIAN_POINT('',(4.7E-15,-1.095329,11.86));
#1859 = DIRECTION('',(0.,0.,1.));
#1860 = DIRECTION('',(1.,0.,0.));
#1861 = ADVANCED_FACE('',(#1862),#1873,.F.);
#1862 = FACE_BOUND('',#1863,.F.);
#1863 = EDGE_LOOP('',(#1864,#1865,#1866,#1872));
#1864 = ORIENTED_EDGE('',*,*,#1044,.T.);
#1865 = ORIENTED_EDGE('',*,*,#1067,.T.);
#1866 = ORIENTED_EDGE('',*,*,#1867,.F.);
#1867 = EDGE_CURVE('',#1193,#1068,#1868,.T.);
#1868 = LINE('',#1869,#1870);
#1869 = CARTESIAN_POINT('',(52.1,-42.45,10.16));
#1870 = VECTOR('',#1871,1.);
#1871 = DIRECTION('',(0.,0.,1.));
#1872 = ORIENTED_EDGE('',*,*,#1200,.F.);
#1873 = PLANE('',#1874);
#1874 = AXIS2_PLACEMENT_3D('',#1875,#1876,#1877);
#1875 = CARTESIAN_POINT('',(-52.1,-42.45,10.16));
#1876 = DIRECTION('',(0.,1.,0.));
#1877 = DIRECTION('',(1.,0.,0.));
#1878 = ADVANCED_FACE('',(#1879),#1885,.T.);
#1879 = FACE_BOUND('',#1880,.T.);
#1880 = EDGE_LOOP('',(#1881,#1882,#1883,#1884));
#1881 = ORIENTED_EDGE('',*,*,#1192,.T.);
#1882 = ORIENTED_EDGE('',*,*,#1808,.T.);
#1883 = ORIENTED_EDGE('',*,*,#1075,.F.);
#1884 = ORIENTED_EDGE('',*,*,#1867,.F.);
#1885 = PLANE('',#1886);
#1886 = AXIS2_PLACEMENT_3D('',#1887,#1888,#1889);
#1887 = CARTESIAN_POINT('',(52.1,-5.8E-16,10.896809076043));
#1888 = DIRECTION('',(1.,0.,3.E-16));
#1889 = DIRECTION('',(-3.E-16,0.,1.));
#1890 = ADVANCED_FACE('',(#1891),#1902,.T.);
#1891 = FACE_BOUND('',#1892,.T.);
#1892 = EDGE_LOOP('',(#1893,#1894,#1900,#1901));
#1893 = ORIENTED_EDGE('',*,*,#1508,.F.);
#1894 = ORIENTED_EDGE('',*,*,#1895,.T.);
#1895 = EDGE_CURVE('',#1509,#1136,#1896,.T.);
#1896 = LINE('',#1897,#1898);
#1897 = CARTESIAN_POINT('',(53.5,-17.5,5.5));
#1898 = VECTOR('',#1899,1.);
#1899 = DIRECTION('',(-1.,-0.,-0.));
#1900 = ORIENTED_EDGE('',*,*,#1143,.T.);
#1901 = ORIENTED_EDGE('',*,*,#1223,.F.);
#1902 = PLANE('',#1903);
#1903 = AXIS2_PLACEMENT_3D('',#1904,#1905,#1906);
#1904 = CARTESIAN_POINT('',(53.5,-17.5,5.5));
#1905 = DIRECTION('',(0.,0.,-1.));
#1906 = DIRECTION('',(0.,1.,0.));
#1907 = ADVANCED_FACE('',(#1908),#1983,.T.);
#1908 = FACE_BOUND('',#1909,.T.);
#1909 = EDGE_LOOP('',(#1910,#1918,#1926,#1934,#1942,#1950,#1958,#1966,
    #1974,#1980,#1981,#1982));
#1910 = ORIENTED_EDGE('',*,*,#1911,.T.);
#1911 = EDGE_CURVE('',#1517,#1912,#1914,.T.);
#1912 = VERTEX_POINT('',#1913);
#1913 = CARTESIAN_POINT('',(49.5,-17.5,0.368581101191));
#1914 = LINE('',#1915,#1916);
#1915 = CARTESIAN_POINT('',(26.75,-17.5,0.368581101191));
#1916 = VECTOR('',#1917,1.);
#1917 = DIRECTION('',(-1.,0.,0.));
#1918 = ORIENTED_EDGE('',*,*,#1919,.T.);
#1919 = EDGE_CURVE('',#1912,#1920,#1922,.T.);
#1920 = VERTEX_POINT('',#1921);
#1921 = CARTESIAN_POINT('',(49.5,-17.5,4.094155));
#1922 = LINE('',#1923,#1924);
#1923 = CARTESIAN_POINT('',(49.5,-17.5,0.));
#1924 = VECTOR('',#1925,1.);
#1925 = DIRECTION('',(0.,0.,1.));
#1926 = ORIENTED_EDGE('',*,*,#1927,.T.);
#1927 = EDGE_CURVE('',#1920,#1928,#1930,.T.);
#1928 = VERTEX_POINT('',#1929);
#1929 = CARTESIAN_POINT('',(30.,-17.5,4.094155));
#1930 = LINE('',#1931,#1932);
#1931 = CARTESIAN_POINT('',(53.5,-17.5,4.094155));
#1932 = VECTOR('',#1933,1.);
#1933 = DIRECTION('',(-1.,-0.,-0.));
#1934 = ORIENTED_EDGE('',*,*,#1935,.F.);
#1935 = EDGE_CURVE('',#1936,#1928,#1938,.T.);
#1936 = VERTEX_POINT('',#1937);
#1937 = CARTESIAN_POINT('',(30.,-17.5,0.));
#1938 = LINE('',#1939,#1940);
#1939 = CARTESIAN_POINT('',(30.,-17.5,0.));
#1940 = VECTOR('',#1941,1.);
#1941 = DIRECTION('',(0.,0.,1.));
#1942 = ORIENTED_EDGE('',*,*,#1943,.F.);
#1943 = EDGE_CURVE('',#1944,#1936,#1946,.T.);
#1944 = VERTEX_POINT('',#1945);
#1945 = CARTESIAN_POINT('',(-30.,-17.5,0.));
#1946 = LINE('',#1947,#1948);
#1947 = CARTESIAN_POINT('',(-30.,-17.5,0.));
#1948 = VECTOR('',#1949,1.);
#1949 = DIRECTION('',(1.,0.,0.));
#1950 = ORIENTED_EDGE('',*,*,#1951,.T.);
#1951 = EDGE_CURVE('',#1944,#1952,#1954,.T.);
#1952 = VERTEX_POINT('',#1953);
#1953 = CARTESIAN_POINT('',(-30.,-17.5,4.094155));
#1954 = LINE('',#1955,#1956);
#1955 = CARTESIAN_POINT('',(-30.,-17.5,0.));
#1956 = VECTOR('',#1957,1.);
#1957 = DIRECTION('',(0.,0.,1.));
#1958 = ORIENTED_EDGE('',*,*,#1959,.T.);
#1959 = EDGE_CURVE('',#1952,#1960,#1962,.T.);
#1960 = VERTEX_POINT('',#1961);
#1961 = CARTESIAN_POINT('',(-49.5,-17.5,4.094155));
#1962 = LINE('',#1963,#1964);
#1963 = CARTESIAN_POINT('',(53.5,-17.5,4.094155));
#1964 = VECTOR('',#1965,1.);
#1965 = DIRECTION('',(-1.,-0.,-0.));
#1966 = ORIENTED_EDGE('',*,*,#1967,.F.);
#1967 = EDGE_CURVE('',#1968,#1960,#1970,.T.);
#1968 = VERTEX_POINT('',#1969);
#1969 = CARTESIAN_POINT('',(-49.5,-17.5,0.312794724862));
#1970 = LINE('',#1971,#1972);
#1971 = CARTESIAN_POINT('',(-49.5,-17.5,0.));
#1972 = VECTOR('',#1973,1.);
#1973 = DIRECTION('',(0.,0.,1.));
#1974 = ORIENTED_EDGE('',*,*,#1975,.T.);
#1975 = EDGE_CURVE('',#1968,#1127,#1976,.T.);
#1976 = LINE('',#1977,#1978);
#1977 = CARTESIAN_POINT('',(-53.5,-17.5,0.312794724863));
#1978 = VECTOR('',#1979,1.);
#1979 = DIRECTION('',(-1.,0.,0.));
#1980 = ORIENTED_EDGE('',*,*,#1135,.F.);
#1981 = ORIENTED_EDGE('',*,*,#1895,.F.);
#1982 = ORIENTED_EDGE('',*,*,#1516,.F.);
#1983 = PLANE('',#1984);
#1984 = AXIS2_PLACEMENT_3D('',#1985,#1986,#1987);
#1985 = CARTESIAN_POINT('',(-7.1E-16,-17.5,3.363814835621));
#1986 = DIRECTION('',(0.,1.,0.));
#1987 = DIRECTION('',(0.,0.,1.));
#1988 = ADVANCED_FACE('',(#1989),#2025,.T.);
#1989 = FACE_BOUND('',#1990,.T.);
#1990 = EDGE_LOOP('',(#1991,#2000,#2008,#2017,#2023,#2024));
#1991 = ORIENTED_EDGE('',*,*,#1992,.F.);
#1992 = EDGE_CURVE('',#1993,#1968,#1995,.T.);
#1993 = VERTEX_POINT('',#1994);
#1994 = CARTESIAN_POINT('',(-49.5,-17.49946029069,0.321202595253));
#1995 = CIRCLE('',#1996,0.343426);
#1996 = AXIS2_PLACEMENT_3D('',#1997,#1998,#1999);
#1997 = CARTESIAN_POINT('',(-49.5,-17.842425,0.338996573099));
#1998 = DIRECTION('',(-1.,0.,0.));
#1999 = DIRECTION('',(0.,-1.,0.));
#2000 = ORIENTED_EDGE('',*,*,#2001,.T.);
#2001 = EDGE_CURVE('',#1993,#2002,#2004,.T.);
#2002 = VERTEX_POINT('',#2003);
#2003 = CARTESIAN_POINT('',(-48.5,-17.49946029069,0.321202595253));
#2004 = LINE('',#2005,#2006);
#2005 = CARTESIAN_POINT('',(-53.5,-17.49946029069,0.321202595253));
#2006 = VECTOR('',#2007,1.);
#2007 = DIRECTION('',(1.,0.,0.));
#2008 = ORIENTED_EDGE('',*,*,#2009,.T.);
#2009 = EDGE_CURVE('',#2002,#2010,#2012,.T.);
#2010 = VERTEX_POINT('',#2011);
#2011 = CARTESIAN_POINT('',(-48.5,-17.78744554108,0.));
#2012 = CIRCLE('',#2013,0.343426);
#2013 = AXIS2_PLACEMENT_3D('',#2014,#2015,#2016);
#2014 = CARTESIAN_POINT('',(-48.5,-17.842425,0.338996573099));
#2015 = DIRECTION('',(-1.,0.,0.));
#2016 = DIRECTION('',(0.,-1.,0.));
#2017 = ORIENTED_EDGE('',*,*,#2018,.F.);
#2018 = EDGE_CURVE('',#1119,#2010,#2019,.T.);
#2019 = LINE('',#2020,#2021);
#2020 = CARTESIAN_POINT('',(-53.5,-17.78744554108,6.E-17));
#2021 = VECTOR('',#2022,1.);
#2022 = DIRECTION('',(1.,0.,0.));
#2023 = ORIENTED_EDGE('',*,*,#1126,.F.);
#2024 = ORIENTED_EDGE('',*,*,#1975,.F.);
#2025 = CYLINDRICAL_SURFACE('',#2026,0.343426);
#2026 = AXIS2_PLACEMENT_3D('',#2027,#2028,#2029);
#2027 = CARTESIAN_POINT('',(-53.5,-17.842425,0.338996573099));
#2028 = DIRECTION('',(-1.,0.,0.));
#2029 = DIRECTION('',(0.,-1.,0.));
#2030 = ADVANCED_FACE('',(#2031),#2127,.F.);
#2031 = FACE_BOUND('',#2032,.F.);
#2032 = EDGE_LOOP('',(#2033,#2034,#2035,#2041,#2042,#2050,#2058,#2066,
    #2074,#2082,#2088,#2089,#2097,#2105,#2113,#2121));
#2033 = ORIENTED_EDGE('',*,*,#2018,.F.);
#2034 = ORIENTED_EDGE('',*,*,#1118,.T.);
#2035 = ORIENTED_EDGE('',*,*,#2036,.T.);
#2036 = EDGE_CURVE('',#1111,#1489,#2037,.T.);
#2037 = LINE('',#2038,#2039);
#2038 = CARTESIAN_POINT('',(-53.5,-43.85,0.));
#2039 = VECTOR('',#2040,1.);
#2040 = DIRECTION('',(1.,0.,0.));
#2041 = ORIENTED_EDGE('',*,*,#1488,.T.);
#2042 = ORIENTED_EDGE('',*,*,#2043,.T.);
#2043 = EDGE_CURVE('',#1491,#2044,#2046,.T.);
#2044 = VERTEX_POINT('',#2045);
#2045 = CARTESIAN_POINT('',(48.5,-17.99932039525,0.));
#2046 = LINE('',#2047,#2048);
#2047 = CARTESIAN_POINT('',(53.5,-17.99932039525,0.));
#2048 = VECTOR('',#2049,1.);
#2049 = DIRECTION('',(-1.,-0.,-0.));
#2050 = ORIENTED_EDGE('',*,*,#2051,.T.);
#2051 = EDGE_CURVE('',#2044,#2052,#2054,.T.);
#2052 = VERTEX_POINT('',#2053);
#2053 = CARTESIAN_POINT('',(48.5,-17.247911,0.));
#2054 = LINE('',#2055,#2056);
#2055 = CARTESIAN_POINT('',(48.5,-17.99932039525,0.));
#2056 = VECTOR('',#2057,1.);
#2057 = DIRECTION('',(0.,1.,0.));
#2058 = ORIENTED_EDGE('',*,*,#2059,.F.);
#2059 = EDGE_CURVE('',#2060,#2052,#2062,.T.);
#2060 = VERTEX_POINT('',#2061);
#2061 = CARTESIAN_POINT('',(49.5,-17.247911,0.));
#2062 = LINE('',#2063,#2064);
#2063 = CARTESIAN_POINT('',(53.5,-17.247911,0.));
#2064 = VECTOR('',#2065,1.);
#2065 = DIRECTION('',(-1.,-0.,-0.));
#2066 = ORIENTED_EDGE('',*,*,#2067,.T.);
#2067 = EDGE_CURVE('',#2060,#2068,#2070,.T.);
#2068 = VERTEX_POINT('',#2069);
#2069 = CARTESIAN_POINT('',(49.5,-15.192104,0.));
#2070 = LINE('',#2071,#2072);
#2071 = CARTESIAN_POINT('',(49.5,-17.5,0.));
#2072 = VECTOR('',#2073,1.);
#2073 = DIRECTION('',(0.,1.,0.));
#2074 = ORIENTED_EDGE('',*,*,#2075,.T.);
#2075 = EDGE_CURVE('',#2068,#2076,#2078,.T.);
#2076 = VERTEX_POINT('',#2077);
#2077 = CARTESIAN_POINT('',(30.,-15.192104,0.));
#2078 = LINE('',#2079,#2080);
#2079 = CARTESIAN_POINT('',(53.5,-15.192104,0.));
#2080 = VECTOR('',#2081,1.);
#2081 = DIRECTION('',(-1.,-0.,-0.));
#2082 = ORIENTED_EDGE('',*,*,#2083,.T.);
#2083 = EDGE_CURVE('',#2076,#1936,#2084,.T.);
#2084 = LINE('',#2085,#2086);
#2085 = CARTESIAN_POINT('',(30.,-12.5,0.));
#2086 = VECTOR('',#2087,1.);
#2087 = DIRECTION('',(0.,-1.,0.));
#2088 = ORIENTED_EDGE('',*,*,#1943,.F.);
#2089 = ORIENTED_EDGE('',*,*,#2090,.F.);
#2090 = EDGE_CURVE('',#2091,#1944,#2093,.T.);
#2091 = VERTEX_POINT('',#2092);
#2092 = CARTESIAN_POINT('',(-30.,-15.192104,0.));
#2093 = LINE('',#2094,#2095);
#2094 = CARTESIAN_POINT('',(-30.,-12.5,0.));
#2095 = VECTOR('',#2096,1.);
#2096 = DIRECTION('',(0.,-1.,0.));
#2097 = ORIENTED_EDGE('',*,*,#2098,.T.);
#2098 = EDGE_CURVE('',#2091,#2099,#2101,.T.);
#2099 = VERTEX_POINT('',#2100);
#2100 = CARTESIAN_POINT('',(-49.5,-15.192104,0.));
#2101 = LINE('',#2102,#2103);
#2102 = CARTESIAN_POINT('',(53.5,-15.192104,0.));
#2103 = VECTOR('',#2104,1.);
#2104 = DIRECTION('',(-1.,-0.,-0.));
#2105 = ORIENTED_EDGE('',*,*,#2106,.F.);
#2106 = EDGE_CURVE('',#2107,#2099,#2109,.T.);
#2107 = VERTEX_POINT('',#2108);
#2108 = CARTESIAN_POINT('',(-49.5,-17.322828,0.));
#2109 = LINE('',#2110,#2111);
#2110 = CARTESIAN_POINT('',(-49.5,-17.5,0.));
#2111 = VECTOR('',#2112,1.);
#2112 = DIRECTION('',(0.,1.,0.));
#2113 = ORIENTED_EDGE('',*,*,#2114,.T.);
#2114 = EDGE_CURVE('',#2107,#2115,#2117,.T.);
#2115 = VERTEX_POINT('',#2116);
#2116 = CARTESIAN_POINT('',(-48.5,-17.322828,0.));
#2117 = LINE('',#2118,#2119);
#2118 = CARTESIAN_POINT('',(-53.5,-17.322828,0.));
#2119 = VECTOR('',#2120,1.);
#2120 = DIRECTION('',(1.,0.,0.));
#2121 = ORIENTED_EDGE('',*,*,#2122,.F.);
#2122 = EDGE_CURVE('',#2010,#2115,#2123,.T.);
#2123 = LINE('',#2124,#2125);
#2124 = CARTESIAN_POINT('',(-48.5,-17.78744554108,6.E-17));
#2125 = VECTOR('',#2126,1.);
#2126 = DIRECTION('',(0.,1.,-1.2E-16));
#2127 = PLANE('',#2128);
#2128 = AXIS2_PLACEMENT_3D('',#2129,#2130,#2131);
#2129 = CARTESIAN_POINT('',(0.,0.,0.));
#2130 = DIRECTION('',(0.,0.,1.));
#2131 = DIRECTION('',(1.,0.,0.));
#2132 = ADVANCED_FACE('',(#2133),#2139,.F.);
#2133 = FACE_BOUND('',#2134,.F.);
#2134 = EDGE_LOOP('',(#2135,#2136,#2137,#2138));
#2135 = ORIENTED_EDGE('',*,*,#1110,.T.);
#2136 = ORIENTED_EDGE('',*,*,#1168,.T.);
#2137 = ORIENTED_EDGE('',*,*,#1498,.F.);
#2138 = ORIENTED_EDGE('',*,*,#2036,.F.);
#2139 = PLANE('',#2140);
#2140 = AXIS2_PLACEMENT_3D('',#2141,#2142,#2143);
#2141 = CARTESIAN_POINT('',(-53.5,-43.85,0.));
#2142 = DIRECTION('',(0.,1.,0.));
#2143 = DIRECTION('',(1.,0.,0.));
#2144 = ADVANCED_FACE('',(#2145),#2161,.F.);
#2145 = FACE_BOUND('',#2146,.F.);
#2146 = EDGE_LOOP('',(#2147,#2148,#2154,#2155));
#2147 = ORIENTED_EDGE('',*,*,#1239,.T.);
#2148 = ORIENTED_EDGE('',*,*,#2149,.F.);
#2149 = EDGE_CURVE('',#1353,#1242,#2150,.T.);
#2150 = LINE('',#2151,#2152);
#2151 = CARTESIAN_POINT('',(53.5,17.5,0.));
#2152 = VECTOR('',#2153,1.);
#2153 = DIRECTION('',(-1.,-0.,-0.));
#2154 = ORIENTED_EDGE('',*,*,#1352,.T.);
#2155 = ORIENTED_EDGE('',*,*,#2156,.T.);
#2156 = EDGE_CURVE('',#1345,#1240,#2157,.T.);
#2157 = LINE('',#2158,#2159);
#2158 = CARTESIAN_POINT('',(53.5,43.85,0.));
#2159 = VECTOR('',#2160,1.);
#2160 = DIRECTION('',(-1.,0.,0.));
#2161 = PLANE('',#2162);
#2162 = AXIS2_PLACEMENT_3D('',#2163,#2164,#2165);
#2163 = CARTESIAN_POINT('',(0.,0.,0.));
#2164 = DIRECTION('',(0.,0.,1.));
#2165 = DIRECTION('',(1.,0.,0.));
#2166 = ADVANCED_FACE('',(#2167),#2178,.T.);
#2167 = FACE_BOUND('',#2168,.T.);
#2168 = EDGE_LOOP('',(#2169,#2170,#2176,#2177));
#2169 = ORIENTED_EDGE('',*,*,#1360,.F.);
#2170 = ORIENTED_EDGE('',*,*,#2171,.T.);
#2171 = EDGE_CURVE('',#1361,#1282,#2172,.T.);
#2172 = LINE('',#2173,#2174);
#2173 = CARTESIAN_POINT('',(53.5,13.596935273051,3.994937991791));
#2174 = VECTOR('',#2175,1.);
#2175 = DIRECTION('',(-1.,-0.,-0.));
#2176 = ORIENTED_EDGE('',*,*,#1290,.T.);
#2177 = ORIENTED_EDGE('',*,*,#2149,.F.);
#2178 = PLANE('',#2179);
#2179 = AXIS2_PLACEMENT_3D('',#2180,#2181,#2182);
#2180 = CARTESIAN_POINT('',(53.5,13.596935273051,3.994937991791));
#2181 = DIRECTION('',(0.,-0.715283785846,-0.698834104567));
#2182 = DIRECTION('',(0.,0.698834104567,-0.715283785846));
#2183 = ADVANCED_FACE('',(#2184),#2195,.T.);
#2184 = FACE_BOUND('',#2185,.T.);
#2185 = EDGE_LOOP('',(#2186,#2187,#2193,#2194));
#2186 = ORIENTED_EDGE('',*,*,#1368,.F.);
#2187 = ORIENTED_EDGE('',*,*,#2188,.T.);
#2188 = EDGE_CURVE('',#1369,#1274,#2189,.T.);
#2189 = LINE('',#2190,#2191);
#2190 = CARTESIAN_POINT('',(53.5,13.638709991995,4.094155));
#2191 = VECTOR('',#2192,1.);
#2192 = DIRECTION('',(-1.,-0.,-0.));
#2193 = ORIENTED_EDGE('',*,*,#1281,.T.);
#2194 = ORIENTED_EDGE('',*,*,#2171,.F.);
#2195 = CYLINDRICAL_SURFACE('',#2196,5.8403E-02);
#2196 = AXIS2_PLACEMENT_3D('',#2197,#2198,#2199);
#2197 = CARTESIAN_POINT('',(53.5,13.638709991995,4.035752));
#2198 = DIRECTION('',(1.,0.,0.));
#2199 = DIRECTION('',(0.,1.,0.));
#2200 = ADVANCED_FACE('',(#2201),#2207,.T.);
#2201 = FACE_BOUND('',#2202,.T.);
#2202 = EDGE_LOOP('',(#2203,#2204,#2205,#2206));
#2203 = ORIENTED_EDGE('',*,*,#1377,.F.);
#2204 = ORIENTED_EDGE('',*,*,#1314,.T.);
#2205 = ORIENTED_EDGE('',*,*,#1273,.T.);
#2206 = ORIENTED_EDGE('',*,*,#2188,.F.);
#2207 = PLANE('',#2208);
#2208 = AXIS2_PLACEMENT_3D('',#2209,#2210,#2211);
#2209 = CARTESIAN_POINT('',(53.5,17.5,4.094155));
#2210 = DIRECTION('',(0.,0.,1.));
#2211 = DIRECTION('',(0.,-1.,0.));
#2212 = ADVANCED_FACE('',(#2213),#2219,.F.);
#2213 = FACE_BOUND('',#2214,.F.);
#2214 = EDGE_LOOP('',(#2215,#2216,#2217,#2218));
#2215 = ORIENTED_EDGE('',*,*,#1344,.T.);
#2216 = ORIENTED_EDGE('',*,*,#1547,.T.);
#2217 = ORIENTED_EDGE('',*,*,#1249,.F.);
#2218 = ORIENTED_EDGE('',*,*,#2156,.F.);
#2219 = PLANE('',#2220);
#2220 = AXIS2_PLACEMENT_3D('',#2221,#2222,#2223);
#2221 = CARTESIAN_POINT('',(53.5,43.85,0.));
#2222 = DIRECTION('',(0.,-1.,0.));
#2223 = DIRECTION('',(-1.,0.,0.));
#2224 = ADVANCED_FACE('',(#2225),#2236,.T.);
#2225 = FACE_BOUND('',#2226,.T.);
#2226 = EDGE_LOOP('',(#2227,#2233,#2234,#2235));
#2227 = ORIENTED_EDGE('',*,*,#2228,.T.);
#2228 = EDGE_CURVE('',#1703,#1754,#2229,.T.);
#2229 = LINE('',#2230,#2231);
#2230 = CARTESIAN_POINT('',(53.5,0.,15.16));
#2231 = VECTOR('',#2232,1.);
#2232 = DIRECTION('',(0.,-1.,0.));
#2233 = ORIENTED_EDGE('',*,*,#1776,.T.);
#2234 = ORIENTED_EDGE('',*,*,#1457,.T.);
#2235 = ORIENTED_EDGE('',*,*,#1710,.F.);
#2236 = PLANE('',#2237);
#2237 = AXIS2_PLACEMENT_3D('',#2238,#2239,#2240);
#2238 = CARTESIAN_POINT('',(52.72,0.,15.16));
#2239 = DIRECTION('',(-0.,-0.,-1.));
#2240 = DIRECTION('',(-1.,0.,0.));
#2241 = ADVANCED_FACE('',(#2242),#2261,.T.);
#2242 = FACE_BOUND('',#2243,.T.);
#2243 = EDGE_LOOP('',(#2244,#2245,#2254,#2260));
#2244 = ORIENTED_EDGE('',*,*,#2043,.T.);
#2245 = ORIENTED_EDGE('',*,*,#2246,.T.);
#2246 = EDGE_CURVE('',#2044,#2247,#2249,.T.);
#2247 = VERTEX_POINT('',#2248);
#2248 = CARTESIAN_POINT('',(48.5,-17.50976734783,0.382862009202));
#2249 = CIRCLE('',#2250,0.511327);
#2250 = AXIS2_PLACEMENT_3D('',#2251,#2252,#2253);
#2251 = CARTESIAN_POINT('',(48.5,-18.004701,0.511298689634));
#2252 = DIRECTION('',(1.,0.,0.));
#2253 = DIRECTION('',(0.,1.,0.));
#2254 = ORIENTED_EDGE('',*,*,#2255,.F.);
#2255 = EDGE_CURVE('',#1525,#2247,#2256,.T.);
#2256 = LINE('',#2257,#2258);
#2257 = CARTESIAN_POINT('',(53.5,-17.50976734783,0.382862009202));
#2258 = VECTOR('',#2259,1.);
#2259 = DIRECTION('',(-1.,-0.,-0.));
#2260 = ORIENTED_EDGE('',*,*,#1532,.F.);
#2261 = CYLINDRICAL_SURFACE('',#2262,0.511327);
#2262 = AXIS2_PLACEMENT_3D('',#2263,#2264,#2265);
#2263 = CARTESIAN_POINT('',(53.5,-18.004701,0.511298689634));
#2264 = DIRECTION('',(1.,0.,0.));
#2265 = DIRECTION('',(0.,1.,0.));
#2266 = ADVANCED_FACE('',(#2267),#2285,.T.);
#2267 = FACE_BOUND('',#2268,.T.);
#2268 = EDGE_LOOP('',(#2269,#2270,#2271,#2277,#2278,#2284));
#2269 = ORIENTED_EDGE('',*,*,#1524,.F.);
#2270 = ORIENTED_EDGE('',*,*,#2255,.T.);
#2271 = ORIENTED_EDGE('',*,*,#2272,.T.);
#2272 = EDGE_CURVE('',#2247,#2052,#2273,.T.);
#2273 = LINE('',#2274,#2275);
#2274 = CARTESIAN_POINT('',(48.5,-17.50976734783,0.382862009202));
#2275 = VECTOR('',#2276,1.);
#2276 = DIRECTION('',(0.,0.564534317,-0.825409598278));
#2277 = ORIENTED_EDGE('',*,*,#2059,.F.);
#2278 = ORIENTED_EDGE('',*,*,#2279,.T.);
#2279 = EDGE_CURVE('',#2060,#1912,#2280,.T.);
#2280 = LINE('',#2281,#2282);
#2281 = CARTESIAN_POINT('',(49.5,-17.4190094294,0.250164217877));
#2282 = VECTOR('',#2283,1.);
#2283 = DIRECTION('',(0.,-0.564534317,0.825409598278));
#2284 = ORIENTED_EDGE('',*,*,#1911,.F.);
#2285 = PLANE('',#2286);
#2286 = AXIS2_PLACEMENT_3D('',#2287,#2288,#2289);
#2287 = CARTESIAN_POINT('',(53.5,-17.50976734783,0.382862009202));
#2288 = DIRECTION('',(0.,-0.825409598278,-0.564534317));
#2289 = DIRECTION('',(0.,0.564534317,-0.825409598278));
#2290 = ADVANCED_FACE('',(#2291),#2302,.T.);
#2291 = FACE_BOUND('',#2292,.T.);
#2292 = EDGE_LOOP('',(#2293,#2294,#2295,#2301));
#2293 = ORIENTED_EDGE('',*,*,#1646,.F.);
#2294 = ORIENTED_EDGE('',*,*,#1571,.T.);
#2295 = ORIENTED_EDGE('',*,*,#2296,.T.);
#2296 = EDGE_CURVE('',#1564,#1625,#2297,.T.);
#2297 = LINE('',#2298,#2299);
#2298 = CARTESIAN_POINT('',(52.1,42.45,10.16));
#2299 = VECTOR('',#2300,1.);
#2300 = DIRECTION('',(0.,0.,1.));
#2301 = ORIENTED_EDGE('',*,*,#1624,.F.);
#2302 = PLANE('',#2303);
#2303 = AXIS2_PLACEMENT_3D('',#2304,#2305,#2306);
#2304 = CARTESIAN_POINT('',(52.1,-5.8E-16,10.896809076043));
#2305 = DIRECTION('',(1.,0.,3.E-16));
#2306 = DIRECTION('',(-3.E-16,0.,1.));
#2307 = ADVANCED_FACE('',(#2308),#2314,.F.);
#2308 = FACE_BOUND('',#2309,.F.);
#2309 = EDGE_LOOP('',(#2310,#2311,#2312,#2313));
#2310 = ORIENTED_EDGE('',*,*,#2296,.T.);
#2311 = ORIENTED_EDGE('',*,*,#1632,.T.);
#2312 = ORIENTED_EDGE('',*,*,#1597,.F.);
#2313 = ORIENTED_EDGE('',*,*,#1563,.F.);
#2314 = PLANE('',#2315);
#2315 = AXIS2_PLACEMENT_3D('',#2316,#2317,#2318);
#2316 = CARTESIAN_POINT('',(52.1,42.45,10.16));
#2317 = DIRECTION('',(0.,-1.,0.));
#2318 = DIRECTION('',(-1.,0.,0.));
#2319 = ADVANCED_FACE('',(#2320),#2331,.T.);
#2320 = FACE_BOUND('',#2321,.F.);
#2321 = EDGE_LOOP('',(#2322,#2323,#2329,#2330));
#2322 = ORIENTED_EDGE('',*,*,#1694,.F.);
#2323 = ORIENTED_EDGE('',*,*,#2324,.T.);
#2324 = EDGE_CURVE('',#1695,#1752,#2325,.T.);
#2325 = LINE('',#2326,#2327);
#2326 = CARTESIAN_POINT('',(53.5,3.,16.36));
#2327 = VECTOR('',#2328,1.);
#2328 = DIRECTION('',(0.,-1.,0.));
#2329 = ORIENTED_EDGE('',*,*,#1761,.T.);
#2330 = ORIENTED_EDGE('',*,*,#1735,.F.);
#2331 = PLANE('',#2332);
#2332 = AXIS2_PLACEMENT_3D('',#2333,#2334,#2335);
#2333 = CARTESIAN_POINT('',(52.6,3.,17.26));
#2334 = DIRECTION('',(0.707106781187,0.,0.707106781187));
#2335 = DIRECTION('',(0.,1.,0.));
#2336 = ADVANCED_FACE('',(#2337),#2343,.T.);
#2337 = FACE_BOUND('',#2338,.T.);
#2338 = EDGE_LOOP('',(#2339,#2340,#2341,#2342));
#2339 = ORIENTED_EDGE('',*,*,#1702,.T.);
#2340 = ORIENTED_EDGE('',*,*,#2324,.T.);
#2341 = ORIENTED_EDGE('',*,*,#1751,.T.);
#2342 = ORIENTED_EDGE('',*,*,#2228,.F.);
#2343 = PLANE('',#2344);
#2344 = AXIS2_PLACEMENT_3D('',#2345,#2346,#2347);
#2345 = CARTESIAN_POINT('',(53.5,0.,16.66));
#2346 = DIRECTION('',(1.,0.,0.));
#2347 = DIRECTION('',(0.,0.,1.));
#2348 = ADVANCED_FACE('',(#2349),#2368,.F.);
#2349 = FACE_BOUND('',#2350,.T.);
#2350 = EDGE_LOOP('',(#2351,#2359,#2360,#2361));
#2351 = ORIENTED_EDGE('',*,*,#2352,.T.);
#2352 = EDGE_CURVE('',#2353,#1829,#2355,.T.);
#2353 = VERTEX_POINT('',#2354);
#2354 = CARTESIAN_POINT('',(-41.3,-26.095329,5.66));
#2355 = LINE('',#2356,#2357);
#2356 = CARTESIAN_POINT('',(-41.3,-26.095329,5.66));
#2357 = VECTOR('',#2358,1.);
#2358 = DIRECTION('',(0.,0.,1.));
#2359 = ORIENTED_EDGE('',*,*,#1828,.T.);
#2360 = ORIENTED_EDGE('',*,*,#2352,.F.);
#2361 = ORIENTED_EDGE('',*,*,#2362,.F.);
#2362 = EDGE_CURVE('',#2353,#2353,#2363,.T.);
#2363 = CIRCLE('',#2364,1.2);
#2364 = AXIS2_PLACEMENT_3D('',#2365,#2366,#2367);
#2365 = CARTESIAN_POINT('',(-42.5,-26.095329,5.66));
#2366 = DIRECTION('',(0.,0.,1.));
#2367 = DIRECTION('',(1.,0.,0.));
#2368 = CYLINDRICAL_SURFACE('',#2369,1.2);
#2369 = AXIS2_PLACEMENT_3D('',#2370,#2371,#2372);
#2370 = CARTESIAN_POINT('',(-42.5,-26.095329,5.66));
#2371 = DIRECTION('',(-0.,-0.,-1.));
#2372 = DIRECTION('',(1.,0.,0.));
#2373 = ADVANCED_FACE('',(#2374),#2393,.F.);
#2374 = FACE_BOUND('',#2375,.T.);
#2375 = EDGE_LOOP('',(#2376,#2384,#2385,#2386));
#2376 = ORIENTED_EDGE('',*,*,#2377,.T.);
#2377 = EDGE_CURVE('',#2378,#1849,#2380,.T.);
#2378 = VERTEX_POINT('',#2379);
#2379 = CARTESIAN_POINT('',(43.7,23.904671,5.66));
#2380 = LINE('',#2381,#2382);
#2381 = CARTESIAN_POINT('',(43.7,23.904671,5.66));
#2382 = VECTOR('',#2383,1.);
#2383 = DIRECTION('',(0.,0.,1.));
#2384 = ORIENTED_EDGE('',*,*,#1848,.T.);
#2385 = ORIENTED_EDGE('',*,*,#2377,.F.);
#2386 = ORIENTED_EDGE('',*,*,#2387,.F.);
#2387 = EDGE_CURVE('',#2378,#2378,#2388,.T.);
#2388 = CIRCLE('',#2389,1.2);
#2389 = AXIS2_PLACEMENT_3D('',#2390,#2391,#2392);
#2390 = CARTESIAN_POINT('',(42.5,23.904671,5.66));
#2391 = DIRECTION('',(0.,0.,1.));
#2392 = DIRECTION('',(1.,0.,0.));
#2393 = CYLINDRICAL_SURFACE('',#2394,1.2);
#2394 = AXIS2_PLACEMENT_3D('',#2395,#2396,#2397);
#2395 = CARTESIAN_POINT('',(42.5,23.904671,5.66));
#2396 = DIRECTION('',(-0.,-0.,-1.));
#2397 = DIRECTION('',(1.,0.,0.));
#2398 = ADVANCED_FACE('',(#2399),#2441,.T.);
#2399 = FACE_BOUND('',#2400,.T.);
#2400 = EDGE_LOOP('',(#2401,#2409,#2410,#2416,#2417,#2418,#2426,#2434));
#2401 = ORIENTED_EDGE('',*,*,#2402,.F.);
#2402 = EDGE_CURVE('',#2099,#2403,#2405,.T.);
#2403 = VERTEX_POINT('',#2404);
#2404 = CARTESIAN_POINT('',(-49.5,-13.55857864376,1.633525356237));
#2405 = LINE('',#2406,#2407);
#2406 = CARTESIAN_POINT('',(-49.5,-15.769078,-0.576974));
#2407 = VECTOR('',#2408,1.);
#2408 = DIRECTION('',(0.,0.707106781187,0.707106781187));
#2409 = ORIENTED_EDGE('',*,*,#2106,.F.);
#2410 = ORIENTED_EDGE('',*,*,#2411,.F.);
#2411 = EDGE_CURVE('',#1993,#2107,#2412,.T.);
#2412 = LINE('',#2413,#2414);
#2413 = CARTESIAN_POINT('',(-49.5,-17.431712651,0.198004749565));
#2414 = VECTOR('',#2415,1.);
#2415 = DIRECTION('',(0.,0.481857723116,-0.87624947057));
#2416 = ORIENTED_EDGE('',*,*,#1992,.T.);
#2417 = ORIENTED_EDGE('',*,*,#1967,.T.);
#2418 = ORIENTED_EDGE('',*,*,#2419,.T.);
#2419 = EDGE_CURVE('',#1960,#2420,#2422,.T.);
#2420 = VERTEX_POINT('',#2421);
#2421 = CARTESIAN_POINT('',(-49.5,-13.5,4.094155));
#2422 = LINE('',#2423,#2424);
#2423 = CARTESIAN_POINT('',(-49.5,-17.5,4.094155));
#2424 = VECTOR('',#2425,1.);
#2425 = DIRECTION('',(0.,1.,0.));
#2426 = ORIENTED_EDGE('',*,*,#2427,.T.);
#2427 = EDGE_CURVE('',#2420,#2428,#2430,.T.);
#2428 = VERTEX_POINT('',#2429);
#2429 = CARTESIAN_POINT('',(-49.5,-13.5,1.774946712475));
#2430 = LINE('',#2431,#2432);
#2431 = CARTESIAN_POINT('',(-49.5,-13.5,2.0470775));
#2432 = VECTOR('',#2433,1.);
#2433 = DIRECTION('',(-0.,-0.,-1.));
#2434 = ORIENTED_EDGE('',*,*,#2435,.F.);
#2435 = EDGE_CURVE('',#2403,#2428,#2436,.T.);
#2436 = CIRCLE('',#2437,0.2);
#2437 = AXIS2_PLACEMENT_3D('',#2438,#2439,#2440);
#2438 = CARTESIAN_POINT('',(-49.5,-13.7,1.774946712475));
#2439 = DIRECTION('',(1.,-0.,0.));
#2440 = DIRECTION('',(0.,0.,-1.));
#2441 = PLANE('',#2442);
#2442 = AXIS2_PLACEMENT_3D('',#2443,#2444,#2445);
#2443 = CARTESIAN_POINT('',(-49.5,-17.5,0.));
#2444 = DIRECTION('',(-1.,0.,0.));
#2445 = DIRECTION('',(0.,1.,0.));
#2446 = ADVANCED_FACE('',(#2447),#2465,.F.);
#2447 = FACE_BOUND('',#2448,.F.);
#2448 = EDGE_LOOP('',(#2449,#2457,#2458,#2459));
#2449 = ORIENTED_EDGE('',*,*,#2450,.T.);
#2450 = EDGE_CURVE('',#2451,#1952,#2453,.T.);
#2451 = VERTEX_POINT('',#2452);
#2452 = CARTESIAN_POINT('',(-30.,-13.5,4.094155));
#2453 = LINE('',#2454,#2455);
#2454 = CARTESIAN_POINT('',(-30.,-15.,4.094155));
#2455 = VECTOR('',#2456,1.);
#2456 = DIRECTION('',(0.,-1.,0.));
#2457 = ORIENTED_EDGE('',*,*,#1959,.T.);
#2458 = ORIENTED_EDGE('',*,*,#2419,.T.);
#2459 = ORIENTED_EDGE('',*,*,#2460,.F.);
#2460 = EDGE_CURVE('',#2451,#2420,#2461,.T.);
#2461 = LINE('',#2462,#2463);
#2462 = CARTESIAN_POINT('',(53.5,-13.5,4.094155));
#2463 = VECTOR('',#2464,1.);
#2464 = DIRECTION('',(-1.,-0.,-0.));
#2465 = PLANE('',#2466);
#2466 = AXIS2_PLACEMENT_3D('',#2467,#2468,#2469);
#2467 = CARTESIAN_POINT('',(53.5,-17.5,4.094155));
#2468 = DIRECTION('',(0.,0.,-1.));
#2469 = DIRECTION('',(0.,1.,0.));
#2470 = ADVANCED_FACE('',(#2471),#2499,.T.);
#2471 = FACE_BOUND('',#2472,.T.);
#2472 = EDGE_LOOP('',(#2473,#2481,#2482,#2483,#2484,#2492));
#2473 = ORIENTED_EDGE('',*,*,#2474,.T.);
#2474 = EDGE_CURVE('',#2475,#2451,#2477,.T.);
#2475 = VERTEX_POINT('',#2476);
#2476 = CARTESIAN_POINT('',(-30.,-13.5,1.774946712475));
#2477 = LINE('',#2478,#2479);
#2478 = CARTESIAN_POINT('',(-30.,-13.5,2.0470775));
#2479 = VECTOR('',#2480,1.);
#2480 = DIRECTION('',(0.,0.,1.));
#2481 = ORIENTED_EDGE('',*,*,#2450,.T.);
#2482 = ORIENTED_EDGE('',*,*,#1951,.F.);
#2483 = ORIENTED_EDGE('',*,*,#2090,.F.);
#2484 = ORIENTED_EDGE('',*,*,#2485,.F.);
#2485 = EDGE_CURVE('',#2486,#2091,#2488,.T.);
#2486 = VERTEX_POINT('',#2487);
#2487 = CARTESIAN_POINT('',(-30.,-13.55857864376,1.633525356237));
#2488 = LINE('',#2489,#2490);
#2489 = CARTESIAN_POINT('',(-30.,-14.519078,0.673026));
#2490 = VECTOR('',#2491,1.);
#2491 = DIRECTION('',(0.,-0.707106781187,-0.707106781187));
#2492 = ORIENTED_EDGE('',*,*,#2493,.T.);
#2493 = EDGE_CURVE('',#2486,#2475,#2494,.T.);
#2494 = CIRCLE('',#2495,0.2);
#2495 = AXIS2_PLACEMENT_3D('',#2496,#2497,#2498);
#2496 = CARTESIAN_POINT('',(-30.,-13.7,1.774946712475));
#2497 = DIRECTION('',(1.,-0.,0.));
#2498 = DIRECTION('',(0.,0.,-1.));
#2499 = PLANE('',#2500);
#2500 = AXIS2_PLACEMENT_3D('',#2501,#2502,#2503);
#2501 = CARTESIAN_POINT('',(-30.,-12.5,0.));
#2502 = DIRECTION('',(1.,0.,0.));
#2503 = DIRECTION('',(0.,-1.,0.));
#2504 = ADVANCED_FACE('',(#2505),#2540,.F.);
#2505 = FACE_BOUND('',#2506,.F.);
#2506 = EDGE_LOOP('',(#2507,#2517,#2523,#2524,#2525,#2533));
#2507 = ORIENTED_EDGE('',*,*,#2508,.T.);
#2508 = EDGE_CURVE('',#2509,#2511,#2513,.T.);
#2509 = VERTEX_POINT('',#2510);
#2510 = CARTESIAN_POINT('',(30.,-13.5,1.774946712475));
#2511 = VERTEX_POINT('',#2512);
#2512 = CARTESIAN_POINT('',(30.,-13.5,4.094155));
#2513 = LINE('',#2514,#2515);
#2514 = CARTESIAN_POINT('',(30.,-13.5,2.0470775));
#2515 = VECTOR('',#2516,1.);
#2516 = DIRECTION('',(0.,0.,1.));
#2517 = ORIENTED_EDGE('',*,*,#2518,.T.);
#2518 = EDGE_CURVE('',#2511,#1928,#2519,.T.);
#2519 = LINE('',#2520,#2521);
#2520 = CARTESIAN_POINT('',(30.,-15.,4.094155));
#2521 = VECTOR('',#2522,1.);
#2522 = DIRECTION('',(0.,-1.,0.));
#2523 = ORIENTED_EDGE('',*,*,#1935,.F.);
#2524 = ORIENTED_EDGE('',*,*,#2083,.F.);
#2525 = ORIENTED_EDGE('',*,*,#2526,.F.);
#2526 = EDGE_CURVE('',#2527,#2076,#2529,.T.);
#2527 = VERTEX_POINT('',#2528);
#2528 = CARTESIAN_POINT('',(30.,-13.55857864376,1.633525356237));
#2529 = LINE('',#2530,#2531);
#2530 = CARTESIAN_POINT('',(30.,-14.519078,0.673026));
#2531 = VECTOR('',#2532,1.);
#2532 = DIRECTION('',(0.,-0.707106781187,-0.707106781187));
#2533 = ORIENTED_EDGE('',*,*,#2534,.T.);
#2534 = EDGE_CURVE('',#2527,#2509,#2535,.T.);
#2535 = CIRCLE('',#2536,0.2);
#2536 = AXIS2_PLACEMENT_3D('',#2537,#2538,#2539);
#2537 = CARTESIAN_POINT('',(30.,-13.7,1.774946712475));
#2538 = DIRECTION('',(1.,-0.,0.));
#2539 = DIRECTION('',(0.,0.,-1.));
#2540 = PLANE('',#2541);
#2541 = AXIS2_PLACEMENT_3D('',#2542,#2543,#2544);
#2542 = CARTESIAN_POINT('',(30.,-12.5,0.));
#2543 = DIRECTION('',(1.,0.,0.));
#2544 = DIRECTION('',(0.,-1.,0.));
#2545 = ADVANCED_FACE('',(#2546),#2564,.F.);
#2546 = FACE_BOUND('',#2547,.F.);
#2547 = EDGE_LOOP('',(#2548,#2556,#2557,#2558));
#2548 = ORIENTED_EDGE('',*,*,#2549,.F.);
#2549 = EDGE_CURVE('',#1920,#2550,#2552,.T.);
#2550 = VERTEX_POINT('',#2551);
#2551 = CARTESIAN_POINT('',(49.5,-13.5,4.094155));
#2552 = LINE('',#2553,#2554);
#2553 = CARTESIAN_POINT('',(49.5,-17.5,4.094155));
#2554 = VECTOR('',#2555,1.);
#2555 = DIRECTION('',(0.,1.,0.));
#2556 = ORIENTED_EDGE('',*,*,#1927,.T.);
#2557 = ORIENTED_EDGE('',*,*,#2518,.F.);
#2558 = ORIENTED_EDGE('',*,*,#2559,.F.);
#2559 = EDGE_CURVE('',#2550,#2511,#2560,.T.);
#2560 = LINE('',#2561,#2562);
#2561 = CARTESIAN_POINT('',(53.5,-13.5,4.094155));
#2562 = VECTOR('',#2563,1.);
#2563 = DIRECTION('',(-1.,-0.,-0.));
#2564 = PLANE('',#2565);
#2565 = AXIS2_PLACEMENT_3D('',#2566,#2567,#2568);
#2566 = CARTESIAN_POINT('',(53.5,-17.5,4.094155));
#2567 = DIRECTION('',(0.,0.,-1.));
#2568 = DIRECTION('',(0.,1.,0.));
#2569 = ADVANCED_FACE('',(#2570),#2599,.F.);
#2570 = FACE_BOUND('',#2571,.F.);
#2571 = EDGE_LOOP('',(#2572,#2580,#2581,#2582,#2583,#2584,#2592));
#2572 = ORIENTED_EDGE('',*,*,#2573,.F.);
#2573 = EDGE_CURVE('',#2068,#2574,#2576,.T.);
#2574 = VERTEX_POINT('',#2575);
#2575 = CARTESIAN_POINT('',(49.5,-13.55857864376,1.633525356237));
#2576 = LINE('',#2577,#2578);
#2577 = CARTESIAN_POINT('',(49.5,-15.769078,-0.576974));
#2578 = VECTOR('',#2579,1.);
#2579 = DIRECTION('',(0.,0.707106781187,0.707106781187));
#2580 = ORIENTED_EDGE('',*,*,#2067,.F.);
#2581 = ORIENTED_EDGE('',*,*,#2279,.T.);
#2582 = ORIENTED_EDGE('',*,*,#1919,.T.);
#2583 = ORIENTED_EDGE('',*,*,#2549,.T.);
#2584 = ORIENTED_EDGE('',*,*,#2585,.T.);
#2585 = EDGE_CURVE('',#2550,#2586,#2588,.T.);
#2586 = VERTEX_POINT('',#2587);
#2587 = CARTESIAN_POINT('',(49.5,-13.5,1.774946712475));
#2588 = LINE('',#2589,#2590);
#2589 = CARTESIAN_POINT('',(49.5,-13.5,2.0470775));
#2590 = VECTOR('',#2591,1.);
#2591 = DIRECTION('',(-0.,-0.,-1.));
#2592 = ORIENTED_EDGE('',*,*,#2593,.F.);
#2593 = EDGE_CURVE('',#2574,#2586,#2594,.T.);
#2594 = CIRCLE('',#2595,0.2);
#2595 = AXIS2_PLACEMENT_3D('',#2596,#2597,#2598);
#2596 = CARTESIAN_POINT('',(49.5,-13.7,1.774946712475));
#2597 = DIRECTION('',(1.,-0.,0.));
#2598 = DIRECTION('',(0.,0.,-1.));
#2599 = PLANE('',#2600);
#2600 = AXIS2_PLACEMENT_3D('',#2601,#2602,#2603);
#2601 = CARTESIAN_POINT('',(49.5,-17.5,0.));
#2602 = DIRECTION('',(-1.,0.,0.));
#2603 = DIRECTION('',(0.,1.,0.));
#2604 = ADVANCED_FACE('',(#2605),#2615,.F.);
#2605 = FACE_BOUND('',#2606,.F.);
#2606 = EDGE_LOOP('',(#2607,#2608,#2609));
#2607 = ORIENTED_EDGE('',*,*,#2009,.T.);
#2608 = ORIENTED_EDGE('',*,*,#2122,.T.);
#2609 = ORIENTED_EDGE('',*,*,#2610,.F.);
#2610 = EDGE_CURVE('',#2002,#2115,#2611,.T.);
#2611 = LINE('',#2612,#2613);
#2612 = CARTESIAN_POINT('',(-48.5,-17.49946029069,0.321202595253));
#2613 = VECTOR('',#2614,1.);
#2614 = DIRECTION('',(-0.,0.481857723116,-0.87624947057));
#2615 = PLANE('',#2616);
#2616 = AXIS2_PLACEMENT_3D('',#2617,#2618,#2619);
#2617 = CARTESIAN_POINT('',(-48.5,-17.53394191529,9.219290367995E-02));
#2618 = DIRECTION('',(1.,0.,0.));
#2619 = DIRECTION('',(0.,0.,1.));
#2620 = ADVANCED_FACE('',(#2621),#2627,.F.);
#2621 = FACE_BOUND('',#2622,.F.);
#2622 = EDGE_LOOP('',(#2623,#2624,#2625,#2626));
#2623 = ORIENTED_EDGE('',*,*,#2411,.F.);
#2624 = ORIENTED_EDGE('',*,*,#2001,.T.);
#2625 = ORIENTED_EDGE('',*,*,#2610,.T.);
#2626 = ORIENTED_EDGE('',*,*,#2114,.F.);
#2627 = PLANE('',#2628);
#2628 = AXIS2_PLACEMENT_3D('',#2629,#2630,#2631);
#2629 = CARTESIAN_POINT('',(-53.5,-17.49946029069,0.321202595253));
#2630 = DIRECTION('',(0.,0.87624947057,0.481857723116));
#2631 = DIRECTION('',(0.,0.481857723116,-0.87624947057));
#2632 = ADVANCED_FACE('',(#2633),#2644,.T.);
#2633 = FACE_BOUND('',#2634,.T.);
#2634 = EDGE_LOOP('',(#2635,#2636,#2637,#2638));
#2635 = ORIENTED_EDGE('',*,*,#2485,.T.);
#2636 = ORIENTED_EDGE('',*,*,#2098,.T.);
#2637 = ORIENTED_EDGE('',*,*,#2402,.T.);
#2638 = ORIENTED_EDGE('',*,*,#2639,.F.);
#2639 = EDGE_CURVE('',#2486,#2403,#2640,.T.);
#2640 = LINE('',#2641,#2642);
#2641 = CARTESIAN_POINT('',(-30.,-13.55857864376,1.633525356237));
#2642 = VECTOR('',#2643,1.);
#2643 = DIRECTION('',(-1.,-0.,-0.));
#2644 = PLANE('',#2645);
#2645 = AXIS2_PLACEMENT_3D('',#2646,#2647,#2648);
#2646 = CARTESIAN_POINT('',(53.5,-15.192104,0.));
#2647 = DIRECTION('',(0.,0.707106781187,-0.707106781187));
#2648 = DIRECTION('',(0.,0.707106781187,0.707106781187));
#2649 = ADVANCED_FACE('',(#2650),#2661,.T.);
#2650 = FACE_BOUND('',#2651,.T.);
#2651 = EDGE_LOOP('',(#2652,#2653,#2654,#2655));
#2652 = ORIENTED_EDGE('',*,*,#2573,.F.);
#2653 = ORIENTED_EDGE('',*,*,#2075,.T.);
#2654 = ORIENTED_EDGE('',*,*,#2526,.F.);
#2655 = ORIENTED_EDGE('',*,*,#2656,.F.);
#2656 = EDGE_CURVE('',#2574,#2527,#2657,.T.);
#2657 = LINE('',#2658,#2659);
#2658 = CARTESIAN_POINT('',(49.5,-13.55857864376,1.633525356237));
#2659 = VECTOR('',#2660,1.);
#2660 = DIRECTION('',(-1.,-0.,-0.));
#2661 = PLANE('',#2662);
#2662 = AXIS2_PLACEMENT_3D('',#2663,#2664,#2665);
#2663 = CARTESIAN_POINT('',(53.5,-15.192104,0.));
#2664 = DIRECTION('',(0.,0.707106781187,-0.707106781187));
#2665 = DIRECTION('',(0.,0.707106781187,0.707106781187));
#2666 = ADVANCED_FACE('',(#2667),#2672,.T.);
#2667 = FACE_BOUND('',#2668,.F.);
#2668 = EDGE_LOOP('',(#2669,#2670,#2671));
#2669 = ORIENTED_EDGE('',*,*,#2246,.T.);
#2670 = ORIENTED_EDGE('',*,*,#2272,.T.);
#2671 = ORIENTED_EDGE('',*,*,#2051,.F.);
#2672 = PLANE('',#2673);
#2673 = AXIS2_PLACEMENT_3D('',#2674,#2675,#2676);
#2674 = CARTESIAN_POINT('',(48.5,-17.59585588515,9.756757351556E-02));
#2675 = DIRECTION('',(1.,0.,0.));
#2676 = DIRECTION('',(0.,0.,1.));
#2677 = ADVANCED_FACE('',(#2678),#2681,.T.);
#2678 = FACE_BOUND('',#2679,.T.);
#2679 = EDGE_LOOP('',(#2680));
#2680 = ORIENTED_EDGE('',*,*,#2362,.T.);
#2681 = PLANE('',#2682);
#2682 = AXIS2_PLACEMENT_3D('',#2683,#2684,#2685);
#2683 = CARTESIAN_POINT('',(0.,0.,5.66));
#2684 = DIRECTION('',(0.,0.,1.));
#2685 = DIRECTION('',(1.,0.,0.));
#2686 = ADVANCED_FACE('',(#2687),#2690,.T.);
#2687 = FACE_BOUND('',#2688,.T.);
#2688 = EDGE_LOOP('',(#2689));
#2689 = ORIENTED_EDGE('',*,*,#2387,.T.);
#2690 = PLANE('',#2691);
#2691 = AXIS2_PLACEMENT_3D('',#2692,#2693,#2694);
#2692 = CARTESIAN_POINT('',(0.,0.,5.66));
#2693 = DIRECTION('',(0.,0.,1.));
#2694 = DIRECTION('',(1.,0.,0.));
#2695 = ADVANCED_FACE('',(#2696),#2707,.T.);
#2696 = FACE_BOUND('',#2697,.F.);
#2697 = EDGE_LOOP('',(#2698,#2699,#2705,#2706));
#2698 = ORIENTED_EDGE('',*,*,#2493,.T.);
#2699 = ORIENTED_EDGE('',*,*,#2700,.T.);
#2700 = EDGE_CURVE('',#2475,#2428,#2701,.T.);
#2701 = LINE('',#2702,#2703);
#2702 = CARTESIAN_POINT('',(-30.,-13.5,1.774946712475));
#2703 = VECTOR('',#2704,1.);
#2704 = DIRECTION('',(-1.,-0.,-0.));
#2705 = ORIENTED_EDGE('',*,*,#2435,.F.);
#2706 = ORIENTED_EDGE('',*,*,#2639,.F.);
#2707 = CYLINDRICAL_SURFACE('',#2708,0.2);
#2708 = AXIS2_PLACEMENT_3D('',#2709,#2710,#2711);
#2709 = CARTESIAN_POINT('',(-30.,-13.7,1.774946712475));
#2710 = DIRECTION('',(-1.,-0.,-0.));
#2711 = DIRECTION('',(0.,0.707106781187,-0.707106781187));
#2712 = ADVANCED_FACE('',(#2713),#2719,.F.);
#2713 = FACE_BOUND('',#2714,.F.);
#2714 = EDGE_LOOP('',(#2715,#2716,#2717,#2718));
#2715 = ORIENTED_EDGE('',*,*,#2474,.T.);
#2716 = ORIENTED_EDGE('',*,*,#2460,.T.);
#2717 = ORIENTED_EDGE('',*,*,#2427,.T.);
#2718 = ORIENTED_EDGE('',*,*,#2700,.F.);
#2719 = PLANE('',#2720);
#2720 = AXIS2_PLACEMENT_3D('',#2721,#2722,#2723);
#2721 = CARTESIAN_POINT('',(53.5,-13.5,4.094155));
#2722 = DIRECTION('',(0.,-1.,0.));
#2723 = DIRECTION('',(0.,0.,-1.));
#2724 = ADVANCED_FACE('',(#2725),#2736,.F.);
#2725 = FACE_BOUND('',#2726,.F.);
#2726 = EDGE_LOOP('',(#2727,#2728,#2729,#2730));
#2727 = ORIENTED_EDGE('',*,*,#2585,.F.);
#2728 = ORIENTED_EDGE('',*,*,#2559,.T.);
#2729 = ORIENTED_EDGE('',*,*,#2508,.F.);
#2730 = ORIENTED_EDGE('',*,*,#2731,.F.);
#2731 = EDGE_CURVE('',#2586,#2509,#2732,.T.);
#2732 = LINE('',#2733,#2734);
#2733 = CARTESIAN_POINT('',(49.5,-13.5,1.774946712475));
#2734 = VECTOR('',#2735,1.);
#2735 = DIRECTION('',(-1.,-0.,-0.));
#2736 = PLANE('',#2737);
#2737 = AXIS2_PLACEMENT_3D('',#2738,#2739,#2740);
#2738 = CARTESIAN_POINT('',(53.5,-13.5,4.094155));
#2739 = DIRECTION('',(0.,-1.,0.));
#2740 = DIRECTION('',(0.,0.,-1.));
#2741 = ADVANCED_FACE('',(#2742),#2748,.T.);
#2742 = FACE_BOUND('',#2743,.F.);
#2743 = EDGE_LOOP('',(#2744,#2745,#2746,#2747));
#2744 = ORIENTED_EDGE('',*,*,#2593,.T.);
#2745 = ORIENTED_EDGE('',*,*,#2731,.T.);
#2746 = ORIENTED_EDGE('',*,*,#2534,.F.);
#2747 = ORIENTED_EDGE('',*,*,#2656,.F.);
#2748 = CYLINDRICAL_SURFACE('',#2749,0.2);
#2749 = AXIS2_PLACEMENT_3D('',#2750,#2751,#2752);
#2750 = CARTESIAN_POINT('',(49.5,-13.7,1.774946712475));
#2751 = DIRECTION('',(-1.,-0.,-0.));
#2752 = DIRECTION('',(0.,0.707106781187,-0.707106781187));
#2753 = ( GEOMETRIC_REPRESENTATION_CONTEXT(3) 
GLOBAL_UNCERTAINTY_ASSIGNED_CONTEXT((#2757)) 
GLOBAL_UNIT_ASSIGNED_CONTEXT((#2754,#2755,#2756)) REPRESENTATION_CONTEXT
('Context #1','3D Context with UNIT and UNCERTAINTY') );
#2754 = ( LENGTH_UNIT() NAMED_UNIT(*) SI_UNIT(.MILLI.,.METRE.) );
#2755 = ( NAMED_UNIT(*) PLANE_ANGLE_UNIT() SI_UNIT($,.RADIAN.) );
#2756 = ( NAMED_UNIT(*) SI_UNIT($,.STERADIAN.) SOLID_ANGLE_UNIT() );
#2757 = UNCERTAINTY_MEASURE_WITH_UNIT(LENGTH_MEASURE(1.E-04),#2754,
  'distance_accuracy_value','confusion accuracy');
#2758 = PRODUCT_RELATED_PRODUCT_CATEGORY('part',$,(#7));
#2759 = MECHANICAL_DESIGN_GEOMETRIC_PRESENTATION_REPRESENTATION('',(
    #2760),#2753);
#2760 = STYLED_ITEM('color',(#2761),#15);
#2761 = PRESENTATION_STYLE_ASSIGNMENT((#2762,#2770));
#2762 = SURFACE_STYLE_USAGE(.BOTH.,#2763);
#2763 = SURFACE_SIDE_STYLE('',(#2764,#2768));
#2764 = SURFACE_STYLE_FILL_AREA(#2765);
#2765 = FILL_AREA_STYLE('',(#2766));
#2766 = FILL_AREA_STYLE_COLOUR('',#2767);
#2767 = COLOUR_RGB('',0.447058818107,0.474509808674,0.501960817233);
#2768 = SURFACE_STYLE_RENDERING_WITH_PROPERTIES(.NORMAL_SHADING.,#2767,(
    #2769));
#2769 = SURFACE_STYLE_TRANSPARENT(1.);
#2770 = CURVE_STYLE('',#2771,POSITIVE_LENGTH_MEASURE(0.1),#2767);
#2771 = DRAUGHTING_PRE_DEFINED_CURVE_FONT('continuous');
ENDSEC;
END-ISO-10303-21;
