ISO-10303-21;
HEADER;
FILE_DESCRIPTION(('KiCad electronic assembly'),'2;1');
FILE_NAME('SDMOD.step','2025-12-12T04:38:14',('Pcbnew'),('Kicad'),
  'Open CASCADE STEP processor 7.9','KiCad to STEP converter','Unknown'
  );
FILE_SCHEMA(('AUTOMOTIVE_DESIGN { 1 0 10303 214 1 1 1 1 }'));
ENDSEC;
DATA;
#1 = APPLICATION_PROTOCOL_DEFINITION('international standard',
  'automotive_design',2000,#2);
#2 = APPLICATION_CONTEXT(
  'core data for automotive mechanical design processes');
#3 = SHAPE_DEFINITION_REPRESENTATION(#4,#10);
#4 = PRODUCT_DEFINITION_SHAPE('','',#5);
#5 = PRODUCT_DEFINITION('design','',#6,#9);
#6 = PRODUCT_DEFINITION_FORMATION('','',#7);
#7 = PRODUCT('SDMOD 1','SDMOD 1','',(#8));
#8 = PRODUCT_CONTEXT('',#2,'mechanical');
#9 = PRODUCT_DEFINITION_CONTEXT('part definition',#2,'design');
#10 = SHAPE_REPRESENTATION('',(#11,#15,#19),#23);
#11 = AXIS2_PLACEMENT_3D('',#12,#13,#14);
#12 = CARTESIAN_POINT('',(0.,0.,0.));
#13 = DIRECTION('',(0.,0.,1.));
#14 = DIRECTION('',(1.,0.,-0.));
#15 = AXIS2_PLACEMENT_3D('',#16,#17,#18);
#16 = CARTESIAN_POINT('',(180.5,-120.25,1.595));
#17 = DIRECTION('',(0.,0.,1.));
#18 = DIRECTION('',(-1.,1.224646799147E-16,0.));
#19 = AXIS2_PLACEMENT_3D('',#20,#21,#22);
#20 = CARTESIAN_POINT('',(0.,0.,0.));
#21 = DIRECTION('',(0.,0.,1.));
#22 = DIRECTION('',(1.,0.,-0.));
#23 = ( GEOMETRIC_REPRESENTATION_CONTEXT(3) 
GLOBAL_UNCERTAINTY_ASSIGNED_CONTEXT((#27)) GLOBAL_UNIT_ASSIGNED_CONTEXT(
(#24,#25,#26)) REPRESENTATION_CONTEXT('Context #1',
  '3D Context with UNIT and UNCERTAINTY') );
#24 = ( LENGTH_UNIT() NAMED_UNIT(*) SI_UNIT(.MILLI.,.METRE.) );
#25 = ( NAMED_UNIT(*) PLANE_ANGLE_UNIT() SI_UNIT($,.RADIAN.) );
#26 = ( NAMED_UNIT(*) SI_UNIT($,.STERADIAN.) SOLID_ANGLE_UNIT() );
#27 = UNCERTAINTY_MEASURE_WITH_UNIT(LENGTH_MEASURE(1.E-05),#24,
  'distance_accuracy_value','confusion accuracy');
#28 = PRODUCT_RELATED_PRODUCT_CATEGORY('part',$,(#7));
#29 = SHAPE_DEFINITION_REPRESENTATION(#30,#36);
#30 = PRODUCT_DEFINITION_SHAPE('','',#31);
#31 = PRODUCT_DEFINITION('design','',#32,#35);
#32 = PRODUCT_DEFINITION_FORMATION('','',#33);
#33 = PRODUCT('693072010801+%28rev1%29','693072010801+%28rev1%29','',(
    #34));
#34 = PRODUCT_CONTEXT('',#2,'mechanical');
#35 = PRODUCT_DEFINITION_CONTEXT('part definition',#2,'design');
#36 = SHAPE_REPRESENTATION('',(#11,#37,#41,#45,#49,#53,#57,#61,#65,#69,
    #73,#77,#81,#85,#89),#93);
#37 = AXIS2_PLACEMENT_3D('',#38,#39,#40);
#38 = CARTESIAN_POINT('',(0.,0.,0.));
#39 = DIRECTION('',(0.,0.,1.));
#40 = DIRECTION('',(1.,0.,0.));
#41 = AXIS2_PLACEMENT_3D('',#42,#43,#44);
#42 = CARTESIAN_POINT('',(-3.2,0.95,0.25));
#43 = DIRECTION('',(5.551115123126E-17,-5.551115123126E-17,1.));
#44 = DIRECTION('',(1.,1.110223024625E-16,-5.551115123126E-17));
#45 = AXIS2_PLACEMENT_3D('',#46,#47,#48);
#46 = CARTESIAN_POINT('',(-2.1,0.95,0.25));
#47 = DIRECTION('',(5.551115123126E-17,-5.551115123126E-17,1.));
#48 = DIRECTION('',(1.,1.110223024625E-16,-5.551115123126E-17));
#49 = AXIS2_PLACEMENT_3D('',#50,#51,#52);
#50 = CARTESIAN_POINT('',(-1.,0.95,0.25));
#51 = DIRECTION('',(5.551115123126E-17,-5.551115123126E-17,1.));
#52 = DIRECTION('',(1.,1.110223024625E-16,-5.551115123126E-17));
#53 = AXIS2_PLACEMENT_3D('',#54,#55,#56);
#54 = CARTESIAN_POINT('',(1.E-01,0.95,0.25));
#55 = DIRECTION('',(5.551115123126E-17,-5.551115123126E-17,1.));
#56 = DIRECTION('',(1.,1.110223024625E-16,-5.551115123126E-17));
#57 = AXIS2_PLACEMENT_3D('',#58,#59,#60);
#58 = CARTESIAN_POINT('',(1.2,0.95,0.25));
#59 = DIRECTION('',(5.551115123126E-17,-5.551115123126E-17,1.));
#60 = DIRECTION('',(1.,1.110223024625E-16,-5.551115123126E-17));
#61 = AXIS2_PLACEMENT_3D('',#62,#63,#64);
#62 = CARTESIAN_POINT('',(2.3,0.95,0.25));
#63 = DIRECTION('',(5.551115123126E-17,-5.551115123126E-17,1.));
#64 = DIRECTION('',(1.,1.110223024625E-16,-5.551115123126E-17));
#65 = AXIS2_PLACEMENT_3D('',#66,#67,#68);
#66 = CARTESIAN_POINT('',(3.4,0.95,0.25));
#67 = DIRECTION('',(5.551115123126E-17,-5.551115123126E-17,1.));
#68 = DIRECTION('',(1.,1.110223024625E-16,-5.551115123126E-17));
#69 = AXIS2_PLACEMENT_3D('',#70,#71,#72);
#70 = CARTESIAN_POINT('',(4.5,0.95,0.25));
#71 = DIRECTION('',(5.551115123126E-17,-5.551115123126E-17,1.));
#72 = DIRECTION('',(1.,1.110223024625E-16,-5.551115123126E-17));
#73 = AXIS2_PLACEMENT_3D('',#74,#75,#76);
#74 = CARTESIAN_POINT('',(6.25,-2.9,0.9));
#75 = DIRECTION('',(1.110223024625E-16,-1.232595164408E-32,1.));
#76 = DIRECTION('',(1.,-5.551115123126E-17,-1.110223024625E-16));
#77 = AXIS2_PLACEMENT_3D('',#78,#79,#80);
#78 = CARTESIAN_POINT('',(6.25,5.4,0.9));
#79 = DIRECTION('',(4.312344328917E-19,8.326672684689E-17,1.));
#80 = DIRECTION('',(1.,-2.287711515578E-17,-4.312344328917E-19));
#81 = AXIS2_PLACEMENT_3D('',#82,#83,#84);
#82 = CARTESIAN_POINT('',(2.331034670844E-15,1.4,1.55));
#83 = DIRECTION('',(1.110223024625E-16,-1.110223024625E-16,1.));
#84 = DIRECTION('',(1.,5.551115123126E-17,-1.110223024625E-16));
#85 = AXIS2_PLACEMENT_3D('',#86,#87,#88);
#86 = CARTESIAN_POINT('',(-6.25,-2.9,0.85));
#87 = DIRECTION('',(3.97498188903E-17,1.387778780781E-17,1.));
#88 = DIRECTION('',(-1.,-2.344725219657E-16,3.97498188903E-17));
#89 = AXIS2_PLACEMENT_3D('',#90,#91,#92);
#90 = CARTESIAN_POINT('',(-6.25,5.4,0.9));
#91 = DIRECTION('',(-6.285421299579E-17,-4.718447854657E-16,1.));
#92 = DIRECTION('',(-1.,-1.138770469481E-17,-6.285421299579E-17));
#93 = ( GEOMETRIC_REPRESENTATION_CONTEXT(3) 
GLOBAL_UNCERTAINTY_ASSIGNED_CONTEXT((#97)) GLOBAL_UNIT_ASSIGNED_CONTEXT(
(#94,#95,#96)) REPRESENTATION_CONTEXT('Context #1',
  '3D Context with UNIT and UNCERTAINTY') );
#94 = ( LENGTH_UNIT() NAMED_UNIT(*) SI_UNIT(.MILLI.,.METRE.) );
#95 = ( NAMED_UNIT(*) PLANE_ANGLE_UNIT() SI_UNIT($,.RADIAN.) );
#96 = ( NAMED_UNIT(*) SI_UNIT($,.STERADIAN.) SOLID_ANGLE_UNIT() );
#97 = UNCERTAINTY_MEASURE_WITH_UNIT(LENGTH_MEASURE(1.E-05),#94,
  'distance_accuracy_value','confusion accuracy');
#98 = CONTEXT_DEPENDENT_SHAPE_REPRESENTATION(#99,#101);
#99 = ( REPRESENTATION_RELATIONSHIP('','',#36,#10) 
REPRESENTATION_RELATIONSHIP_WITH_TRANSFORMATION(#100) 
SHAPE_REPRESENTATION_RELATIONSHIP() );
#100 = ITEM_DEFINED_TRANSFORMATION('','',#11,#15);
#101 = PRODUCT_DEFINITION_SHAPE('Placement','Placement of an item',#102
  );
#102 = NEXT_ASSEMBLY_USAGE_OCCURRENCE('15','J2','',#5,#31,$);
#103 = PRODUCT_RELATED_PRODUCT_CATEGORY('part',$,(#33));
#104 = SHAPE_DEFINITION_REPRESENTATION(#105,#111);
#105 = PRODUCT_DEFINITION_SHAPE('','',#106);
#106 = PRODUCT_DEFINITION('design','',#107,#110);
#107 = PRODUCT_DEFINITION_FORMATION('','',#108);
#108 = PRODUCT('693072010801','693072010801','',(#109));
#109 = PRODUCT_CONTEXT('',#2,'mechanical');
#110 = PRODUCT_DEFINITION_CONTEXT('part definition',#2,'design');
#111 = ADVANCED_BREP_SHAPE_REPRESENTATION('',(#11,#112),#7381);
#112 = MANIFOLD_SOLID_BREP('',#113);
#113 = CLOSED_SHELL('',(#114,#188,#354,#428,#532,#844,#1156,#1196,#1236,
    #1267,#1298,#1329,#1360,#1382,#1404,#1444,#1484,#1515,#1546,#1577,
    #1608,#1630,#1652,#1692,#1732,#1763,#1794,#1825,#1856,#1878,#1900,
    #1940,#1980,#2011,#2042,#2073,#2104,#2126,#2148,#2188,#2228,#2259,
    #2290,#2321,#2352,#2374,#2396,#2436,#2476,#2507,#2538,#2569,#2600,
    #2622,#2644,#2684,#2724,#2755,#2786,#2817,#2848,#2870,#2892,#2932,
    #2972,#3003,#3034,#3065,#3096,#3118,#3140,#3303,#3736,#3871,#3931,
    #3988,#4091,#4169,#4223,#4247,#4271,#4295,#4319,#4336,#4371,#4397,
    #4423,#4551,#4568,#4585,#4602,#4619,#4636,#4653,#4665,#4677,#4701,
    #4725,#4749,#4766,#4783,#4798,#4822,#4847,#4871,#4896,#4920,#4937,
    #4952,#4974,#4986,#5003,#5025,#5042,#5054,#5066,#5083,#5126,#5143,
    #5160,#5177,#5189,#5213,#5237,#5261,#5286,#5310,#5328,#5343,#5365,
    #5387,#5405,#5423,#5445,#5467,#5485,#5503,#5525,#5547,#5565,#5583,
    #5605,#5627,#5645,#5663,#5685,#5707,#5725,#5743,#5765,#5787,#5805,
    #5823,#5845,#5867,#5885,#5903,#5925,#5947,#5965,#5983,#6005,#6022,
    #6067,#6079,#6110,#6134,#6158,#6175,#6187,#6204,#6221,#6233,#6250,
    #6267,#6279,#6303,#6327,#6344,#6390,#6407,#6424,#6436,#6460,#6484,
    #6501,#6547,#6569,#6581,#6593,#6624,#6680,#6704,#6753,#6775,#6797,
    #6814,#6831,#6843,#6874,#6930,#6954,#7003,#7025,#7056,#7112,#7136,
    #7185,#7207,#7224,#7236,#7253,#7265,#7282,#7294,#7311,#7323,#7340,
    #7352,#7369));
#114 = ADVANCED_FACE('',(#115,#149),#183,.T.);
#115 = FACE_BOUND('',#116,.T.);
#116 = EDGE_LOOP('',(#117,#127,#135,#143));
#117 = ORIENTED_EDGE('',*,*,#118,.T.);
#118 = EDGE_CURVE('',#119,#121,#123,.T.);
#119 = VERTEX_POINT('',#120);
#120 = CARTESIAN_POINT('',(-6.6,4.35,0.15));
#121 = VERTEX_POINT('',#122);
#122 = CARTESIAN_POINT('',(-6.6,6.45,0.15));
#123 = LINE('',#124,#125);
#124 = CARTESIAN_POINT('',(-6.6,4.35,0.15));
#125 = VECTOR('',#126,1.);
#126 = DIRECTION('',(0.,1.,0.));
#127 = ORIENTED_EDGE('',*,*,#128,.T.);
#128 = EDGE_CURVE('',#121,#129,#131,.T.);
#129 = VERTEX_POINT('',#130);
#130 = CARTESIAN_POINT('',(-6.,6.45,0.15));
#131 = LINE('',#132,#133);
#132 = CARTESIAN_POINT('',(-6.6,6.45,0.15));
#133 = VECTOR('',#134,1.);
#134 = DIRECTION('',(1.,0.,0.));
#135 = ORIENTED_EDGE('',*,*,#136,.T.);
#136 = EDGE_CURVE('',#129,#137,#139,.T.);
#137 = VERTEX_POINT('',#138);
#138 = CARTESIAN_POINT('',(-6.,4.35,0.15));
#139 = LINE('',#140,#141);
#140 = CARTESIAN_POINT('',(-6.,6.45,0.15));
#141 = VECTOR('',#142,1.);
#142 = DIRECTION('',(0.,-1.,0.));
#143 = ORIENTED_EDGE('',*,*,#144,.T.);
#144 = EDGE_CURVE('',#137,#119,#145,.T.);
#145 = LINE('',#146,#147);
#146 = CARTESIAN_POINT('',(-6.,4.35,0.15));
#147 = VECTOR('',#148,1.);
#148 = DIRECTION('',(-1.,0.,0.));
#149 = FACE_BOUND('',#150,.T.);
#150 = EDGE_LOOP('',(#151,#161,#169,#177));
#151 = ORIENTED_EDGE('',*,*,#152,.T.);
#152 = EDGE_CURVE('',#153,#155,#157,.T.);
#153 = VERTEX_POINT('',#154);
#154 = CARTESIAN_POINT('',(-6.25,4.7,0.15));
#155 = VERTEX_POINT('',#156);
#156 = CARTESIAN_POINT('',(-6.25,6.1,0.15));
#157 = LINE('',#158,#159);
#158 = CARTESIAN_POINT('',(-6.25,4.7,0.15));
#159 = VECTOR('',#160,1.);
#160 = DIRECTION('',(0.,1.,0.));
#161 = ORIENTED_EDGE('',*,*,#162,.T.);
#162 = EDGE_CURVE('',#155,#163,#165,.T.);
#163 = VERTEX_POINT('',#164);
#164 = CARTESIAN_POINT('',(-6.4,6.1,0.15));
#165 = LINE('',#166,#167);
#166 = CARTESIAN_POINT('',(-6.25,6.1,0.15));
#167 = VECTOR('',#168,1.);
#168 = DIRECTION('',(-1.,0.,0.));
#169 = ORIENTED_EDGE('',*,*,#170,.T.);
#170 = EDGE_CURVE('',#163,#171,#173,.T.);
#171 = VERTEX_POINT('',#172);
#172 = CARTESIAN_POINT('',(-6.4,4.7,0.15));
#173 = LINE('',#174,#175);
#174 = CARTESIAN_POINT('',(-6.4,6.1,0.15));
#175 = VECTOR('',#176,1.);
#176 = DIRECTION('',(0.,-1.,0.));
#177 = ORIENTED_EDGE('',*,*,#178,.T.);
#178 = EDGE_CURVE('',#171,#153,#179,.T.);
#179 = LINE('',#180,#181);
#180 = CARTESIAN_POINT('',(-6.4,4.7,0.15));
#181 = VECTOR('',#182,1.);
#182 = DIRECTION('',(1.,0.,0.));
#183 = PLANE('',#184);
#184 = AXIS2_PLACEMENT_3D('',#185,#186,#187);
#185 = CARTESIAN_POINT('',(0.,0.,0.15));
#186 = DIRECTION('',(0.,0.,-1.));
#187 = DIRECTION('',(-1.,0.,0.));
#188 = ADVANCED_FACE('',(#189,#223,#281,#315),#349,.F.);
#189 = FACE_BOUND('',#190,.T.);
#190 = EDGE_LOOP('',(#191,#201,#209,#217));
#191 = ORIENTED_EDGE('',*,*,#192,.F.);
#192 = EDGE_CURVE('',#193,#195,#197,.T.);
#193 = VERTEX_POINT('',#194);
#194 = CARTESIAN_POINT('',(-5.6,-3.1,1.15));
#195 = VERTEX_POINT('',#196);
#196 = CARTESIAN_POINT('',(-5.75,-3.1,1.15));
#197 = LINE('',#198,#199);
#198 = CARTESIAN_POINT('',(0.,-3.1,1.15));
#199 = VECTOR('',#200,1.);
#200 = DIRECTION('',(-1.,0.,0.));
#201 = ORIENTED_EDGE('',*,*,#202,.F.);
#202 = EDGE_CURVE('',#203,#193,#205,.T.);
#203 = VERTEX_POINT('',#204);
#204 = CARTESIAN_POINT('',(-5.6,-3.45,1.15));
#205 = LINE('',#206,#207);
#206 = CARTESIAN_POINT('',(-5.6,8.673617379884E-16,1.15));
#207 = VECTOR('',#208,1.);
#208 = DIRECTION('',(1.548860246408E-16,1.,0.));
#209 = ORIENTED_EDGE('',*,*,#210,.F.);
#210 = EDGE_CURVE('',#211,#203,#213,.T.);
#211 = VERTEX_POINT('',#212);
#212 = CARTESIAN_POINT('',(-5.75,-3.45,1.15));
#213 = LINE('',#214,#215);
#214 = CARTESIAN_POINT('',(0.,-3.45,1.15));
#215 = VECTOR('',#216,1.);
#216 = DIRECTION('',(1.,0.,0.));
#217 = ORIENTED_EDGE('',*,*,#218,.F.);
#218 = EDGE_CURVE('',#195,#211,#219,.T.);
#219 = LINE('',#220,#221);
#220 = CARTESIAN_POINT('',(-5.75,0.,1.15));
#221 = VECTOR('',#222,1.);
#222 = DIRECTION('',(0.,-1.,0.));
#223 = FACE_BOUND('',#224,.T.);
#224 = EDGE_LOOP('',(#225,#235,#243,#251,#259,#267,#275));
#225 = ORIENTED_EDGE('',*,*,#226,.F.);
#226 = EDGE_CURVE('',#227,#229,#231,.T.);
#227 = VERTEX_POINT('',#228);
#228 = CARTESIAN_POINT('',(-6.6,-1.55,1.15));
#229 = VERTEX_POINT('',#230);
#230 = CARTESIAN_POINT('',(-5.95,-1.55,1.15));
#231 = LINE('',#232,#233);
#232 = CARTESIAN_POINT('',(0.,-1.55,1.15));
#233 = VECTOR('',#234,1.);
#234 = DIRECTION('',(1.,0.,0.));
#235 = ORIENTED_EDGE('',*,*,#236,.F.);
#236 = EDGE_CURVE('',#237,#227,#239,.T.);
#237 = VERTEX_POINT('',#238);
#238 = CARTESIAN_POINT('',(-6.6,-3.85,1.15));
#239 = LINE('',#240,#241);
#240 = CARTESIAN_POINT('',(-6.6,-4.35,1.15));
#241 = VECTOR('',#242,1.);
#242 = DIRECTION('',(0.,1.,0.));
#243 = ORIENTED_EDGE('',*,*,#244,.F.);
#244 = EDGE_CURVE('',#245,#237,#247,.T.);
#245 = VERTEX_POINT('',#246);
#246 = CARTESIAN_POINT('',(-5.15,-3.85,1.15));
#247 = LINE('',#248,#249);
#248 = CARTESIAN_POINT('',(-5.15,-3.85,1.15));
#249 = VECTOR('',#250,1.);
#250 = DIRECTION('',(-1.,-1.495451272394E-16,0.));
#251 = ORIENTED_EDGE('',*,*,#252,.F.);
#252 = EDGE_CURVE('',#253,#245,#255,.T.);
#253 = VERTEX_POINT('',#254);
#254 = CARTESIAN_POINT('',(-5.15,-1.524749776663,1.15));
#255 = LINE('',#256,#257);
#256 = CARTESIAN_POINT('',(-5.15,-1.524749776663,1.15));
#257 = VECTOR('',#258,1.);
#258 = DIRECTION('',(7.675087774738E-17,-1.,0.));
#259 = ORIENTED_EDGE('',*,*,#260,.F.);
#260 = EDGE_CURVE('',#261,#253,#263,.T.);
#261 = VERTEX_POINT('',#262);
#262 = CARTESIAN_POINT('',(-5.916428511708,-0.758321264955,1.15));
#263 = LINE('',#264,#265);
#264 = CARTESIAN_POINT('',(-5.916428511708,-0.758321264955,1.15));
#265 = VECTOR('',#266,1.);
#266 = DIRECTION('',(0.707106781187,-0.707106781187,0.));
#267 = ORIENTED_EDGE('',*,*,#268,.F.);
#268 = EDGE_CURVE('',#269,#261,#271,.T.);
#269 = VERTEX_POINT('',#270);
#270 = CARTESIAN_POINT('',(-5.95,-0.758321264955,1.15));
#271 = LINE('',#272,#273);
#272 = CARTESIAN_POINT('',(-6.6,-0.758321264955,1.15));
#273 = VECTOR('',#274,1.);
#274 = DIRECTION('',(1.,0.,0.));
#275 = ORIENTED_EDGE('',*,*,#276,.T.);
#276 = EDGE_CURVE('',#269,#229,#277,.T.);
#277 = LINE('',#278,#279);
#278 = CARTESIAN_POINT('',(-5.95,0.,1.15));
#279 = VECTOR('',#280,1.);
#280 = DIRECTION('',(0.,-1.,0.));
#281 = FACE_BOUND('',#282,.T.);
#282 = EDGE_LOOP('',(#283,#293,#301,#309));
#283 = ORIENTED_EDGE('',*,*,#284,.F.);
#284 = EDGE_CURVE('',#285,#287,#289,.T.);
#285 = VERTEX_POINT('',#286);
#286 = CARTESIAN_POINT('',(-5.6,-2.35,1.15));
#287 = VERTEX_POINT('',#288);
#288 = CARTESIAN_POINT('',(-5.75,-2.35,1.15));
#289 = LINE('',#290,#291);
#290 = CARTESIAN_POINT('',(0.,-2.35,1.15));
#291 = VECTOR('',#292,1.);
#292 = DIRECTION('',(-1.,0.,0.));
#293 = ORIENTED_EDGE('',*,*,#294,.F.);
#294 = EDGE_CURVE('',#295,#285,#297,.T.);
#295 = VERTEX_POINT('',#296);
#296 = CARTESIAN_POINT('',(-5.6,-2.7,1.15));
#297 = LINE('',#298,#299);
#298 = CARTESIAN_POINT('',(-5.6,8.673617379884E-16,1.15));
#299 = VECTOR('',#300,1.);
#300 = DIRECTION('',(1.548860246408E-16,1.,0.));
#301 = ORIENTED_EDGE('',*,*,#302,.F.);
#302 = EDGE_CURVE('',#303,#295,#305,.T.);
#303 = VERTEX_POINT('',#304);
#304 = CARTESIAN_POINT('',(-5.75,-2.7,1.15));
#305 = LINE('',#306,#307);
#306 = CARTESIAN_POINT('',(-4.878909776185E-16,-2.7,1.15));
#307 = VECTOR('',#308,1.);
#308 = DIRECTION('',(1.,-1.807003620809E-16,0.));
#309 = ORIENTED_EDGE('',*,*,#310,.F.);
#310 = EDGE_CURVE('',#287,#303,#311,.T.);
#311 = LINE('',#312,#313);
#312 = CARTESIAN_POINT('',(-5.75,0.,1.15));
#313 = VECTOR('',#314,1.);
#314 = DIRECTION('',(0.,-1.,0.));
#315 = FACE_BOUND('',#316,.T.);
#316 = EDGE_LOOP('',(#317,#327,#335,#343));
#317 = ORIENTED_EDGE('',*,*,#318,.F.);
#318 = EDGE_CURVE('',#319,#321,#323,.T.);
#319 = VERTEX_POINT('',#320);
#320 = CARTESIAN_POINT('',(-6.25,-2.2,1.15));
#321 = VERTEX_POINT('',#322);
#322 = CARTESIAN_POINT('',(-6.4,-2.2,1.15));
#323 = LINE('',#324,#325);
#324 = CARTESIAN_POINT('',(-6.25,-2.2,1.15));
#325 = VECTOR('',#326,1.);
#326 = DIRECTION('',(-1.,0.,0.));
#327 = ORIENTED_EDGE('',*,*,#328,.F.);
#328 = EDGE_CURVE('',#329,#319,#331,.T.);
#329 = VERTEX_POINT('',#330);
#330 = CARTESIAN_POINT('',(-6.25,-3.6,1.15));
#331 = LINE('',#332,#333);
#332 = CARTESIAN_POINT('',(-6.25,-3.6,1.15));
#333 = VECTOR('',#334,1.);
#334 = DIRECTION('',(0.,1.,0.));
#335 = ORIENTED_EDGE('',*,*,#336,.F.);
#336 = EDGE_CURVE('',#337,#329,#339,.T.);
#337 = VERTEX_POINT('',#338);
#338 = CARTESIAN_POINT('',(-6.4,-3.6,1.15));
#339 = LINE('',#340,#341);
#340 = CARTESIAN_POINT('',(-6.4,-3.6,1.15));
#341 = VECTOR('',#342,1.);
#342 = DIRECTION('',(1.,0.,0.));
#343 = ORIENTED_EDGE('',*,*,#344,.F.);
#344 = EDGE_CURVE('',#321,#337,#345,.T.);
#345 = LINE('',#346,#347);
#346 = CARTESIAN_POINT('',(-6.4,-2.2,1.15));
#347 = VECTOR('',#348,1.);
#348 = DIRECTION('',(0.,-1.,0.));
#349 = PLANE('',#350);
#350 = AXIS2_PLACEMENT_3D('',#351,#352,#353);
#351 = CARTESIAN_POINT('',(0.,0.,1.15));
#352 = DIRECTION('',(0.,0.,-1.));
#353 = DIRECTION('',(-1.,0.,0.));
#354 = ADVANCED_FACE('',(#355,#389),#423,.T.);
#355 = FACE_BOUND('',#356,.T.);
#356 = EDGE_LOOP('',(#357,#367,#375,#383));
#357 = ORIENTED_EDGE('',*,*,#358,.T.);
#358 = EDGE_CURVE('',#359,#361,#363,.T.);
#359 = VERTEX_POINT('',#360);
#360 = CARTESIAN_POINT('',(-6.,-1.85,0.15));
#361 = VERTEX_POINT('',#362);
#362 = CARTESIAN_POINT('',(-6.,-3.95,0.15));
#363 = LINE('',#364,#365);
#364 = CARTESIAN_POINT('',(-6.,-1.85,0.15));
#365 = VECTOR('',#366,1.);
#366 = DIRECTION('',(0.,-1.,0.));
#367 = ORIENTED_EDGE('',*,*,#368,.T.);
#368 = EDGE_CURVE('',#361,#369,#371,.T.);
#369 = VERTEX_POINT('',#370);
#370 = CARTESIAN_POINT('',(-6.6,-3.95,0.15));
#371 = LINE('',#372,#373);
#372 = CARTESIAN_POINT('',(-6.,-3.95,0.15));
#373 = VECTOR('',#374,1.);
#374 = DIRECTION('',(-1.,0.,0.));
#375 = ORIENTED_EDGE('',*,*,#376,.T.);
#376 = EDGE_CURVE('',#369,#377,#379,.T.);
#377 = VERTEX_POINT('',#378);
#378 = CARTESIAN_POINT('',(-6.6,-1.85,0.15));
#379 = LINE('',#380,#381);
#380 = CARTESIAN_POINT('',(-6.6,-3.95,0.15));
#381 = VECTOR('',#382,1.);
#382 = DIRECTION('',(0.,1.,0.));
#383 = ORIENTED_EDGE('',*,*,#384,.T.);
#384 = EDGE_CURVE('',#377,#359,#385,.T.);
#385 = LINE('',#386,#387);
#386 = CARTESIAN_POINT('',(-6.6,-1.85,0.15));
#387 = VECTOR('',#388,1.);
#388 = DIRECTION('',(1.,0.,0.));
#389 = FACE_BOUND('',#390,.T.);
#390 = EDGE_LOOP('',(#391,#401,#409,#417));
#391 = ORIENTED_EDGE('',*,*,#392,.T.);
#392 = EDGE_CURVE('',#393,#395,#397,.T.);
#393 = VERTEX_POINT('',#394);
#394 = CARTESIAN_POINT('',(-6.25,-3.6,0.15));
#395 = VERTEX_POINT('',#396);
#396 = CARTESIAN_POINT('',(-6.25,-2.2,0.15));
#397 = LINE('',#398,#399);
#398 = CARTESIAN_POINT('',(-6.25,-3.6,0.15));
#399 = VECTOR('',#400,1.);
#400 = DIRECTION('',(0.,1.,0.));
#401 = ORIENTED_EDGE('',*,*,#402,.T.);
#402 = EDGE_CURVE('',#395,#403,#405,.T.);
#403 = VERTEX_POINT('',#404);
#404 = CARTESIAN_POINT('',(-6.4,-2.2,0.15));
#405 = LINE('',#406,#407);
#406 = CARTESIAN_POINT('',(-6.25,-2.2,0.15));
#407 = VECTOR('',#408,1.);
#408 = DIRECTION('',(-1.,0.,0.));
#409 = ORIENTED_EDGE('',*,*,#410,.T.);
#410 = EDGE_CURVE('',#403,#411,#413,.T.);
#411 = VERTEX_POINT('',#412);
#412 = CARTESIAN_POINT('',(-6.4,-3.6,0.15));
#413 = LINE('',#414,#415);
#414 = CARTESIAN_POINT('',(-6.4,-2.2,0.15));
#415 = VECTOR('',#416,1.);
#416 = DIRECTION('',(0.,-1.,0.));
#417 = ORIENTED_EDGE('',*,*,#418,.T.);
#418 = EDGE_CURVE('',#411,#393,#419,.T.);
#419 = LINE('',#420,#421);
#420 = CARTESIAN_POINT('',(-6.4,-3.6,0.15));
#421 = VECTOR('',#422,1.);
#422 = DIRECTION('',(1.,0.,0.));
#423 = PLANE('',#424);
#424 = AXIS2_PLACEMENT_3D('',#425,#426,#427);
#425 = CARTESIAN_POINT('',(0.,0.,0.15));
#426 = DIRECTION('',(0.,0.,-1.));
#427 = DIRECTION('',(-1.,0.,0.));
#428 = ADVANCED_FACE('',(#429),#527,.T.);
#429 = FACE_BOUND('',#430,.T.);
#430 = EDGE_LOOP('',(#431,#441,#449,#457,#465,#473,#481,#489,#497,#505,
    #513,#521));
#431 = ORIENTED_EDGE('',*,*,#432,.T.);
#432 = EDGE_CURVE('',#433,#435,#437,.T.);
#433 = VERTEX_POINT('',#434);
#434 = CARTESIAN_POINT('',(-5.6,-3.45,0.7));
#435 = VERTEX_POINT('',#436);
#436 = CARTESIAN_POINT('',(-5.6,-3.1,0.7));
#437 = LINE('',#438,#439);
#438 = CARTESIAN_POINT('',(-5.6,-3.45,0.7));
#439 = VECTOR('',#440,1.);
#440 = DIRECTION('',(1.548860246408E-16,1.,0.));
#441 = ORIENTED_EDGE('',*,*,#442,.T.);
#442 = EDGE_CURVE('',#435,#443,#445,.T.);
#443 = VERTEX_POINT('',#444);
#444 = CARTESIAN_POINT('',(-5.75,-3.1,0.7));
#445 = LINE('',#446,#447);
#446 = CARTESIAN_POINT('',(-5.6,-3.1,0.7));
#447 = VECTOR('',#448,1.);
#448 = DIRECTION('',(-1.,0.,0.));
#449 = ORIENTED_EDGE('',*,*,#450,.T.);
#450 = EDGE_CURVE('',#443,#451,#453,.T.);
#451 = VERTEX_POINT('',#452);
#452 = CARTESIAN_POINT('',(-5.75,-2.7,0.7));
#453 = LINE('',#454,#455);
#454 = CARTESIAN_POINT('',(-5.75,-3.8,0.7));
#455 = VECTOR('',#456,1.);
#456 = DIRECTION('',(0.,1.,0.));
#457 = ORIENTED_EDGE('',*,*,#458,.T.);
#458 = EDGE_CURVE('',#451,#459,#461,.T.);
#459 = VERTEX_POINT('',#460);
#460 = CARTESIAN_POINT('',(-5.6,-2.7,0.7));
#461 = LINE('',#462,#463);
#462 = CARTESIAN_POINT('',(-5.75,-2.7,0.7));
#463 = VECTOR('',#464,1.);
#464 = DIRECTION('',(1.,-1.807003620809E-16,0.));
#465 = ORIENTED_EDGE('',*,*,#466,.T.);
#466 = EDGE_CURVE('',#459,#467,#469,.T.);
#467 = VERTEX_POINT('',#468);
#468 = CARTESIAN_POINT('',(-5.6,-2.35,0.7));
#469 = LINE('',#470,#471);
#470 = CARTESIAN_POINT('',(-5.6,-2.7,0.7));
#471 = VECTOR('',#472,1.);
#472 = DIRECTION('',(1.548860246408E-16,1.,0.));
#473 = ORIENTED_EDGE('',*,*,#474,.T.);
#474 = EDGE_CURVE('',#467,#475,#477,.T.);
#475 = VERTEX_POINT('',#476);
#476 = CARTESIAN_POINT('',(-5.75,-2.35,0.7));
#477 = LINE('',#478,#479);
#478 = CARTESIAN_POINT('',(-5.6,-2.35,0.7));
#479 = VECTOR('',#480,1.);
#480 = DIRECTION('',(-1.,0.,0.));
#481 = ORIENTED_EDGE('',*,*,#482,.T.);
#482 = EDGE_CURVE('',#475,#483,#485,.T.);
#483 = VERTEX_POINT('',#484);
#484 = CARTESIAN_POINT('',(-5.75,-2.,0.7));
#485 = LINE('',#486,#487);
#486 = CARTESIAN_POINT('',(-5.75,-3.8,0.7));
#487 = VECTOR('',#488,1.);
#488 = DIRECTION('',(0.,1.,0.));
#489 = ORIENTED_EDGE('',*,*,#490,.T.);
#490 = EDGE_CURVE('',#483,#491,#493,.T.);
#491 = VERTEX_POINT('',#492);
#492 = CARTESIAN_POINT('',(-4.95,-2.,0.7));
#493 = LINE('',#494,#495);
#494 = CARTESIAN_POINT('',(-5.75,-2.,0.7));
#495 = VECTOR('',#496,1.);
#496 = DIRECTION('',(1.,0.,0.));
#497 = ORIENTED_EDGE('',*,*,#498,.T.);
#498 = EDGE_CURVE('',#491,#499,#501,.T.);
#499 = VERTEX_POINT('',#500);
#500 = CARTESIAN_POINT('',(-4.95,-3.8,0.7));
#501 = LINE('',#502,#503);
#502 = CARTESIAN_POINT('',(-4.95,-2.,0.7));
#503 = VECTOR('',#504,1.);
#504 = DIRECTION('',(0.,-1.,0.));
#505 = ORIENTED_EDGE('',*,*,#506,.T.);
#506 = EDGE_CURVE('',#499,#507,#509,.T.);
#507 = VERTEX_POINT('',#508);
#508 = CARTESIAN_POINT('',(-5.75,-3.8,0.7));
#509 = LINE('',#510,#511);
#510 = CARTESIAN_POINT('',(-4.95,-3.8,0.7));
#511 = VECTOR('',#512,1.);
#512 = DIRECTION('',(-1.,0.,0.));
#513 = ORIENTED_EDGE('',*,*,#514,.T.);
#514 = EDGE_CURVE('',#507,#515,#517,.T.);
#515 = VERTEX_POINT('',#516);
#516 = CARTESIAN_POINT('',(-5.75,-3.45,0.7));
#517 = LINE('',#518,#519);
#518 = CARTESIAN_POINT('',(-5.75,-3.8,0.7));
#519 = VECTOR('',#520,1.);
#520 = DIRECTION('',(0.,1.,0.));
#521 = ORIENTED_EDGE('',*,*,#522,.T.);
#522 = EDGE_CURVE('',#515,#433,#523,.T.);
#523 = LINE('',#524,#525);
#524 = CARTESIAN_POINT('',(-5.75,-3.45,0.7));
#525 = VECTOR('',#526,1.);
#526 = DIRECTION('',(1.,0.,0.));
#527 = PLANE('',#528);
#528 = AXIS2_PLACEMENT_3D('',#529,#530,#531);
#529 = CARTESIAN_POINT('',(0.,0.,0.7));
#530 = DIRECTION('',(0.,0.,-1.));
#531 = DIRECTION('',(-1.,0.,0.));
#532 = ADVANCED_FACE('',(#533,#567,#601,#635,#669,#703,#737,#771,#805),
  #839,.F.);
#533 = FACE_BOUND('',#534,.T.);
#534 = EDGE_LOOP('',(#535,#545,#553,#561));
#535 = ORIENTED_EDGE('',*,*,#536,.F.);
#536 = EDGE_CURVE('',#537,#539,#541,.T.);
#537 = VERTEX_POINT('',#538);
#538 = CARTESIAN_POINT('',(3.75,0.35,0.25));
#539 = VERTEX_POINT('',#540);
#540 = CARTESIAN_POINT('',(3.75,0.35,0.4));
#541 = LINE('',#542,#543);
#542 = CARTESIAN_POINT('',(3.75,0.35,1.55));
#543 = VECTOR('',#544,1.);
#544 = DIRECTION('',(0.,0.,1.));
#545 = ORIENTED_EDGE('',*,*,#546,.F.);
#546 = EDGE_CURVE('',#547,#537,#549,.T.);
#547 = VERTEX_POINT('',#548);
#548 = CARTESIAN_POINT('',(3.05,0.35,0.25));
#549 = LINE('',#550,#551);
#550 = CARTESIAN_POINT('',(-4.05,0.35,0.25));
#551 = VECTOR('',#552,1.);
#552 = DIRECTION('',(1.,0.,0.));
#553 = ORIENTED_EDGE('',*,*,#554,.F.);
#554 = EDGE_CURVE('',#555,#547,#557,.T.);
#555 = VERTEX_POINT('',#556);
#556 = CARTESIAN_POINT('',(3.05,0.35,0.4));
#557 = LINE('',#558,#559);
#558 = CARTESIAN_POINT('',(3.05,0.35,1.55));
#559 = VECTOR('',#560,1.);
#560 = DIRECTION('',(0.,0.,-1.));
#561 = ORIENTED_EDGE('',*,*,#562,.F.);
#562 = EDGE_CURVE('',#539,#555,#563,.T.);
#563 = LINE('',#564,#565);
#564 = CARTESIAN_POINT('',(-4.05,0.35,0.4));
#565 = VECTOR('',#566,1.);
#566 = DIRECTION('',(-1.,0.,-3.87215061602E-17));
#567 = FACE_BOUND('',#568,.T.);
#568 = EDGE_LOOP('',(#569,#579,#587,#595));
#569 = ORIENTED_EDGE('',*,*,#570,.F.);
#570 = EDGE_CURVE('',#571,#573,#575,.T.);
#571 = VERTEX_POINT('',#572);
#572 = CARTESIAN_POINT('',(1.55,0.35,0.25));
#573 = VERTEX_POINT('',#574);
#574 = CARTESIAN_POINT('',(1.55,0.35,0.4));
#575 = LINE('',#576,#577);
#576 = CARTESIAN_POINT('',(1.55,0.35,1.55));
#577 = VECTOR('',#578,1.);
#578 = DIRECTION('',(0.,0.,1.));
#579 = ORIENTED_EDGE('',*,*,#580,.F.);
#580 = EDGE_CURVE('',#581,#571,#583,.T.);
#581 = VERTEX_POINT('',#582);
#582 = CARTESIAN_POINT('',(0.85,0.35,0.25));
#583 = LINE('',#584,#585);
#584 = CARTESIAN_POINT('',(-4.05,0.35,0.25));
#585 = VECTOR('',#586,1.);
#586 = DIRECTION('',(1.,0.,0.));
#587 = ORIENTED_EDGE('',*,*,#588,.F.);
#588 = EDGE_CURVE('',#589,#581,#591,.T.);
#589 = VERTEX_POINT('',#590);
#590 = CARTESIAN_POINT('',(0.85,0.35,0.4));
#591 = LINE('',#592,#593);
#592 = CARTESIAN_POINT('',(0.85,0.35,1.55));
#593 = VECTOR('',#594,1.);
#594 = DIRECTION('',(0.,0.,-1.));
#595 = ORIENTED_EDGE('',*,*,#596,.F.);
#596 = EDGE_CURVE('',#573,#589,#597,.T.);
#597 = LINE('',#598,#599);
#598 = CARTESIAN_POINT('',(-4.05,0.35,0.4));
#599 = VECTOR('',#600,1.);
#600 = DIRECTION('',(-1.,0.,-3.87215061602E-17));
#601 = FACE_BOUND('',#602,.T.);
#602 = EDGE_LOOP('',(#603,#613,#621,#629));
#603 = ORIENTED_EDGE('',*,*,#604,.F.);
#604 = EDGE_CURVE('',#605,#607,#609,.T.);
#605 = VERTEX_POINT('',#606);
#606 = CARTESIAN_POINT('',(-0.65,0.35,0.25));
#607 = VERTEX_POINT('',#608);
#608 = CARTESIAN_POINT('',(-0.65,0.35,0.4));
#609 = LINE('',#610,#611);
#610 = CARTESIAN_POINT('',(-0.65,0.35,1.55));
#611 = VECTOR('',#612,1.);
#612 = DIRECTION('',(0.,0.,1.));
#613 = ORIENTED_EDGE('',*,*,#614,.F.);
#614 = EDGE_CURVE('',#615,#605,#617,.T.);
#615 = VERTEX_POINT('',#616);
#616 = CARTESIAN_POINT('',(-1.35,0.35,0.25));
#617 = LINE('',#618,#619);
#618 = CARTESIAN_POINT('',(-4.05,0.35,0.25));
#619 = VECTOR('',#620,1.);
#620 = DIRECTION('',(1.,0.,0.));
#621 = ORIENTED_EDGE('',*,*,#622,.F.);
#622 = EDGE_CURVE('',#623,#615,#625,.T.);
#623 = VERTEX_POINT('',#624);
#624 = CARTESIAN_POINT('',(-1.35,0.35,0.4));
#625 = LINE('',#626,#627);
#626 = CARTESIAN_POINT('',(-1.35,0.35,1.55));
#627 = VECTOR('',#628,1.);
#628 = DIRECTION('',(0.,0.,-1.));
#629 = ORIENTED_EDGE('',*,*,#630,.F.);
#630 = EDGE_CURVE('',#607,#623,#631,.T.);
#631 = LINE('',#632,#633);
#632 = CARTESIAN_POINT('',(-4.05,0.35,0.4));
#633 = VECTOR('',#634,1.);
#634 = DIRECTION('',(-1.,0.,-3.87215061602E-17));
#635 = FACE_BOUND('',#636,.T.);
#636 = EDGE_LOOP('',(#637,#647,#655,#663));
#637 = ORIENTED_EDGE('',*,*,#638,.F.);
#638 = EDGE_CURVE('',#639,#641,#643,.T.);
#639 = VERTEX_POINT('',#640);
#640 = CARTESIAN_POINT('',(-2.85,0.35,0.25));
#641 = VERTEX_POINT('',#642);
#642 = CARTESIAN_POINT('',(-2.85,0.35,0.4));
#643 = LINE('',#644,#645);
#644 = CARTESIAN_POINT('',(-2.85,0.35,1.55));
#645 = VECTOR('',#646,1.);
#646 = DIRECTION('',(0.,0.,1.));
#647 = ORIENTED_EDGE('',*,*,#648,.F.);
#648 = EDGE_CURVE('',#649,#639,#651,.T.);
#649 = VERTEX_POINT('',#650);
#650 = CARTESIAN_POINT('',(-3.55,0.35,0.25));
#651 = LINE('',#652,#653);
#652 = CARTESIAN_POINT('',(-4.05,0.35,0.25));
#653 = VECTOR('',#654,1.);
#654 = DIRECTION('',(1.,0.,0.));
#655 = ORIENTED_EDGE('',*,*,#656,.F.);
#656 = EDGE_CURVE('',#657,#649,#659,.T.);
#657 = VERTEX_POINT('',#658);
#658 = CARTESIAN_POINT('',(-3.55,0.35,0.4));
#659 = LINE('',#660,#661);
#660 = CARTESIAN_POINT('',(-3.55,0.35,1.55));
#661 = VECTOR('',#662,1.);
#662 = DIRECTION('',(0.,0.,-1.));
#663 = ORIENTED_EDGE('',*,*,#664,.F.);
#664 = EDGE_CURVE('',#641,#657,#665,.T.);
#665 = LINE('',#666,#667);
#666 = CARTESIAN_POINT('',(-4.05,0.35,0.4));
#667 = VECTOR('',#668,1.);
#668 = DIRECTION('',(-1.,0.,-3.87215061602E-17));
#669 = FACE_BOUND('',#670,.T.);
#670 = EDGE_LOOP('',(#671,#681,#689,#697));
#671 = ORIENTED_EDGE('',*,*,#672,.F.);
#672 = EDGE_CURVE('',#673,#675,#677,.T.);
#673 = VERTEX_POINT('',#674);
#674 = CARTESIAN_POINT('',(-4.05,0.35,0.65));
#675 = VERTEX_POINT('',#676);
#676 = CARTESIAN_POINT('',(5.4,0.35,0.65));
#677 = LINE('',#678,#679);
#678 = CARTESIAN_POINT('',(-4.05,0.35,0.65));
#679 = VECTOR('',#680,1.);
#680 = DIRECTION('',(1.,0.,0.));
#681 = ORIENTED_EDGE('',*,*,#682,.T.);
#682 = EDGE_CURVE('',#673,#683,#685,.T.);
#683 = VERTEX_POINT('',#684);
#684 = CARTESIAN_POINT('',(-4.05,0.35,0.));
#685 = LINE('',#686,#687);
#686 = CARTESIAN_POINT('',(-4.05,0.35,1.55));
#687 = VECTOR('',#688,1.);
#688 = DIRECTION('',(0.,0.,-1.));
#689 = ORIENTED_EDGE('',*,*,#690,.T.);
#690 = EDGE_CURVE('',#683,#691,#693,.T.);
#691 = VERTEX_POINT('',#692);
#692 = CARTESIAN_POINT('',(5.4,0.35,0.));
#693 = LINE('',#694,#695);
#694 = CARTESIAN_POINT('',(-4.05,0.35,0.));
#695 = VECTOR('',#696,1.);
#696 = DIRECTION('',(1.,0.,0.));
#697 = ORIENTED_EDGE('',*,*,#698,.F.);
#698 = EDGE_CURVE('',#675,#691,#699,.T.);
#699 = LINE('',#700,#701);
#700 = CARTESIAN_POINT('',(5.4,0.35,1.55));
#701 = VECTOR('',#702,1.);
#702 = DIRECTION('',(0.,0.,-1.));
#703 = FACE_BOUND('',#704,.T.);
#704 = EDGE_LOOP('',(#705,#715,#723,#731));
#705 = ORIENTED_EDGE('',*,*,#706,.F.);
#706 = EDGE_CURVE('',#707,#709,#711,.T.);
#707 = VERTEX_POINT('',#708);
#708 = CARTESIAN_POINT('',(-1.75,0.35,0.25));
#709 = VERTEX_POINT('',#710);
#710 = CARTESIAN_POINT('',(-1.75,0.35,0.4));
#711 = LINE('',#712,#713);
#712 = CARTESIAN_POINT('',(-1.75,0.35,1.55));
#713 = VECTOR('',#714,1.);
#714 = DIRECTION('',(0.,0.,1.));
#715 = ORIENTED_EDGE('',*,*,#716,.F.);
#716 = EDGE_CURVE('',#717,#707,#719,.T.);
#717 = VERTEX_POINT('',#718);
#718 = CARTESIAN_POINT('',(-2.45,0.35,0.25));
#719 = LINE('',#720,#721);
#720 = CARTESIAN_POINT('',(-4.05,0.35,0.25));
#721 = VECTOR('',#722,1.);
#722 = DIRECTION('',(1.,0.,0.));
#723 = ORIENTED_EDGE('',*,*,#724,.F.);
#724 = EDGE_CURVE('',#725,#717,#727,.T.);
#725 = VERTEX_POINT('',#726);
#726 = CARTESIAN_POINT('',(-2.45,0.35,0.4));
#727 = LINE('',#728,#729);
#728 = CARTESIAN_POINT('',(-2.45,0.35,1.55));
#729 = VECTOR('',#730,1.);
#730 = DIRECTION('',(0.,0.,-1.));
#731 = ORIENTED_EDGE('',*,*,#732,.F.);
#732 = EDGE_CURVE('',#709,#725,#733,.T.);
#733 = LINE('',#734,#735);
#734 = CARTESIAN_POINT('',(-4.05,0.35,0.4));
#735 = VECTOR('',#736,1.);
#736 = DIRECTION('',(-1.,0.,-3.87215061602E-17));
#737 = FACE_BOUND('',#738,.T.);
#738 = EDGE_LOOP('',(#739,#749,#757,#765));
#739 = ORIENTED_EDGE('',*,*,#740,.F.);
#740 = EDGE_CURVE('',#741,#743,#745,.T.);
#741 = VERTEX_POINT('',#742);
#742 = CARTESIAN_POINT('',(0.45,0.35,0.25));
#743 = VERTEX_POINT('',#744);
#744 = CARTESIAN_POINT('',(0.45,0.35,0.4));
#745 = LINE('',#746,#747);
#746 = CARTESIAN_POINT('',(0.45,0.35,1.55));
#747 = VECTOR('',#748,1.);
#748 = DIRECTION('',(0.,0.,1.));
#749 = ORIENTED_EDGE('',*,*,#750,.F.);
#750 = EDGE_CURVE('',#751,#741,#753,.T.);
#751 = VERTEX_POINT('',#752);
#752 = CARTESIAN_POINT('',(-0.25,0.35,0.25));
#753 = LINE('',#754,#755);
#754 = CARTESIAN_POINT('',(-4.05,0.35,0.25));
#755 = VECTOR('',#756,1.);
#756 = DIRECTION('',(1.,0.,0.));
#757 = ORIENTED_EDGE('',*,*,#758,.F.);
#758 = EDGE_CURVE('',#759,#751,#761,.T.);
#759 = VERTEX_POINT('',#760);
#760 = CARTESIAN_POINT('',(-0.25,0.35,0.4));
#761 = LINE('',#762,#763);
#762 = CARTESIAN_POINT('',(-0.25,0.35,1.55));
#763 = VECTOR('',#764,1.);
#764 = DIRECTION('',(0.,0.,-1.));
#765 = ORIENTED_EDGE('',*,*,#766,.F.);
#766 = EDGE_CURVE('',#743,#759,#767,.T.);
#767 = LINE('',#768,#769);
#768 = CARTESIAN_POINT('',(-4.05,0.35,0.4));
#769 = VECTOR('',#770,1.);
#770 = DIRECTION('',(-1.,0.,-3.87215061602E-17));
#771 = FACE_BOUND('',#772,.T.);
#772 = EDGE_LOOP('',(#773,#783,#791,#799));
#773 = ORIENTED_EDGE('',*,*,#774,.F.);
#774 = EDGE_CURVE('',#775,#777,#779,.T.);
#775 = VERTEX_POINT('',#776);
#776 = CARTESIAN_POINT('',(2.65,0.35,0.25));
#777 = VERTEX_POINT('',#778);
#778 = CARTESIAN_POINT('',(2.65,0.35,0.4));
#779 = LINE('',#780,#781);
#780 = CARTESIAN_POINT('',(2.65,0.35,1.55));
#781 = VECTOR('',#782,1.);
#782 = DIRECTION('',(0.,0.,1.));
#783 = ORIENTED_EDGE('',*,*,#784,.F.);
#784 = EDGE_CURVE('',#785,#775,#787,.T.);
#785 = VERTEX_POINT('',#786);
#786 = CARTESIAN_POINT('',(1.95,0.35,0.25));
#787 = LINE('',#788,#789);
#788 = CARTESIAN_POINT('',(-4.05,0.35,0.25));
#789 = VECTOR('',#790,1.);
#790 = DIRECTION('',(1.,0.,0.));
#791 = ORIENTED_EDGE('',*,*,#792,.F.);
#792 = EDGE_CURVE('',#793,#785,#795,.T.);
#793 = VERTEX_POINT('',#794);
#794 = CARTESIAN_POINT('',(1.95,0.35,0.4));
#795 = LINE('',#796,#797);
#796 = CARTESIAN_POINT('',(1.95,0.35,1.55));
#797 = VECTOR('',#798,1.);
#798 = DIRECTION('',(0.,0.,-1.));
#799 = ORIENTED_EDGE('',*,*,#800,.F.);
#800 = EDGE_CURVE('',#777,#793,#801,.T.);
#801 = LINE('',#802,#803);
#802 = CARTESIAN_POINT('',(-4.05,0.35,0.4));
#803 = VECTOR('',#804,1.);
#804 = DIRECTION('',(-1.,0.,-3.87215061602E-17));
#805 = FACE_BOUND('',#806,.T.);
#806 = EDGE_LOOP('',(#807,#817,#825,#833));
#807 = ORIENTED_EDGE('',*,*,#808,.F.);
#808 = EDGE_CURVE('',#809,#811,#813,.T.);
#809 = VERTEX_POINT('',#810);
#810 = CARTESIAN_POINT('',(4.85,0.35,0.25));
#811 = VERTEX_POINT('',#812);
#812 = CARTESIAN_POINT('',(4.85,0.35,0.4));
#813 = LINE('',#814,#815);
#814 = CARTESIAN_POINT('',(4.85,0.35,1.55));
#815 = VECTOR('',#816,1.);
#816 = DIRECTION('',(0.,0.,1.));
#817 = ORIENTED_EDGE('',*,*,#818,.F.);
#818 = EDGE_CURVE('',#819,#809,#821,.T.);
#819 = VERTEX_POINT('',#820);
#820 = CARTESIAN_POINT('',(4.15,0.35,0.25));
#821 = LINE('',#822,#823);
#822 = CARTESIAN_POINT('',(-4.05,0.35,0.25));
#823 = VECTOR('',#824,1.);
#824 = DIRECTION('',(1.,0.,0.));
#825 = ORIENTED_EDGE('',*,*,#826,.F.);
#826 = EDGE_CURVE('',#827,#819,#829,.T.);
#827 = VERTEX_POINT('',#828);
#828 = CARTESIAN_POINT('',(4.15,0.35,0.4));
#829 = LINE('',#830,#831);
#830 = CARTESIAN_POINT('',(4.15,0.35,1.55));
#831 = VECTOR('',#832,1.);
#832 = DIRECTION('',(0.,0.,-1.));
#833 = ORIENTED_EDGE('',*,*,#834,.F.);
#834 = EDGE_CURVE('',#811,#827,#835,.T.);
#835 = LINE('',#836,#837);
#836 = CARTESIAN_POINT('',(-4.05,0.35,0.4));
#837 = VECTOR('',#838,1.);
#838 = DIRECTION('',(-1.,0.,-3.87215061602E-17));
#839 = PLANE('',#840);
#840 = AXIS2_PLACEMENT_3D('',#841,#842,#843);
#841 = CARTESIAN_POINT('',(-4.05,0.35,1.55));
#842 = DIRECTION('',(0.,1.,0.));
#843 = DIRECTION('',(0.,-0.,1.));
#844 = ADVANCED_FACE('',(#845,#879,#913,#947,#981,#1015,#1049,#1083,
    #1117),#1151,.F.);
#845 = FACE_BOUND('',#846,.T.);
#846 = EDGE_LOOP('',(#847,#857,#865,#873));
#847 = ORIENTED_EDGE('',*,*,#848,.T.);
#848 = EDGE_CURVE('',#849,#851,#853,.T.);
#849 = VERTEX_POINT('',#850);
#850 = CARTESIAN_POINT('',(3.75,1.55,0.25));
#851 = VERTEX_POINT('',#852);
#852 = CARTESIAN_POINT('',(3.75,1.55,0.4));
#853 = LINE('',#854,#855);
#854 = CARTESIAN_POINT('',(3.75,1.55,0.25));
#855 = VECTOR('',#856,1.);
#856 = DIRECTION('',(0.,0.,1.));
#857 = ORIENTED_EDGE('',*,*,#858,.T.);
#858 = EDGE_CURVE('',#851,#859,#861,.T.);
#859 = VERTEX_POINT('',#860);
#860 = CARTESIAN_POINT('',(3.05,1.55,0.4));
#861 = LINE('',#862,#863);
#862 = CARTESIAN_POINT('',(3.75,1.55,0.4));
#863 = VECTOR('',#864,1.);
#864 = DIRECTION('',(-1.,-1.376764663474E-16,-3.87215061602E-17));
#865 = ORIENTED_EDGE('',*,*,#866,.T.);
#866 = EDGE_CURVE('',#859,#867,#869,.T.);
#867 = VERTEX_POINT('',#868);
#868 = CARTESIAN_POINT('',(3.05,1.55,0.25));
#869 = LINE('',#870,#871);
#870 = CARTESIAN_POINT('',(3.05,1.55,0.4));
#871 = VECTOR('',#872,1.);
#872 = DIRECTION('',(0.,0.,-1.));
#873 = ORIENTED_EDGE('',*,*,#874,.T.);
#874 = EDGE_CURVE('',#867,#849,#875,.T.);
#875 = LINE('',#876,#877);
#876 = CARTESIAN_POINT('',(3.05,1.55,0.25));
#877 = VECTOR('',#878,1.);
#878 = DIRECTION('',(1.,1.376764663474E-16,0.));
#879 = FACE_BOUND('',#880,.T.);
#880 = EDGE_LOOP('',(#881,#891,#899,#907));
#881 = ORIENTED_EDGE('',*,*,#882,.T.);
#882 = EDGE_CURVE('',#883,#885,#887,.T.);
#883 = VERTEX_POINT('',#884);
#884 = CARTESIAN_POINT('',(1.55,1.55,0.25));
#885 = VERTEX_POINT('',#886);
#886 = CARTESIAN_POINT('',(1.55,1.55,0.4));
#887 = LINE('',#888,#889);
#888 = CARTESIAN_POINT('',(1.55,1.55,0.25));
#889 = VECTOR('',#890,1.);
#890 = DIRECTION('',(0.,0.,1.));
#891 = ORIENTED_EDGE('',*,*,#892,.T.);
#892 = EDGE_CURVE('',#885,#893,#895,.T.);
#893 = VERTEX_POINT('',#894);
#894 = CARTESIAN_POINT('',(0.85,1.55,0.4));
#895 = LINE('',#896,#897);
#896 = CARTESIAN_POINT('',(1.55,1.55,0.4));
#897 = VECTOR('',#898,1.);
#898 = DIRECTION('',(-1.,-1.376764663474E-16,-3.87215061602E-17));
#899 = ORIENTED_EDGE('',*,*,#900,.T.);
#900 = EDGE_CURVE('',#893,#901,#903,.T.);
#901 = VERTEX_POINT('',#902);
#902 = CARTESIAN_POINT('',(0.85,1.55,0.25));
#903 = LINE('',#904,#905);
#904 = CARTESIAN_POINT('',(0.85,1.55,0.4));
#905 = VECTOR('',#906,1.);
#906 = DIRECTION('',(0.,0.,-1.));
#907 = ORIENTED_EDGE('',*,*,#908,.T.);
#908 = EDGE_CURVE('',#901,#883,#909,.T.);
#909 = LINE('',#910,#911);
#910 = CARTESIAN_POINT('',(0.85,1.55,0.25));
#911 = VECTOR('',#912,1.);
#912 = DIRECTION('',(1.,1.376764663474E-16,0.));
#913 = FACE_BOUND('',#914,.T.);
#914 = EDGE_LOOP('',(#915,#925,#933,#941));
#915 = ORIENTED_EDGE('',*,*,#916,.T.);
#916 = EDGE_CURVE('',#917,#919,#921,.T.);
#917 = VERTEX_POINT('',#918);
#918 = CARTESIAN_POINT('',(-0.65,1.55,0.25));
#919 = VERTEX_POINT('',#920);
#920 = CARTESIAN_POINT('',(-0.65,1.55,0.4));
#921 = LINE('',#922,#923);
#922 = CARTESIAN_POINT('',(-0.65,1.55,0.25));
#923 = VECTOR('',#924,1.);
#924 = DIRECTION('',(0.,0.,1.));
#925 = ORIENTED_EDGE('',*,*,#926,.T.);
#926 = EDGE_CURVE('',#919,#927,#929,.T.);
#927 = VERTEX_POINT('',#928);
#928 = CARTESIAN_POINT('',(-1.35,1.55,0.4));
#929 = LINE('',#930,#931);
#930 = CARTESIAN_POINT('',(-0.65,1.55,0.4));
#931 = VECTOR('',#932,1.);
#932 = DIRECTION('',(-1.,-1.376764663474E-16,-3.87215061602E-17));
#933 = ORIENTED_EDGE('',*,*,#934,.T.);
#934 = EDGE_CURVE('',#927,#935,#937,.T.);
#935 = VERTEX_POINT('',#936);
#936 = CARTESIAN_POINT('',(-1.35,1.55,0.25));
#937 = LINE('',#938,#939);
#938 = CARTESIAN_POINT('',(-1.35,1.55,0.4));
#939 = VECTOR('',#940,1.);
#940 = DIRECTION('',(0.,0.,-1.));
#941 = ORIENTED_EDGE('',*,*,#942,.T.);
#942 = EDGE_CURVE('',#935,#917,#943,.T.);
#943 = LINE('',#944,#945);
#944 = CARTESIAN_POINT('',(-1.35,1.55,0.25));
#945 = VECTOR('',#946,1.);
#946 = DIRECTION('',(1.,1.376764663474E-16,0.));
#947 = FACE_BOUND('',#948,.T.);
#948 = EDGE_LOOP('',(#949,#959,#967,#975));
#949 = ORIENTED_EDGE('',*,*,#950,.T.);
#950 = EDGE_CURVE('',#951,#953,#955,.T.);
#951 = VERTEX_POINT('',#952);
#952 = CARTESIAN_POINT('',(-2.85,1.55,0.25));
#953 = VERTEX_POINT('',#954);
#954 = CARTESIAN_POINT('',(-2.85,1.55,0.4));
#955 = LINE('',#956,#957);
#956 = CARTESIAN_POINT('',(-2.85,1.55,0.25));
#957 = VECTOR('',#958,1.);
#958 = DIRECTION('',(0.,0.,1.));
#959 = ORIENTED_EDGE('',*,*,#960,.T.);
#960 = EDGE_CURVE('',#953,#961,#963,.T.);
#961 = VERTEX_POINT('',#962);
#962 = CARTESIAN_POINT('',(-3.55,1.55,0.4));
#963 = LINE('',#964,#965);
#964 = CARTESIAN_POINT('',(-2.85,1.55,0.4));
#965 = VECTOR('',#966,1.);
#966 = DIRECTION('',(-1.,-1.376764663474E-16,-3.87215061602E-17));
#967 = ORIENTED_EDGE('',*,*,#968,.T.);
#968 = EDGE_CURVE('',#961,#969,#971,.T.);
#969 = VERTEX_POINT('',#970);
#970 = CARTESIAN_POINT('',(-3.55,1.55,0.25));
#971 = LINE('',#972,#973);
#972 = CARTESIAN_POINT('',(-3.55,1.55,0.4));
#973 = VECTOR('',#974,1.);
#974 = DIRECTION('',(0.,0.,-1.));
#975 = ORIENTED_EDGE('',*,*,#976,.T.);
#976 = EDGE_CURVE('',#969,#951,#977,.T.);
#977 = LINE('',#978,#979);
#978 = CARTESIAN_POINT('',(-3.55,1.55,0.25));
#979 = VECTOR('',#980,1.);
#980 = DIRECTION('',(1.,1.376764663474E-16,0.));
#981 = FACE_BOUND('',#982,.T.);
#982 = EDGE_LOOP('',(#983,#993,#1001,#1009));
#983 = ORIENTED_EDGE('',*,*,#984,.F.);
#984 = EDGE_CURVE('',#985,#987,#989,.T.);
#985 = VERTEX_POINT('',#986);
#986 = CARTESIAN_POINT('',(5.4,1.55,0.65));
#987 = VERTEX_POINT('',#988);
#988 = CARTESIAN_POINT('',(-4.05,1.55,0.65));
#989 = LINE('',#990,#991);
#990 = CARTESIAN_POINT('',(5.4,1.55,0.65));
#991 = VECTOR('',#992,1.);
#992 = DIRECTION('',(-1.,-1.376764663474E-16,0.));
#993 = ORIENTED_EDGE('',*,*,#994,.T.);
#994 = EDGE_CURVE('',#985,#995,#997,.T.);
#995 = VERTEX_POINT('',#996);
#996 = CARTESIAN_POINT('',(5.4,1.55,0.));
#997 = LINE('',#998,#999);
#998 = CARTESIAN_POINT('',(5.4,1.55,1.55));
#999 = VECTOR('',#1000,1.);
#1000 = DIRECTION('',(0.,0.,-1.));
#1001 = ORIENTED_EDGE('',*,*,#1002,.T.);
#1002 = EDGE_CURVE('',#995,#1003,#1005,.T.);
#1003 = VERTEX_POINT('',#1004);
#1004 = CARTESIAN_POINT('',(-4.05,1.55,0.));
#1005 = LINE('',#1006,#1007);
#1006 = CARTESIAN_POINT('',(5.4,1.55,0.));
#1007 = VECTOR('',#1008,1.);
#1008 = DIRECTION('',(-1.,-1.376764663474E-16,0.));
#1009 = ORIENTED_EDGE('',*,*,#1010,.F.);
#1010 = EDGE_CURVE('',#987,#1003,#1011,.T.);
#1011 = LINE('',#1012,#1013);
#1012 = CARTESIAN_POINT('',(-4.05,1.55,1.55));
#1013 = VECTOR('',#1014,1.);
#1014 = DIRECTION('',(0.,0.,-1.));
#1015 = FACE_BOUND('',#1016,.T.);
#1016 = EDGE_LOOP('',(#1017,#1027,#1035,#1043));
#1017 = ORIENTED_EDGE('',*,*,#1018,.T.);
#1018 = EDGE_CURVE('',#1019,#1021,#1023,.T.);
#1019 = VERTEX_POINT('',#1020);
#1020 = CARTESIAN_POINT('',(-1.75,1.55,0.25));
#1021 = VERTEX_POINT('',#1022);
#1022 = CARTESIAN_POINT('',(-1.75,1.55,0.4));
#1023 = LINE('',#1024,#1025);
#1024 = CARTESIAN_POINT('',(-1.75,1.55,0.25));
#1025 = VECTOR('',#1026,1.);
#1026 = DIRECTION('',(0.,0.,1.));
#1027 = ORIENTED_EDGE('',*,*,#1028,.T.);
#1028 = EDGE_CURVE('',#1021,#1029,#1031,.T.);
#1029 = VERTEX_POINT('',#1030);
#1030 = CARTESIAN_POINT('',(-2.45,1.55,0.4));
#1031 = LINE('',#1032,#1033);
#1032 = CARTESIAN_POINT('',(-1.75,1.55,0.4));
#1033 = VECTOR('',#1034,1.);
#1034 = DIRECTION('',(-1.,-1.376764663474E-16,-3.87215061602E-17));
#1035 = ORIENTED_EDGE('',*,*,#1036,.T.);
#1036 = EDGE_CURVE('',#1029,#1037,#1039,.T.);
#1037 = VERTEX_POINT('',#1038);
#1038 = CARTESIAN_POINT('',(-2.45,1.55,0.25));
#1039 = LINE('',#1040,#1041);
#1040 = CARTESIAN_POINT('',(-2.45,1.55,0.4));
#1041 = VECTOR('',#1042,1.);
#1042 = DIRECTION('',(0.,0.,-1.));
#1043 = ORIENTED_EDGE('',*,*,#1044,.T.);
#1044 = EDGE_CURVE('',#1037,#1019,#1045,.T.);
#1045 = LINE('',#1046,#1047);
#1046 = CARTESIAN_POINT('',(-2.45,1.55,0.25));
#1047 = VECTOR('',#1048,1.);
#1048 = DIRECTION('',(1.,1.376764663474E-16,0.));
#1049 = FACE_BOUND('',#1050,.T.);
#1050 = EDGE_LOOP('',(#1051,#1061,#1069,#1077));
#1051 = ORIENTED_EDGE('',*,*,#1052,.T.);
#1052 = EDGE_CURVE('',#1053,#1055,#1057,.T.);
#1053 = VERTEX_POINT('',#1054);
#1054 = CARTESIAN_POINT('',(0.45,1.55,0.25));
#1055 = VERTEX_POINT('',#1056);
#1056 = CARTESIAN_POINT('',(0.45,1.55,0.4));
#1057 = LINE('',#1058,#1059);
#1058 = CARTESIAN_POINT('',(0.45,1.55,0.25));
#1059 = VECTOR('',#1060,1.);
#1060 = DIRECTION('',(0.,0.,1.));
#1061 = ORIENTED_EDGE('',*,*,#1062,.T.);
#1062 = EDGE_CURVE('',#1055,#1063,#1065,.T.);
#1063 = VERTEX_POINT('',#1064);
#1064 = CARTESIAN_POINT('',(-0.25,1.55,0.4));
#1065 = LINE('',#1066,#1067);
#1066 = CARTESIAN_POINT('',(0.45,1.55,0.4));
#1067 = VECTOR('',#1068,1.);
#1068 = DIRECTION('',(-1.,-1.376764663474E-16,-3.87215061602E-17));
#1069 = ORIENTED_EDGE('',*,*,#1070,.T.);
#1070 = EDGE_CURVE('',#1063,#1071,#1073,.T.);
#1071 = VERTEX_POINT('',#1072);
#1072 = CARTESIAN_POINT('',(-0.25,1.55,0.25));
#1073 = LINE('',#1074,#1075);
#1074 = CARTESIAN_POINT('',(-0.25,1.55,0.4));
#1075 = VECTOR('',#1076,1.);
#1076 = DIRECTION('',(0.,0.,-1.));
#1077 = ORIENTED_EDGE('',*,*,#1078,.T.);
#1078 = EDGE_CURVE('',#1071,#1053,#1079,.T.);
#1079 = LINE('',#1080,#1081);
#1080 = CARTESIAN_POINT('',(-0.25,1.55,0.25));
#1081 = VECTOR('',#1082,1.);
#1082 = DIRECTION('',(1.,1.376764663474E-16,0.));
#1083 = FACE_BOUND('',#1084,.T.);
#1084 = EDGE_LOOP('',(#1085,#1095,#1103,#1111));
#1085 = ORIENTED_EDGE('',*,*,#1086,.T.);
#1086 = EDGE_CURVE('',#1087,#1089,#1091,.T.);
#1087 = VERTEX_POINT('',#1088);
#1088 = CARTESIAN_POINT('',(2.65,1.55,0.25));
#1089 = VERTEX_POINT('',#1090);
#1090 = CARTESIAN_POINT('',(2.65,1.55,0.4));
#1091 = LINE('',#1092,#1093);
#1092 = CARTESIAN_POINT('',(2.65,1.55,0.25));
#1093 = VECTOR('',#1094,1.);
#1094 = DIRECTION('',(0.,0.,1.));
#1095 = ORIENTED_EDGE('',*,*,#1096,.T.);
#1096 = EDGE_CURVE('',#1089,#1097,#1099,.T.);
#1097 = VERTEX_POINT('',#1098);
#1098 = CARTESIAN_POINT('',(1.95,1.55,0.4));
#1099 = LINE('',#1100,#1101);
#1100 = CARTESIAN_POINT('',(2.65,1.55,0.4));
#1101 = VECTOR('',#1102,1.);
#1102 = DIRECTION('',(-1.,-1.376764663474E-16,-3.87215061602E-17));
#1103 = ORIENTED_EDGE('',*,*,#1104,.T.);
#1104 = EDGE_CURVE('',#1097,#1105,#1107,.T.);
#1105 = VERTEX_POINT('',#1106);
#1106 = CARTESIAN_POINT('',(1.95,1.55,0.25));
#1107 = LINE('',#1108,#1109);
#1108 = CARTESIAN_POINT('',(1.95,1.55,0.4));
#1109 = VECTOR('',#1110,1.);
#1110 = DIRECTION('',(0.,0.,-1.));
#1111 = ORIENTED_EDGE('',*,*,#1112,.T.);
#1112 = EDGE_CURVE('',#1105,#1087,#1113,.T.);
#1113 = LINE('',#1114,#1115);
#1114 = CARTESIAN_POINT('',(1.95,1.55,0.25));
#1115 = VECTOR('',#1116,1.);
#1116 = DIRECTION('',(1.,1.376764663474E-16,0.));
#1117 = FACE_BOUND('',#1118,.T.);
#1118 = EDGE_LOOP('',(#1119,#1129,#1137,#1145));
#1119 = ORIENTED_EDGE('',*,*,#1120,.T.);
#1120 = EDGE_CURVE('',#1121,#1123,#1125,.T.);
#1121 = VERTEX_POINT('',#1122);
#1122 = CARTESIAN_POINT('',(4.85,1.55,0.25));
#1123 = VERTEX_POINT('',#1124);
#1124 = CARTESIAN_POINT('',(4.85,1.55,0.4));
#1125 = LINE('',#1126,#1127);
#1126 = CARTESIAN_POINT('',(4.85,1.55,0.25));
#1127 = VECTOR('',#1128,1.);
#1128 = DIRECTION('',(0.,0.,1.));
#1129 = ORIENTED_EDGE('',*,*,#1130,.T.);
#1130 = EDGE_CURVE('',#1123,#1131,#1133,.T.);
#1131 = VERTEX_POINT('',#1132);
#1132 = CARTESIAN_POINT('',(4.15,1.55,0.4));
#1133 = LINE('',#1134,#1135);
#1134 = CARTESIAN_POINT('',(4.85,1.55,0.4));
#1135 = VECTOR('',#1136,1.);
#1136 = DIRECTION('',(-1.,-1.376764663474E-16,-3.87215061602E-17));
#1137 = ORIENTED_EDGE('',*,*,#1138,.T.);
#1138 = EDGE_CURVE('',#1131,#1139,#1141,.T.);
#1139 = VERTEX_POINT('',#1140);
#1140 = CARTESIAN_POINT('',(4.15,1.55,0.25));
#1141 = LINE('',#1142,#1143);
#1142 = CARTESIAN_POINT('',(4.15,1.55,0.4));
#1143 = VECTOR('',#1144,1.);
#1144 = DIRECTION('',(0.,0.,-1.));
#1145 = ORIENTED_EDGE('',*,*,#1146,.T.);
#1146 = EDGE_CURVE('',#1139,#1121,#1147,.T.);
#1147 = LINE('',#1148,#1149);
#1148 = CARTESIAN_POINT('',(4.15,1.55,0.25));
#1149 = VECTOR('',#1150,1.);
#1150 = DIRECTION('',(1.,1.376764663474E-16,0.));
#1151 = PLANE('',#1152);
#1152 = AXIS2_PLACEMENT_3D('',#1153,#1154,#1155);
#1153 = CARTESIAN_POINT('',(5.4,1.55,1.55));
#1154 = DIRECTION('',(1.376764663474E-16,-1.,0.));
#1155 = DIRECTION('',(1.,1.376764663474E-16,0.));
#1156 = ADVANCED_FACE('',(#1157),#1191,.F.);
#1157 = FACE_BOUND('',#1158,.T.);
#1158 = EDGE_LOOP('',(#1159,#1169,#1177,#1185));
#1159 = ORIENTED_EDGE('',*,*,#1160,.F.);
#1160 = EDGE_CURVE('',#1161,#1163,#1165,.T.);
#1161 = VERTEX_POINT('',#1162);
#1162 = CARTESIAN_POINT('',(4.25,1.,0.4));
#1163 = VERTEX_POINT('',#1164);
#1164 = CARTESIAN_POINT('',(4.25,0.9,0.4));
#1165 = LINE('',#1166,#1167);
#1166 = CARTESIAN_POINT('',(4.25,1.,0.4));
#1167 = VECTOR('',#1168,1.);
#1168 = DIRECTION('',(0.,-1.,-5.331040139784E-33));
#1169 = ORIENTED_EDGE('',*,*,#1170,.T.);
#1170 = EDGE_CURVE('',#1161,#1171,#1173,.T.);
#1171 = VERTEX_POINT('',#1172);
#1172 = CARTESIAN_POINT('',(4.25,1.,0.65));
#1173 = LINE('',#1174,#1175);
#1174 = CARTESIAN_POINT('',(4.25,1.,-18.29445829259));
#1175 = VECTOR('',#1176,1.);
#1176 = DIRECTION('',(0.,0.,1.));
#1177 = ORIENTED_EDGE('',*,*,#1178,.T.);
#1178 = EDGE_CURVE('',#1171,#1179,#1181,.T.);
#1179 = VERTEX_POINT('',#1180);
#1180 = CARTESIAN_POINT('',(4.25,0.9,0.65));
#1181 = LINE('',#1182,#1183);
#1182 = CARTESIAN_POINT('',(4.25,1.,0.65));
#1183 = VECTOR('',#1184,1.);
#1184 = DIRECTION('',(0.,-1.,0.));
#1185 = ORIENTED_EDGE('',*,*,#1186,.F.);
#1186 = EDGE_CURVE('',#1163,#1179,#1187,.T.);
#1187 = LINE('',#1188,#1189);
#1188 = CARTESIAN_POINT('',(4.25,0.9,-18.29445829259));
#1189 = VECTOR('',#1190,1.);
#1190 = DIRECTION('',(0.,0.,1.));
#1191 = PLANE('',#1192);
#1192 = AXIS2_PLACEMENT_3D('',#1193,#1194,#1195);
#1193 = CARTESIAN_POINT('',(4.25,1.,-18.29445829259));
#1194 = DIRECTION('',(-1.,0.,0.));
#1195 = DIRECTION('',(0.,0.,1.));
#1196 = ADVANCED_FACE('',(#1197),#1231,.F.);
#1197 = FACE_BOUND('',#1198,.T.);
#1198 = EDGE_LOOP('',(#1199,#1209,#1217,#1225));
#1199 = ORIENTED_EDGE('',*,*,#1200,.F.);
#1200 = EDGE_CURVE('',#1201,#1203,#1205,.T.);
#1201 = VERTEX_POINT('',#1202);
#1202 = CARTESIAN_POINT('',(4.25,0.9,0.25));
#1203 = VERTEX_POINT('',#1204);
#1204 = CARTESIAN_POINT('',(4.25,1.,0.25));
#1205 = LINE('',#1206,#1207);
#1206 = CARTESIAN_POINT('',(4.25,1.,0.25));
#1207 = VECTOR('',#1208,1.);
#1208 = DIRECTION('',(0.,1.,0.));
#1209 = ORIENTED_EDGE('',*,*,#1210,.F.);
#1210 = EDGE_CURVE('',#1211,#1201,#1213,.T.);
#1211 = VERTEX_POINT('',#1212);
#1212 = CARTESIAN_POINT('',(4.25,0.9,0.));
#1213 = LINE('',#1214,#1215);
#1214 = CARTESIAN_POINT('',(4.25,0.9,-18.29445829259));
#1215 = VECTOR('',#1216,1.);
#1216 = DIRECTION('',(0.,0.,1.));
#1217 = ORIENTED_EDGE('',*,*,#1218,.F.);
#1218 = EDGE_CURVE('',#1219,#1211,#1221,.T.);
#1219 = VERTEX_POINT('',#1220);
#1220 = CARTESIAN_POINT('',(4.25,1.,0.));
#1221 = LINE('',#1222,#1223);
#1222 = CARTESIAN_POINT('',(4.25,0.,0.));
#1223 = VECTOR('',#1224,1.);
#1224 = DIRECTION('',(0.,-1.,0.));
#1225 = ORIENTED_EDGE('',*,*,#1226,.T.);
#1226 = EDGE_CURVE('',#1219,#1203,#1227,.T.);
#1227 = LINE('',#1228,#1229);
#1228 = CARTESIAN_POINT('',(4.25,1.,-18.29445829259));
#1229 = VECTOR('',#1230,1.);
#1230 = DIRECTION('',(0.,0.,1.));
#1231 = PLANE('',#1232);
#1232 = AXIS2_PLACEMENT_3D('',#1233,#1234,#1235);
#1233 = CARTESIAN_POINT('',(4.25,1.,-18.29445829259));
#1234 = DIRECTION('',(-1.,0.,0.));
#1235 = DIRECTION('',(0.,0.,1.));
#1236 = ADVANCED_FACE('',(#1237),#1262,.F.);
#1237 = FACE_BOUND('',#1238,.T.);
#1238 = EDGE_LOOP('',(#1239,#1247,#1248,#1256));
#1239 = ORIENTED_EDGE('',*,*,#1240,.F.);
#1240 = EDGE_CURVE('',#1163,#1241,#1243,.T.);
#1241 = VERTEX_POINT('',#1242);
#1242 = CARTESIAN_POINT('',(4.75,0.9,0.4));
#1243 = LINE('',#1244,#1245);
#1244 = CARTESIAN_POINT('',(4.25,0.9,0.4));
#1245 = VECTOR('',#1246,1.);
#1246 = DIRECTION('',(1.,0.,3.87215061602E-17));
#1247 = ORIENTED_EDGE('',*,*,#1186,.T.);
#1248 = ORIENTED_EDGE('',*,*,#1249,.T.);
#1249 = EDGE_CURVE('',#1179,#1250,#1252,.T.);
#1250 = VERTEX_POINT('',#1251);
#1251 = CARTESIAN_POINT('',(4.75,0.9,0.65));
#1252 = LINE('',#1253,#1254);
#1253 = CARTESIAN_POINT('',(4.25,0.9,0.65));
#1254 = VECTOR('',#1255,1.);
#1255 = DIRECTION('',(1.,0.,0.));
#1256 = ORIENTED_EDGE('',*,*,#1257,.F.);
#1257 = EDGE_CURVE('',#1241,#1250,#1258,.T.);
#1258 = LINE('',#1259,#1260);
#1259 = CARTESIAN_POINT('',(4.75,0.9,-18.29445829259));
#1260 = VECTOR('',#1261,1.);
#1261 = DIRECTION('',(0.,0.,1.));
#1262 = PLANE('',#1263);
#1263 = AXIS2_PLACEMENT_3D('',#1264,#1265,#1266);
#1264 = CARTESIAN_POINT('',(4.25,0.9,-18.29445829259));
#1265 = DIRECTION('',(0.,-1.,0.));
#1266 = DIRECTION('',(0.,0.,-1.));
#1267 = ADVANCED_FACE('',(#1268),#1293,.F.);
#1268 = FACE_BOUND('',#1269,.T.);
#1269 = EDGE_LOOP('',(#1270,#1278,#1286,#1292));
#1270 = ORIENTED_EDGE('',*,*,#1271,.F.);
#1271 = EDGE_CURVE('',#1272,#1201,#1274,.T.);
#1272 = VERTEX_POINT('',#1273);
#1273 = CARTESIAN_POINT('',(4.75,0.9,0.25));
#1274 = LINE('',#1275,#1276);
#1275 = CARTESIAN_POINT('',(4.25,0.9,0.25));
#1276 = VECTOR('',#1277,1.);
#1277 = DIRECTION('',(-1.,0.,0.));
#1278 = ORIENTED_EDGE('',*,*,#1279,.F.);
#1279 = EDGE_CURVE('',#1280,#1272,#1282,.T.);
#1280 = VERTEX_POINT('',#1281);
#1281 = CARTESIAN_POINT('',(4.75,0.9,0.));
#1282 = LINE('',#1283,#1284);
#1283 = CARTESIAN_POINT('',(4.75,0.9,-18.29445829259));
#1284 = VECTOR('',#1285,1.);
#1285 = DIRECTION('',(0.,0.,1.));
#1286 = ORIENTED_EDGE('',*,*,#1287,.F.);
#1287 = EDGE_CURVE('',#1211,#1280,#1288,.T.);
#1288 = LINE('',#1289,#1290);
#1289 = CARTESIAN_POINT('',(0.,0.9,0.));
#1290 = VECTOR('',#1291,1.);
#1291 = DIRECTION('',(1.,0.,0.));
#1292 = ORIENTED_EDGE('',*,*,#1210,.T.);
#1293 = PLANE('',#1294);
#1294 = AXIS2_PLACEMENT_3D('',#1295,#1296,#1297);
#1295 = CARTESIAN_POINT('',(4.25,0.9,-18.29445829259));
#1296 = DIRECTION('',(0.,-1.,0.));
#1297 = DIRECTION('',(0.,0.,-1.));
#1298 = ADVANCED_FACE('',(#1299),#1324,.F.);
#1299 = FACE_BOUND('',#1300,.T.);
#1300 = EDGE_LOOP('',(#1301,#1309,#1310,#1318));
#1301 = ORIENTED_EDGE('',*,*,#1302,.F.);
#1302 = EDGE_CURVE('',#1241,#1303,#1305,.T.);
#1303 = VERTEX_POINT('',#1304);
#1304 = CARTESIAN_POINT('',(4.75,1.,0.4));
#1305 = LINE('',#1306,#1307);
#1306 = CARTESIAN_POINT('',(4.75,0.9,0.4));
#1307 = VECTOR('',#1308,1.);
#1308 = DIRECTION('',(0.,1.,5.331040139784E-33));
#1309 = ORIENTED_EDGE('',*,*,#1257,.T.);
#1310 = ORIENTED_EDGE('',*,*,#1311,.T.);
#1311 = EDGE_CURVE('',#1250,#1312,#1314,.T.);
#1312 = VERTEX_POINT('',#1313);
#1313 = CARTESIAN_POINT('',(4.75,1.,0.65));
#1314 = LINE('',#1315,#1316);
#1315 = CARTESIAN_POINT('',(4.75,0.9,0.65));
#1316 = VECTOR('',#1317,1.);
#1317 = DIRECTION('',(0.,1.,0.));
#1318 = ORIENTED_EDGE('',*,*,#1319,.F.);
#1319 = EDGE_CURVE('',#1303,#1312,#1320,.T.);
#1320 = LINE('',#1321,#1322);
#1321 = CARTESIAN_POINT('',(4.75,1.,-18.29445829259));
#1322 = VECTOR('',#1323,1.);
#1323 = DIRECTION('',(0.,0.,1.));
#1324 = PLANE('',#1325);
#1325 = AXIS2_PLACEMENT_3D('',#1326,#1327,#1328);
#1326 = CARTESIAN_POINT('',(4.75,0.9,-18.29445829259));
#1327 = DIRECTION('',(1.,0.,0.));
#1328 = DIRECTION('',(0.,0.,-1.));
#1329 = ADVANCED_FACE('',(#1330),#1355,.F.);
#1330 = FACE_BOUND('',#1331,.T.);
#1331 = EDGE_LOOP('',(#1332,#1340,#1348,#1354));
#1332 = ORIENTED_EDGE('',*,*,#1333,.F.);
#1333 = EDGE_CURVE('',#1334,#1272,#1336,.T.);
#1334 = VERTEX_POINT('',#1335);
#1335 = CARTESIAN_POINT('',(4.75,1.,0.25));
#1336 = LINE('',#1337,#1338);
#1337 = CARTESIAN_POINT('',(4.75,0.9,0.25));
#1338 = VECTOR('',#1339,1.);
#1339 = DIRECTION('',(0.,-1.,0.));
#1340 = ORIENTED_EDGE('',*,*,#1341,.F.);
#1341 = EDGE_CURVE('',#1342,#1334,#1344,.T.);
#1342 = VERTEX_POINT('',#1343);
#1343 = CARTESIAN_POINT('',(4.75,1.,0.));
#1344 = LINE('',#1345,#1346);
#1345 = CARTESIAN_POINT('',(4.75,1.,-18.29445829259));
#1346 = VECTOR('',#1347,1.);
#1347 = DIRECTION('',(0.,0.,1.));
#1348 = ORIENTED_EDGE('',*,*,#1349,.F.);
#1349 = EDGE_CURVE('',#1280,#1342,#1350,.T.);
#1350 = LINE('',#1351,#1352);
#1351 = CARTESIAN_POINT('',(4.75,0.,0.));
#1352 = VECTOR('',#1353,1.);
#1353 = DIRECTION('',(0.,1.,0.));
#1354 = ORIENTED_EDGE('',*,*,#1279,.T.);
#1355 = PLANE('',#1356);
#1356 = AXIS2_PLACEMENT_3D('',#1357,#1358,#1359);
#1357 = CARTESIAN_POINT('',(4.75,0.9,-18.29445829259));
#1358 = DIRECTION('',(1.,0.,0.));
#1359 = DIRECTION('',(0.,0.,-1.));
#1360 = ADVANCED_FACE('',(#1361),#1377,.F.);
#1361 = FACE_BOUND('',#1362,.T.);
#1362 = EDGE_LOOP('',(#1363,#1369,#1370,#1376));
#1363 = ORIENTED_EDGE('',*,*,#1364,.F.);
#1364 = EDGE_CURVE('',#1303,#1161,#1365,.T.);
#1365 = LINE('',#1366,#1367);
#1366 = CARTESIAN_POINT('',(4.75,1.,0.4));
#1367 = VECTOR('',#1368,1.);
#1368 = DIRECTION('',(-1.,0.,-3.87215061602E-17));
#1369 = ORIENTED_EDGE('',*,*,#1319,.T.);
#1370 = ORIENTED_EDGE('',*,*,#1371,.T.);
#1371 = EDGE_CURVE('',#1312,#1171,#1372,.T.);
#1372 = LINE('',#1373,#1374);
#1373 = CARTESIAN_POINT('',(4.75,1.,0.65));
#1374 = VECTOR('',#1375,1.);
#1375 = DIRECTION('',(-1.,0.,0.));
#1376 = ORIENTED_EDGE('',*,*,#1170,.F.);
#1377 = PLANE('',#1378);
#1378 = AXIS2_PLACEMENT_3D('',#1379,#1380,#1381);
#1379 = CARTESIAN_POINT('',(4.75,1.,-18.29445829259));
#1380 = DIRECTION('',(0.,1.,0.));
#1381 = DIRECTION('',(0.,-0.,1.));
#1382 = ADVANCED_FACE('',(#1383),#1399,.F.);
#1383 = FACE_BOUND('',#1384,.T.);
#1384 = EDGE_LOOP('',(#1385,#1391,#1392,#1398));
#1385 = ORIENTED_EDGE('',*,*,#1386,.F.);
#1386 = EDGE_CURVE('',#1203,#1334,#1387,.T.);
#1387 = LINE('',#1388,#1389);
#1388 = CARTESIAN_POINT('',(4.75,1.,0.25));
#1389 = VECTOR('',#1390,1.);
#1390 = DIRECTION('',(1.,0.,0.));
#1391 = ORIENTED_EDGE('',*,*,#1226,.F.);
#1392 = ORIENTED_EDGE('',*,*,#1393,.F.);
#1393 = EDGE_CURVE('',#1342,#1219,#1394,.T.);
#1394 = LINE('',#1395,#1396);
#1395 = CARTESIAN_POINT('',(0.,1.,0.));
#1396 = VECTOR('',#1397,1.);
#1397 = DIRECTION('',(-1.,0.,0.));
#1398 = ORIENTED_EDGE('',*,*,#1341,.T.);
#1399 = PLANE('',#1400);
#1400 = AXIS2_PLACEMENT_3D('',#1401,#1402,#1403);
#1401 = CARTESIAN_POINT('',(4.75,1.,-18.29445829259));
#1402 = DIRECTION('',(0.,1.,0.));
#1403 = DIRECTION('',(0.,-0.,1.));
#1404 = ADVANCED_FACE('',(#1405),#1439,.F.);
#1405 = FACE_BOUND('',#1406,.T.);
#1406 = EDGE_LOOP('',(#1407,#1417,#1425,#1433));
#1407 = ORIENTED_EDGE('',*,*,#1408,.F.);
#1408 = EDGE_CURVE('',#1409,#1411,#1413,.T.);
#1409 = VERTEX_POINT('',#1410);
#1410 = CARTESIAN_POINT('',(3.15,1.,0.4));
#1411 = VERTEX_POINT('',#1412);
#1412 = CARTESIAN_POINT('',(3.15,0.9,0.4));
#1413 = LINE('',#1414,#1415);
#1414 = CARTESIAN_POINT('',(3.15,1.,0.4));
#1415 = VECTOR('',#1416,1.);
#1416 = DIRECTION('',(0.,-1.,-5.331040139784E-33));
#1417 = ORIENTED_EDGE('',*,*,#1418,.T.);
#1418 = EDGE_CURVE('',#1409,#1419,#1421,.T.);
#1419 = VERTEX_POINT('',#1420);
#1420 = CARTESIAN_POINT('',(3.15,1.,0.65));
#1421 = LINE('',#1422,#1423);
#1422 = CARTESIAN_POINT('',(3.15,1.,-18.29445829259));
#1423 = VECTOR('',#1424,1.);
#1424 = DIRECTION('',(0.,0.,1.));
#1425 = ORIENTED_EDGE('',*,*,#1426,.T.);
#1426 = EDGE_CURVE('',#1419,#1427,#1429,.T.);
#1427 = VERTEX_POINT('',#1428);
#1428 = CARTESIAN_POINT('',(3.15,0.9,0.65));
#1429 = LINE('',#1430,#1431);
#1430 = CARTESIAN_POINT('',(3.15,1.,0.65));
#1431 = VECTOR('',#1432,1.);
#1432 = DIRECTION('',(0.,-1.,0.));
#1433 = ORIENTED_EDGE('',*,*,#1434,.F.);
#1434 = EDGE_CURVE('',#1411,#1427,#1435,.T.);
#1435 = LINE('',#1436,#1437);
#1436 = CARTESIAN_POINT('',(3.15,0.9,-18.29445829259));
#1437 = VECTOR('',#1438,1.);
#1438 = DIRECTION('',(0.,0.,1.));
#1439 = PLANE('',#1440);
#1440 = AXIS2_PLACEMENT_3D('',#1441,#1442,#1443);
#1441 = CARTESIAN_POINT('',(3.15,1.,-18.29445829259));
#1442 = DIRECTION('',(-1.,0.,0.));
#1443 = DIRECTION('',(0.,0.,1.));
#1444 = ADVANCED_FACE('',(#1445),#1479,.F.);
#1445 = FACE_BOUND('',#1446,.T.);
#1446 = EDGE_LOOP('',(#1447,#1457,#1465,#1473));
#1447 = ORIENTED_EDGE('',*,*,#1448,.F.);
#1448 = EDGE_CURVE('',#1449,#1451,#1453,.T.);
#1449 = VERTEX_POINT('',#1450);
#1450 = CARTESIAN_POINT('',(3.15,0.9,0.25));
#1451 = VERTEX_POINT('',#1452);
#1452 = CARTESIAN_POINT('',(3.15,1.,0.25));
#1453 = LINE('',#1454,#1455);
#1454 = CARTESIAN_POINT('',(3.15,1.,0.25));
#1455 = VECTOR('',#1456,1.);
#1456 = DIRECTION('',(0.,1.,0.));
#1457 = ORIENTED_EDGE('',*,*,#1458,.F.);
#1458 = EDGE_CURVE('',#1459,#1449,#1461,.T.);
#1459 = VERTEX_POINT('',#1460);
#1460 = CARTESIAN_POINT('',(3.15,0.9,0.));
#1461 = LINE('',#1462,#1463);
#1462 = CARTESIAN_POINT('',(3.15,0.9,-18.29445829259));
#1463 = VECTOR('',#1464,1.);
#1464 = DIRECTION('',(0.,0.,1.));
#1465 = ORIENTED_EDGE('',*,*,#1466,.F.);
#1466 = EDGE_CURVE('',#1467,#1459,#1469,.T.);
#1467 = VERTEX_POINT('',#1468);
#1468 = CARTESIAN_POINT('',(3.15,1.,0.));
#1469 = LINE('',#1470,#1471);
#1470 = CARTESIAN_POINT('',(3.15,0.,0.));
#1471 = VECTOR('',#1472,1.);
#1472 = DIRECTION('',(0.,-1.,0.));
#1473 = ORIENTED_EDGE('',*,*,#1474,.T.);
#1474 = EDGE_CURVE('',#1467,#1451,#1475,.T.);
#1475 = LINE('',#1476,#1477);
#1476 = CARTESIAN_POINT('',(3.15,1.,-18.29445829259));
#1477 = VECTOR('',#1478,1.);
#1478 = DIRECTION('',(0.,0.,1.));
#1479 = PLANE('',#1480);
#1480 = AXIS2_PLACEMENT_3D('',#1481,#1482,#1483);
#1481 = CARTESIAN_POINT('',(3.15,1.,-18.29445829259));
#1482 = DIRECTION('',(-1.,0.,0.));
#1483 = DIRECTION('',(0.,0.,1.));
#1484 = ADVANCED_FACE('',(#1485),#1510,.F.);
#1485 = FACE_BOUND('',#1486,.T.);
#1486 = EDGE_LOOP('',(#1487,#1495,#1496,#1504));
#1487 = ORIENTED_EDGE('',*,*,#1488,.F.);
#1488 = EDGE_CURVE('',#1411,#1489,#1491,.T.);
#1489 = VERTEX_POINT('',#1490);
#1490 = CARTESIAN_POINT('',(3.65,0.9,0.4));
#1491 = LINE('',#1492,#1493);
#1492 = CARTESIAN_POINT('',(3.15,0.9,0.4));
#1493 = VECTOR('',#1494,1.);
#1494 = DIRECTION('',(1.,0.,3.87215061602E-17));
#1495 = ORIENTED_EDGE('',*,*,#1434,.T.);
#1496 = ORIENTED_EDGE('',*,*,#1497,.T.);
#1497 = EDGE_CURVE('',#1427,#1498,#1500,.T.);
#1498 = VERTEX_POINT('',#1499);
#1499 = CARTESIAN_POINT('',(3.65,0.9,0.65));
#1500 = LINE('',#1501,#1502);
#1501 = CARTESIAN_POINT('',(3.15,0.9,0.65));
#1502 = VECTOR('',#1503,1.);
#1503 = DIRECTION('',(1.,0.,0.));
#1504 = ORIENTED_EDGE('',*,*,#1505,.F.);
#1505 = EDGE_CURVE('',#1489,#1498,#1506,.T.);
#1506 = LINE('',#1507,#1508);
#1507 = CARTESIAN_POINT('',(3.65,0.9,-18.29445829259));
#1508 = VECTOR('',#1509,1.);
#1509 = DIRECTION('',(0.,0.,1.));
#1510 = PLANE('',#1511);
#1511 = AXIS2_PLACEMENT_3D('',#1512,#1513,#1514);
#1512 = CARTESIAN_POINT('',(3.15,0.9,-18.29445829259));
#1513 = DIRECTION('',(0.,-1.,0.));
#1514 = DIRECTION('',(0.,0.,-1.));
#1515 = ADVANCED_FACE('',(#1516),#1541,.F.);
#1516 = FACE_BOUND('',#1517,.T.);
#1517 = EDGE_LOOP('',(#1518,#1526,#1534,#1540));
#1518 = ORIENTED_EDGE('',*,*,#1519,.F.);
#1519 = EDGE_CURVE('',#1520,#1449,#1522,.T.);
#1520 = VERTEX_POINT('',#1521);
#1521 = CARTESIAN_POINT('',(3.65,0.9,0.25));
#1522 = LINE('',#1523,#1524);
#1523 = CARTESIAN_POINT('',(3.15,0.9,0.25));
#1524 = VECTOR('',#1525,1.);
#1525 = DIRECTION('',(-1.,0.,0.));
#1526 = ORIENTED_EDGE('',*,*,#1527,.F.);
#1527 = EDGE_CURVE('',#1528,#1520,#1530,.T.);
#1528 = VERTEX_POINT('',#1529);
#1529 = CARTESIAN_POINT('',(3.65,0.9,0.));
#1530 = LINE('',#1531,#1532);
#1531 = CARTESIAN_POINT('',(3.65,0.9,-18.29445829259));
#1532 = VECTOR('',#1533,1.);
#1533 = DIRECTION('',(0.,0.,1.));
#1534 = ORIENTED_EDGE('',*,*,#1535,.F.);
#1535 = EDGE_CURVE('',#1459,#1528,#1536,.T.);
#1536 = LINE('',#1537,#1538);
#1537 = CARTESIAN_POINT('',(0.,0.9,0.));
#1538 = VECTOR('',#1539,1.);
#1539 = DIRECTION('',(1.,0.,0.));
#1540 = ORIENTED_EDGE('',*,*,#1458,.T.);
#1541 = PLANE('',#1542);
#1542 = AXIS2_PLACEMENT_3D('',#1543,#1544,#1545);
#1543 = CARTESIAN_POINT('',(3.15,0.9,-18.29445829259));
#1544 = DIRECTION('',(0.,-1.,0.));
#1545 = DIRECTION('',(0.,0.,-1.));
#1546 = ADVANCED_FACE('',(#1547),#1572,.F.);
#1547 = FACE_BOUND('',#1548,.T.);
#1548 = EDGE_LOOP('',(#1549,#1557,#1558,#1566));
#1549 = ORIENTED_EDGE('',*,*,#1550,.F.);
#1550 = EDGE_CURVE('',#1489,#1551,#1553,.T.);
#1551 = VERTEX_POINT('',#1552);
#1552 = CARTESIAN_POINT('',(3.65,1.,0.4));
#1553 = LINE('',#1554,#1555);
#1554 = CARTESIAN_POINT('',(3.65,0.9,0.4));
#1555 = VECTOR('',#1556,1.);
#1556 = DIRECTION('',(0.,1.,5.331040139784E-33));
#1557 = ORIENTED_EDGE('',*,*,#1505,.T.);
#1558 = ORIENTED_EDGE('',*,*,#1559,.T.);
#1559 = EDGE_CURVE('',#1498,#1560,#1562,.T.);
#1560 = VERTEX_POINT('',#1561);
#1561 = CARTESIAN_POINT('',(3.65,1.,0.65));
#1562 = LINE('',#1563,#1564);
#1563 = CARTESIAN_POINT('',(3.65,0.9,0.65));
#1564 = VECTOR('',#1565,1.);
#1565 = DIRECTION('',(0.,1.,0.));
#1566 = ORIENTED_EDGE('',*,*,#1567,.F.);
#1567 = EDGE_CURVE('',#1551,#1560,#1568,.T.);
#1568 = LINE('',#1569,#1570);
#1569 = CARTESIAN_POINT('',(3.65,1.,-18.29445829259));
#1570 = VECTOR('',#1571,1.);
#1571 = DIRECTION('',(0.,0.,1.));
#1572 = PLANE('',#1573);
#1573 = AXIS2_PLACEMENT_3D('',#1574,#1575,#1576);
#1574 = CARTESIAN_POINT('',(3.65,0.9,-18.29445829259));
#1575 = DIRECTION('',(1.,0.,0.));
#1576 = DIRECTION('',(0.,0.,-1.));
#1577 = ADVANCED_FACE('',(#1578),#1603,.F.);
#1578 = FACE_BOUND('',#1579,.T.);
#1579 = EDGE_LOOP('',(#1580,#1588,#1596,#1602));
#1580 = ORIENTED_EDGE('',*,*,#1581,.F.);
#1581 = EDGE_CURVE('',#1582,#1520,#1584,.T.);
#1582 = VERTEX_POINT('',#1583);
#1583 = CARTESIAN_POINT('',(3.65,1.,0.25));
#1584 = LINE('',#1585,#1586);
#1585 = CARTESIAN_POINT('',(3.65,0.9,0.25));
#1586 = VECTOR('',#1587,1.);
#1587 = DIRECTION('',(0.,-1.,0.));
#1588 = ORIENTED_EDGE('',*,*,#1589,.F.);
#1589 = EDGE_CURVE('',#1590,#1582,#1592,.T.);
#1590 = VERTEX_POINT('',#1591);
#1591 = CARTESIAN_POINT('',(3.65,1.,0.));
#1592 = LINE('',#1593,#1594);
#1593 = CARTESIAN_POINT('',(3.65,1.,-18.29445829259));
#1594 = VECTOR('',#1595,1.);
#1595 = DIRECTION('',(0.,0.,1.));
#1596 = ORIENTED_EDGE('',*,*,#1597,.F.);
#1597 = EDGE_CURVE('',#1528,#1590,#1598,.T.);
#1598 = LINE('',#1599,#1600);
#1599 = CARTESIAN_POINT('',(3.65,0.,0.));
#1600 = VECTOR('',#1601,1.);
#1601 = DIRECTION('',(0.,1.,0.));
#1602 = ORIENTED_EDGE('',*,*,#1527,.T.);
#1603 = PLANE('',#1604);
#1604 = AXIS2_PLACEMENT_3D('',#1605,#1606,#1607);
#1605 = CARTESIAN_POINT('',(3.65,0.9,-18.29445829259));
#1606 = DIRECTION('',(1.,0.,0.));
#1607 = DIRECTION('',(0.,0.,-1.));
#1608 = ADVANCED_FACE('',(#1609),#1625,.F.);
#1609 = FACE_BOUND('',#1610,.T.);
#1610 = EDGE_LOOP('',(#1611,#1617,#1618,#1624));
#1611 = ORIENTED_EDGE('',*,*,#1612,.F.);
#1612 = EDGE_CURVE('',#1551,#1409,#1613,.T.);
#1613 = LINE('',#1614,#1615);
#1614 = CARTESIAN_POINT('',(3.65,1.,0.4));
#1615 = VECTOR('',#1616,1.);
#1616 = DIRECTION('',(-1.,0.,-3.87215061602E-17));
#1617 = ORIENTED_EDGE('',*,*,#1567,.T.);
#1618 = ORIENTED_EDGE('',*,*,#1619,.T.);
#1619 = EDGE_CURVE('',#1560,#1419,#1620,.T.);
#1620 = LINE('',#1621,#1622);
#1621 = CARTESIAN_POINT('',(3.65,1.,0.65));
#1622 = VECTOR('',#1623,1.);
#1623 = DIRECTION('',(-1.,0.,0.));
#1624 = ORIENTED_EDGE('',*,*,#1418,.F.);
#1625 = PLANE('',#1626);
#1626 = AXIS2_PLACEMENT_3D('',#1627,#1628,#1629);
#1627 = CARTESIAN_POINT('',(3.65,1.,-18.29445829259));
#1628 = DIRECTION('',(0.,1.,0.));
#1629 = DIRECTION('',(0.,-0.,1.));
#1630 = ADVANCED_FACE('',(#1631),#1647,.F.);
#1631 = FACE_BOUND('',#1632,.T.);
#1632 = EDGE_LOOP('',(#1633,#1639,#1640,#1646));
#1633 = ORIENTED_EDGE('',*,*,#1634,.F.);
#1634 = EDGE_CURVE('',#1451,#1582,#1635,.T.);
#1635 = LINE('',#1636,#1637);
#1636 = CARTESIAN_POINT('',(3.65,1.,0.25));
#1637 = VECTOR('',#1638,1.);
#1638 = DIRECTION('',(1.,0.,0.));
#1639 = ORIENTED_EDGE('',*,*,#1474,.F.);
#1640 = ORIENTED_EDGE('',*,*,#1641,.F.);
#1641 = EDGE_CURVE('',#1590,#1467,#1642,.T.);
#1642 = LINE('',#1643,#1644);
#1643 = CARTESIAN_POINT('',(0.,1.,0.));
#1644 = VECTOR('',#1645,1.);
#1645 = DIRECTION('',(-1.,0.,0.));
#1646 = ORIENTED_EDGE('',*,*,#1589,.T.);
#1647 = PLANE('',#1648);
#1648 = AXIS2_PLACEMENT_3D('',#1649,#1650,#1651);
#1649 = CARTESIAN_POINT('',(3.65,1.,-18.29445829259));
#1650 = DIRECTION('',(0.,1.,0.));
#1651 = DIRECTION('',(0.,-0.,1.));
#1652 = ADVANCED_FACE('',(#1653),#1687,.F.);
#1653 = FACE_BOUND('',#1654,.T.);
#1654 = EDGE_LOOP('',(#1655,#1665,#1673,#1681));
#1655 = ORIENTED_EDGE('',*,*,#1656,.F.);
#1656 = EDGE_CURVE('',#1657,#1659,#1661,.T.);
#1657 = VERTEX_POINT('',#1658);
#1658 = CARTESIAN_POINT('',(2.05,1.,0.4));
#1659 = VERTEX_POINT('',#1660);
#1660 = CARTESIAN_POINT('',(2.05,0.9,0.4));
#1661 = LINE('',#1662,#1663);
#1662 = CARTESIAN_POINT('',(2.05,1.,0.4));
#1663 = VECTOR('',#1664,1.);
#1664 = DIRECTION('',(0.,-1.,-5.331040139784E-33));
#1665 = ORIENTED_EDGE('',*,*,#1666,.T.);
#1666 = EDGE_CURVE('',#1657,#1667,#1669,.T.);
#1667 = VERTEX_POINT('',#1668);
#1668 = CARTESIAN_POINT('',(2.05,1.,0.65));
#1669 = LINE('',#1670,#1671);
#1670 = CARTESIAN_POINT('',(2.05,1.,-18.29445829259));
#1671 = VECTOR('',#1672,1.);
#1672 = DIRECTION('',(0.,0.,1.));
#1673 = ORIENTED_EDGE('',*,*,#1674,.T.);
#1674 = EDGE_CURVE('',#1667,#1675,#1677,.T.);
#1675 = VERTEX_POINT('',#1676);
#1676 = CARTESIAN_POINT('',(2.05,0.9,0.65));
#1677 = LINE('',#1678,#1679);
#1678 = CARTESIAN_POINT('',(2.05,1.,0.65));
#1679 = VECTOR('',#1680,1.);
#1680 = DIRECTION('',(0.,-1.,0.));
#1681 = ORIENTED_EDGE('',*,*,#1682,.F.);
#1682 = EDGE_CURVE('',#1659,#1675,#1683,.T.);
#1683 = LINE('',#1684,#1685);
#1684 = CARTESIAN_POINT('',(2.05,0.9,-18.29445829259));
#1685 = VECTOR('',#1686,1.);
#1686 = DIRECTION('',(0.,0.,1.));
#1687 = PLANE('',#1688);
#1688 = AXIS2_PLACEMENT_3D('',#1689,#1690,#1691);
#1689 = CARTESIAN_POINT('',(2.05,1.,-18.29445829259));
#1690 = DIRECTION('',(-1.,0.,0.));
#1691 = DIRECTION('',(0.,0.,1.));
#1692 = ADVANCED_FACE('',(#1693),#1727,.F.);
#1693 = FACE_BOUND('',#1694,.T.);
#1694 = EDGE_LOOP('',(#1695,#1705,#1713,#1721));
#1695 = ORIENTED_EDGE('',*,*,#1696,.F.);
#1696 = EDGE_CURVE('',#1697,#1699,#1701,.T.);
#1697 = VERTEX_POINT('',#1698);
#1698 = CARTESIAN_POINT('',(2.05,0.9,0.25));
#1699 = VERTEX_POINT('',#1700);
#1700 = CARTESIAN_POINT('',(2.05,1.,0.25));
#1701 = LINE('',#1702,#1703);
#1702 = CARTESIAN_POINT('',(2.05,1.,0.25));
#1703 = VECTOR('',#1704,1.);
#1704 = DIRECTION('',(0.,1.,0.));
#1705 = ORIENTED_EDGE('',*,*,#1706,.F.);
#1706 = EDGE_CURVE('',#1707,#1697,#1709,.T.);
#1707 = VERTEX_POINT('',#1708);
#1708 = CARTESIAN_POINT('',(2.05,0.9,0.));
#1709 = LINE('',#1710,#1711);
#1710 = CARTESIAN_POINT('',(2.05,0.9,-18.29445829259));
#1711 = VECTOR('',#1712,1.);
#1712 = DIRECTION('',(0.,0.,1.));
#1713 = ORIENTED_EDGE('',*,*,#1714,.F.);
#1714 = EDGE_CURVE('',#1715,#1707,#1717,.T.);
#1715 = VERTEX_POINT('',#1716);
#1716 = CARTESIAN_POINT('',(2.05,1.,0.));
#1717 = LINE('',#1718,#1719);
#1718 = CARTESIAN_POINT('',(2.05,0.,0.));
#1719 = VECTOR('',#1720,1.);
#1720 = DIRECTION('',(0.,-1.,0.));
#1721 = ORIENTED_EDGE('',*,*,#1722,.T.);
#1722 = EDGE_CURVE('',#1715,#1699,#1723,.T.);
#1723 = LINE('',#1724,#1725);
#1724 = CARTESIAN_POINT('',(2.05,1.,-18.29445829259));
#1725 = VECTOR('',#1726,1.);
#1726 = DIRECTION('',(0.,0.,1.));
#1727 = PLANE('',#1728);
#1728 = AXIS2_PLACEMENT_3D('',#1729,#1730,#1731);
#1729 = CARTESIAN_POINT('',(2.05,1.,-18.29445829259));
#1730 = DIRECTION('',(-1.,0.,0.));
#1731 = DIRECTION('',(0.,0.,1.));
#1732 = ADVANCED_FACE('',(#1733),#1758,.F.);
#1733 = FACE_BOUND('',#1734,.T.);
#1734 = EDGE_LOOP('',(#1735,#1743,#1744,#1752));
#1735 = ORIENTED_EDGE('',*,*,#1736,.F.);
#1736 = EDGE_CURVE('',#1659,#1737,#1739,.T.);
#1737 = VERTEX_POINT('',#1738);
#1738 = CARTESIAN_POINT('',(2.55,0.9,0.4));
#1739 = LINE('',#1740,#1741);
#1740 = CARTESIAN_POINT('',(2.05,0.9,0.4));
#1741 = VECTOR('',#1742,1.);
#1742 = DIRECTION('',(1.,0.,3.87215061602E-17));
#1743 = ORIENTED_EDGE('',*,*,#1682,.T.);
#1744 = ORIENTED_EDGE('',*,*,#1745,.T.);
#1745 = EDGE_CURVE('',#1675,#1746,#1748,.T.);
#1746 = VERTEX_POINT('',#1747);
#1747 = CARTESIAN_POINT('',(2.55,0.9,0.65));
#1748 = LINE('',#1749,#1750);
#1749 = CARTESIAN_POINT('',(2.05,0.9,0.65));
#1750 = VECTOR('',#1751,1.);
#1751 = DIRECTION('',(1.,0.,0.));
#1752 = ORIENTED_EDGE('',*,*,#1753,.F.);
#1753 = EDGE_CURVE('',#1737,#1746,#1754,.T.);
#1754 = LINE('',#1755,#1756);
#1755 = CARTESIAN_POINT('',(2.55,0.9,-18.29445829259));
#1756 = VECTOR('',#1757,1.);
#1757 = DIRECTION('',(0.,0.,1.));
#1758 = PLANE('',#1759);
#1759 = AXIS2_PLACEMENT_3D('',#1760,#1761,#1762);
#1760 = CARTESIAN_POINT('',(2.05,0.9,-18.29445829259));
#1761 = DIRECTION('',(0.,-1.,0.));
#1762 = DIRECTION('',(0.,0.,-1.));
#1763 = ADVANCED_FACE('',(#1764),#1789,.F.);
#1764 = FACE_BOUND('',#1765,.T.);
#1765 = EDGE_LOOP('',(#1766,#1774,#1782,#1788));
#1766 = ORIENTED_EDGE('',*,*,#1767,.F.);
#1767 = EDGE_CURVE('',#1768,#1697,#1770,.T.);
#1768 = VERTEX_POINT('',#1769);
#1769 = CARTESIAN_POINT('',(2.55,0.9,0.25));
#1770 = LINE('',#1771,#1772);
#1771 = CARTESIAN_POINT('',(2.05,0.9,0.25));
#1772 = VECTOR('',#1773,1.);
#1773 = DIRECTION('',(-1.,0.,0.));
#1774 = ORIENTED_EDGE('',*,*,#1775,.F.);
#1775 = EDGE_CURVE('',#1776,#1768,#1778,.T.);
#1776 = VERTEX_POINT('',#1777);
#1777 = CARTESIAN_POINT('',(2.55,0.9,0.));
#1778 = LINE('',#1779,#1780);
#1779 = CARTESIAN_POINT('',(2.55,0.9,-18.29445829259));
#1780 = VECTOR('',#1781,1.);
#1781 = DIRECTION('',(0.,0.,1.));
#1782 = ORIENTED_EDGE('',*,*,#1783,.F.);
#1783 = EDGE_CURVE('',#1707,#1776,#1784,.T.);
#1784 = LINE('',#1785,#1786);
#1785 = CARTESIAN_POINT('',(0.,0.9,0.));
#1786 = VECTOR('',#1787,1.);
#1787 = DIRECTION('',(1.,0.,0.));
#1788 = ORIENTED_EDGE('',*,*,#1706,.T.);
#1789 = PLANE('',#1790);
#1790 = AXIS2_PLACEMENT_3D('',#1791,#1792,#1793);
#1791 = CARTESIAN_POINT('',(2.05,0.9,-18.29445829259));
#1792 = DIRECTION('',(0.,-1.,0.));
#1793 = DIRECTION('',(0.,0.,-1.));
#1794 = ADVANCED_FACE('',(#1795),#1820,.F.);
#1795 = FACE_BOUND('',#1796,.T.);
#1796 = EDGE_LOOP('',(#1797,#1805,#1806,#1814));
#1797 = ORIENTED_EDGE('',*,*,#1798,.F.);
#1798 = EDGE_CURVE('',#1737,#1799,#1801,.T.);
#1799 = VERTEX_POINT('',#1800);
#1800 = CARTESIAN_POINT('',(2.55,1.,0.4));
#1801 = LINE('',#1802,#1803);
#1802 = CARTESIAN_POINT('',(2.55,0.9,0.4));
#1803 = VECTOR('',#1804,1.);
#1804 = DIRECTION('',(0.,1.,5.331040139784E-33));
#1805 = ORIENTED_EDGE('',*,*,#1753,.T.);
#1806 = ORIENTED_EDGE('',*,*,#1807,.T.);
#1807 = EDGE_CURVE('',#1746,#1808,#1810,.T.);
#1808 = VERTEX_POINT('',#1809);
#1809 = CARTESIAN_POINT('',(2.55,1.,0.65));
#1810 = LINE('',#1811,#1812);
#1811 = CARTESIAN_POINT('',(2.55,0.9,0.65));
#1812 = VECTOR('',#1813,1.);
#1813 = DIRECTION('',(0.,1.,0.));
#1814 = ORIENTED_EDGE('',*,*,#1815,.F.);
#1815 = EDGE_CURVE('',#1799,#1808,#1816,.T.);
#1816 = LINE('',#1817,#1818);
#1817 = CARTESIAN_POINT('',(2.55,1.,-18.29445829259));
#1818 = VECTOR('',#1819,1.);
#1819 = DIRECTION('',(0.,0.,1.));
#1820 = PLANE('',#1821);
#1821 = AXIS2_PLACEMENT_3D('',#1822,#1823,#1824);
#1822 = CARTESIAN_POINT('',(2.55,0.9,-18.29445829259));
#1823 = DIRECTION('',(1.,0.,0.));
#1824 = DIRECTION('',(0.,0.,-1.));
#1825 = ADVANCED_FACE('',(#1826),#1851,.F.);
#1826 = FACE_BOUND('',#1827,.T.);
#1827 = EDGE_LOOP('',(#1828,#1836,#1844,#1850));
#1828 = ORIENTED_EDGE('',*,*,#1829,.F.);
#1829 = EDGE_CURVE('',#1830,#1768,#1832,.T.);
#1830 = VERTEX_POINT('',#1831);
#1831 = CARTESIAN_POINT('',(2.55,1.,0.25));
#1832 = LINE('',#1833,#1834);
#1833 = CARTESIAN_POINT('',(2.55,0.9,0.25));
#1834 = VECTOR('',#1835,1.);
#1835 = DIRECTION('',(0.,-1.,0.));
#1836 = ORIENTED_EDGE('',*,*,#1837,.F.);
#1837 = EDGE_CURVE('',#1838,#1830,#1840,.T.);
#1838 = VERTEX_POINT('',#1839);
#1839 = CARTESIAN_POINT('',(2.55,1.,0.));
#1840 = LINE('',#1841,#1842);
#1841 = CARTESIAN_POINT('',(2.55,1.,-18.29445829259));
#1842 = VECTOR('',#1843,1.);
#1843 = DIRECTION('',(0.,0.,1.));
#1844 = ORIENTED_EDGE('',*,*,#1845,.F.);
#1845 = EDGE_CURVE('',#1776,#1838,#1846,.T.);
#1846 = LINE('',#1847,#1848);
#1847 = CARTESIAN_POINT('',(2.55,0.,0.));
#1848 = VECTOR('',#1849,1.);
#1849 = DIRECTION('',(0.,1.,0.));
#1850 = ORIENTED_EDGE('',*,*,#1775,.T.);
#1851 = PLANE('',#1852);
#1852 = AXIS2_PLACEMENT_3D('',#1853,#1854,#1855);
#1853 = CARTESIAN_POINT('',(2.55,0.9,-18.29445829259));
#1854 = DIRECTION('',(1.,0.,0.));
#1855 = DIRECTION('',(0.,0.,-1.));
#1856 = ADVANCED_FACE('',(#1857),#1873,.F.);
#1857 = FACE_BOUND('',#1858,.T.);
#1858 = EDGE_LOOP('',(#1859,#1865,#1866,#1872));
#1859 = ORIENTED_EDGE('',*,*,#1860,.F.);
#1860 = EDGE_CURVE('',#1799,#1657,#1861,.T.);
#1861 = LINE('',#1862,#1863);
#1862 = CARTESIAN_POINT('',(2.55,1.,0.4));
#1863 = VECTOR('',#1864,1.);
#1864 = DIRECTION('',(-1.,0.,-3.87215061602E-17));
#1865 = ORIENTED_EDGE('',*,*,#1815,.T.);
#1866 = ORIENTED_EDGE('',*,*,#1867,.T.);
#1867 = EDGE_CURVE('',#1808,#1667,#1868,.T.);
#1868 = LINE('',#1869,#1870);
#1869 = CARTESIAN_POINT('',(2.55,1.,0.65));
#1870 = VECTOR('',#1871,1.);
#1871 = DIRECTION('',(-1.,0.,0.));
#1872 = ORIENTED_EDGE('',*,*,#1666,.F.);
#1873 = PLANE('',#1874);
#1874 = AXIS2_PLACEMENT_3D('',#1875,#1876,#1877);
#1875 = CARTESIAN_POINT('',(2.55,1.,-18.29445829259));
#1876 = DIRECTION('',(0.,1.,0.));
#1877 = DIRECTION('',(0.,-0.,1.));
#1878 = ADVANCED_FACE('',(#1879),#1895,.F.);
#1879 = FACE_BOUND('',#1880,.T.);
#1880 = EDGE_LOOP('',(#1881,#1887,#1888,#1894));
#1881 = ORIENTED_EDGE('',*,*,#1882,.F.);
#1882 = EDGE_CURVE('',#1699,#1830,#1883,.T.);
#1883 = LINE('',#1884,#1885);
#1884 = CARTESIAN_POINT('',(2.55,1.,0.25));
#1885 = VECTOR('',#1886,1.);
#1886 = DIRECTION('',(1.,0.,0.));
#1887 = ORIENTED_EDGE('',*,*,#1722,.F.);
#1888 = ORIENTED_EDGE('',*,*,#1889,.F.);
#1889 = EDGE_CURVE('',#1838,#1715,#1890,.T.);
#1890 = LINE('',#1891,#1892);
#1891 = CARTESIAN_POINT('',(0.,1.,0.));
#1892 = VECTOR('',#1893,1.);
#1893 = DIRECTION('',(-1.,0.,0.));
#1894 = ORIENTED_EDGE('',*,*,#1837,.T.);
#1895 = PLANE('',#1896);
#1896 = AXIS2_PLACEMENT_3D('',#1897,#1898,#1899);
#1897 = CARTESIAN_POINT('',(2.55,1.,-18.29445829259));
#1898 = DIRECTION('',(0.,1.,0.));
#1899 = DIRECTION('',(0.,-0.,1.));
#1900 = ADVANCED_FACE('',(#1901),#1935,.F.);
#1901 = FACE_BOUND('',#1902,.T.);
#1902 = EDGE_LOOP('',(#1903,#1913,#1921,#1929));
#1903 = ORIENTED_EDGE('',*,*,#1904,.F.);
#1904 = EDGE_CURVE('',#1905,#1907,#1909,.T.);
#1905 = VERTEX_POINT('',#1906);
#1906 = CARTESIAN_POINT('',(0.95,1.,0.4));
#1907 = VERTEX_POINT('',#1908);
#1908 = CARTESIAN_POINT('',(0.95,0.9,0.4));
#1909 = LINE('',#1910,#1911);
#1910 = CARTESIAN_POINT('',(0.95,1.,0.4));
#1911 = VECTOR('',#1912,1.);
#1912 = DIRECTION('',(0.,-1.,-5.331040139784E-33));
#1913 = ORIENTED_EDGE('',*,*,#1914,.T.);
#1914 = EDGE_CURVE('',#1905,#1915,#1917,.T.);
#1915 = VERTEX_POINT('',#1916);
#1916 = CARTESIAN_POINT('',(0.95,1.,0.65));
#1917 = LINE('',#1918,#1919);
#1918 = CARTESIAN_POINT('',(0.95,1.,-18.29445829259));
#1919 = VECTOR('',#1920,1.);
#1920 = DIRECTION('',(0.,0.,1.));
#1921 = ORIENTED_EDGE('',*,*,#1922,.T.);
#1922 = EDGE_CURVE('',#1915,#1923,#1925,.T.);
#1923 = VERTEX_POINT('',#1924);
#1924 = CARTESIAN_POINT('',(0.95,0.9,0.65));
#1925 = LINE('',#1926,#1927);
#1926 = CARTESIAN_POINT('',(0.95,1.,0.65));
#1927 = VECTOR('',#1928,1.);
#1928 = DIRECTION('',(0.,-1.,0.));
#1929 = ORIENTED_EDGE('',*,*,#1930,.F.);
#1930 = EDGE_CURVE('',#1907,#1923,#1931,.T.);
#1931 = LINE('',#1932,#1933);
#1932 = CARTESIAN_POINT('',(0.95,0.9,-18.29445829259));
#1933 = VECTOR('',#1934,1.);
#1934 = DIRECTION('',(0.,0.,1.));
#1935 = PLANE('',#1936);
#1936 = AXIS2_PLACEMENT_3D('',#1937,#1938,#1939);
#1937 = CARTESIAN_POINT('',(0.95,1.,-18.29445829259));
#1938 = DIRECTION('',(-1.,0.,0.));
#1939 = DIRECTION('',(0.,0.,1.));
#1940 = ADVANCED_FACE('',(#1941),#1975,.F.);
#1941 = FACE_BOUND('',#1942,.T.);
#1942 = EDGE_LOOP('',(#1943,#1953,#1961,#1969));
#1943 = ORIENTED_EDGE('',*,*,#1944,.F.);
#1944 = EDGE_CURVE('',#1945,#1947,#1949,.T.);
#1945 = VERTEX_POINT('',#1946);
#1946 = CARTESIAN_POINT('',(0.95,0.9,0.25));
#1947 = VERTEX_POINT('',#1948);
#1948 = CARTESIAN_POINT('',(0.95,1.,0.25));
#1949 = LINE('',#1950,#1951);
#1950 = CARTESIAN_POINT('',(0.95,1.,0.25));
#1951 = VECTOR('',#1952,1.);
#1952 = DIRECTION('',(0.,1.,0.));
#1953 = ORIENTED_EDGE('',*,*,#1954,.F.);
#1954 = EDGE_CURVE('',#1955,#1945,#1957,.T.);
#1955 = VERTEX_POINT('',#1956);
#1956 = CARTESIAN_POINT('',(0.95,0.9,0.));
#1957 = LINE('',#1958,#1959);
#1958 = CARTESIAN_POINT('',(0.95,0.9,-18.29445829259));
#1959 = VECTOR('',#1960,1.);
#1960 = DIRECTION('',(0.,0.,1.));
#1961 = ORIENTED_EDGE('',*,*,#1962,.F.);
#1962 = EDGE_CURVE('',#1963,#1955,#1965,.T.);
#1963 = VERTEX_POINT('',#1964);
#1964 = CARTESIAN_POINT('',(0.95,1.,0.));
#1965 = LINE('',#1966,#1967);
#1966 = CARTESIAN_POINT('',(0.95,0.,0.));
#1967 = VECTOR('',#1968,1.);
#1968 = DIRECTION('',(0.,-1.,0.));
#1969 = ORIENTED_EDGE('',*,*,#1970,.T.);
#1970 = EDGE_CURVE('',#1963,#1947,#1971,.T.);
#1971 = LINE('',#1972,#1973);
#1972 = CARTESIAN_POINT('',(0.95,1.,-18.29445829259));
#1973 = VECTOR('',#1974,1.);
#1974 = DIRECTION('',(0.,0.,1.));
#1975 = PLANE('',#1976);
#1976 = AXIS2_PLACEMENT_3D('',#1977,#1978,#1979);
#1977 = CARTESIAN_POINT('',(0.95,1.,-18.29445829259));
#1978 = DIRECTION('',(-1.,0.,0.));
#1979 = DIRECTION('',(0.,0.,1.));
#1980 = ADVANCED_FACE('',(#1981),#2006,.F.);
#1981 = FACE_BOUND('',#1982,.T.);
#1982 = EDGE_LOOP('',(#1983,#1991,#1992,#2000));
#1983 = ORIENTED_EDGE('',*,*,#1984,.F.);
#1984 = EDGE_CURVE('',#1907,#1985,#1987,.T.);
#1985 = VERTEX_POINT('',#1986);
#1986 = CARTESIAN_POINT('',(1.45,0.9,0.4));
#1987 = LINE('',#1988,#1989);
#1988 = CARTESIAN_POINT('',(0.95,0.9,0.4));
#1989 = VECTOR('',#1990,1.);
#1990 = DIRECTION('',(1.,0.,3.87215061602E-17));
#1991 = ORIENTED_EDGE('',*,*,#1930,.T.);
#1992 = ORIENTED_EDGE('',*,*,#1993,.T.);
#1993 = EDGE_CURVE('',#1923,#1994,#1996,.T.);
#1994 = VERTEX_POINT('',#1995);
#1995 = CARTESIAN_POINT('',(1.45,0.9,0.65));
#1996 = LINE('',#1997,#1998);
#1997 = CARTESIAN_POINT('',(0.95,0.9,0.65));
#1998 = VECTOR('',#1999,1.);
#1999 = DIRECTION('',(1.,0.,0.));
#2000 = ORIENTED_EDGE('',*,*,#2001,.F.);
#2001 = EDGE_CURVE('',#1985,#1994,#2002,.T.);
#2002 = LINE('',#2003,#2004);
#2003 = CARTESIAN_POINT('',(1.45,0.9,-18.29445829259));
#2004 = VECTOR('',#2005,1.);
#2005 = DIRECTION('',(0.,0.,1.));
#2006 = PLANE('',#2007);
#2007 = AXIS2_PLACEMENT_3D('',#2008,#2009,#2010);
#2008 = CARTESIAN_POINT('',(0.95,0.9,-18.29445829259));
#2009 = DIRECTION('',(0.,-1.,0.));
#2010 = DIRECTION('',(0.,0.,-1.));
#2011 = ADVANCED_FACE('',(#2012),#2037,.F.);
#2012 = FACE_BOUND('',#2013,.T.);
#2013 = EDGE_LOOP('',(#2014,#2022,#2030,#2036));
#2014 = ORIENTED_EDGE('',*,*,#2015,.F.);
#2015 = EDGE_CURVE('',#2016,#1945,#2018,.T.);
#2016 = VERTEX_POINT('',#2017);
#2017 = CARTESIAN_POINT('',(1.45,0.9,0.25));
#2018 = LINE('',#2019,#2020);
#2019 = CARTESIAN_POINT('',(0.95,0.9,0.25));
#2020 = VECTOR('',#2021,1.);
#2021 = DIRECTION('',(-1.,0.,0.));
#2022 = ORIENTED_EDGE('',*,*,#2023,.F.);
#2023 = EDGE_CURVE('',#2024,#2016,#2026,.T.);
#2024 = VERTEX_POINT('',#2025);
#2025 = CARTESIAN_POINT('',(1.45,0.9,0.));
#2026 = LINE('',#2027,#2028);
#2027 = CARTESIAN_POINT('',(1.45,0.9,-18.29445829259));
#2028 = VECTOR('',#2029,1.);
#2029 = DIRECTION('',(0.,0.,1.));
#2030 = ORIENTED_EDGE('',*,*,#2031,.F.);
#2031 = EDGE_CURVE('',#1955,#2024,#2032,.T.);
#2032 = LINE('',#2033,#2034);
#2033 = CARTESIAN_POINT('',(0.,0.9,0.));
#2034 = VECTOR('',#2035,1.);
#2035 = DIRECTION('',(1.,0.,0.));
#2036 = ORIENTED_EDGE('',*,*,#1954,.T.);
#2037 = PLANE('',#2038);
#2038 = AXIS2_PLACEMENT_3D('',#2039,#2040,#2041);
#2039 = CARTESIAN_POINT('',(0.95,0.9,-18.29445829259));
#2040 = DIRECTION('',(0.,-1.,0.));
#2041 = DIRECTION('',(0.,0.,-1.));
#2042 = ADVANCED_FACE('',(#2043),#2068,.F.);
#2043 = FACE_BOUND('',#2044,.T.);
#2044 = EDGE_LOOP('',(#2045,#2053,#2054,#2062));
#2045 = ORIENTED_EDGE('',*,*,#2046,.F.);
#2046 = EDGE_CURVE('',#1985,#2047,#2049,.T.);
#2047 = VERTEX_POINT('',#2048);
#2048 = CARTESIAN_POINT('',(1.45,1.,0.4));
#2049 = LINE('',#2050,#2051);
#2050 = CARTESIAN_POINT('',(1.45,0.9,0.4));
#2051 = VECTOR('',#2052,1.);
#2052 = DIRECTION('',(0.,1.,5.331040139784E-33));
#2053 = ORIENTED_EDGE('',*,*,#2001,.T.);
#2054 = ORIENTED_EDGE('',*,*,#2055,.T.);
#2055 = EDGE_CURVE('',#1994,#2056,#2058,.T.);
#2056 = VERTEX_POINT('',#2057);
#2057 = CARTESIAN_POINT('',(1.45,1.,0.65));
#2058 = LINE('',#2059,#2060);
#2059 = CARTESIAN_POINT('',(1.45,0.9,0.65));
#2060 = VECTOR('',#2061,1.);
#2061 = DIRECTION('',(0.,1.,0.));
#2062 = ORIENTED_EDGE('',*,*,#2063,.F.);
#2063 = EDGE_CURVE('',#2047,#2056,#2064,.T.);
#2064 = LINE('',#2065,#2066);
#2065 = CARTESIAN_POINT('',(1.45,1.,-18.29445829259));
#2066 = VECTOR('',#2067,1.);
#2067 = DIRECTION('',(0.,0.,1.));
#2068 = PLANE('',#2069);
#2069 = AXIS2_PLACEMENT_3D('',#2070,#2071,#2072);
#2070 = CARTESIAN_POINT('',(1.45,0.9,-18.29445829259));
#2071 = DIRECTION('',(1.,0.,0.));
#2072 = DIRECTION('',(0.,0.,-1.));
#2073 = ADVANCED_FACE('',(#2074),#2099,.F.);
#2074 = FACE_BOUND('',#2075,.T.);
#2075 = EDGE_LOOP('',(#2076,#2084,#2092,#2098));
#2076 = ORIENTED_EDGE('',*,*,#2077,.F.);
#2077 = EDGE_CURVE('',#2078,#2016,#2080,.T.);
#2078 = VERTEX_POINT('',#2079);
#2079 = CARTESIAN_POINT('',(1.45,1.,0.25));
#2080 = LINE('',#2081,#2082);
#2081 = CARTESIAN_POINT('',(1.45,0.9,0.25));
#2082 = VECTOR('',#2083,1.);
#2083 = DIRECTION('',(0.,-1.,0.));
#2084 = ORIENTED_EDGE('',*,*,#2085,.F.);
#2085 = EDGE_CURVE('',#2086,#2078,#2088,.T.);
#2086 = VERTEX_POINT('',#2087);
#2087 = CARTESIAN_POINT('',(1.45,1.,0.));
#2088 = LINE('',#2089,#2090);
#2089 = CARTESIAN_POINT('',(1.45,1.,-18.29445829259));
#2090 = VECTOR('',#2091,1.);
#2091 = DIRECTION('',(0.,0.,1.));
#2092 = ORIENTED_EDGE('',*,*,#2093,.F.);
#2093 = EDGE_CURVE('',#2024,#2086,#2094,.T.);
#2094 = LINE('',#2095,#2096);
#2095 = CARTESIAN_POINT('',(1.45,0.,0.));
#2096 = VECTOR('',#2097,1.);
#2097 = DIRECTION('',(0.,1.,0.));
#2098 = ORIENTED_EDGE('',*,*,#2023,.T.);
#2099 = PLANE('',#2100);
#2100 = AXIS2_PLACEMENT_3D('',#2101,#2102,#2103);
#2101 = CARTESIAN_POINT('',(1.45,0.9,-18.29445829259));
#2102 = DIRECTION('',(1.,0.,0.));
#2103 = DIRECTION('',(0.,0.,-1.));
#2104 = ADVANCED_FACE('',(#2105),#2121,.F.);
#2105 = FACE_BOUND('',#2106,.T.);
#2106 = EDGE_LOOP('',(#2107,#2113,#2114,#2120));
#2107 = ORIENTED_EDGE('',*,*,#2108,.F.);
#2108 = EDGE_CURVE('',#2047,#1905,#2109,.T.);
#2109 = LINE('',#2110,#2111);
#2110 = CARTESIAN_POINT('',(1.45,1.,0.4));
#2111 = VECTOR('',#2112,1.);
#2112 = DIRECTION('',(-1.,0.,-3.87215061602E-17));
#2113 = ORIENTED_EDGE('',*,*,#2063,.T.);
#2114 = ORIENTED_EDGE('',*,*,#2115,.T.);
#2115 = EDGE_CURVE('',#2056,#1915,#2116,.T.);
#2116 = LINE('',#2117,#2118);
#2117 = CARTESIAN_POINT('',(1.45,1.,0.65));
#2118 = VECTOR('',#2119,1.);
#2119 = DIRECTION('',(-1.,0.,0.));
#2120 = ORIENTED_EDGE('',*,*,#1914,.F.);
#2121 = PLANE('',#2122);
#2122 = AXIS2_PLACEMENT_3D('',#2123,#2124,#2125);
#2123 = CARTESIAN_POINT('',(1.45,1.,-18.29445829259));
#2124 = DIRECTION('',(0.,1.,0.));
#2125 = DIRECTION('',(0.,-0.,1.));
#2126 = ADVANCED_FACE('',(#2127),#2143,.F.);
#2127 = FACE_BOUND('',#2128,.T.);
#2128 = EDGE_LOOP('',(#2129,#2135,#2136,#2142));
#2129 = ORIENTED_EDGE('',*,*,#2130,.F.);
#2130 = EDGE_CURVE('',#1947,#2078,#2131,.T.);
#2131 = LINE('',#2132,#2133);
#2132 = CARTESIAN_POINT('',(1.45,1.,0.25));
#2133 = VECTOR('',#2134,1.);
#2134 = DIRECTION('',(1.,0.,0.));
#2135 = ORIENTED_EDGE('',*,*,#1970,.F.);
#2136 = ORIENTED_EDGE('',*,*,#2137,.F.);
#2137 = EDGE_CURVE('',#2086,#1963,#2138,.T.);
#2138 = LINE('',#2139,#2140);
#2139 = CARTESIAN_POINT('',(0.,1.,0.));
#2140 = VECTOR('',#2141,1.);
#2141 = DIRECTION('',(-1.,0.,0.));
#2142 = ORIENTED_EDGE('',*,*,#2085,.T.);
#2143 = PLANE('',#2144);
#2144 = AXIS2_PLACEMENT_3D('',#2145,#2146,#2147);
#2145 = CARTESIAN_POINT('',(1.45,1.,-18.29445829259));
#2146 = DIRECTION('',(0.,1.,0.));
#2147 = DIRECTION('',(0.,-0.,1.));
#2148 = ADVANCED_FACE('',(#2149),#2183,.F.);
#2149 = FACE_BOUND('',#2150,.T.);
#2150 = EDGE_LOOP('',(#2151,#2161,#2169,#2177));
#2151 = ORIENTED_EDGE('',*,*,#2152,.F.);
#2152 = EDGE_CURVE('',#2153,#2155,#2157,.T.);
#2153 = VERTEX_POINT('',#2154);
#2154 = CARTESIAN_POINT('',(-0.15,1.,0.4));
#2155 = VERTEX_POINT('',#2156);
#2156 = CARTESIAN_POINT('',(-0.15,0.9,0.4));
#2157 = LINE('',#2158,#2159);
#2158 = CARTESIAN_POINT('',(-0.15,1.,0.4));
#2159 = VECTOR('',#2160,1.);
#2160 = DIRECTION('',(0.,-1.,-5.331040139784E-33));
#2161 = ORIENTED_EDGE('',*,*,#2162,.T.);
#2162 = EDGE_CURVE('',#2153,#2163,#2165,.T.);
#2163 = VERTEX_POINT('',#2164);
#2164 = CARTESIAN_POINT('',(-0.15,1.,0.65));
#2165 = LINE('',#2166,#2167);
#2166 = CARTESIAN_POINT('',(-0.15,1.,-18.29445829259));
#2167 = VECTOR('',#2168,1.);
#2168 = DIRECTION('',(0.,0.,1.));
#2169 = ORIENTED_EDGE('',*,*,#2170,.T.);
#2170 = EDGE_CURVE('',#2163,#2171,#2173,.T.);
#2171 = VERTEX_POINT('',#2172);
#2172 = CARTESIAN_POINT('',(-0.15,0.9,0.65));
#2173 = LINE('',#2174,#2175);
#2174 = CARTESIAN_POINT('',(-0.15,1.,0.65));
#2175 = VECTOR('',#2176,1.);
#2176 = DIRECTION('',(0.,-1.,0.));
#2177 = ORIENTED_EDGE('',*,*,#2178,.F.);
#2178 = EDGE_CURVE('',#2155,#2171,#2179,.T.);
#2179 = LINE('',#2180,#2181);
#2180 = CARTESIAN_POINT('',(-0.15,0.9,-18.29445829259));
#2181 = VECTOR('',#2182,1.);
#2182 = DIRECTION('',(0.,0.,1.));
#2183 = PLANE('',#2184);
#2184 = AXIS2_PLACEMENT_3D('',#2185,#2186,#2187);
#2185 = CARTESIAN_POINT('',(-0.15,1.,-18.29445829259));
#2186 = DIRECTION('',(-1.,0.,0.));
#2187 = DIRECTION('',(0.,0.,1.));
#2188 = ADVANCED_FACE('',(#2189),#2223,.F.);
#2189 = FACE_BOUND('',#2190,.T.);
#2190 = EDGE_LOOP('',(#2191,#2201,#2209,#2217));
#2191 = ORIENTED_EDGE('',*,*,#2192,.F.);
#2192 = EDGE_CURVE('',#2193,#2195,#2197,.T.);
#2193 = VERTEX_POINT('',#2194);
#2194 = CARTESIAN_POINT('',(-0.15,0.9,0.25));
#2195 = VERTEX_POINT('',#2196);
#2196 = CARTESIAN_POINT('',(-0.15,1.,0.25));
#2197 = LINE('',#2198,#2199);
#2198 = CARTESIAN_POINT('',(-0.15,1.,0.25));
#2199 = VECTOR('',#2200,1.);
#2200 = DIRECTION('',(0.,1.,0.));
#2201 = ORIENTED_EDGE('',*,*,#2202,.F.);
#2202 = EDGE_CURVE('',#2203,#2193,#2205,.T.);
#2203 = VERTEX_POINT('',#2204);
#2204 = CARTESIAN_POINT('',(-0.15,0.9,0.));
#2205 = LINE('',#2206,#2207);
#2206 = CARTESIAN_POINT('',(-0.15,0.9,-18.29445829259));
#2207 = VECTOR('',#2208,1.);
#2208 = DIRECTION('',(0.,0.,1.));
#2209 = ORIENTED_EDGE('',*,*,#2210,.F.);
#2210 = EDGE_CURVE('',#2211,#2203,#2213,.T.);
#2211 = VERTEX_POINT('',#2212);
#2212 = CARTESIAN_POINT('',(-0.15,1.,0.));
#2213 = LINE('',#2214,#2215);
#2214 = CARTESIAN_POINT('',(-0.15,0.,0.));
#2215 = VECTOR('',#2216,1.);
#2216 = DIRECTION('',(0.,-1.,0.));
#2217 = ORIENTED_EDGE('',*,*,#2218,.T.);
#2218 = EDGE_CURVE('',#2211,#2195,#2219,.T.);
#2219 = LINE('',#2220,#2221);
#2220 = CARTESIAN_POINT('',(-0.15,1.,-18.29445829259));
#2221 = VECTOR('',#2222,1.);
#2222 = DIRECTION('',(0.,0.,1.));
#2223 = PLANE('',#2224);
#2224 = AXIS2_PLACEMENT_3D('',#2225,#2226,#2227);
#2225 = CARTESIAN_POINT('',(-0.15,1.,-18.29445829259));
#2226 = DIRECTION('',(-1.,0.,0.));
#2227 = DIRECTION('',(0.,0.,1.));
#2228 = ADVANCED_FACE('',(#2229),#2254,.F.);
#2229 = FACE_BOUND('',#2230,.T.);
#2230 = EDGE_LOOP('',(#2231,#2239,#2240,#2248));
#2231 = ORIENTED_EDGE('',*,*,#2232,.F.);
#2232 = EDGE_CURVE('',#2155,#2233,#2235,.T.);
#2233 = VERTEX_POINT('',#2234);
#2234 = CARTESIAN_POINT('',(0.35,0.9,0.4));
#2235 = LINE('',#2236,#2237);
#2236 = CARTESIAN_POINT('',(-0.15,0.9,0.4));
#2237 = VECTOR('',#2238,1.);
#2238 = DIRECTION('',(1.,0.,3.87215061602E-17));
#2239 = ORIENTED_EDGE('',*,*,#2178,.T.);
#2240 = ORIENTED_EDGE('',*,*,#2241,.T.);
#2241 = EDGE_CURVE('',#2171,#2242,#2244,.T.);
#2242 = VERTEX_POINT('',#2243);
#2243 = CARTESIAN_POINT('',(0.35,0.9,0.65));
#2244 = LINE('',#2245,#2246);
#2245 = CARTESIAN_POINT('',(-0.15,0.9,0.65));
#2246 = VECTOR('',#2247,1.);
#2247 = DIRECTION('',(1.,0.,0.));
#2248 = ORIENTED_EDGE('',*,*,#2249,.F.);
#2249 = EDGE_CURVE('',#2233,#2242,#2250,.T.);
#2250 = LINE('',#2251,#2252);
#2251 = CARTESIAN_POINT('',(0.35,0.9,-18.29445829259));
#2252 = VECTOR('',#2253,1.);
#2253 = DIRECTION('',(0.,0.,1.));
#2254 = PLANE('',#2255);
#2255 = AXIS2_PLACEMENT_3D('',#2256,#2257,#2258);
#2256 = CARTESIAN_POINT('',(-0.15,0.9,-18.29445829259));
#2257 = DIRECTION('',(0.,-1.,0.));
#2258 = DIRECTION('',(0.,0.,-1.));
#2259 = ADVANCED_FACE('',(#2260),#2285,.F.);
#2260 = FACE_BOUND('',#2261,.T.);
#2261 = EDGE_LOOP('',(#2262,#2270,#2278,#2284));
#2262 = ORIENTED_EDGE('',*,*,#2263,.F.);
#2263 = EDGE_CURVE('',#2264,#2193,#2266,.T.);
#2264 = VERTEX_POINT('',#2265);
#2265 = CARTESIAN_POINT('',(0.35,0.9,0.25));
#2266 = LINE('',#2267,#2268);
#2267 = CARTESIAN_POINT('',(-0.15,0.9,0.25));
#2268 = VECTOR('',#2269,1.);
#2269 = DIRECTION('',(-1.,0.,0.));
#2270 = ORIENTED_EDGE('',*,*,#2271,.F.);
#2271 = EDGE_CURVE('',#2272,#2264,#2274,.T.);
#2272 = VERTEX_POINT('',#2273);
#2273 = CARTESIAN_POINT('',(0.35,0.9,0.));
#2274 = LINE('',#2275,#2276);
#2275 = CARTESIAN_POINT('',(0.35,0.9,-18.29445829259));
#2276 = VECTOR('',#2277,1.);
#2277 = DIRECTION('',(0.,0.,1.));
#2278 = ORIENTED_EDGE('',*,*,#2279,.F.);
#2279 = EDGE_CURVE('',#2203,#2272,#2280,.T.);
#2280 = LINE('',#2281,#2282);
#2281 = CARTESIAN_POINT('',(0.,0.9,0.));
#2282 = VECTOR('',#2283,1.);
#2283 = DIRECTION('',(1.,0.,0.));
#2284 = ORIENTED_EDGE('',*,*,#2202,.T.);
#2285 = PLANE('',#2286);
#2286 = AXIS2_PLACEMENT_3D('',#2287,#2288,#2289);
#2287 = CARTESIAN_POINT('',(-0.15,0.9,-18.29445829259));
#2288 = DIRECTION('',(0.,-1.,0.));
#2289 = DIRECTION('',(0.,0.,-1.));
#2290 = ADVANCED_FACE('',(#2291),#2316,.F.);
#2291 = FACE_BOUND('',#2292,.T.);
#2292 = EDGE_LOOP('',(#2293,#2301,#2302,#2310));
#2293 = ORIENTED_EDGE('',*,*,#2294,.F.);
#2294 = EDGE_CURVE('',#2233,#2295,#2297,.T.);
#2295 = VERTEX_POINT('',#2296);
#2296 = CARTESIAN_POINT('',(0.35,1.,0.4));
#2297 = LINE('',#2298,#2299);
#2298 = CARTESIAN_POINT('',(0.35,0.9,0.4));
#2299 = VECTOR('',#2300,1.);
#2300 = DIRECTION('',(0.,1.,5.331040139784E-33));
#2301 = ORIENTED_EDGE('',*,*,#2249,.T.);
#2302 = ORIENTED_EDGE('',*,*,#2303,.T.);
#2303 = EDGE_CURVE('',#2242,#2304,#2306,.T.);
#2304 = VERTEX_POINT('',#2305);
#2305 = CARTESIAN_POINT('',(0.35,1.,0.65));
#2306 = LINE('',#2307,#2308);
#2307 = CARTESIAN_POINT('',(0.35,0.9,0.65));
#2308 = VECTOR('',#2309,1.);
#2309 = DIRECTION('',(0.,1.,0.));
#2310 = ORIENTED_EDGE('',*,*,#2311,.F.);
#2311 = EDGE_CURVE('',#2295,#2304,#2312,.T.);
#2312 = LINE('',#2313,#2314);
#2313 = CARTESIAN_POINT('',(0.35,1.,-18.29445829259));
#2314 = VECTOR('',#2315,1.);
#2315 = DIRECTION('',(0.,0.,1.));
#2316 = PLANE('',#2317);
#2317 = AXIS2_PLACEMENT_3D('',#2318,#2319,#2320);
#2318 = CARTESIAN_POINT('',(0.35,0.9,-18.29445829259));
#2319 = DIRECTION('',(1.,0.,0.));
#2320 = DIRECTION('',(0.,0.,-1.));
#2321 = ADVANCED_FACE('',(#2322),#2347,.F.);
#2322 = FACE_BOUND('',#2323,.T.);
#2323 = EDGE_LOOP('',(#2324,#2332,#2340,#2346));
#2324 = ORIENTED_EDGE('',*,*,#2325,.F.);
#2325 = EDGE_CURVE('',#2326,#2264,#2328,.T.);
#2326 = VERTEX_POINT('',#2327);
#2327 = CARTESIAN_POINT('',(0.35,1.,0.25));
#2328 = LINE('',#2329,#2330);
#2329 = CARTESIAN_POINT('',(0.35,0.9,0.25));
#2330 = VECTOR('',#2331,1.);
#2331 = DIRECTION('',(0.,-1.,0.));
#2332 = ORIENTED_EDGE('',*,*,#2333,.F.);
#2333 = EDGE_CURVE('',#2334,#2326,#2336,.T.);
#2334 = VERTEX_POINT('',#2335);
#2335 = CARTESIAN_POINT('',(0.35,1.,0.));
#2336 = LINE('',#2337,#2338);
#2337 = CARTESIAN_POINT('',(0.35,1.,-18.29445829259));
#2338 = VECTOR('',#2339,1.);
#2339 = DIRECTION('',(0.,0.,1.));
#2340 = ORIENTED_EDGE('',*,*,#2341,.F.);
#2341 = EDGE_CURVE('',#2272,#2334,#2342,.T.);
#2342 = LINE('',#2343,#2344);
#2343 = CARTESIAN_POINT('',(0.35,0.,0.));
#2344 = VECTOR('',#2345,1.);
#2345 = DIRECTION('',(0.,1.,0.));
#2346 = ORIENTED_EDGE('',*,*,#2271,.T.);
#2347 = PLANE('',#2348);
#2348 = AXIS2_PLACEMENT_3D('',#2349,#2350,#2351);
#2349 = CARTESIAN_POINT('',(0.35,0.9,-18.29445829259));
#2350 = DIRECTION('',(1.,0.,0.));
#2351 = DIRECTION('',(0.,0.,-1.));
#2352 = ADVANCED_FACE('',(#2353),#2369,.F.);
#2353 = FACE_BOUND('',#2354,.T.);
#2354 = EDGE_LOOP('',(#2355,#2361,#2362,#2368));
#2355 = ORIENTED_EDGE('',*,*,#2356,.F.);
#2356 = EDGE_CURVE('',#2295,#2153,#2357,.T.);
#2357 = LINE('',#2358,#2359);
#2358 = CARTESIAN_POINT('',(0.35,1.,0.4));
#2359 = VECTOR('',#2360,1.);
#2360 = DIRECTION('',(-1.,0.,-3.87215061602E-17));
#2361 = ORIENTED_EDGE('',*,*,#2311,.T.);
#2362 = ORIENTED_EDGE('',*,*,#2363,.T.);
#2363 = EDGE_CURVE('',#2304,#2163,#2364,.T.);
#2364 = LINE('',#2365,#2366);
#2365 = CARTESIAN_POINT('',(0.35,1.,0.65));
#2366 = VECTOR('',#2367,1.);
#2367 = DIRECTION('',(-1.,0.,0.));
#2368 = ORIENTED_EDGE('',*,*,#2162,.F.);
#2369 = PLANE('',#2370);
#2370 = AXIS2_PLACEMENT_3D('',#2371,#2372,#2373);
#2371 = CARTESIAN_POINT('',(0.35,1.,-18.29445829259));
#2372 = DIRECTION('',(0.,1.,0.));
#2373 = DIRECTION('',(0.,-0.,1.));
#2374 = ADVANCED_FACE('',(#2375),#2391,.F.);
#2375 = FACE_BOUND('',#2376,.T.);
#2376 = EDGE_LOOP('',(#2377,#2383,#2384,#2390));
#2377 = ORIENTED_EDGE('',*,*,#2378,.F.);
#2378 = EDGE_CURVE('',#2195,#2326,#2379,.T.);
#2379 = LINE('',#2380,#2381);
#2380 = CARTESIAN_POINT('',(0.35,1.,0.25));
#2381 = VECTOR('',#2382,1.);
#2382 = DIRECTION('',(1.,0.,0.));
#2383 = ORIENTED_EDGE('',*,*,#2218,.F.);
#2384 = ORIENTED_EDGE('',*,*,#2385,.F.);
#2385 = EDGE_CURVE('',#2334,#2211,#2386,.T.);
#2386 = LINE('',#2387,#2388);
#2387 = CARTESIAN_POINT('',(0.,1.,0.));
#2388 = VECTOR('',#2389,1.);
#2389 = DIRECTION('',(-1.,0.,0.));
#2390 = ORIENTED_EDGE('',*,*,#2333,.T.);
#2391 = PLANE('',#2392);
#2392 = AXIS2_PLACEMENT_3D('',#2393,#2394,#2395);
#2393 = CARTESIAN_POINT('',(0.35,1.,-18.29445829259));
#2394 = DIRECTION('',(0.,1.,0.));
#2395 = DIRECTION('',(0.,-0.,1.));
#2396 = ADVANCED_FACE('',(#2397),#2431,.F.);
#2397 = FACE_BOUND('',#2398,.T.);
#2398 = EDGE_LOOP('',(#2399,#2409,#2417,#2425));
#2399 = ORIENTED_EDGE('',*,*,#2400,.F.);
#2400 = EDGE_CURVE('',#2401,#2403,#2405,.T.);
#2401 = VERTEX_POINT('',#2402);
#2402 = CARTESIAN_POINT('',(-1.25,1.,0.4));
#2403 = VERTEX_POINT('',#2404);
#2404 = CARTESIAN_POINT('',(-1.25,0.9,0.4));
#2405 = LINE('',#2406,#2407);
#2406 = CARTESIAN_POINT('',(-1.25,1.,0.4));
#2407 = VECTOR('',#2408,1.);
#2408 = DIRECTION('',(0.,-1.,-5.331040139784E-33));
#2409 = ORIENTED_EDGE('',*,*,#2410,.T.);
#2410 = EDGE_CURVE('',#2401,#2411,#2413,.T.);
#2411 = VERTEX_POINT('',#2412);
#2412 = CARTESIAN_POINT('',(-1.25,1.,0.65));
#2413 = LINE('',#2414,#2415);
#2414 = CARTESIAN_POINT('',(-1.25,1.,-18.29445829259));
#2415 = VECTOR('',#2416,1.);
#2416 = DIRECTION('',(0.,0.,1.));
#2417 = ORIENTED_EDGE('',*,*,#2418,.T.);
#2418 = EDGE_CURVE('',#2411,#2419,#2421,.T.);
#2419 = VERTEX_POINT('',#2420);
#2420 = CARTESIAN_POINT('',(-1.25,0.9,0.65));
#2421 = LINE('',#2422,#2423);
#2422 = CARTESIAN_POINT('',(-1.25,1.,0.65));
#2423 = VECTOR('',#2424,1.);
#2424 = DIRECTION('',(0.,-1.,0.));
#2425 = ORIENTED_EDGE('',*,*,#2426,.F.);
#2426 = EDGE_CURVE('',#2403,#2419,#2427,.T.);
#2427 = LINE('',#2428,#2429);
#2428 = CARTESIAN_POINT('',(-1.25,0.9,-18.29445829259));
#2429 = VECTOR('',#2430,1.);
#2430 = DIRECTION('',(0.,0.,1.));
#2431 = PLANE('',#2432);
#2432 = AXIS2_PLACEMENT_3D('',#2433,#2434,#2435);
#2433 = CARTESIAN_POINT('',(-1.25,1.,-18.29445829259));
#2434 = DIRECTION('',(-1.,0.,0.));
#2435 = DIRECTION('',(0.,0.,1.));
#2436 = ADVANCED_FACE('',(#2437),#2471,.F.);
#2437 = FACE_BOUND('',#2438,.T.);
#2438 = EDGE_LOOP('',(#2439,#2449,#2457,#2465));
#2439 = ORIENTED_EDGE('',*,*,#2440,.F.);
#2440 = EDGE_CURVE('',#2441,#2443,#2445,.T.);
#2441 = VERTEX_POINT('',#2442);
#2442 = CARTESIAN_POINT('',(-1.25,0.9,0.25));
#2443 = VERTEX_POINT('',#2444);
#2444 = CARTESIAN_POINT('',(-1.25,1.,0.25));
#2445 = LINE('',#2446,#2447);
#2446 = CARTESIAN_POINT('',(-1.25,1.,0.25));
#2447 = VECTOR('',#2448,1.);
#2448 = DIRECTION('',(0.,1.,0.));
#2449 = ORIENTED_EDGE('',*,*,#2450,.F.);
#2450 = EDGE_CURVE('',#2451,#2441,#2453,.T.);
#2451 = VERTEX_POINT('',#2452);
#2452 = CARTESIAN_POINT('',(-1.25,0.9,0.));
#2453 = LINE('',#2454,#2455);
#2454 = CARTESIAN_POINT('',(-1.25,0.9,-18.29445829259));
#2455 = VECTOR('',#2456,1.);
#2456 = DIRECTION('',(0.,0.,1.));
#2457 = ORIENTED_EDGE('',*,*,#2458,.F.);
#2458 = EDGE_CURVE('',#2459,#2451,#2461,.T.);
#2459 = VERTEX_POINT('',#2460);
#2460 = CARTESIAN_POINT('',(-1.25,1.,0.));
#2461 = LINE('',#2462,#2463);
#2462 = CARTESIAN_POINT('',(-1.25,0.,0.));
#2463 = VECTOR('',#2464,1.);
#2464 = DIRECTION('',(0.,-1.,0.));
#2465 = ORIENTED_EDGE('',*,*,#2466,.T.);
#2466 = EDGE_CURVE('',#2459,#2443,#2467,.T.);
#2467 = LINE('',#2468,#2469);
#2468 = CARTESIAN_POINT('',(-1.25,1.,-18.29445829259));
#2469 = VECTOR('',#2470,1.);
#2470 = DIRECTION('',(0.,0.,1.));
#2471 = PLANE('',#2472);
#2472 = AXIS2_PLACEMENT_3D('',#2473,#2474,#2475);
#2473 = CARTESIAN_POINT('',(-1.25,1.,-18.29445829259));
#2474 = DIRECTION('',(-1.,0.,0.));
#2475 = DIRECTION('',(0.,0.,1.));
#2476 = ADVANCED_FACE('',(#2477),#2502,.F.);
#2477 = FACE_BOUND('',#2478,.T.);
#2478 = EDGE_LOOP('',(#2479,#2487,#2488,#2496));
#2479 = ORIENTED_EDGE('',*,*,#2480,.F.);
#2480 = EDGE_CURVE('',#2403,#2481,#2483,.T.);
#2481 = VERTEX_POINT('',#2482);
#2482 = CARTESIAN_POINT('',(-0.75,0.9,0.4));
#2483 = LINE('',#2484,#2485);
#2484 = CARTESIAN_POINT('',(-1.25,0.9,0.4));
#2485 = VECTOR('',#2486,1.);
#2486 = DIRECTION('',(1.,0.,3.87215061602E-17));
#2487 = ORIENTED_EDGE('',*,*,#2426,.T.);
#2488 = ORIENTED_EDGE('',*,*,#2489,.T.);
#2489 = EDGE_CURVE('',#2419,#2490,#2492,.T.);
#2490 = VERTEX_POINT('',#2491);
#2491 = CARTESIAN_POINT('',(-0.75,0.9,0.65));
#2492 = LINE('',#2493,#2494);
#2493 = CARTESIAN_POINT('',(-1.25,0.9,0.65));
#2494 = VECTOR('',#2495,1.);
#2495 = DIRECTION('',(1.,0.,0.));
#2496 = ORIENTED_EDGE('',*,*,#2497,.F.);
#2497 = EDGE_CURVE('',#2481,#2490,#2498,.T.);
#2498 = LINE('',#2499,#2500);
#2499 = CARTESIAN_POINT('',(-0.75,0.9,-18.29445829259));
#2500 = VECTOR('',#2501,1.);
#2501 = DIRECTION('',(0.,0.,1.));
#2502 = PLANE('',#2503);
#2503 = AXIS2_PLACEMENT_3D('',#2504,#2505,#2506);
#2504 = CARTESIAN_POINT('',(-1.25,0.9,-18.29445829259));
#2505 = DIRECTION('',(0.,-1.,0.));
#2506 = DIRECTION('',(0.,0.,-1.));
#2507 = ADVANCED_FACE('',(#2508),#2533,.F.);
#2508 = FACE_BOUND('',#2509,.T.);
#2509 = EDGE_LOOP('',(#2510,#2518,#2526,#2532));
#2510 = ORIENTED_EDGE('',*,*,#2511,.F.);
#2511 = EDGE_CURVE('',#2512,#2441,#2514,.T.);
#2512 = VERTEX_POINT('',#2513);
#2513 = CARTESIAN_POINT('',(-0.75,0.9,0.25));
#2514 = LINE('',#2515,#2516);
#2515 = CARTESIAN_POINT('',(-1.25,0.9,0.25));
#2516 = VECTOR('',#2517,1.);
#2517 = DIRECTION('',(-1.,0.,0.));
#2518 = ORIENTED_EDGE('',*,*,#2519,.F.);
#2519 = EDGE_CURVE('',#2520,#2512,#2522,.T.);
#2520 = VERTEX_POINT('',#2521);
#2521 = CARTESIAN_POINT('',(-0.75,0.9,0.));
#2522 = LINE('',#2523,#2524);
#2523 = CARTESIAN_POINT('',(-0.75,0.9,-18.29445829259));
#2524 = VECTOR('',#2525,1.);
#2525 = DIRECTION('',(0.,0.,1.));
#2526 = ORIENTED_EDGE('',*,*,#2527,.F.);
#2527 = EDGE_CURVE('',#2451,#2520,#2528,.T.);
#2528 = LINE('',#2529,#2530);
#2529 = CARTESIAN_POINT('',(0.,0.9,0.));
#2530 = VECTOR('',#2531,1.);
#2531 = DIRECTION('',(1.,0.,0.));
#2532 = ORIENTED_EDGE('',*,*,#2450,.T.);
#2533 = PLANE('',#2534);
#2534 = AXIS2_PLACEMENT_3D('',#2535,#2536,#2537);
#2535 = CARTESIAN_POINT('',(-1.25,0.9,-18.29445829259));
#2536 = DIRECTION('',(0.,-1.,0.));
#2537 = DIRECTION('',(0.,0.,-1.));
#2538 = ADVANCED_FACE('',(#2539),#2564,.F.);
#2539 = FACE_BOUND('',#2540,.T.);
#2540 = EDGE_LOOP('',(#2541,#2549,#2550,#2558));
#2541 = ORIENTED_EDGE('',*,*,#2542,.F.);
#2542 = EDGE_CURVE('',#2481,#2543,#2545,.T.);
#2543 = VERTEX_POINT('',#2544);
#2544 = CARTESIAN_POINT('',(-0.75,1.,0.4));
#2545 = LINE('',#2546,#2547);
#2546 = CARTESIAN_POINT('',(-0.75,0.9,0.4));
#2547 = VECTOR('',#2548,1.);
#2548 = DIRECTION('',(0.,1.,5.331040139784E-33));
#2549 = ORIENTED_EDGE('',*,*,#2497,.T.);
#2550 = ORIENTED_EDGE('',*,*,#2551,.T.);
#2551 = EDGE_CURVE('',#2490,#2552,#2554,.T.);
#2552 = VERTEX_POINT('',#2553);
#2553 = CARTESIAN_POINT('',(-0.75,1.,0.65));
#2554 = LINE('',#2555,#2556);
#2555 = CARTESIAN_POINT('',(-0.75,0.9,0.65));
#2556 = VECTOR('',#2557,1.);
#2557 = DIRECTION('',(0.,1.,0.));
#2558 = ORIENTED_EDGE('',*,*,#2559,.F.);
#2559 = EDGE_CURVE('',#2543,#2552,#2560,.T.);
#2560 = LINE('',#2561,#2562);
#2561 = CARTESIAN_POINT('',(-0.75,1.,-18.29445829259));
#2562 = VECTOR('',#2563,1.);
#2563 = DIRECTION('',(0.,0.,1.));
#2564 = PLANE('',#2565);
#2565 = AXIS2_PLACEMENT_3D('',#2566,#2567,#2568);
#2566 = CARTESIAN_POINT('',(-0.75,0.9,-18.29445829259));
#2567 = DIRECTION('',(1.,0.,0.));
#2568 = DIRECTION('',(0.,0.,-1.));
#2569 = ADVANCED_FACE('',(#2570),#2595,.F.);
#2570 = FACE_BOUND('',#2571,.T.);
#2571 = EDGE_LOOP('',(#2572,#2580,#2588,#2594));
#2572 = ORIENTED_EDGE('',*,*,#2573,.F.);
#2573 = EDGE_CURVE('',#2574,#2512,#2576,.T.);
#2574 = VERTEX_POINT('',#2575);
#2575 = CARTESIAN_POINT('',(-0.75,1.,0.25));
#2576 = LINE('',#2577,#2578);
#2577 = CARTESIAN_POINT('',(-0.75,0.9,0.25));
#2578 = VECTOR('',#2579,1.);
#2579 = DIRECTION('',(0.,-1.,0.));
#2580 = ORIENTED_EDGE('',*,*,#2581,.F.);
#2581 = EDGE_CURVE('',#2582,#2574,#2584,.T.);
#2582 = VERTEX_POINT('',#2583);
#2583 = CARTESIAN_POINT('',(-0.75,1.,0.));
#2584 = LINE('',#2585,#2586);
#2585 = CARTESIAN_POINT('',(-0.75,1.,-18.29445829259));
#2586 = VECTOR('',#2587,1.);
#2587 = DIRECTION('',(0.,0.,1.));
#2588 = ORIENTED_EDGE('',*,*,#2589,.F.);
#2589 = EDGE_CURVE('',#2520,#2582,#2590,.T.);
#2590 = LINE('',#2591,#2592);
#2591 = CARTESIAN_POINT('',(-0.75,0.,0.));
#2592 = VECTOR('',#2593,1.);
#2593 = DIRECTION('',(0.,1.,0.));
#2594 = ORIENTED_EDGE('',*,*,#2519,.T.);
#2595 = PLANE('',#2596);
#2596 = AXIS2_PLACEMENT_3D('',#2597,#2598,#2599);
#2597 = CARTESIAN_POINT('',(-0.75,0.9,-18.29445829259));
#2598 = DIRECTION('',(1.,0.,0.));
#2599 = DIRECTION('',(0.,0.,-1.));
#2600 = ADVANCED_FACE('',(#2601),#2617,.F.);
#2601 = FACE_BOUND('',#2602,.T.);
#2602 = EDGE_LOOP('',(#2603,#2609,#2610,#2616));
#2603 = ORIENTED_EDGE('',*,*,#2604,.F.);
#2604 = EDGE_CURVE('',#2543,#2401,#2605,.T.);
#2605 = LINE('',#2606,#2607);
#2606 = CARTESIAN_POINT('',(-0.75,1.,0.4));
#2607 = VECTOR('',#2608,1.);
#2608 = DIRECTION('',(-1.,0.,-3.87215061602E-17));
#2609 = ORIENTED_EDGE('',*,*,#2559,.T.);
#2610 = ORIENTED_EDGE('',*,*,#2611,.T.);
#2611 = EDGE_CURVE('',#2552,#2411,#2612,.T.);
#2612 = LINE('',#2613,#2614);
#2613 = CARTESIAN_POINT('',(-0.75,1.,0.65));
#2614 = VECTOR('',#2615,1.);
#2615 = DIRECTION('',(-1.,0.,0.));
#2616 = ORIENTED_EDGE('',*,*,#2410,.F.);
#2617 = PLANE('',#2618);
#2618 = AXIS2_PLACEMENT_3D('',#2619,#2620,#2621);
#2619 = CARTESIAN_POINT('',(-0.75,1.,-18.29445829259));
#2620 = DIRECTION('',(0.,1.,0.));
#2621 = DIRECTION('',(0.,-0.,1.));
#2622 = ADVANCED_FACE('',(#2623),#2639,.F.);
#2623 = FACE_BOUND('',#2624,.T.);
#2624 = EDGE_LOOP('',(#2625,#2631,#2632,#2638));
#2625 = ORIENTED_EDGE('',*,*,#2626,.F.);
#2626 = EDGE_CURVE('',#2443,#2574,#2627,.T.);
#2627 = LINE('',#2628,#2629);
#2628 = CARTESIAN_POINT('',(-0.75,1.,0.25));
#2629 = VECTOR('',#2630,1.);
#2630 = DIRECTION('',(1.,0.,0.));
#2631 = ORIENTED_EDGE('',*,*,#2466,.F.);
#2632 = ORIENTED_EDGE('',*,*,#2633,.F.);
#2633 = EDGE_CURVE('',#2582,#2459,#2634,.T.);
#2634 = LINE('',#2635,#2636);
#2635 = CARTESIAN_POINT('',(0.,1.,0.));
#2636 = VECTOR('',#2637,1.);
#2637 = DIRECTION('',(-1.,0.,0.));
#2638 = ORIENTED_EDGE('',*,*,#2581,.T.);
#2639 = PLANE('',#2640);
#2640 = AXIS2_PLACEMENT_3D('',#2641,#2642,#2643);
#2641 = CARTESIAN_POINT('',(-0.75,1.,-18.29445829259));
#2642 = DIRECTION('',(0.,1.,0.));
#2643 = DIRECTION('',(0.,-0.,1.));
#2644 = ADVANCED_FACE('',(#2645),#2679,.F.);
#2645 = FACE_BOUND('',#2646,.T.);
#2646 = EDGE_LOOP('',(#2647,#2657,#2665,#2673));
#2647 = ORIENTED_EDGE('',*,*,#2648,.F.);
#2648 = EDGE_CURVE('',#2649,#2651,#2653,.T.);
#2649 = VERTEX_POINT('',#2650);
#2650 = CARTESIAN_POINT('',(-2.35,1.,0.4));
#2651 = VERTEX_POINT('',#2652);
#2652 = CARTESIAN_POINT('',(-2.35,0.9,0.4));
#2653 = LINE('',#2654,#2655);
#2654 = CARTESIAN_POINT('',(-2.35,1.,0.4));
#2655 = VECTOR('',#2656,1.);
#2656 = DIRECTION('',(0.,-1.,-5.331040139784E-33));
#2657 = ORIENTED_EDGE('',*,*,#2658,.T.);
#2658 = EDGE_CURVE('',#2649,#2659,#2661,.T.);
#2659 = VERTEX_POINT('',#2660);
#2660 = CARTESIAN_POINT('',(-2.35,1.,0.65));
#2661 = LINE('',#2662,#2663);
#2662 = CARTESIAN_POINT('',(-2.35,1.,-18.29445829259));
#2663 = VECTOR('',#2664,1.);
#2664 = DIRECTION('',(0.,0.,1.));
#2665 = ORIENTED_EDGE('',*,*,#2666,.T.);
#2666 = EDGE_CURVE('',#2659,#2667,#2669,.T.);
#2667 = VERTEX_POINT('',#2668);
#2668 = CARTESIAN_POINT('',(-2.35,0.9,0.65));
#2669 = LINE('',#2670,#2671);
#2670 = CARTESIAN_POINT('',(-2.35,1.,0.65));
#2671 = VECTOR('',#2672,1.);
#2672 = DIRECTION('',(0.,-1.,0.));
#2673 = ORIENTED_EDGE('',*,*,#2674,.F.);
#2674 = EDGE_CURVE('',#2651,#2667,#2675,.T.);
#2675 = LINE('',#2676,#2677);
#2676 = CARTESIAN_POINT('',(-2.35,0.9,-18.29445829259));
#2677 = VECTOR('',#2678,1.);
#2678 = DIRECTION('',(0.,0.,1.));
#2679 = PLANE('',#2680);
#2680 = AXIS2_PLACEMENT_3D('',#2681,#2682,#2683);
#2681 = CARTESIAN_POINT('',(-2.35,1.,-18.29445829259));
#2682 = DIRECTION('',(-1.,0.,0.));
#2683 = DIRECTION('',(0.,0.,1.));
#2684 = ADVANCED_FACE('',(#2685),#2719,.F.);
#2685 = FACE_BOUND('',#2686,.T.);
#2686 = EDGE_LOOP('',(#2687,#2697,#2705,#2713));
#2687 = ORIENTED_EDGE('',*,*,#2688,.F.);
#2688 = EDGE_CURVE('',#2689,#2691,#2693,.T.);
#2689 = VERTEX_POINT('',#2690);
#2690 = CARTESIAN_POINT('',(-2.35,0.9,0.25));
#2691 = VERTEX_POINT('',#2692);
#2692 = CARTESIAN_POINT('',(-2.35,1.,0.25));
#2693 = LINE('',#2694,#2695);
#2694 = CARTESIAN_POINT('',(-2.35,1.,0.25));
#2695 = VECTOR('',#2696,1.);
#2696 = DIRECTION('',(0.,1.,0.));
#2697 = ORIENTED_EDGE('',*,*,#2698,.F.);
#2698 = EDGE_CURVE('',#2699,#2689,#2701,.T.);
#2699 = VERTEX_POINT('',#2700);
#2700 = CARTESIAN_POINT('',(-2.35,0.9,0.));
#2701 = LINE('',#2702,#2703);
#2702 = CARTESIAN_POINT('',(-2.35,0.9,-18.29445829259));
#2703 = VECTOR('',#2704,1.);
#2704 = DIRECTION('',(0.,0.,1.));
#2705 = ORIENTED_EDGE('',*,*,#2706,.F.);
#2706 = EDGE_CURVE('',#2707,#2699,#2709,.T.);
#2707 = VERTEX_POINT('',#2708);
#2708 = CARTESIAN_POINT('',(-2.35,1.,0.));
#2709 = LINE('',#2710,#2711);
#2710 = CARTESIAN_POINT('',(-2.35,0.,0.));
#2711 = VECTOR('',#2712,1.);
#2712 = DIRECTION('',(0.,-1.,0.));
#2713 = ORIENTED_EDGE('',*,*,#2714,.T.);
#2714 = EDGE_CURVE('',#2707,#2691,#2715,.T.);
#2715 = LINE('',#2716,#2717);
#2716 = CARTESIAN_POINT('',(-2.35,1.,-18.29445829259));
#2717 = VECTOR('',#2718,1.);
#2718 = DIRECTION('',(0.,0.,1.));
#2719 = PLANE('',#2720);
#2720 = AXIS2_PLACEMENT_3D('',#2721,#2722,#2723);
#2721 = CARTESIAN_POINT('',(-2.35,1.,-18.29445829259));
#2722 = DIRECTION('',(-1.,0.,0.));
#2723 = DIRECTION('',(0.,0.,1.));
#2724 = ADVANCED_FACE('',(#2725),#2750,.F.);
#2725 = FACE_BOUND('',#2726,.T.);
#2726 = EDGE_LOOP('',(#2727,#2735,#2736,#2744));
#2727 = ORIENTED_EDGE('',*,*,#2728,.F.);
#2728 = EDGE_CURVE('',#2651,#2729,#2731,.T.);
#2729 = VERTEX_POINT('',#2730);
#2730 = CARTESIAN_POINT('',(-1.85,0.9,0.4));
#2731 = LINE('',#2732,#2733);
#2732 = CARTESIAN_POINT('',(-2.35,0.9,0.4));
#2733 = VECTOR('',#2734,1.);
#2734 = DIRECTION('',(1.,0.,3.87215061602E-17));
#2735 = ORIENTED_EDGE('',*,*,#2674,.T.);
#2736 = ORIENTED_EDGE('',*,*,#2737,.T.);
#2737 = EDGE_CURVE('',#2667,#2738,#2740,.T.);
#2738 = VERTEX_POINT('',#2739);
#2739 = CARTESIAN_POINT('',(-1.85,0.9,0.65));
#2740 = LINE('',#2741,#2742);
#2741 = CARTESIAN_POINT('',(-2.35,0.9,0.65));
#2742 = VECTOR('',#2743,1.);
#2743 = DIRECTION('',(1.,0.,0.));
#2744 = ORIENTED_EDGE('',*,*,#2745,.F.);
#2745 = EDGE_CURVE('',#2729,#2738,#2746,.T.);
#2746 = LINE('',#2747,#2748);
#2747 = CARTESIAN_POINT('',(-1.85,0.9,-18.29445829259));
#2748 = VECTOR('',#2749,1.);
#2749 = DIRECTION('',(0.,0.,1.));
#2750 = PLANE('',#2751);
#2751 = AXIS2_PLACEMENT_3D('',#2752,#2753,#2754);
#2752 = CARTESIAN_POINT('',(-2.35,0.9,-18.29445829259));
#2753 = DIRECTION('',(0.,-1.,0.));
#2754 = DIRECTION('',(0.,0.,-1.));
#2755 = ADVANCED_FACE('',(#2756),#2781,.F.);
#2756 = FACE_BOUND('',#2757,.T.);
#2757 = EDGE_LOOP('',(#2758,#2766,#2774,#2780));
#2758 = ORIENTED_EDGE('',*,*,#2759,.F.);
#2759 = EDGE_CURVE('',#2760,#2689,#2762,.T.);
#2760 = VERTEX_POINT('',#2761);
#2761 = CARTESIAN_POINT('',(-1.85,0.9,0.25));
#2762 = LINE('',#2763,#2764);
#2763 = CARTESIAN_POINT('',(-2.35,0.9,0.25));
#2764 = VECTOR('',#2765,1.);
#2765 = DIRECTION('',(-1.,0.,0.));
#2766 = ORIENTED_EDGE('',*,*,#2767,.F.);
#2767 = EDGE_CURVE('',#2768,#2760,#2770,.T.);
#2768 = VERTEX_POINT('',#2769);
#2769 = CARTESIAN_POINT('',(-1.85,0.9,0.));
#2770 = LINE('',#2771,#2772);
#2771 = CARTESIAN_POINT('',(-1.85,0.9,-18.29445829259));
#2772 = VECTOR('',#2773,1.);
#2773 = DIRECTION('',(0.,0.,1.));
#2774 = ORIENTED_EDGE('',*,*,#2775,.F.);
#2775 = EDGE_CURVE('',#2699,#2768,#2776,.T.);
#2776 = LINE('',#2777,#2778);
#2777 = CARTESIAN_POINT('',(0.,0.9,0.));
#2778 = VECTOR('',#2779,1.);
#2779 = DIRECTION('',(1.,0.,0.));
#2780 = ORIENTED_EDGE('',*,*,#2698,.T.);
#2781 = PLANE('',#2782);
#2782 = AXIS2_PLACEMENT_3D('',#2783,#2784,#2785);
#2783 = CARTESIAN_POINT('',(-2.35,0.9,-18.29445829259));
#2784 = DIRECTION('',(0.,-1.,0.));
#2785 = DIRECTION('',(0.,0.,-1.));
#2786 = ADVANCED_FACE('',(#2787),#2812,.F.);
#2787 = FACE_BOUND('',#2788,.T.);
#2788 = EDGE_LOOP('',(#2789,#2797,#2798,#2806));
#2789 = ORIENTED_EDGE('',*,*,#2790,.F.);
#2790 = EDGE_CURVE('',#2729,#2791,#2793,.T.);
#2791 = VERTEX_POINT('',#2792);
#2792 = CARTESIAN_POINT('',(-1.85,1.,0.4));
#2793 = LINE('',#2794,#2795);
#2794 = CARTESIAN_POINT('',(-1.85,0.9,0.4));
#2795 = VECTOR('',#2796,1.);
#2796 = DIRECTION('',(0.,1.,5.331040139784E-33));
#2797 = ORIENTED_EDGE('',*,*,#2745,.T.);
#2798 = ORIENTED_EDGE('',*,*,#2799,.T.);
#2799 = EDGE_CURVE('',#2738,#2800,#2802,.T.);
#2800 = VERTEX_POINT('',#2801);
#2801 = CARTESIAN_POINT('',(-1.85,1.,0.65));
#2802 = LINE('',#2803,#2804);
#2803 = CARTESIAN_POINT('',(-1.85,0.9,0.65));
#2804 = VECTOR('',#2805,1.);
#2805 = DIRECTION('',(0.,1.,0.));
#2806 = ORIENTED_EDGE('',*,*,#2807,.F.);
#2807 = EDGE_CURVE('',#2791,#2800,#2808,.T.);
#2808 = LINE('',#2809,#2810);
#2809 = CARTESIAN_POINT('',(-1.85,1.,-18.29445829259));
#2810 = VECTOR('',#2811,1.);
#2811 = DIRECTION('',(0.,0.,1.));
#2812 = PLANE('',#2813);
#2813 = AXIS2_PLACEMENT_3D('',#2814,#2815,#2816);
#2814 = CARTESIAN_POINT('',(-1.85,0.9,-18.29445829259));
#2815 = DIRECTION('',(1.,0.,0.));
#2816 = DIRECTION('',(0.,0.,-1.));
#2817 = ADVANCED_FACE('',(#2818),#2843,.F.);
#2818 = FACE_BOUND('',#2819,.T.);
#2819 = EDGE_LOOP('',(#2820,#2828,#2836,#2842));
#2820 = ORIENTED_EDGE('',*,*,#2821,.F.);
#2821 = EDGE_CURVE('',#2822,#2760,#2824,.T.);
#2822 = VERTEX_POINT('',#2823);
#2823 = CARTESIAN_POINT('',(-1.85,1.,0.25));
#2824 = LINE('',#2825,#2826);
#2825 = CARTESIAN_POINT('',(-1.85,0.9,0.25));
#2826 = VECTOR('',#2827,1.);
#2827 = DIRECTION('',(0.,-1.,0.));
#2828 = ORIENTED_EDGE('',*,*,#2829,.F.);
#2829 = EDGE_CURVE('',#2830,#2822,#2832,.T.);
#2830 = VERTEX_POINT('',#2831);
#2831 = CARTESIAN_POINT('',(-1.85,1.,0.));
#2832 = LINE('',#2833,#2834);
#2833 = CARTESIAN_POINT('',(-1.85,1.,-18.29445829259));
#2834 = VECTOR('',#2835,1.);
#2835 = DIRECTION('',(0.,0.,1.));
#2836 = ORIENTED_EDGE('',*,*,#2837,.F.);
#2837 = EDGE_CURVE('',#2768,#2830,#2838,.T.);
#2838 = LINE('',#2839,#2840);
#2839 = CARTESIAN_POINT('',(-1.85,0.,0.));
#2840 = VECTOR('',#2841,1.);
#2841 = DIRECTION('',(0.,1.,0.));
#2842 = ORIENTED_EDGE('',*,*,#2767,.T.);
#2843 = PLANE('',#2844);
#2844 = AXIS2_PLACEMENT_3D('',#2845,#2846,#2847);
#2845 = CARTESIAN_POINT('',(-1.85,0.9,-18.29445829259));
#2846 = DIRECTION('',(1.,0.,0.));
#2847 = DIRECTION('',(0.,0.,-1.));
#2848 = ADVANCED_FACE('',(#2849),#2865,.F.);
#2849 = FACE_BOUND('',#2850,.T.);
#2850 = EDGE_LOOP('',(#2851,#2857,#2858,#2864));
#2851 = ORIENTED_EDGE('',*,*,#2852,.F.);
#2852 = EDGE_CURVE('',#2791,#2649,#2853,.T.);
#2853 = LINE('',#2854,#2855);
#2854 = CARTESIAN_POINT('',(-1.85,1.,0.4));
#2855 = VECTOR('',#2856,1.);
#2856 = DIRECTION('',(-1.,0.,-3.87215061602E-17));
#2857 = ORIENTED_EDGE('',*,*,#2807,.T.);
#2858 = ORIENTED_EDGE('',*,*,#2859,.T.);
#2859 = EDGE_CURVE('',#2800,#2659,#2860,.T.);
#2860 = LINE('',#2861,#2862);
#2861 = CARTESIAN_POINT('',(-1.85,1.,0.65));
#2862 = VECTOR('',#2863,1.);
#2863 = DIRECTION('',(-1.,0.,0.));
#2864 = ORIENTED_EDGE('',*,*,#2658,.F.);
#2865 = PLANE('',#2866);
#2866 = AXIS2_PLACEMENT_3D('',#2867,#2868,#2869);
#2867 = CARTESIAN_POINT('',(-1.85,1.,-18.29445829259));
#2868 = DIRECTION('',(0.,1.,0.));
#2869 = DIRECTION('',(0.,-0.,1.));
#2870 = ADVANCED_FACE('',(#2871),#2887,.F.);
#2871 = FACE_BOUND('',#2872,.T.);
#2872 = EDGE_LOOP('',(#2873,#2879,#2880,#2886));
#2873 = ORIENTED_EDGE('',*,*,#2874,.F.);
#2874 = EDGE_CURVE('',#2691,#2822,#2875,.T.);
#2875 = LINE('',#2876,#2877);
#2876 = CARTESIAN_POINT('',(-1.85,1.,0.25));
#2877 = VECTOR('',#2878,1.);
#2878 = DIRECTION('',(1.,0.,0.));
#2879 = ORIENTED_EDGE('',*,*,#2714,.F.);
#2880 = ORIENTED_EDGE('',*,*,#2881,.F.);
#2881 = EDGE_CURVE('',#2830,#2707,#2882,.T.);
#2882 = LINE('',#2883,#2884);
#2883 = CARTESIAN_POINT('',(0.,1.,0.));
#2884 = VECTOR('',#2885,1.);
#2885 = DIRECTION('',(-1.,0.,0.));
#2886 = ORIENTED_EDGE('',*,*,#2829,.T.);
#2887 = PLANE('',#2888);
#2888 = AXIS2_PLACEMENT_3D('',#2889,#2890,#2891);
#2889 = CARTESIAN_POINT('',(-1.85,1.,-18.29445829259));
#2890 = DIRECTION('',(0.,1.,0.));
#2891 = DIRECTION('',(0.,-0.,1.));
#2892 = ADVANCED_FACE('',(#2893),#2927,.F.);
#2893 = FACE_BOUND('',#2894,.T.);
#2894 = EDGE_LOOP('',(#2895,#2905,#2913,#2921));
#2895 = ORIENTED_EDGE('',*,*,#2896,.F.);
#2896 = EDGE_CURVE('',#2897,#2899,#2901,.T.);
#2897 = VERTEX_POINT('',#2898);
#2898 = CARTESIAN_POINT('',(-3.45,1.,0.4));
#2899 = VERTEX_POINT('',#2900);
#2900 = CARTESIAN_POINT('',(-3.45,0.9,0.4));
#2901 = LINE('',#2902,#2903);
#2902 = CARTESIAN_POINT('',(-3.45,1.,0.4));
#2903 = VECTOR('',#2904,1.);
#2904 = DIRECTION('',(0.,-1.,-5.331040139784E-33));
#2905 = ORIENTED_EDGE('',*,*,#2906,.T.);
#2906 = EDGE_CURVE('',#2897,#2907,#2909,.T.);
#2907 = VERTEX_POINT('',#2908);
#2908 = CARTESIAN_POINT('',(-3.45,1.,0.65));
#2909 = LINE('',#2910,#2911);
#2910 = CARTESIAN_POINT('',(-3.45,1.,-18.29445829259));
#2911 = VECTOR('',#2912,1.);
#2912 = DIRECTION('',(0.,0.,1.));
#2913 = ORIENTED_EDGE('',*,*,#2914,.T.);
#2914 = EDGE_CURVE('',#2907,#2915,#2917,.T.);
#2915 = VERTEX_POINT('',#2916);
#2916 = CARTESIAN_POINT('',(-3.45,0.9,0.65));
#2917 = LINE('',#2918,#2919);
#2918 = CARTESIAN_POINT('',(-3.45,1.,0.65));
#2919 = VECTOR('',#2920,1.);
#2920 = DIRECTION('',(0.,-1.,0.));
#2921 = ORIENTED_EDGE('',*,*,#2922,.F.);
#2922 = EDGE_CURVE('',#2899,#2915,#2923,.T.);
#2923 = LINE('',#2924,#2925);
#2924 = CARTESIAN_POINT('',(-3.45,0.9,-18.29445829259));
#2925 = VECTOR('',#2926,1.);
#2926 = DIRECTION('',(0.,0.,1.));
#2927 = PLANE('',#2928);
#2928 = AXIS2_PLACEMENT_3D('',#2929,#2930,#2931);
#2929 = CARTESIAN_POINT('',(-3.45,1.,-18.29445829259));
#2930 = DIRECTION('',(-1.,0.,0.));
#2931 = DIRECTION('',(0.,0.,1.));
#2932 = ADVANCED_FACE('',(#2933),#2967,.F.);
#2933 = FACE_BOUND('',#2934,.T.);
#2934 = EDGE_LOOP('',(#2935,#2945,#2953,#2961));
#2935 = ORIENTED_EDGE('',*,*,#2936,.F.);
#2936 = EDGE_CURVE('',#2937,#2939,#2941,.T.);
#2937 = VERTEX_POINT('',#2938);
#2938 = CARTESIAN_POINT('',(-3.45,0.9,0.25));
#2939 = VERTEX_POINT('',#2940);
#2940 = CARTESIAN_POINT('',(-3.45,1.,0.25));
#2941 = LINE('',#2942,#2943);
#2942 = CARTESIAN_POINT('',(-3.45,1.,0.25));
#2943 = VECTOR('',#2944,1.);
#2944 = DIRECTION('',(0.,1.,0.));
#2945 = ORIENTED_EDGE('',*,*,#2946,.F.);
#2946 = EDGE_CURVE('',#2947,#2937,#2949,.T.);
#2947 = VERTEX_POINT('',#2948);
#2948 = CARTESIAN_POINT('',(-3.45,0.9,0.));
#2949 = LINE('',#2950,#2951);
#2950 = CARTESIAN_POINT('',(-3.45,0.9,-18.29445829259));
#2951 = VECTOR('',#2952,1.);
#2952 = DIRECTION('',(0.,0.,1.));
#2953 = ORIENTED_EDGE('',*,*,#2954,.F.);
#2954 = EDGE_CURVE('',#2955,#2947,#2957,.T.);
#2955 = VERTEX_POINT('',#2956);
#2956 = CARTESIAN_POINT('',(-3.45,1.,0.));
#2957 = LINE('',#2958,#2959);
#2958 = CARTESIAN_POINT('',(-3.45,0.,0.));
#2959 = VECTOR('',#2960,1.);
#2960 = DIRECTION('',(0.,-1.,0.));
#2961 = ORIENTED_EDGE('',*,*,#2962,.T.);
#2962 = EDGE_CURVE('',#2955,#2939,#2963,.T.);
#2963 = LINE('',#2964,#2965);
#2964 = CARTESIAN_POINT('',(-3.45,1.,-18.29445829259));
#2965 = VECTOR('',#2966,1.);
#2966 = DIRECTION('',(0.,0.,1.));
#2967 = PLANE('',#2968);
#2968 = AXIS2_PLACEMENT_3D('',#2969,#2970,#2971);
#2969 = CARTESIAN_POINT('',(-3.45,1.,-18.29445829259));
#2970 = DIRECTION('',(-1.,0.,0.));
#2971 = DIRECTION('',(0.,0.,1.));
#2972 = ADVANCED_FACE('',(#2973),#2998,.F.);
#2973 = FACE_BOUND('',#2974,.T.);
#2974 = EDGE_LOOP('',(#2975,#2983,#2984,#2992));
#2975 = ORIENTED_EDGE('',*,*,#2976,.F.);
#2976 = EDGE_CURVE('',#2899,#2977,#2979,.T.);
#2977 = VERTEX_POINT('',#2978);
#2978 = CARTESIAN_POINT('',(-2.95,0.9,0.4));
#2979 = LINE('',#2980,#2981);
#2980 = CARTESIAN_POINT('',(-3.45,0.9,0.4));
#2981 = VECTOR('',#2982,1.);
#2982 = DIRECTION('',(1.,0.,3.87215061602E-17));
#2983 = ORIENTED_EDGE('',*,*,#2922,.T.);
#2984 = ORIENTED_EDGE('',*,*,#2985,.T.);
#2985 = EDGE_CURVE('',#2915,#2986,#2988,.T.);
#2986 = VERTEX_POINT('',#2987);
#2987 = CARTESIAN_POINT('',(-2.95,0.9,0.65));
#2988 = LINE('',#2989,#2990);
#2989 = CARTESIAN_POINT('',(-3.45,0.9,0.65));
#2990 = VECTOR('',#2991,1.);
#2991 = DIRECTION('',(1.,0.,0.));
#2992 = ORIENTED_EDGE('',*,*,#2993,.F.);
#2993 = EDGE_CURVE('',#2977,#2986,#2994,.T.);
#2994 = LINE('',#2995,#2996);
#2995 = CARTESIAN_POINT('',(-2.95,0.9,-18.29445829259));
#2996 = VECTOR('',#2997,1.);
#2997 = DIRECTION('',(0.,0.,1.));
#2998 = PLANE('',#2999);
#2999 = AXIS2_PLACEMENT_3D('',#3000,#3001,#3002);
#3000 = CARTESIAN_POINT('',(-3.45,0.9,-18.29445829259));
#3001 = DIRECTION('',(0.,-1.,0.));
#3002 = DIRECTION('',(0.,0.,-1.));
#3003 = ADVANCED_FACE('',(#3004),#3029,.F.);
#3004 = FACE_BOUND('',#3005,.T.);
#3005 = EDGE_LOOP('',(#3006,#3014,#3022,#3028));
#3006 = ORIENTED_EDGE('',*,*,#3007,.F.);
#3007 = EDGE_CURVE('',#3008,#2937,#3010,.T.);
#3008 = VERTEX_POINT('',#3009);
#3009 = CARTESIAN_POINT('',(-2.95,0.9,0.25));
#3010 = LINE('',#3011,#3012);
#3011 = CARTESIAN_POINT('',(-3.45,0.9,0.25));
#3012 = VECTOR('',#3013,1.);
#3013 = DIRECTION('',(-1.,0.,0.));
#3014 = ORIENTED_EDGE('',*,*,#3015,.F.);
#3015 = EDGE_CURVE('',#3016,#3008,#3018,.T.);
#3016 = VERTEX_POINT('',#3017);
#3017 = CARTESIAN_POINT('',(-2.95,0.9,0.));
#3018 = LINE('',#3019,#3020);
#3019 = CARTESIAN_POINT('',(-2.95,0.9,-18.29445829259));
#3020 = VECTOR('',#3021,1.);
#3021 = DIRECTION('',(0.,0.,1.));
#3022 = ORIENTED_EDGE('',*,*,#3023,.F.);
#3023 = EDGE_CURVE('',#2947,#3016,#3024,.T.);
#3024 = LINE('',#3025,#3026);
#3025 = CARTESIAN_POINT('',(0.,0.9,0.));
#3026 = VECTOR('',#3027,1.);
#3027 = DIRECTION('',(1.,0.,0.));
#3028 = ORIENTED_EDGE('',*,*,#2946,.T.);
#3029 = PLANE('',#3030);
#3030 = AXIS2_PLACEMENT_3D('',#3031,#3032,#3033);
#3031 = CARTESIAN_POINT('',(-3.45,0.9,-18.29445829259));
#3032 = DIRECTION('',(0.,-1.,0.));
#3033 = DIRECTION('',(0.,0.,-1.));
#3034 = ADVANCED_FACE('',(#3035),#3060,.F.);
#3035 = FACE_BOUND('',#3036,.T.);
#3036 = EDGE_LOOP('',(#3037,#3045,#3046,#3054));
#3037 = ORIENTED_EDGE('',*,*,#3038,.F.);
#3038 = EDGE_CURVE('',#2977,#3039,#3041,.T.);
#3039 = VERTEX_POINT('',#3040);
#3040 = CARTESIAN_POINT('',(-2.95,1.,0.4));
#3041 = LINE('',#3042,#3043);
#3042 = CARTESIAN_POINT('',(-2.95,0.9,0.4));
#3043 = VECTOR('',#3044,1.);
#3044 = DIRECTION('',(0.,1.,5.331040139784E-33));
#3045 = ORIENTED_EDGE('',*,*,#2993,.T.);
#3046 = ORIENTED_EDGE('',*,*,#3047,.T.);
#3047 = EDGE_CURVE('',#2986,#3048,#3050,.T.);
#3048 = VERTEX_POINT('',#3049);
#3049 = CARTESIAN_POINT('',(-2.95,1.,0.65));
#3050 = LINE('',#3051,#3052);
#3051 = CARTESIAN_POINT('',(-2.95,0.9,0.65));
#3052 = VECTOR('',#3053,1.);
#3053 = DIRECTION('',(0.,1.,0.));
#3054 = ORIENTED_EDGE('',*,*,#3055,.F.);
#3055 = EDGE_CURVE('',#3039,#3048,#3056,.T.);
#3056 = LINE('',#3057,#3058);
#3057 = CARTESIAN_POINT('',(-2.95,1.,-18.29445829259));
#3058 = VECTOR('',#3059,1.);
#3059 = DIRECTION('',(0.,0.,1.));
#3060 = PLANE('',#3061);
#3061 = AXIS2_PLACEMENT_3D('',#3062,#3063,#3064);
#3062 = CARTESIAN_POINT('',(-2.95,0.9,-18.29445829259));
#3063 = DIRECTION('',(1.,0.,0.));
#3064 = DIRECTION('',(0.,0.,-1.));
#3065 = ADVANCED_FACE('',(#3066),#3091,.F.);
#3066 = FACE_BOUND('',#3067,.T.);
#3067 = EDGE_LOOP('',(#3068,#3076,#3084,#3090));
#3068 = ORIENTED_EDGE('',*,*,#3069,.F.);
#3069 = EDGE_CURVE('',#3070,#3008,#3072,.T.);
#3070 = VERTEX_POINT('',#3071);
#3071 = CARTESIAN_POINT('',(-2.95,1.,0.25));
#3072 = LINE('',#3073,#3074);
#3073 = CARTESIAN_POINT('',(-2.95,0.9,0.25));
#3074 = VECTOR('',#3075,1.);
#3075 = DIRECTION('',(0.,-1.,0.));
#3076 = ORIENTED_EDGE('',*,*,#3077,.F.);
#3077 = EDGE_CURVE('',#3078,#3070,#3080,.T.);
#3078 = VERTEX_POINT('',#3079);
#3079 = CARTESIAN_POINT('',(-2.95,1.,0.));
#3080 = LINE('',#3081,#3082);
#3081 = CARTESIAN_POINT('',(-2.95,1.,-18.29445829259));
#3082 = VECTOR('',#3083,1.);
#3083 = DIRECTION('',(0.,0.,1.));
#3084 = ORIENTED_EDGE('',*,*,#3085,.F.);
#3085 = EDGE_CURVE('',#3016,#3078,#3086,.T.);
#3086 = LINE('',#3087,#3088);
#3087 = CARTESIAN_POINT('',(-2.95,0.,0.));
#3088 = VECTOR('',#3089,1.);
#3089 = DIRECTION('',(0.,1.,0.));
#3090 = ORIENTED_EDGE('',*,*,#3015,.T.);
#3091 = PLANE('',#3092);
#3092 = AXIS2_PLACEMENT_3D('',#3093,#3094,#3095);
#3093 = CARTESIAN_POINT('',(-2.95,0.9,-18.29445829259));
#3094 = DIRECTION('',(1.,0.,0.));
#3095 = DIRECTION('',(0.,0.,-1.));
#3096 = ADVANCED_FACE('',(#3097),#3113,.F.);
#3097 = FACE_BOUND('',#3098,.T.);
#3098 = EDGE_LOOP('',(#3099,#3105,#3106,#3112));
#3099 = ORIENTED_EDGE('',*,*,#3100,.F.);
#3100 = EDGE_CURVE('',#3039,#2897,#3101,.T.);
#3101 = LINE('',#3102,#3103);
#3102 = CARTESIAN_POINT('',(-2.95,1.,0.4));
#3103 = VECTOR('',#3104,1.);
#3104 = DIRECTION('',(-1.,0.,-3.87215061602E-17));
#3105 = ORIENTED_EDGE('',*,*,#3055,.T.);
#3106 = ORIENTED_EDGE('',*,*,#3107,.T.);
#3107 = EDGE_CURVE('',#3048,#2907,#3108,.T.);
#3108 = LINE('',#3109,#3110);
#3109 = CARTESIAN_POINT('',(-2.95,1.,0.65));
#3110 = VECTOR('',#3111,1.);
#3111 = DIRECTION('',(-1.,0.,0.));
#3112 = ORIENTED_EDGE('',*,*,#2906,.F.);
#3113 = PLANE('',#3114);
#3114 = AXIS2_PLACEMENT_3D('',#3115,#3116,#3117);
#3115 = CARTESIAN_POINT('',(-2.95,1.,-18.29445829259));
#3116 = DIRECTION('',(0.,1.,0.));
#3117 = DIRECTION('',(0.,-0.,1.));
#3118 = ADVANCED_FACE('',(#3119),#3135,.F.);
#3119 = FACE_BOUND('',#3120,.T.);
#3120 = EDGE_LOOP('',(#3121,#3127,#3128,#3134));
#3121 = ORIENTED_EDGE('',*,*,#3122,.F.);
#3122 = EDGE_CURVE('',#2939,#3070,#3123,.T.);
#3123 = LINE('',#3124,#3125);
#3124 = CARTESIAN_POINT('',(-2.95,1.,0.25));
#3125 = VECTOR('',#3126,1.);
#3126 = DIRECTION('',(1.,0.,0.));
#3127 = ORIENTED_EDGE('',*,*,#2962,.F.);
#3128 = ORIENTED_EDGE('',*,*,#3129,.F.);
#3129 = EDGE_CURVE('',#3078,#2955,#3130,.T.);
#3130 = LINE('',#3131,#3132);
#3131 = CARTESIAN_POINT('',(0.,1.,0.));
#3132 = VECTOR('',#3133,1.);
#3133 = DIRECTION('',(-1.,0.,0.));
#3134 = ORIENTED_EDGE('',*,*,#3077,.T.);
#3135 = PLANE('',#3136);
#3136 = AXIS2_PLACEMENT_3D('',#3137,#3138,#3139);
#3137 = CARTESIAN_POINT('',(-2.95,1.,-18.29445829259));
#3138 = DIRECTION('',(0.,1.,0.));
#3139 = DIRECTION('',(0.,-0.,1.));
#3140 = ADVANCED_FACE('',(#3141),#3298,.F.);
#3141 = FACE_BOUND('',#3142,.T.);
#3142 = EDGE_LOOP('',(#3143,#3144,#3152,#3160,#3168,#3176,#3185,#3193,
    #3202,#3210,#3218,#3226,#3234,#3242,#3251,#3259,#3268,#3275,#3276,
    #3284,#3292));
#3143 = ORIENTED_EDGE('',*,*,#376,.F.);
#3144 = ORIENTED_EDGE('',*,*,#3145,.T.);
#3145 = EDGE_CURVE('',#369,#3146,#3148,.T.);
#3146 = VERTEX_POINT('',#3147);
#3147 = CARTESIAN_POINT('',(-6.6,-3.95,0.));
#3148 = LINE('',#3149,#3150);
#3149 = CARTESIAN_POINT('',(-6.6,-3.95,0.15));
#3150 = VECTOR('',#3151,1.);
#3151 = DIRECTION('',(0.,0.,-1.));
#3152 = ORIENTED_EDGE('',*,*,#3153,.T.);
#3153 = EDGE_CURVE('',#3146,#3154,#3156,.T.);
#3154 = VERTEX_POINT('',#3155);
#3155 = CARTESIAN_POINT('',(-6.6,-5.75,0.));
#3156 = LINE('',#3157,#3158);
#3157 = CARTESIAN_POINT('',(-6.6,6.75,0.));
#3158 = VECTOR('',#3159,1.);
#3159 = DIRECTION('',(0.,-1.,0.));
#3160 = ORIENTED_EDGE('',*,*,#3161,.T.);
#3161 = EDGE_CURVE('',#3154,#3162,#3164,.T.);
#3162 = VERTEX_POINT('',#3163);
#3163 = CARTESIAN_POINT('',(-6.6,-5.819578242678,0.6));
#3164 = LINE('',#3165,#3166);
#3165 = CARTESIAN_POINT('',(-6.6,-5.75,0.));
#3166 = VECTOR('',#3167,1.);
#3167 = DIRECTION('',(0.,-0.11519179836,0.99334326876));
#3168 = ORIENTED_EDGE('',*,*,#3169,.T.);
#3169 = EDGE_CURVE('',#3162,#3170,#3172,.T.);
#3170 = VERTEX_POINT('',#3171);
#3171 = CARTESIAN_POINT('',(-6.6,-4.269578242678,0.6));
#3172 = LINE('',#3173,#3174);
#3173 = CARTESIAN_POINT('',(-6.6,-5.819578242678,0.6));
#3174 = VECTOR('',#3175,1.);
#3175 = DIRECTION('',(0.,1.,1.049227908857E-16));
#3176 = ORIENTED_EDGE('',*,*,#3177,.T.);
#3177 = EDGE_CURVE('',#3170,#3178,#3180,.T.);
#3178 = VERTEX_POINT('',#3179);
#3179 = CARTESIAN_POINT('',(-6.6,-4.269578242678,1.25));
#3180 = CIRCLE('',#3181,0.325);
#3181 = AXIS2_PLACEMENT_3D('',#3182,#3183,#3184);
#3182 = CARTESIAN_POINT('',(-6.6,-4.269578242678,0.925));
#3183 = DIRECTION('',(1.,0.,0.));
#3184 = DIRECTION('',(0.,-1.,0.));
#3185 = ORIENTED_EDGE('',*,*,#3186,.T.);
#3186 = EDGE_CURVE('',#3178,#3187,#3189,.T.);
#3187 = VERTEX_POINT('',#3188);
#3188 = CARTESIAN_POINT('',(-6.6,-6.079161506276,1.25));
#3189 = LINE('',#3190,#3191);
#3190 = CARTESIAN_POINT('',(-6.6,-4.269578242678,1.25));
#3191 = VECTOR('',#3192,1.);
#3192 = DIRECTION('',(0.,-1.,-2.995723364311E-17));
#3193 = ORIENTED_EDGE('',*,*,#3194,.T.);
#3194 = EDGE_CURVE('',#3187,#3195,#3197,.T.);
#3195 = VERTEX_POINT('',#3196);
#3196 = CARTESIAN_POINT('',(-6.6,-6.35,0.979161506276));
#3197 = CIRCLE('',#3198,0.270838493724);
#3198 = AXIS2_PLACEMENT_3D('',#3199,#3200,#3201);
#3199 = CARTESIAN_POINT('',(-6.6,-6.079161506276,0.979161506276));
#3200 = DIRECTION('',(1.,0.,0.));
#3201 = DIRECTION('',(-0.,1.,0.));
#3202 = ORIENTED_EDGE('',*,*,#3203,.T.);
#3203 = EDGE_CURVE('',#3195,#3204,#3206,.T.);
#3204 = VERTEX_POINT('',#3205);
#3205 = CARTESIAN_POINT('',(-6.6,-6.35,0.));
#3206 = LINE('',#3207,#3208);
#3207 = CARTESIAN_POINT('',(-6.6,-6.35,0.979161506276));
#3208 = VECTOR('',#3209,1.);
#3209 = DIRECTION('',(0.,0.,-1.));
#3210 = ORIENTED_EDGE('',*,*,#3211,.T.);
#3211 = EDGE_CURVE('',#3204,#3212,#3214,.T.);
#3212 = VERTEX_POINT('',#3213);
#3213 = CARTESIAN_POINT('',(-6.6,-6.75,0.));
#3214 = LINE('',#3215,#3216);
#3215 = CARTESIAN_POINT('',(-6.6,6.75,0.));
#3216 = VECTOR('',#3217,1.);
#3217 = DIRECTION('',(0.,-1.,0.));
#3218 = ORIENTED_EDGE('',*,*,#3219,.F.);
#3219 = EDGE_CURVE('',#3220,#3212,#3222,.T.);
#3220 = VERTEX_POINT('',#3221);
#3221 = CARTESIAN_POINT('',(-6.6,-6.75,1.55));
#3222 = LINE('',#3223,#3224);
#3223 = CARTESIAN_POINT('',(-6.6,-6.75,1.55));
#3224 = VECTOR('',#3225,1.);
#3225 = DIRECTION('',(0.,0.,-1.));
#3226 = ORIENTED_EDGE('',*,*,#3227,.F.);
#3227 = EDGE_CURVE('',#3228,#3220,#3230,.T.);
#3228 = VERTEX_POINT('',#3229);
#3229 = CARTESIAN_POINT('',(-6.6,-4.35,1.55));
#3230 = LINE('',#3231,#3232);
#3231 = CARTESIAN_POINT('',(-6.6,6.75,1.55));
#3232 = VECTOR('',#3233,1.);
#3233 = DIRECTION('',(0.,-1.,0.));
#3234 = ORIENTED_EDGE('',*,*,#3235,.F.);
#3235 = EDGE_CURVE('',#3236,#3228,#3238,.T.);
#3236 = VERTEX_POINT('',#3237);
#3237 = CARTESIAN_POINT('',(-6.6,-4.35,1.45));
#3238 = LINE('',#3239,#3240);
#3239 = CARTESIAN_POINT('',(-6.6,-4.35,1.15));
#3240 = VECTOR('',#3241,1.);
#3241 = DIRECTION('',(0.,0.,1.));
#3242 = ORIENTED_EDGE('',*,*,#3243,.T.);
#3243 = EDGE_CURVE('',#3236,#3244,#3246,.T.);
#3244 = VERTEX_POINT('',#3245);
#3245 = CARTESIAN_POINT('',(-6.6,-4.25,1.35));
#3246 = CIRCLE('',#3247,0.1);
#3247 = AXIS2_PLACEMENT_3D('',#3248,#3249,#3250);
#3248 = CARTESIAN_POINT('',(-6.6,-4.25,1.45));
#3249 = DIRECTION('',(1.,0.,0.));
#3250 = DIRECTION('',(0.,0.,-1.));
#3251 = ORIENTED_EDGE('',*,*,#3252,.F.);
#3252 = EDGE_CURVE('',#3253,#3244,#3255,.T.);
#3253 = VERTEX_POINT('',#3254);
#3254 = CARTESIAN_POINT('',(-6.6,-4.05,1.35));
#3255 = LINE('',#3256,#3257);
#3256 = CARTESIAN_POINT('',(-6.6,-3.95,1.35));
#3257 = VECTOR('',#3258,1.);
#3258 = DIRECTION('',(0.,-1.,0.));
#3259 = ORIENTED_EDGE('',*,*,#3260,.F.);
#3260 = EDGE_CURVE('',#3261,#3253,#3263,.T.);
#3261 = VERTEX_POINT('',#3262);
#3262 = CARTESIAN_POINT('',(-6.6,-3.95,1.25));
#3263 = CIRCLE('',#3264,0.1);
#3264 = AXIS2_PLACEMENT_3D('',#3265,#3266,#3267);
#3265 = CARTESIAN_POINT('',(-6.6,-4.05,1.25));
#3266 = DIRECTION('',(1.,0.,0.));
#3267 = DIRECTION('',(0.,0.,-1.));
#3268 = ORIENTED_EDGE('',*,*,#3269,.T.);
#3269 = EDGE_CURVE('',#3261,#237,#3270,.T.);
#3270 = CIRCLE('',#3271,0.1);
#3271 = AXIS2_PLACEMENT_3D('',#3272,#3273,#3274);
#3272 = CARTESIAN_POINT('',(-6.6,-3.85,1.25));
#3273 = DIRECTION('',(1.,0.,0.));
#3274 = DIRECTION('',(0.,0.,-1.));
#3275 = ORIENTED_EDGE('',*,*,#236,.T.);
#3276 = ORIENTED_EDGE('',*,*,#3277,.T.);
#3277 = EDGE_CURVE('',#227,#3278,#3280,.T.);
#3278 = VERTEX_POINT('',#3279);
#3279 = CARTESIAN_POINT('',(-6.6,-1.55,0.));
#3280 = LINE('',#3281,#3282);
#3281 = CARTESIAN_POINT('',(-6.6,-1.55,1.55));
#3282 = VECTOR('',#3283,1.);
#3283 = DIRECTION('',(0.,0.,-1.));
#3284 = ORIENTED_EDGE('',*,*,#3285,.T.);
#3285 = EDGE_CURVE('',#3278,#3286,#3288,.T.);
#3286 = VERTEX_POINT('',#3287);
#3287 = CARTESIAN_POINT('',(-6.6,-1.85,0.));
#3288 = LINE('',#3289,#3290);
#3289 = CARTESIAN_POINT('',(-6.6,6.75,0.));
#3290 = VECTOR('',#3291,1.);
#3291 = DIRECTION('',(0.,-1.,0.));
#3292 = ORIENTED_EDGE('',*,*,#3293,.F.);
#3293 = EDGE_CURVE('',#377,#3286,#3294,.T.);
#3294 = LINE('',#3295,#3296);
#3295 = CARTESIAN_POINT('',(-6.6,-1.85,0.15));
#3296 = VECTOR('',#3297,1.);
#3297 = DIRECTION('',(0.,0.,-1.));
#3298 = PLANE('',#3299);
#3299 = AXIS2_PLACEMENT_3D('',#3300,#3301,#3302);
#3300 = CARTESIAN_POINT('',(-6.6,6.75,1.55));
#3301 = DIRECTION('',(1.,0.,0.));
#3302 = DIRECTION('',(0.,0.,-1.));
#3303 = ADVANCED_FACE('',(#3304,#3338,#3372,#3378,#3384,#3390,#3396,
    #3402,#3408,#3414,#3420,#3445),#3731,.F.);
#3304 = FACE_BOUND('',#3305,.T.);
#3305 = EDGE_LOOP('',(#3306,#3316,#3324,#3332));
#3306 = ORIENTED_EDGE('',*,*,#3307,.F.);
#3307 = EDGE_CURVE('',#3308,#3310,#3312,.T.);
#3308 = VERTEX_POINT('',#3309);
#3309 = CARTESIAN_POINT('',(-4.95,-6.05,0.));
#3310 = VERTEX_POINT('',#3311);
#3311 = CARTESIAN_POINT('',(-5.75,-6.05,0.));
#3312 = LINE('',#3313,#3314);
#3313 = CARTESIAN_POINT('',(-4.95,-6.05,0.));
#3314 = VECTOR('',#3315,1.);
#3315 = DIRECTION('',(-1.,0.,0.));
#3316 = ORIENTED_EDGE('',*,*,#3317,.F.);
#3317 = EDGE_CURVE('',#3318,#3308,#3320,.T.);
#3318 = VERTEX_POINT('',#3319);
#3319 = CARTESIAN_POINT('',(-4.95,-4.25,0.));
#3320 = LINE('',#3321,#3322);
#3321 = CARTESIAN_POINT('',(-4.95,-4.25,0.));
#3322 = VECTOR('',#3323,1.);
#3323 = DIRECTION('',(0.,-1.,0.));
#3324 = ORIENTED_EDGE('',*,*,#3325,.F.);
#3325 = EDGE_CURVE('',#3326,#3318,#3328,.T.);
#3326 = VERTEX_POINT('',#3327);
#3327 = CARTESIAN_POINT('',(-5.75,-4.25,0.));
#3328 = LINE('',#3329,#3330);
#3329 = CARTESIAN_POINT('',(-5.75,-4.25,0.));
#3330 = VECTOR('',#3331,1.);
#3331 = DIRECTION('',(1.,0.,0.));
#3332 = ORIENTED_EDGE('',*,*,#3333,.F.);
#3333 = EDGE_CURVE('',#3310,#3326,#3334,.T.);
#3334 = LINE('',#3335,#3336);
#3335 = CARTESIAN_POINT('',(-5.75,-6.05,0.));
#3336 = VECTOR('',#3337,1.);
#3337 = DIRECTION('',(0.,1.,0.));
#3338 = FACE_BOUND('',#3339,.T.);
#3339 = EDGE_LOOP('',(#3340,#3350,#3358,#3366));
#3340 = ORIENTED_EDGE('',*,*,#3341,.F.);
#3341 = EDGE_CURVE('',#3342,#3344,#3346,.T.);
#3342 = VERTEX_POINT('',#3343);
#3343 = CARTESIAN_POINT('',(-4.95,-3.8,0.));
#3344 = VERTEX_POINT('',#3345);
#3345 = CARTESIAN_POINT('',(-5.75,-3.8,0.));
#3346 = LINE('',#3347,#3348);
#3347 = CARTESIAN_POINT('',(-4.95,-3.8,0.));
#3348 = VECTOR('',#3349,1.);
#3349 = DIRECTION('',(-1.,0.,0.));
#3350 = ORIENTED_EDGE('',*,*,#3351,.F.);
#3351 = EDGE_CURVE('',#3352,#3342,#3354,.T.);
#3352 = VERTEX_POINT('',#3353);
#3353 = CARTESIAN_POINT('',(-4.95,-2.,0.));
#3354 = LINE('',#3355,#3356);
#3355 = CARTESIAN_POINT('',(-4.95,-2.,0.));
#3356 = VECTOR('',#3357,1.);
#3357 = DIRECTION('',(0.,-1.,0.));
#3358 = ORIENTED_EDGE('',*,*,#3359,.F.);
#3359 = EDGE_CURVE('',#3360,#3352,#3362,.T.);
#3360 = VERTEX_POINT('',#3361);
#3361 = CARTESIAN_POINT('',(-5.75,-2.,0.));
#3362 = LINE('',#3363,#3364);
#3363 = CARTESIAN_POINT('',(-5.75,-2.,0.));
#3364 = VECTOR('',#3365,1.);
#3365 = DIRECTION('',(1.,0.,0.));
#3366 = ORIENTED_EDGE('',*,*,#3367,.F.);
#3367 = EDGE_CURVE('',#3344,#3360,#3368,.T.);
#3368 = LINE('',#3369,#3370);
#3369 = CARTESIAN_POINT('',(-5.75,-3.8,0.));
#3370 = VECTOR('',#3371,1.);
#3371 = DIRECTION('',(0.,1.,0.));
#3372 = FACE_BOUND('',#3373,.T.);
#3373 = EDGE_LOOP('',(#3374,#3375,#3376,#3377));
#3374 = ORIENTED_EDGE('',*,*,#1393,.T.);
#3375 = ORIENTED_EDGE('',*,*,#1218,.T.);
#3376 = ORIENTED_EDGE('',*,*,#1287,.T.);
#3377 = ORIENTED_EDGE('',*,*,#1349,.T.);
#3378 = FACE_BOUND('',#3379,.T.);
#3379 = EDGE_LOOP('',(#3380,#3381,#3382,#3383));
#3380 = ORIENTED_EDGE('',*,*,#1641,.T.);
#3381 = ORIENTED_EDGE('',*,*,#1466,.T.);
#3382 = ORIENTED_EDGE('',*,*,#1535,.T.);
#3383 = ORIENTED_EDGE('',*,*,#1597,.T.);
#3384 = FACE_BOUND('',#3385,.T.);
#3385 = EDGE_LOOP('',(#3386,#3387,#3388,#3389));
#3386 = ORIENTED_EDGE('',*,*,#1889,.T.);
#3387 = ORIENTED_EDGE('',*,*,#1714,.T.);
#3388 = ORIENTED_EDGE('',*,*,#1783,.T.);
#3389 = ORIENTED_EDGE('',*,*,#1845,.T.);
#3390 = FACE_BOUND('',#3391,.T.);
#3391 = EDGE_LOOP('',(#3392,#3393,#3394,#3395));
#3392 = ORIENTED_EDGE('',*,*,#2137,.T.);
#3393 = ORIENTED_EDGE('',*,*,#1962,.T.);
#3394 = ORIENTED_EDGE('',*,*,#2031,.T.);
#3395 = ORIENTED_EDGE('',*,*,#2093,.T.);
#3396 = FACE_BOUND('',#3397,.T.);
#3397 = EDGE_LOOP('',(#3398,#3399,#3400,#3401));
#3398 = ORIENTED_EDGE('',*,*,#2385,.T.);
#3399 = ORIENTED_EDGE('',*,*,#2210,.T.);
#3400 = ORIENTED_EDGE('',*,*,#2279,.T.);
#3401 = ORIENTED_EDGE('',*,*,#2341,.T.);
#3402 = FACE_BOUND('',#3403,.T.);
#3403 = EDGE_LOOP('',(#3404,#3405,#3406,#3407));
#3404 = ORIENTED_EDGE('',*,*,#2633,.T.);
#3405 = ORIENTED_EDGE('',*,*,#2458,.T.);
#3406 = ORIENTED_EDGE('',*,*,#2527,.T.);
#3407 = ORIENTED_EDGE('',*,*,#2589,.T.);
#3408 = FACE_BOUND('',#3409,.T.);
#3409 = EDGE_LOOP('',(#3410,#3411,#3412,#3413));
#3410 = ORIENTED_EDGE('',*,*,#2881,.T.);
#3411 = ORIENTED_EDGE('',*,*,#2706,.T.);
#3412 = ORIENTED_EDGE('',*,*,#2775,.T.);
#3413 = ORIENTED_EDGE('',*,*,#2837,.T.);
#3414 = FACE_BOUND('',#3415,.T.);
#3415 = EDGE_LOOP('',(#3416,#3417,#3418,#3419));
#3416 = ORIENTED_EDGE('',*,*,#3129,.T.);
#3417 = ORIENTED_EDGE('',*,*,#2954,.T.);
#3418 = ORIENTED_EDGE('',*,*,#3023,.T.);
#3419 = ORIENTED_EDGE('',*,*,#3085,.T.);
#3420 = FACE_BOUND('',#3421,.T.);
#3421 = EDGE_LOOP('',(#3422,#3423,#3431,#3439));
#3422 = ORIENTED_EDGE('',*,*,#690,.F.);
#3423 = ORIENTED_EDGE('',*,*,#3424,.F.);
#3424 = EDGE_CURVE('',#3425,#683,#3427,.T.);
#3425 = VERTEX_POINT('',#3426);
#3426 = CARTESIAN_POINT('',(-4.05,-5.15,0.));
#3427 = LINE('',#3428,#3429);
#3428 = CARTESIAN_POINT('',(-4.05,-5.15,0.));
#3429 = VECTOR('',#3430,1.);
#3430 = DIRECTION('',(0.,1.,0.));
#3431 = ORIENTED_EDGE('',*,*,#3432,.F.);
#3432 = EDGE_CURVE('',#3433,#3425,#3435,.T.);
#3433 = VERTEX_POINT('',#3434);
#3434 = CARTESIAN_POINT('',(5.4,-5.15,0.));
#3435 = LINE('',#3436,#3437);
#3436 = CARTESIAN_POINT('',(5.4,-5.15,0.));
#3437 = VECTOR('',#3438,1.);
#3438 = DIRECTION('',(-1.,-1.835686217965E-16,0.));
#3439 = ORIENTED_EDGE('',*,*,#3440,.F.);
#3440 = EDGE_CURVE('',#691,#3433,#3441,.T.);
#3441 = LINE('',#3442,#3443);
#3442 = CARTESIAN_POINT('',(5.4,0.35,0.));
#3443 = VECTOR('',#3444,1.);
#3444 = DIRECTION('',(3.154042683594E-16,-1.,0.));
#3445 = FACE_BOUND('',#3446,.T.);
#3446 = EDGE_LOOP('',(#3447,#3448,#3456,#3464,#3470,#3471,#3479,#3487,
    #3495,#3503,#3511,#3519,#3527,#3535,#3543,#3549,#3550,#3558,#3566,
    #3574,#3582,#3590,#3598,#3606,#3614,#3622,#3630,#3638,#3646,#3654,
    #3662,#3670,#3678,#3686,#3694,#3702,#3708,#3709,#3717,#3725));
#3447 = ORIENTED_EDGE('',*,*,#3153,.F.);
#3448 = ORIENTED_EDGE('',*,*,#3449,.F.);
#3449 = EDGE_CURVE('',#3450,#3146,#3452,.T.);
#3450 = VERTEX_POINT('',#3451);
#3451 = CARTESIAN_POINT('',(-6.,-3.95,0.));
#3452 = LINE('',#3453,#3454);
#3453 = CARTESIAN_POINT('',(-6.,-3.95,0.));
#3454 = VECTOR('',#3455,1.);
#3455 = DIRECTION('',(-1.,0.,0.));
#3456 = ORIENTED_EDGE('',*,*,#3457,.F.);
#3457 = EDGE_CURVE('',#3458,#3450,#3460,.T.);
#3458 = VERTEX_POINT('',#3459);
#3459 = CARTESIAN_POINT('',(-6.,-1.85,0.));
#3460 = LINE('',#3461,#3462);
#3461 = CARTESIAN_POINT('',(-6.,-1.85,0.));
#3462 = VECTOR('',#3463,1.);
#3463 = DIRECTION('',(0.,-1.,0.));
#3464 = ORIENTED_EDGE('',*,*,#3465,.F.);
#3465 = EDGE_CURVE('',#3286,#3458,#3466,.T.);
#3466 = LINE('',#3467,#3468);
#3467 = CARTESIAN_POINT('',(-6.6,-1.85,0.));
#3468 = VECTOR('',#3469,1.);
#3469 = DIRECTION('',(1.,0.,0.));
#3470 = ORIENTED_EDGE('',*,*,#3285,.F.);
#3471 = ORIENTED_EDGE('',*,*,#3472,.F.);
#3472 = EDGE_CURVE('',#3473,#3278,#3475,.T.);
#3473 = VERTEX_POINT('',#3474);
#3474 = CARTESIAN_POINT('',(-5.95,-1.55,0.));
#3475 = LINE('',#3476,#3477);
#3476 = CARTESIAN_POINT('',(-5.95,-1.55,0.));
#3477 = VECTOR('',#3478,1.);
#3478 = DIRECTION('',(-1.,0.,0.));
#3479 = ORIENTED_EDGE('',*,*,#3480,.T.);
#3480 = EDGE_CURVE('',#3473,#3481,#3483,.T.);
#3481 = VERTEX_POINT('',#3482);
#3482 = CARTESIAN_POINT('',(-5.95,0.55,0.));
#3483 = LINE('',#3484,#3485);
#3484 = CARTESIAN_POINT('',(-5.95,-1.55,0.));
#3485 = VECTOR('',#3486,1.);
#3486 = DIRECTION('',(0.,1.,0.));
#3487 = ORIENTED_EDGE('',*,*,#3488,.T.);
#3488 = EDGE_CURVE('',#3481,#3489,#3491,.T.);
#3489 = VERTEX_POINT('',#3490);
#3490 = CARTESIAN_POINT('',(-6.6,0.55,0.));
#3491 = LINE('',#3492,#3493);
#3492 = CARTESIAN_POINT('',(-5.95,0.55,0.));
#3493 = VECTOR('',#3494,1.);
#3494 = DIRECTION('',(-1.,0.,0.));
#3495 = ORIENTED_EDGE('',*,*,#3496,.F.);
#3496 = EDGE_CURVE('',#3497,#3489,#3499,.T.);
#3497 = VERTEX_POINT('',#3498);
#3498 = CARTESIAN_POINT('',(-6.6,4.35,0.));
#3499 = LINE('',#3500,#3501);
#3500 = CARTESIAN_POINT('',(-6.6,6.75,0.));
#3501 = VECTOR('',#3502,1.);
#3502 = DIRECTION('',(0.,-1.,0.));
#3503 = ORIENTED_EDGE('',*,*,#3504,.F.);
#3504 = EDGE_CURVE('',#3505,#3497,#3507,.T.);
#3505 = VERTEX_POINT('',#3506);
#3506 = CARTESIAN_POINT('',(-6.,4.35,0.));
#3507 = LINE('',#3508,#3509);
#3508 = CARTESIAN_POINT('',(-6.,4.35,0.));
#3509 = VECTOR('',#3510,1.);
#3510 = DIRECTION('',(-1.,0.,0.));
#3511 = ORIENTED_EDGE('',*,*,#3512,.F.);
#3512 = EDGE_CURVE('',#3513,#3505,#3515,.T.);
#3513 = VERTEX_POINT('',#3514);
#3514 = CARTESIAN_POINT('',(-6.,6.45,0.));
#3515 = LINE('',#3516,#3517);
#3516 = CARTESIAN_POINT('',(-6.,6.45,0.));
#3517 = VECTOR('',#3518,1.);
#3518 = DIRECTION('',(0.,-1.,0.));
#3519 = ORIENTED_EDGE('',*,*,#3520,.F.);
#3520 = EDGE_CURVE('',#3521,#3513,#3523,.T.);
#3521 = VERTEX_POINT('',#3522);
#3522 = CARTESIAN_POINT('',(-6.6,6.45,0.));
#3523 = LINE('',#3524,#3525);
#3524 = CARTESIAN_POINT('',(-6.6,6.45,0.));
#3525 = VECTOR('',#3526,1.);
#3526 = DIRECTION('',(1.,0.,0.));
#3527 = ORIENTED_EDGE('',*,*,#3528,.F.);
#3528 = EDGE_CURVE('',#3529,#3521,#3531,.T.);
#3529 = VERTEX_POINT('',#3530);
#3530 = CARTESIAN_POINT('',(-6.6,6.75,0.));
#3531 = LINE('',#3532,#3533);
#3532 = CARTESIAN_POINT('',(-6.6,6.75,0.));
#3533 = VECTOR('',#3534,1.);
#3534 = DIRECTION('',(0.,-1.,0.));
#3535 = ORIENTED_EDGE('',*,*,#3536,.F.);
#3536 = EDGE_CURVE('',#3537,#3529,#3539,.T.);
#3537 = VERTEX_POINT('',#3538);
#3538 = CARTESIAN_POINT('',(-4.05,6.75,0.));
#3539 = LINE('',#3540,#3541);
#3540 = CARTESIAN_POINT('',(-4.05,6.75,0.));
#3541 = VECTOR('',#3542,1.);
#3542 = DIRECTION('',(-1.,3.401418580347E-16,0.));
#3543 = ORIENTED_EDGE('',*,*,#3544,.F.);
#3544 = EDGE_CURVE('',#1003,#3537,#3545,.T.);
#3545 = LINE('',#3546,#3547);
#3546 = CARTESIAN_POINT('',(-4.05,1.55,0.));
#3547 = VECTOR('',#3548,1.);
#3548 = DIRECTION('',(0.,1.,0.));
#3549 = ORIENTED_EDGE('',*,*,#1002,.F.);
#3550 = ORIENTED_EDGE('',*,*,#3551,.F.);
#3551 = EDGE_CURVE('',#3552,#995,#3554,.T.);
#3552 = VERTEX_POINT('',#3553);
#3553 = CARTESIAN_POINT('',(5.4,6.75,0.));
#3554 = LINE('',#3555,#3556);
#3555 = CARTESIAN_POINT('',(5.4,6.75,0.));
#3556 = VECTOR('',#3557,1.);
#3557 = DIRECTION('',(0.,-1.,0.));
#3558 = ORIENTED_EDGE('',*,*,#3559,.F.);
#3559 = EDGE_CURVE('',#3560,#3552,#3562,.T.);
#3560 = VERTEX_POINT('',#3561);
#3561 = CARTESIAN_POINT('',(6.6,6.75,0.));
#3562 = LINE('',#3563,#3564);
#3563 = CARTESIAN_POINT('',(6.6,6.75,0.));
#3564 = VECTOR('',#3565,1.);
#3565 = DIRECTION('',(-1.,-7.228014483237E-16,0.));
#3566 = ORIENTED_EDGE('',*,*,#3567,.F.);
#3567 = EDGE_CURVE('',#3568,#3560,#3570,.T.);
#3568 = VERTEX_POINT('',#3569);
#3569 = CARTESIAN_POINT('',(6.6,6.45,0.));
#3570 = LINE('',#3571,#3572);
#3571 = CARTESIAN_POINT('',(6.6,-6.75,0.));
#3572 = VECTOR('',#3573,1.);
#3573 = DIRECTION('',(0.,1.,0.));
#3574 = ORIENTED_EDGE('',*,*,#3575,.F.);
#3575 = EDGE_CURVE('',#3576,#3568,#3578,.T.);
#3576 = VERTEX_POINT('',#3577);
#3577 = CARTESIAN_POINT('',(6.,6.45,0.));
#3578 = LINE('',#3579,#3580);
#3579 = CARTESIAN_POINT('',(6.6,6.45,0.));
#3580 = VECTOR('',#3581,1.);
#3581 = DIRECTION('',(1.,0.,0.));
#3582 = ORIENTED_EDGE('',*,*,#3583,.F.);
#3583 = EDGE_CURVE('',#3584,#3576,#3586,.T.);
#3584 = VERTEX_POINT('',#3585);
#3585 = CARTESIAN_POINT('',(6.,4.35,0.));
#3586 = LINE('',#3587,#3588);
#3587 = CARTESIAN_POINT('',(6.,4.35,0.));
#3588 = VECTOR('',#3589,1.);
#3589 = DIRECTION('',(0.,1.,0.));
#3590 = ORIENTED_EDGE('',*,*,#3591,.F.);
#3591 = EDGE_CURVE('',#3592,#3584,#3594,.T.);
#3592 = VERTEX_POINT('',#3593);
#3593 = CARTESIAN_POINT('',(6.6,4.35,0.));
#3594 = LINE('',#3595,#3596);
#3595 = CARTESIAN_POINT('',(6.,4.35,0.));
#3596 = VECTOR('',#3597,1.);
#3597 = DIRECTION('',(-1.,0.,0.));
#3598 = ORIENTED_EDGE('',*,*,#3599,.F.);
#3599 = EDGE_CURVE('',#3600,#3592,#3602,.T.);
#3600 = VERTEX_POINT('',#3601);
#3601 = CARTESIAN_POINT('',(6.6,0.55,0.));
#3602 = LINE('',#3603,#3604);
#3603 = CARTESIAN_POINT('',(6.6,-6.75,0.));
#3604 = VECTOR('',#3605,1.);
#3605 = DIRECTION('',(0.,1.,0.));
#3606 = ORIENTED_EDGE('',*,*,#3607,.F.);
#3607 = EDGE_CURVE('',#3608,#3600,#3610,.T.);
#3608 = VERTEX_POINT('',#3609);
#3609 = CARTESIAN_POINT('',(5.95,0.55,0.));
#3610 = LINE('',#3611,#3612);
#3611 = CARTESIAN_POINT('',(5.95,0.55,0.));
#3612 = VECTOR('',#3613,1.);
#3613 = DIRECTION('',(1.,0.,0.));
#3614 = ORIENTED_EDGE('',*,*,#3615,.T.);
#3615 = EDGE_CURVE('',#3608,#3616,#3618,.T.);
#3616 = VERTEX_POINT('',#3617);
#3617 = CARTESIAN_POINT('',(5.95,-1.55,0.));
#3618 = LINE('',#3619,#3620);
#3619 = CARTESIAN_POINT('',(5.95,0.55,0.));
#3620 = VECTOR('',#3621,1.);
#3621 = DIRECTION('',(0.,-1.,0.));
#3622 = ORIENTED_EDGE('',*,*,#3623,.T.);
#3623 = EDGE_CURVE('',#3616,#3624,#3626,.T.);
#3624 = VERTEX_POINT('',#3625);
#3625 = CARTESIAN_POINT('',(6.6,-1.55,0.));
#3626 = LINE('',#3627,#3628);
#3627 = CARTESIAN_POINT('',(5.95,-1.55,0.));
#3628 = VECTOR('',#3629,1.);
#3629 = DIRECTION('',(1.,0.,0.));
#3630 = ORIENTED_EDGE('',*,*,#3631,.F.);
#3631 = EDGE_CURVE('',#3632,#3624,#3634,.T.);
#3632 = VERTEX_POINT('',#3633);
#3633 = CARTESIAN_POINT('',(6.6,-1.85,0.));
#3634 = LINE('',#3635,#3636);
#3635 = CARTESIAN_POINT('',(6.6,-6.75,0.));
#3636 = VECTOR('',#3637,1.);
#3637 = DIRECTION('',(0.,1.,0.));
#3638 = ORIENTED_EDGE('',*,*,#3639,.F.);
#3639 = EDGE_CURVE('',#3640,#3632,#3642,.T.);
#3640 = VERTEX_POINT('',#3641);
#3641 = CARTESIAN_POINT('',(6.,-1.85,0.));
#3642 = LINE('',#3643,#3644);
#3643 = CARTESIAN_POINT('',(6.,-1.85,0.));
#3644 = VECTOR('',#3645,1.);
#3645 = DIRECTION('',(1.,0.,0.));
#3646 = ORIENTED_EDGE('',*,*,#3647,.F.);
#3647 = EDGE_CURVE('',#3648,#3640,#3650,.T.);
#3648 = VERTEX_POINT('',#3649);
#3649 = CARTESIAN_POINT('',(6.,-3.95,0.));
#3650 = LINE('',#3651,#3652);
#3651 = CARTESIAN_POINT('',(6.,-3.95,0.));
#3652 = VECTOR('',#3653,1.);
#3653 = DIRECTION('',(0.,1.,0.));
#3654 = ORIENTED_EDGE('',*,*,#3655,.F.);
#3655 = EDGE_CURVE('',#3656,#3648,#3658,.T.);
#3656 = VERTEX_POINT('',#3657);
#3657 = CARTESIAN_POINT('',(6.6,-3.95,0.));
#3658 = LINE('',#3659,#3660);
#3659 = CARTESIAN_POINT('',(6.6,-3.95,0.));
#3660 = VECTOR('',#3661,1.);
#3661 = DIRECTION('',(-1.,0.,0.));
#3662 = ORIENTED_EDGE('',*,*,#3663,.F.);
#3663 = EDGE_CURVE('',#3664,#3656,#3666,.T.);
#3664 = VERTEX_POINT('',#3665);
#3665 = CARTESIAN_POINT('',(6.6,-5.75,0.));
#3666 = LINE('',#3667,#3668);
#3667 = CARTESIAN_POINT('',(6.6,-6.75,0.));
#3668 = VECTOR('',#3669,1.);
#3669 = DIRECTION('',(0.,1.,0.));
#3670 = ORIENTED_EDGE('',*,*,#3671,.F.);
#3671 = EDGE_CURVE('',#3672,#3664,#3674,.T.);
#3672 = VERTEX_POINT('',#3673);
#3673 = CARTESIAN_POINT('',(5.95,-5.75,0.));
#3674 = LINE('',#3675,#3676);
#3675 = CARTESIAN_POINT('',(5.95,-5.75,0.));
#3676 = VECTOR('',#3677,1.);
#3677 = DIRECTION('',(1.,0.,0.));
#3678 = ORIENTED_EDGE('',*,*,#3679,.T.);
#3679 = EDGE_CURVE('',#3672,#3680,#3682,.T.);
#3680 = VERTEX_POINT('',#3681);
#3681 = CARTESIAN_POINT('',(5.95,-6.35,0.));
#3682 = LINE('',#3683,#3684);
#3683 = CARTESIAN_POINT('',(5.95,-5.75,0.));
#3684 = VECTOR('',#3685,1.);
#3685 = DIRECTION('',(0.,-1.,0.));
#3686 = ORIENTED_EDGE('',*,*,#3687,.T.);
#3687 = EDGE_CURVE('',#3680,#3688,#3690,.T.);
#3688 = VERTEX_POINT('',#3689);
#3689 = CARTESIAN_POINT('',(6.6,-6.35,0.));
#3690 = LINE('',#3691,#3692);
#3691 = CARTESIAN_POINT('',(5.95,-6.35,0.));
#3692 = VECTOR('',#3693,1.);
#3693 = DIRECTION('',(1.,0.,0.));
#3694 = ORIENTED_EDGE('',*,*,#3695,.F.);
#3695 = EDGE_CURVE('',#3696,#3688,#3698,.T.);
#3696 = VERTEX_POINT('',#3697);
#3697 = CARTESIAN_POINT('',(6.6,-6.75,0.));
#3698 = LINE('',#3699,#3700);
#3699 = CARTESIAN_POINT('',(6.6,-6.75,0.));
#3700 = VECTOR('',#3701,1.);
#3701 = DIRECTION('',(0.,1.,0.));
#3702 = ORIENTED_EDGE('',*,*,#3703,.F.);
#3703 = EDGE_CURVE('',#3212,#3696,#3704,.T.);
#3704 = LINE('',#3705,#3706);
#3705 = CARTESIAN_POINT('',(-6.6,-6.75,0.));
#3706 = VECTOR('',#3707,1.);
#3707 = DIRECTION('',(1.,0.,0.));
#3708 = ORIENTED_EDGE('',*,*,#3211,.F.);
#3709 = ORIENTED_EDGE('',*,*,#3710,.F.);
#3710 = EDGE_CURVE('',#3711,#3204,#3713,.T.);
#3711 = VERTEX_POINT('',#3712);
#3712 = CARTESIAN_POINT('',(-5.95,-6.35,0.));
#3713 = LINE('',#3714,#3715);
#3714 = CARTESIAN_POINT('',(-5.95,-6.35,0.));
#3715 = VECTOR('',#3716,1.);
#3716 = DIRECTION('',(-1.,0.,0.));
#3717 = ORIENTED_EDGE('',*,*,#3718,.T.);
#3718 = EDGE_CURVE('',#3711,#3719,#3721,.T.);
#3719 = VERTEX_POINT('',#3720);
#3720 = CARTESIAN_POINT('',(-5.95,-5.75,0.));
#3721 = LINE('',#3722,#3723);
#3722 = CARTESIAN_POINT('',(-5.95,-6.35,0.));
#3723 = VECTOR('',#3724,1.);
#3724 = DIRECTION('',(0.,1.,0.));
#3725 = ORIENTED_EDGE('',*,*,#3726,.T.);
#3726 = EDGE_CURVE('',#3719,#3154,#3727,.T.);
#3727 = LINE('',#3728,#3729);
#3728 = CARTESIAN_POINT('',(-5.95,-5.75,0.));
#3729 = VECTOR('',#3730,1.);
#3730 = DIRECTION('',(-1.,0.,0.));
#3731 = PLANE('',#3732);
#3732 = AXIS2_PLACEMENT_3D('',#3733,#3734,#3735);
#3733 = CARTESIAN_POINT('',(0.,0.,0.));
#3734 = DIRECTION('',(0.,0.,1.));
#3735 = DIRECTION('',(1.,0.,-0.));
#3736 = ADVANCED_FACE('',(#3737),#3866,.T.);
#3737 = FACE_BOUND('',#3738,.T.);
#3738 = EDGE_LOOP('',(#3739,#3749,#3757,#3765,#3773,#3781,#3789,#3795,
    #3796,#3804,#3812,#3820,#3828,#3836,#3844,#3852,#3860));
#3739 = ORIENTED_EDGE('',*,*,#3740,.T.);
#3740 = EDGE_CURVE('',#3741,#3743,#3745,.T.);
#3741 = VERTEX_POINT('',#3742);
#3742 = CARTESIAN_POINT('',(-6.6,6.75,1.55));
#3743 = VERTEX_POINT('',#3744);
#3744 = CARTESIAN_POINT('',(-6.6,0.321279704942,1.55));
#3745 = LINE('',#3746,#3747);
#3746 = CARTESIAN_POINT('',(-6.6,6.75,1.55));
#3747 = VECTOR('',#3748,1.);
#3748 = DIRECTION('',(0.,-1.,0.));
#3749 = ORIENTED_EDGE('',*,*,#3750,.F.);
#3750 = EDGE_CURVE('',#3751,#3743,#3753,.T.);
#3751 = VERTEX_POINT('',#3752);
#3752 = CARTESIAN_POINT('',(-5.95,0.321279704942,1.55));
#3753 = LINE('',#3754,#3755);
#3754 = CARTESIAN_POINT('',(-5.95,0.321279704942,1.55));
#3755 = VECTOR('',#3756,1.);
#3756 = DIRECTION('',(-1.,0.,0.));
#3757 = ORIENTED_EDGE('',*,*,#3758,.T.);
#3758 = EDGE_CURVE('',#3751,#3759,#3761,.T.);
#3759 = VERTEX_POINT('',#3760);
#3760 = CARTESIAN_POINT('',(-5.95,-0.758321264955,1.55));
#3761 = LINE('',#3762,#3763);
#3762 = CARTESIAN_POINT('',(-5.95,0.321279704942,1.55));
#3763 = VECTOR('',#3764,1.);
#3764 = DIRECTION('',(0.,-1.,0.));
#3765 = ORIENTED_EDGE('',*,*,#3766,.T.);
#3766 = EDGE_CURVE('',#3759,#3767,#3769,.T.);
#3767 = VERTEX_POINT('',#3768);
#3768 = CARTESIAN_POINT('',(-5.916428511708,-0.758321264955,1.55));
#3769 = LINE('',#3770,#3771);
#3770 = CARTESIAN_POINT('',(-6.6,-0.758321264955,1.55));
#3771 = VECTOR('',#3772,1.);
#3772 = DIRECTION('',(1.,0.,0.));
#3773 = ORIENTED_EDGE('',*,*,#3774,.T.);
#3774 = EDGE_CURVE('',#3767,#3775,#3777,.T.);
#3775 = VERTEX_POINT('',#3776);
#3776 = CARTESIAN_POINT('',(-5.15,-1.524749776663,1.55));
#3777 = LINE('',#3778,#3779);
#3778 = CARTESIAN_POINT('',(-5.916428511708,-0.758321264955,1.55));
#3779 = VECTOR('',#3780,1.);
#3780 = DIRECTION('',(0.707106781187,-0.707106781187,0.));
#3781 = ORIENTED_EDGE('',*,*,#3782,.T.);
#3782 = EDGE_CURVE('',#3775,#3783,#3785,.T.);
#3783 = VERTEX_POINT('',#3784);
#3784 = CARTESIAN_POINT('',(-5.15,-4.35,1.55));
#3785 = LINE('',#3786,#3787);
#3786 = CARTESIAN_POINT('',(-5.15,-1.524749776663,1.55));
#3787 = VECTOR('',#3788,1.);
#3788 = DIRECTION('',(7.675087774738E-17,-1.,0.));
#3789 = ORIENTED_EDGE('',*,*,#3790,.T.);
#3790 = EDGE_CURVE('',#3783,#3228,#3791,.T.);
#3791 = LINE('',#3792,#3793);
#3792 = CARTESIAN_POINT('',(-5.15,-4.35,1.55));
#3793 = VECTOR('',#3794,1.);
#3794 = DIRECTION('',(-1.,0.,0.));
#3795 = ORIENTED_EDGE('',*,*,#3227,.T.);
#3796 = ORIENTED_EDGE('',*,*,#3797,.T.);
#3797 = EDGE_CURVE('',#3220,#3798,#3800,.T.);
#3798 = VERTEX_POINT('',#3799);
#3799 = CARTESIAN_POINT('',(-4.6,-6.75,1.55));
#3800 = LINE('',#3801,#3802);
#3801 = CARTESIAN_POINT('',(-6.6,-6.75,1.55));
#3802 = VECTOR('',#3803,1.);
#3803 = DIRECTION('',(1.,0.,0.));
#3804 = ORIENTED_EDGE('',*,*,#3805,.F.);
#3805 = EDGE_CURVE('',#3806,#3798,#3808,.T.);
#3806 = VERTEX_POINT('',#3807);
#3807 = CARTESIAN_POINT('',(-4.6,-1.82,1.55));
#3808 = LINE('',#3809,#3810);
#3809 = CARTESIAN_POINT('',(-4.6,-1.82,1.55));
#3810 = VECTOR('',#3811,1.);
#3811 = DIRECTION('',(0.,-1.,0.));
#3812 = ORIENTED_EDGE('',*,*,#3813,.F.);
#3813 = EDGE_CURVE('',#3814,#3806,#3816,.T.);
#3814 = VERTEX_POINT('',#3815);
#3815 = CARTESIAN_POINT('',(-5.67,-0.75,1.55));
#3816 = LINE('',#3817,#3818);
#3817 = CARTESIAN_POINT('',(-5.67,-0.75,1.55));
#3818 = VECTOR('',#3819,1.);
#3819 = DIRECTION('',(0.707106781187,-0.707106781187,0.));
#3820 = ORIENTED_EDGE('',*,*,#3821,.F.);
#3821 = EDGE_CURVE('',#3822,#3814,#3824,.T.);
#3822 = VERTEX_POINT('',#3823);
#3823 = CARTESIAN_POINT('',(-5.67,1.5,1.55));
#3824 = LINE('',#3825,#3826);
#3825 = CARTESIAN_POINT('',(-5.67,1.5,1.55));
#3826 = VECTOR('',#3827,1.);
#3827 = DIRECTION('',(0.,-1.,0.));
#3828 = ORIENTED_EDGE('',*,*,#3829,.F.);
#3829 = EDGE_CURVE('',#3830,#3822,#3832,.T.);
#3830 = VERTEX_POINT('',#3831);
#3831 = CARTESIAN_POINT('',(-5.,1.5,1.55));
#3832 = LINE('',#3833,#3834);
#3833 = CARTESIAN_POINT('',(-5.,1.5,1.55));
#3834 = VECTOR('',#3835,1.);
#3835 = DIRECTION('',(-1.,0.,0.));
#3836 = ORIENTED_EDGE('',*,*,#3837,.F.);
#3837 = EDGE_CURVE('',#3838,#3830,#3840,.T.);
#3838 = VERTEX_POINT('',#3839);
#3839 = CARTESIAN_POINT('',(-5.,2.48,1.55));
#3840 = LINE('',#3841,#3842);
#3841 = CARTESIAN_POINT('',(-5.,2.48,1.55));
#3842 = VECTOR('',#3843,1.);
#3843 = DIRECTION('',(0.,-1.,0.));
#3844 = ORIENTED_EDGE('',*,*,#3845,.F.);
#3845 = EDGE_CURVE('',#3846,#3838,#3848,.T.);
#3846 = VERTEX_POINT('',#3847);
#3847 = CARTESIAN_POINT('',(-5.67,3.15,1.55));
#3848 = LINE('',#3849,#3850);
#3849 = CARTESIAN_POINT('',(-5.67,3.15,1.55));
#3850 = VECTOR('',#3851,1.);
#3851 = DIRECTION('',(0.707106781187,-0.707106781187,0.));
#3852 = ORIENTED_EDGE('',*,*,#3853,.F.);
#3853 = EDGE_CURVE('',#3854,#3846,#3856,.T.);
#3854 = VERTEX_POINT('',#3855);
#3855 = CARTESIAN_POINT('',(-5.67,6.75,1.55));
#3856 = LINE('',#3857,#3858);
#3857 = CARTESIAN_POINT('',(-5.67,6.75,1.55));
#3858 = VECTOR('',#3859,1.);
#3859 = DIRECTION('',(2.409338161079E-16,-1.,0.));
#3860 = ORIENTED_EDGE('',*,*,#3861,.T.);
#3861 = EDGE_CURVE('',#3854,#3741,#3862,.T.);
#3862 = LINE('',#3863,#3864);
#3863 = CARTESIAN_POINT('',(-4.05,6.75,1.55));
#3864 = VECTOR('',#3865,1.);
#3865 = DIRECTION('',(-1.,3.401418580347E-16,0.));
#3866 = PLANE('',#3867);
#3867 = AXIS2_PLACEMENT_3D('',#3868,#3869,#3870);
#3868 = CARTESIAN_POINT('',(0.,0.,1.55));
#3869 = DIRECTION('',(0.,0.,1.));
#3870 = DIRECTION('',(1.,0.,-0.));
#3871 = ADVANCED_FACE('',(#3872),#3926,.F.);
#3872 = FACE_BOUND('',#3873,.T.);
#3873 = EDGE_LOOP('',(#3874,#3875,#3881,#3882,#3888,#3889,#3897,#3905,
    #3913,#3919,#3920));
#3874 = ORIENTED_EDGE('',*,*,#3528,.T.);
#3875 = ORIENTED_EDGE('',*,*,#3876,.F.);
#3876 = EDGE_CURVE('',#121,#3521,#3877,.T.);
#3877 = LINE('',#3878,#3879);
#3878 = CARTESIAN_POINT('',(-6.6,6.45,0.15));
#3879 = VECTOR('',#3880,1.);
#3880 = DIRECTION('',(0.,0.,-1.));
#3881 = ORIENTED_EDGE('',*,*,#118,.F.);
#3882 = ORIENTED_EDGE('',*,*,#3883,.T.);
#3883 = EDGE_CURVE('',#119,#3497,#3884,.T.);
#3884 = LINE('',#3885,#3886);
#3885 = CARTESIAN_POINT('',(-6.6,4.35,0.15));
#3886 = VECTOR('',#3887,1.);
#3887 = DIRECTION('',(0.,0.,-1.));
#3888 = ORIENTED_EDGE('',*,*,#3496,.T.);
#3889 = ORIENTED_EDGE('',*,*,#3890,.T.);
#3890 = EDGE_CURVE('',#3489,#3891,#3893,.T.);
#3891 = VERTEX_POINT('',#3892);
#3892 = CARTESIAN_POINT('',(-6.6,0.55,0.45));
#3893 = LINE('',#3894,#3895);
#3894 = CARTESIAN_POINT('',(-6.6,0.55,0.));
#3895 = VECTOR('',#3896,1.);
#3896 = DIRECTION('',(0.,0.,1.));
#3897 = ORIENTED_EDGE('',*,*,#3898,.T.);
#3898 = EDGE_CURVE('',#3891,#3899,#3901,.T.);
#3899 = VERTEX_POINT('',#3900);
#3900 = CARTESIAN_POINT('',(-6.6,-0.35,0.45));
#3901 = LINE('',#3902,#3903);
#3902 = CARTESIAN_POINT('',(-6.6,0.55,0.45));
#3903 = VECTOR('',#3904,1.);
#3904 = DIRECTION('',(0.,-1.,0.));
#3905 = ORIENTED_EDGE('',*,*,#3906,.T.);
#3906 = EDGE_CURVE('',#3899,#3907,#3909,.T.);
#3907 = VERTEX_POINT('',#3908);
#3908 = CARTESIAN_POINT('',(-6.6,-0.35,0.75));
#3909 = LINE('',#3910,#3911);
#3910 = CARTESIAN_POINT('',(-6.6,-0.35,0.45));
#3911 = VECTOR('',#3912,1.);
#3912 = DIRECTION('',(0.,-1.807003620809E-16,1.));
#3913 = ORIENTED_EDGE('',*,*,#3914,.T.);
#3914 = EDGE_CURVE('',#3907,#3743,#3915,.T.);
#3915 = LINE('',#3916,#3917);
#3916 = CARTESIAN_POINT('',(-6.6,-0.35,0.75));
#3917 = VECTOR('',#3918,1.);
#3918 = DIRECTION('',(0.,0.642787609687,0.766044443119));
#3919 = ORIENTED_EDGE('',*,*,#3740,.F.);
#3920 = ORIENTED_EDGE('',*,*,#3921,.T.);
#3921 = EDGE_CURVE('',#3741,#3529,#3922,.T.);
#3922 = LINE('',#3923,#3924);
#3923 = CARTESIAN_POINT('',(-6.6,6.75,1.55));
#3924 = VECTOR('',#3925,1.);
#3925 = DIRECTION('',(0.,0.,-1.));
#3926 = PLANE('',#3927);
#3927 = AXIS2_PLACEMENT_3D('',#3928,#3929,#3930);
#3928 = CARTESIAN_POINT('',(-6.6,6.75,1.55));
#3929 = DIRECTION('',(1.,0.,0.));
#3930 = DIRECTION('',(0.,0.,-1.));
#3931 = ADVANCED_FACE('',(#3932),#3983,.T.);
#3932 = FACE_BOUND('',#3933,.T.);
#3933 = EDGE_LOOP('',(#3934,#3944,#3953,#3959,#3960,#3966,#3967,#3976));
#3934 = ORIENTED_EDGE('',*,*,#3935,.F.);
#3935 = EDGE_CURVE('',#3936,#3938,#3940,.T.);
#3936 = VERTEX_POINT('',#3937);
#3937 = CARTESIAN_POINT('',(-5.15,-4.25,1.35));
#3938 = VERTEX_POINT('',#3939);
#3939 = CARTESIAN_POINT('',(-5.15,-4.05,1.35));
#3940 = LINE('',#3941,#3942);
#3941 = CARTESIAN_POINT('',(-5.15,-4.35,1.35));
#3942 = VECTOR('',#3943,1.);
#3943 = DIRECTION('',(2.710505431214E-16,1.,0.));
#3944 = ORIENTED_EDGE('',*,*,#3945,.T.);
#3945 = EDGE_CURVE('',#3936,#3946,#3948,.T.);
#3946 = VERTEX_POINT('',#3947);
#3947 = CARTESIAN_POINT('',(-5.15,-4.35,1.45));
#3948 = CIRCLE('',#3949,0.1);
#3949 = AXIS2_PLACEMENT_3D('',#3950,#3951,#3952);
#3950 = CARTESIAN_POINT('',(-5.15,-4.25,1.45));
#3951 = DIRECTION('',(-1.,-7.675087774738E-17,0.));
#3952 = DIRECTION('',(7.675087774738E-17,-1.,0.));
#3953 = ORIENTED_EDGE('',*,*,#3954,.T.);
#3954 = EDGE_CURVE('',#3946,#3783,#3955,.T.);
#3955 = LINE('',#3956,#3957);
#3956 = CARTESIAN_POINT('',(-5.15,-4.35,1.15));
#3957 = VECTOR('',#3958,1.);
#3958 = DIRECTION('',(0.,0.,1.));
#3959 = ORIENTED_EDGE('',*,*,#3782,.F.);
#3960 = ORIENTED_EDGE('',*,*,#3961,.F.);
#3961 = EDGE_CURVE('',#253,#3775,#3962,.T.);
#3962 = LINE('',#3963,#3964);
#3963 = CARTESIAN_POINT('',(-5.15,-1.524749776663,1.15));
#3964 = VECTOR('',#3965,1.);
#3965 = DIRECTION('',(0.,0.,1.));
#3966 = ORIENTED_EDGE('',*,*,#252,.T.);
#3967 = ORIENTED_EDGE('',*,*,#3968,.T.);
#3968 = EDGE_CURVE('',#245,#3969,#3971,.T.);
#3969 = VERTEX_POINT('',#3970);
#3970 = CARTESIAN_POINT('',(-5.15,-3.95,1.25));
#3971 = CIRCLE('',#3972,0.1);
#3972 = AXIS2_PLACEMENT_3D('',#3973,#3974,#3975);
#3973 = CARTESIAN_POINT('',(-5.15,-3.85,1.25));
#3974 = DIRECTION('',(-1.,-7.675087774738E-17,0.));
#3975 = DIRECTION('',(7.675087774738E-17,-1.,0.));
#3976 = ORIENTED_EDGE('',*,*,#3977,.F.);
#3977 = EDGE_CURVE('',#3938,#3969,#3978,.T.);
#3978 = CIRCLE('',#3979,0.1);
#3979 = AXIS2_PLACEMENT_3D('',#3980,#3981,#3982);
#3980 = CARTESIAN_POINT('',(-5.15,-4.05,1.25));
#3981 = DIRECTION('',(-1.,-7.675087774738E-17,0.));
#3982 = DIRECTION('',(7.675087774738E-17,-1.,0.));
#3983 = PLANE('',#3984);
#3984 = AXIS2_PLACEMENT_3D('',#3985,#3986,#3987);
#3985 = CARTESIAN_POINT('',(-5.15,-1.524749776663,1.15));
#3986 = DIRECTION('',(-1.,-7.675087774738E-17,0.));
#3987 = DIRECTION('',(7.675087774738E-17,-1.,0.));
#3988 = ADVANCED_FACE('',(#3989),#4086,.F.);
#3989 = FACE_BOUND('',#3990,.T.);
#3990 = EDGE_LOOP('',(#3991,#3992,#4000,#4008,#4014,#4015,#4023,#4031,
    #4037,#4038,#4046,#4055,#4063,#4072,#4080));
#3991 = ORIENTED_EDGE('',*,*,#3663,.T.);
#3992 = ORIENTED_EDGE('',*,*,#3993,.F.);
#3993 = EDGE_CURVE('',#3994,#3656,#3996,.T.);
#3994 = VERTEX_POINT('',#3995);
#3995 = CARTESIAN_POINT('',(6.6,-3.95,0.15));
#3996 = LINE('',#3997,#3998);
#3997 = CARTESIAN_POINT('',(6.6,-3.95,0.15));
#3998 = VECTOR('',#3999,1.);
#3999 = DIRECTION('',(0.,0.,-1.));
#4000 = ORIENTED_EDGE('',*,*,#4001,.F.);
#4001 = EDGE_CURVE('',#4002,#3994,#4004,.T.);
#4002 = VERTEX_POINT('',#4003);
#4003 = CARTESIAN_POINT('',(6.6,-1.85,0.15));
#4004 = LINE('',#4005,#4006);
#4005 = CARTESIAN_POINT('',(6.6,-1.85,0.15));
#4006 = VECTOR('',#4007,1.);
#4007 = DIRECTION('',(0.,-1.,0.));
#4008 = ORIENTED_EDGE('',*,*,#4009,.T.);
#4009 = EDGE_CURVE('',#4002,#3632,#4010,.T.);
#4010 = LINE('',#4011,#4012);
#4011 = CARTESIAN_POINT('',(6.6,-1.85,0.15));
#4012 = VECTOR('',#4013,1.);
#4013 = DIRECTION('',(0.,0.,-1.));
#4014 = ORIENTED_EDGE('',*,*,#3631,.T.);
#4015 = ORIENTED_EDGE('',*,*,#4016,.T.);
#4016 = EDGE_CURVE('',#3624,#4017,#4019,.T.);
#4017 = VERTEX_POINT('',#4018);
#4018 = CARTESIAN_POINT('',(6.6,-1.55,1.55));
#4019 = LINE('',#4020,#4021);
#4020 = CARTESIAN_POINT('',(6.6,-1.55,0.));
#4021 = VECTOR('',#4022,1.);
#4022 = DIRECTION('',(0.,0.,1.));
#4023 = ORIENTED_EDGE('',*,*,#4024,.F.);
#4024 = EDGE_CURVE('',#4025,#4017,#4027,.T.);
#4025 = VERTEX_POINT('',#4026);
#4026 = CARTESIAN_POINT('',(6.6,-6.75,1.55));
#4027 = LINE('',#4028,#4029);
#4028 = CARTESIAN_POINT('',(6.6,-6.75,1.55));
#4029 = VECTOR('',#4030,1.);
#4030 = DIRECTION('',(0.,1.,0.));
#4031 = ORIENTED_EDGE('',*,*,#4032,.T.);
#4032 = EDGE_CURVE('',#4025,#3696,#4033,.T.);
#4033 = LINE('',#4034,#4035);
#4034 = CARTESIAN_POINT('',(6.6,-6.75,1.55));
#4035 = VECTOR('',#4036,1.);
#4036 = DIRECTION('',(0.,0.,-1.));
#4037 = ORIENTED_EDGE('',*,*,#3695,.T.);
#4038 = ORIENTED_EDGE('',*,*,#4039,.T.);
#4039 = EDGE_CURVE('',#3688,#4040,#4042,.T.);
#4040 = VERTEX_POINT('',#4041);
#4041 = CARTESIAN_POINT('',(6.6,-6.35,0.979161506276));
#4042 = LINE('',#4043,#4044);
#4043 = CARTESIAN_POINT('',(6.6,-6.35,0.));
#4044 = VECTOR('',#4045,1.);
#4045 = DIRECTION('',(0.,0.,1.));
#4046 = ORIENTED_EDGE('',*,*,#4047,.T.);
#4047 = EDGE_CURVE('',#4040,#4048,#4050,.T.);
#4048 = VERTEX_POINT('',#4049);
#4049 = CARTESIAN_POINT('',(6.6,-6.079161506276,1.25));
#4050 = CIRCLE('',#4051,0.270838493724);
#4051 = AXIS2_PLACEMENT_3D('',#4052,#4053,#4054);
#4052 = CARTESIAN_POINT('',(6.6,-6.079161506276,0.979161506276));
#4053 = DIRECTION('',(-1.,0.,0.));
#4054 = DIRECTION('',(0.,1.,0.));
#4055 = ORIENTED_EDGE('',*,*,#4056,.T.);
#4056 = EDGE_CURVE('',#4048,#4057,#4059,.T.);
#4057 = VERTEX_POINT('',#4058);
#4058 = CARTESIAN_POINT('',(6.6,-4.269578242678,1.25));
#4059 = LINE('',#4060,#4061);
#4060 = CARTESIAN_POINT('',(6.6,-6.079161506276,1.25));
#4061 = VECTOR('',#4062,1.);
#4062 = DIRECTION('',(0.,1.,2.995723364311E-17));
#4063 = ORIENTED_EDGE('',*,*,#4064,.T.);
#4064 = EDGE_CURVE('',#4057,#4065,#4067,.T.);
#4065 = VERTEX_POINT('',#4066);
#4066 = CARTESIAN_POINT('',(6.6,-4.269578242678,0.6));
#4067 = CIRCLE('',#4068,0.325);
#4068 = AXIS2_PLACEMENT_3D('',#4069,#4070,#4071);
#4069 = CARTESIAN_POINT('',(6.6,-4.269578242678,0.925));
#4070 = DIRECTION('',(-1.,0.,0.));
#4071 = DIRECTION('',(0.,-1.,0.));
#4072 = ORIENTED_EDGE('',*,*,#4073,.T.);
#4073 = EDGE_CURVE('',#4065,#4074,#4076,.T.);
#4074 = VERTEX_POINT('',#4075);
#4075 = CARTESIAN_POINT('',(6.6,-5.819578242678,0.6));
#4076 = LINE('',#4077,#4078);
#4077 = CARTESIAN_POINT('',(6.6,-4.269578242678,0.6));
#4078 = VECTOR('',#4079,1.);
#4079 = DIRECTION('',(0.,-1.,-1.049227908857E-16));
#4080 = ORIENTED_EDGE('',*,*,#4081,.T.);
#4081 = EDGE_CURVE('',#4074,#3664,#4082,.T.);
#4082 = LINE('',#4083,#4084);
#4083 = CARTESIAN_POINT('',(6.6,-5.819578242678,0.6));
#4084 = VECTOR('',#4085,1.);
#4085 = DIRECTION('',(0.,0.11519179836,-0.99334326876));
#4086 = PLANE('',#4087);
#4087 = AXIS2_PLACEMENT_3D('',#4088,#4089,#4090);
#4088 = CARTESIAN_POINT('',(6.6,-6.75,1.55));
#4089 = DIRECTION('',(-1.,0.,0.));
#4090 = DIRECTION('',(0.,0.,1.));
#4091 = ADVANCED_FACE('',(#4092),#4164,.F.);
#4092 = FACE_BOUND('',#4093,.T.);
#4093 = EDGE_LOOP('',(#4094,#4095,#4103,#4111,#4117,#4118,#4126,#4134,
    #4142,#4150,#4158));
#4094 = ORIENTED_EDGE('',*,*,#3599,.T.);
#4095 = ORIENTED_EDGE('',*,*,#4096,.F.);
#4096 = EDGE_CURVE('',#4097,#3592,#4099,.T.);
#4097 = VERTEX_POINT('',#4098);
#4098 = CARTESIAN_POINT('',(6.6,4.35,0.15));
#4099 = LINE('',#4100,#4101);
#4100 = CARTESIAN_POINT('',(6.6,4.35,0.15));
#4101 = VECTOR('',#4102,1.);
#4102 = DIRECTION('',(0.,0.,-1.));
#4103 = ORIENTED_EDGE('',*,*,#4104,.F.);
#4104 = EDGE_CURVE('',#4105,#4097,#4107,.T.);
#4105 = VERTEX_POINT('',#4106);
#4106 = CARTESIAN_POINT('',(6.6,6.45,0.15));
#4107 = LINE('',#4108,#4109);
#4108 = CARTESIAN_POINT('',(6.6,6.45,0.15));
#4109 = VECTOR('',#4110,1.);
#4110 = DIRECTION('',(0.,-1.,0.));
#4111 = ORIENTED_EDGE('',*,*,#4112,.T.);
#4112 = EDGE_CURVE('',#4105,#3568,#4113,.T.);
#4113 = LINE('',#4114,#4115);
#4114 = CARTESIAN_POINT('',(6.6,6.45,0.15));
#4115 = VECTOR('',#4116,1.);
#4116 = DIRECTION('',(0.,0.,-1.));
#4117 = ORIENTED_EDGE('',*,*,#3567,.T.);
#4118 = ORIENTED_EDGE('',*,*,#4119,.F.);
#4119 = EDGE_CURVE('',#4120,#3560,#4122,.T.);
#4120 = VERTEX_POINT('',#4121);
#4121 = CARTESIAN_POINT('',(6.6,6.75,1.55));
#4122 = LINE('',#4123,#4124);
#4123 = CARTESIAN_POINT('',(6.6,6.75,1.55));
#4124 = VECTOR('',#4125,1.);
#4125 = DIRECTION('',(0.,0.,-1.));
#4126 = ORIENTED_EDGE('',*,*,#4127,.F.);
#4127 = EDGE_CURVE('',#4128,#4120,#4130,.T.);
#4128 = VERTEX_POINT('',#4129);
#4129 = CARTESIAN_POINT('',(6.6,0.321279704942,1.55));
#4130 = LINE('',#4131,#4132);
#4131 = CARTESIAN_POINT('',(6.6,-6.75,1.55));
#4132 = VECTOR('',#4133,1.);
#4133 = DIRECTION('',(0.,1.,0.));
#4134 = ORIENTED_EDGE('',*,*,#4135,.T.);
#4135 = EDGE_CURVE('',#4128,#4136,#4138,.T.);
#4136 = VERTEX_POINT('',#4137);
#4137 = CARTESIAN_POINT('',(6.6,-0.35,0.75));
#4138 = LINE('',#4139,#4140);
#4139 = CARTESIAN_POINT('',(6.6,0.321279704942,1.55));
#4140 = VECTOR('',#4141,1.);
#4141 = DIRECTION('',(0.,-0.642787609687,-0.766044443119));
#4142 = ORIENTED_EDGE('',*,*,#4143,.T.);
#4143 = EDGE_CURVE('',#4136,#4144,#4146,.T.);
#4144 = VERTEX_POINT('',#4145);
#4145 = CARTESIAN_POINT('',(6.6,-0.35,0.45));
#4146 = LINE('',#4147,#4148);
#4147 = CARTESIAN_POINT('',(6.6,-0.35,0.75));
#4148 = VECTOR('',#4149,1.);
#4149 = DIRECTION('',(0.,1.807003620809E-16,-1.));
#4150 = ORIENTED_EDGE('',*,*,#4151,.T.);
#4151 = EDGE_CURVE('',#4144,#4152,#4154,.T.);
#4152 = VERTEX_POINT('',#4153);
#4153 = CARTESIAN_POINT('',(6.6,0.55,0.45));
#4154 = LINE('',#4155,#4156);
#4155 = CARTESIAN_POINT('',(6.6,-0.35,0.45));
#4156 = VECTOR('',#4157,1.);
#4157 = DIRECTION('',(0.,1.,0.));
#4158 = ORIENTED_EDGE('',*,*,#4159,.T.);
#4159 = EDGE_CURVE('',#4152,#3600,#4160,.T.);
#4160 = LINE('',#4161,#4162);
#4161 = CARTESIAN_POINT('',(6.6,0.55,0.45));
#4162 = VECTOR('',#4163,1.);
#4163 = DIRECTION('',(0.,0.,-1.));
#4164 = PLANE('',#4165);
#4165 = AXIS2_PLACEMENT_3D('',#4166,#4167,#4168);
#4166 = CARTESIAN_POINT('',(6.6,-6.75,1.55));
#4167 = DIRECTION('',(-1.,0.,0.));
#4168 = DIRECTION('',(0.,0.,1.));
#4169 = ADVANCED_FACE('',(#4170),#4218,.T.);
#4170 = FACE_BOUND('',#4171,.T.);
#4171 = EDGE_LOOP('',(#4172,#4182,#4188,#4189,#4197,#4205,#4211,#4212));
#4172 = ORIENTED_EDGE('',*,*,#4173,.T.);
#4173 = EDGE_CURVE('',#4174,#4176,#4178,.T.);
#4174 = VERTEX_POINT('',#4175);
#4175 = CARTESIAN_POINT('',(5.95,-1.55,1.55));
#4176 = VERTEX_POINT('',#4177);
#4177 = CARTESIAN_POINT('',(5.95,0.321279704942,1.55));
#4178 = LINE('',#4179,#4180);
#4179 = CARTESIAN_POINT('',(5.95,-1.55,1.55));
#4180 = VECTOR('',#4181,1.);
#4181 = DIRECTION('',(0.,1.,0.));
#4182 = ORIENTED_EDGE('',*,*,#4183,.T.);
#4183 = EDGE_CURVE('',#4176,#4128,#4184,.T.);
#4184 = LINE('',#4185,#4186);
#4185 = CARTESIAN_POINT('',(5.95,0.321279704942,1.55));
#4186 = VECTOR('',#4187,1.);
#4187 = DIRECTION('',(1.,0.,0.));
#4188 = ORIENTED_EDGE('',*,*,#4127,.T.);
#4189 = ORIENTED_EDGE('',*,*,#4190,.T.);
#4190 = EDGE_CURVE('',#4120,#4191,#4193,.T.);
#4191 = VERTEX_POINT('',#4192);
#4192 = CARTESIAN_POINT('',(5.65,6.75,1.55));
#4193 = LINE('',#4194,#4195);
#4194 = CARTESIAN_POINT('',(6.6,6.75,1.55));
#4195 = VECTOR('',#4196,1.);
#4196 = DIRECTION('',(-1.,-7.228014483237E-16,0.));
#4197 = ORIENTED_EDGE('',*,*,#4198,.F.);
#4198 = EDGE_CURVE('',#4199,#4191,#4201,.T.);
#4199 = VERTEX_POINT('',#4200);
#4200 = CARTESIAN_POINT('',(5.65,-6.75,1.55));
#4201 = LINE('',#4202,#4203);
#4202 = CARTESIAN_POINT('',(5.65,-6.75,1.55));
#4203 = VECTOR('',#4204,1.);
#4204 = DIRECTION('',(0.,1.,0.));
#4205 = ORIENTED_EDGE('',*,*,#4206,.T.);
#4206 = EDGE_CURVE('',#4199,#4025,#4207,.T.);
#4207 = LINE('',#4208,#4209);
#4208 = CARTESIAN_POINT('',(-6.6,-6.75,1.55));
#4209 = VECTOR('',#4210,1.);
#4210 = DIRECTION('',(1.,0.,0.));
#4211 = ORIENTED_EDGE('',*,*,#4024,.T.);
#4212 = ORIENTED_EDGE('',*,*,#4213,.F.);
#4213 = EDGE_CURVE('',#4174,#4017,#4214,.T.);
#4214 = LINE('',#4215,#4216);
#4215 = CARTESIAN_POINT('',(5.95,-1.55,1.55));
#4216 = VECTOR('',#4217,1.);
#4217 = DIRECTION('',(1.,0.,0.));
#4218 = PLANE('',#4219);
#4219 = AXIS2_PLACEMENT_3D('',#4220,#4221,#4222);
#4220 = CARTESIAN_POINT('',(0.,0.,1.55));
#4221 = DIRECTION('',(0.,0.,1.));
#4222 = DIRECTION('',(1.,0.,-0.));
#4223 = ADVANCED_FACE('',(#4224),#4242,.F.);
#4224 = FACE_BOUND('',#4225,.T.);
#4225 = EDGE_LOOP('',(#4226,#4234,#4235,#4236));
#4226 = ORIENTED_EDGE('',*,*,#4227,.F.);
#4227 = EDGE_CURVE('',#675,#4228,#4230,.T.);
#4228 = VERTEX_POINT('',#4229);
#4229 = CARTESIAN_POINT('',(5.4,-5.15,0.65));
#4230 = LINE('',#4231,#4232);
#4231 = CARTESIAN_POINT('',(5.4,0.35,0.65));
#4232 = VECTOR('',#4233,1.);
#4233 = DIRECTION('',(3.154042683594E-16,-1.,0.));
#4234 = ORIENTED_EDGE('',*,*,#698,.T.);
#4235 = ORIENTED_EDGE('',*,*,#3440,.T.);
#4236 = ORIENTED_EDGE('',*,*,#4237,.F.);
#4237 = EDGE_CURVE('',#4228,#3433,#4238,.T.);
#4238 = LINE('',#4239,#4240);
#4239 = CARTESIAN_POINT('',(5.4,-5.15,1.55));
#4240 = VECTOR('',#4241,1.);
#4241 = DIRECTION('',(0.,0.,-1.));
#4242 = PLANE('',#4243);
#4243 = AXIS2_PLACEMENT_3D('',#4244,#4245,#4246);
#4244 = CARTESIAN_POINT('',(5.4,0.35,1.55));
#4245 = DIRECTION('',(1.,3.154042683594E-16,0.));
#4246 = DIRECTION('',(-3.154042683594E-16,1.,0.));
#4247 = ADVANCED_FACE('',(#4248),#4266,.F.);
#4248 = FACE_BOUND('',#4249,.T.);
#4249 = EDGE_LOOP('',(#4250,#4258,#4259,#4260));
#4250 = ORIENTED_EDGE('',*,*,#4251,.F.);
#4251 = EDGE_CURVE('',#4228,#4252,#4254,.T.);
#4252 = VERTEX_POINT('',#4253);
#4253 = CARTESIAN_POINT('',(-4.05,-5.15,0.65));
#4254 = LINE('',#4255,#4256);
#4255 = CARTESIAN_POINT('',(5.4,-5.15,0.65));
#4256 = VECTOR('',#4257,1.);
#4257 = DIRECTION('',(-1.,-1.835686217965E-16,0.));
#4258 = ORIENTED_EDGE('',*,*,#4237,.T.);
#4259 = ORIENTED_EDGE('',*,*,#3432,.T.);
#4260 = ORIENTED_EDGE('',*,*,#4261,.F.);
#4261 = EDGE_CURVE('',#4252,#3425,#4262,.T.);
#4262 = LINE('',#4263,#4264);
#4263 = CARTESIAN_POINT('',(-4.05,-5.15,1.55));
#4264 = VECTOR('',#4265,1.);
#4265 = DIRECTION('',(0.,0.,-1.));
#4266 = PLANE('',#4267);
#4267 = AXIS2_PLACEMENT_3D('',#4268,#4269,#4270);
#4268 = CARTESIAN_POINT('',(5.4,-5.15,1.55));
#4269 = DIRECTION('',(1.835686217965E-16,-1.,0.));
#4270 = DIRECTION('',(1.,1.835686217965E-16,0.));
#4271 = ADVANCED_FACE('',(#4272),#4290,.F.);
#4272 = FACE_BOUND('',#4273,.T.);
#4273 = EDGE_LOOP('',(#4274,#4282,#4288,#4289));
#4274 = ORIENTED_EDGE('',*,*,#4275,.F.);
#4275 = EDGE_CURVE('',#4276,#985,#4278,.T.);
#4276 = VERTEX_POINT('',#4277);
#4277 = CARTESIAN_POINT('',(5.4,6.75,0.65));
#4278 = LINE('',#4279,#4280);
#4279 = CARTESIAN_POINT('',(5.4,6.75,0.65));
#4280 = VECTOR('',#4281,1.);
#4281 = DIRECTION('',(0.,-1.,0.));
#4282 = ORIENTED_EDGE('',*,*,#4283,.T.);
#4283 = EDGE_CURVE('',#4276,#3552,#4284,.T.);
#4284 = LINE('',#4285,#4286);
#4285 = CARTESIAN_POINT('',(5.4,6.75,1.55));
#4286 = VECTOR('',#4287,1.);
#4287 = DIRECTION('',(0.,0.,-1.));
#4288 = ORIENTED_EDGE('',*,*,#3551,.T.);
#4289 = ORIENTED_EDGE('',*,*,#994,.F.);
#4290 = PLANE('',#4291);
#4291 = AXIS2_PLACEMENT_3D('',#4292,#4293,#4294);
#4292 = CARTESIAN_POINT('',(5.4,6.75,1.55));
#4293 = DIRECTION('',(1.,0.,0.));
#4294 = DIRECTION('',(0.,0.,-1.));
#4295 = ADVANCED_FACE('',(#4296),#4314,.F.);
#4296 = FACE_BOUND('',#4297,.T.);
#4297 = EDGE_LOOP('',(#4298,#4306,#4307,#4308));
#4298 = ORIENTED_EDGE('',*,*,#4299,.F.);
#4299 = EDGE_CURVE('',#987,#4300,#4302,.T.);
#4300 = VERTEX_POINT('',#4301);
#4301 = CARTESIAN_POINT('',(-4.05,6.75,0.65));
#4302 = LINE('',#4303,#4304);
#4303 = CARTESIAN_POINT('',(-4.05,1.55,0.65));
#4304 = VECTOR('',#4305,1.);
#4305 = DIRECTION('',(0.,1.,0.));
#4306 = ORIENTED_EDGE('',*,*,#1010,.T.);
#4307 = ORIENTED_EDGE('',*,*,#3544,.T.);
#4308 = ORIENTED_EDGE('',*,*,#4309,.F.);
#4309 = EDGE_CURVE('',#4300,#3537,#4310,.T.);
#4310 = LINE('',#4311,#4312);
#4311 = CARTESIAN_POINT('',(-4.05,6.75,1.55));
#4312 = VECTOR('',#4313,1.);
#4313 = DIRECTION('',(0.,0.,-1.));
#4314 = PLANE('',#4315);
#4315 = AXIS2_PLACEMENT_3D('',#4316,#4317,#4318);
#4316 = CARTESIAN_POINT('',(-4.05,1.55,1.55));
#4317 = DIRECTION('',(-1.,0.,0.));
#4318 = DIRECTION('',(0.,0.,1.));
#4319 = ADVANCED_FACE('',(#4320),#4331,.F.);
#4320 = FACE_BOUND('',#4321,.T.);
#4321 = EDGE_LOOP('',(#4322,#4328,#4329,#4330));
#4322 = ORIENTED_EDGE('',*,*,#4323,.F.);
#4323 = EDGE_CURVE('',#4252,#673,#4324,.T.);
#4324 = LINE('',#4325,#4326);
#4325 = CARTESIAN_POINT('',(-4.05,-5.15,0.65));
#4326 = VECTOR('',#4327,1.);
#4327 = DIRECTION('',(0.,1.,0.));
#4328 = ORIENTED_EDGE('',*,*,#4261,.T.);
#4329 = ORIENTED_EDGE('',*,*,#3424,.T.);
#4330 = ORIENTED_EDGE('',*,*,#682,.F.);
#4331 = PLANE('',#4332);
#4332 = AXIS2_PLACEMENT_3D('',#4333,#4334,#4335);
#4333 = CARTESIAN_POINT('',(-4.05,-5.15,1.55));
#4334 = DIRECTION('',(-1.,0.,0.));
#4335 = DIRECTION('',(0.,0.,1.));
#4336 = ADVANCED_FACE('',(#4337),#4366,.F.);
#4337 = FACE_BOUND('',#4338,.T.);
#4338 = EDGE_LOOP('',(#4339,#4349,#4355,#4356,#4357,#4358,#4359,#4360));
#4339 = ORIENTED_EDGE('',*,*,#4340,.F.);
#4340 = EDGE_CURVE('',#4341,#4343,#4345,.T.);
#4341 = VERTEX_POINT('',#4342);
#4342 = CARTESIAN_POINT('',(-4.6,-6.75,0.65));
#4343 = VERTEX_POINT('',#4344);
#4344 = CARTESIAN_POINT('',(5.65,-6.75,0.65));
#4345 = LINE('',#4346,#4347);
#4346 = CARTESIAN_POINT('',(-4.6,-6.75,0.65));
#4347 = VECTOR('',#4348,1.);
#4348 = DIRECTION('',(1.,0.,0.));
#4349 = ORIENTED_EDGE('',*,*,#4350,.T.);
#4350 = EDGE_CURVE('',#4341,#3798,#4351,.T.);
#4351 = LINE('',#4352,#4353);
#4352 = CARTESIAN_POINT('',(-4.6,-6.75,0.65));
#4353 = VECTOR('',#4354,1.);
#4354 = DIRECTION('',(0.,0.,1.));
#4355 = ORIENTED_EDGE('',*,*,#3797,.F.);
#4356 = ORIENTED_EDGE('',*,*,#3219,.T.);
#4357 = ORIENTED_EDGE('',*,*,#3703,.T.);
#4358 = ORIENTED_EDGE('',*,*,#4032,.F.);
#4359 = ORIENTED_EDGE('',*,*,#4206,.F.);
#4360 = ORIENTED_EDGE('',*,*,#4361,.F.);
#4361 = EDGE_CURVE('',#4343,#4199,#4362,.T.);
#4362 = LINE('',#4363,#4364);
#4363 = CARTESIAN_POINT('',(5.65,-6.75,0.65));
#4364 = VECTOR('',#4365,1.);
#4365 = DIRECTION('',(0.,0.,1.));
#4366 = PLANE('',#4367);
#4367 = AXIS2_PLACEMENT_3D('',#4368,#4369,#4370);
#4368 = CARTESIAN_POINT('',(-6.6,-6.75,1.55));
#4369 = DIRECTION('',(0.,1.,0.));
#4370 = DIRECTION('',(0.,-0.,1.));
#4371 = ADVANCED_FACE('',(#4372),#4392,.F.);
#4372 = FACE_BOUND('',#4373,.T.);
#4373 = EDGE_LOOP('',(#4374,#4382,#4388,#4389,#4390,#4391));
#4374 = ORIENTED_EDGE('',*,*,#4375,.F.);
#4375 = EDGE_CURVE('',#4376,#4276,#4378,.T.);
#4376 = VERTEX_POINT('',#4377);
#4377 = CARTESIAN_POINT('',(5.65,6.75,0.65));
#4378 = LINE('',#4379,#4380);
#4379 = CARTESIAN_POINT('',(5.65,6.75,0.65));
#4380 = VECTOR('',#4381,1.);
#4381 = DIRECTION('',(-1.,-7.662206165975E-17,0.));
#4382 = ORIENTED_EDGE('',*,*,#4383,.T.);
#4383 = EDGE_CURVE('',#4376,#4191,#4384,.T.);
#4384 = LINE('',#4385,#4386);
#4385 = CARTESIAN_POINT('',(5.65,6.75,0.65));
#4386 = VECTOR('',#4387,1.);
#4387 = DIRECTION('',(0.,0.,1.));
#4388 = ORIENTED_EDGE('',*,*,#4190,.F.);
#4389 = ORIENTED_EDGE('',*,*,#4119,.T.);
#4390 = ORIENTED_EDGE('',*,*,#3559,.T.);
#4391 = ORIENTED_EDGE('',*,*,#4283,.F.);
#4392 = PLANE('',#4393);
#4393 = AXIS2_PLACEMENT_3D('',#4394,#4395,#4396);
#4394 = CARTESIAN_POINT('',(6.6,6.75,1.55));
#4395 = DIRECTION('',(7.228014483237E-16,-1.,0.));
#4396 = DIRECTION('',(1.,7.228014483237E-16,0.));
#4397 = ADVANCED_FACE('',(#4398),#4418,.F.);
#4398 = FACE_BOUND('',#4399,.T.);
#4399 = EDGE_LOOP('',(#4400,#4401,#4409,#4415,#4416,#4417));
#4400 = ORIENTED_EDGE('',*,*,#3861,.F.);
#4401 = ORIENTED_EDGE('',*,*,#4402,.F.);
#4402 = EDGE_CURVE('',#4403,#3854,#4405,.T.);
#4403 = VERTEX_POINT('',#4404);
#4404 = CARTESIAN_POINT('',(-5.67,6.75,0.65));
#4405 = LINE('',#4406,#4407);
#4406 = CARTESIAN_POINT('',(-5.67,6.75,0.65));
#4407 = VECTOR('',#4408,1.);
#4408 = DIRECTION('',(0.,0.,1.));
#4409 = ORIENTED_EDGE('',*,*,#4410,.F.);
#4410 = EDGE_CURVE('',#4300,#4403,#4411,.T.);
#4411 = LINE('',#4412,#4413);
#4412 = CARTESIAN_POINT('',(5.65,6.75,0.65));
#4413 = VECTOR('',#4414,1.);
#4414 = DIRECTION('',(-1.,-7.662206165975E-17,0.));
#4415 = ORIENTED_EDGE('',*,*,#4309,.T.);
#4416 = ORIENTED_EDGE('',*,*,#3536,.T.);
#4417 = ORIENTED_EDGE('',*,*,#3921,.F.);
#4418 = PLANE('',#4419);
#4419 = AXIS2_PLACEMENT_3D('',#4420,#4421,#4422);
#4420 = CARTESIAN_POINT('',(-4.05,6.75,1.55));
#4421 = DIRECTION('',(-3.401418580347E-16,-1.,0.));
#4422 = DIRECTION('',(1.,-3.401418580347E-16,0.));
#4423 = ADVANCED_FACE('',(#4424,#4430,#4436,#4442,#4448,#4454,#4460,
    #4466,#4472,#4478),#4546,.T.);
#4424 = FACE_BOUND('',#4425,.T.);
#4425 = EDGE_LOOP('',(#4426,#4427,#4428,#4429));
#4426 = ORIENTED_EDGE('',*,*,#1178,.F.);
#4427 = ORIENTED_EDGE('',*,*,#1371,.F.);
#4428 = ORIENTED_EDGE('',*,*,#1311,.F.);
#4429 = ORIENTED_EDGE('',*,*,#1249,.F.);
#4430 = FACE_BOUND('',#4431,.T.);
#4431 = EDGE_LOOP('',(#4432,#4433,#4434,#4435));
#4432 = ORIENTED_EDGE('',*,*,#1426,.F.);
#4433 = ORIENTED_EDGE('',*,*,#1619,.F.);
#4434 = ORIENTED_EDGE('',*,*,#1559,.F.);
#4435 = ORIENTED_EDGE('',*,*,#1497,.F.);
#4436 = FACE_BOUND('',#4437,.T.);
#4437 = EDGE_LOOP('',(#4438,#4439,#4440,#4441));
#4438 = ORIENTED_EDGE('',*,*,#1674,.F.);
#4439 = ORIENTED_EDGE('',*,*,#1867,.F.);
#4440 = ORIENTED_EDGE('',*,*,#1807,.F.);
#4441 = ORIENTED_EDGE('',*,*,#1745,.F.);
#4442 = FACE_BOUND('',#4443,.T.);
#4443 = EDGE_LOOP('',(#4444,#4445,#4446,#4447));
#4444 = ORIENTED_EDGE('',*,*,#1922,.F.);
#4445 = ORIENTED_EDGE('',*,*,#2115,.F.);
#4446 = ORIENTED_EDGE('',*,*,#2055,.F.);
#4447 = ORIENTED_EDGE('',*,*,#1993,.F.);
#4448 = FACE_BOUND('',#4449,.T.);
#4449 = EDGE_LOOP('',(#4450,#4451,#4452,#4453));
#4450 = ORIENTED_EDGE('',*,*,#2170,.F.);
#4451 = ORIENTED_EDGE('',*,*,#2363,.F.);
#4452 = ORIENTED_EDGE('',*,*,#2303,.F.);
#4453 = ORIENTED_EDGE('',*,*,#2241,.F.);
#4454 = FACE_BOUND('',#4455,.T.);
#4455 = EDGE_LOOP('',(#4456,#4457,#4458,#4459));
#4456 = ORIENTED_EDGE('',*,*,#2418,.F.);
#4457 = ORIENTED_EDGE('',*,*,#2611,.F.);
#4458 = ORIENTED_EDGE('',*,*,#2551,.F.);
#4459 = ORIENTED_EDGE('',*,*,#2489,.F.);
#4460 = FACE_BOUND('',#4461,.T.);
#4461 = EDGE_LOOP('',(#4462,#4463,#4464,#4465));
#4462 = ORIENTED_EDGE('',*,*,#2666,.F.);
#4463 = ORIENTED_EDGE('',*,*,#2859,.F.);
#4464 = ORIENTED_EDGE('',*,*,#2799,.F.);
#4465 = ORIENTED_EDGE('',*,*,#2737,.F.);
#4466 = FACE_BOUND('',#4467,.T.);
#4467 = EDGE_LOOP('',(#4468,#4469,#4470,#4471));
#4468 = ORIENTED_EDGE('',*,*,#2914,.F.);
#4469 = ORIENTED_EDGE('',*,*,#3107,.F.);
#4470 = ORIENTED_EDGE('',*,*,#3047,.F.);
#4471 = ORIENTED_EDGE('',*,*,#2985,.F.);
#4472 = FACE_BOUND('',#4473,.T.);
#4473 = EDGE_LOOP('',(#4474,#4475,#4476,#4477));
#4474 = ORIENTED_EDGE('',*,*,#672,.T.);
#4475 = ORIENTED_EDGE('',*,*,#4227,.T.);
#4476 = ORIENTED_EDGE('',*,*,#4251,.T.);
#4477 = ORIENTED_EDGE('',*,*,#4323,.T.);
#4478 = FACE_BOUND('',#4479,.T.);
#4479 = EDGE_LOOP('',(#4480,#4481,#4482,#4483,#4484,#4492,#4500,#4508,
    #4516,#4524,#4532,#4538,#4539,#4545));
#4480 = ORIENTED_EDGE('',*,*,#4275,.T.);
#4481 = ORIENTED_EDGE('',*,*,#984,.T.);
#4482 = ORIENTED_EDGE('',*,*,#4299,.T.);
#4483 = ORIENTED_EDGE('',*,*,#4410,.T.);
#4484 = ORIENTED_EDGE('',*,*,#4485,.T.);
#4485 = EDGE_CURVE('',#4403,#4486,#4488,.T.);
#4486 = VERTEX_POINT('',#4487);
#4487 = CARTESIAN_POINT('',(-5.67,3.15,0.65));
#4488 = LINE('',#4489,#4490);
#4489 = CARTESIAN_POINT('',(-5.67,6.75,0.65));
#4490 = VECTOR('',#4491,1.);
#4491 = DIRECTION('',(2.409338161079E-16,-1.,0.));
#4492 = ORIENTED_EDGE('',*,*,#4493,.T.);
#4493 = EDGE_CURVE('',#4486,#4494,#4496,.T.);
#4494 = VERTEX_POINT('',#4495);
#4495 = CARTESIAN_POINT('',(-5.,2.48,0.65));
#4496 = LINE('',#4497,#4498);
#4497 = CARTESIAN_POINT('',(-5.67,3.15,0.65));
#4498 = VECTOR('',#4499,1.);
#4499 = DIRECTION('',(0.707106781187,-0.707106781187,0.));
#4500 = ORIENTED_EDGE('',*,*,#4501,.T.);
#4501 = EDGE_CURVE('',#4494,#4502,#4504,.T.);
#4502 = VERTEX_POINT('',#4503);
#4503 = CARTESIAN_POINT('',(-5.,1.5,0.65));
#4504 = LINE('',#4505,#4506);
#4505 = CARTESIAN_POINT('',(-5.,2.48,0.65));
#4506 = VECTOR('',#4507,1.);
#4507 = DIRECTION('',(0.,-1.,0.));
#4508 = ORIENTED_EDGE('',*,*,#4509,.T.);
#4509 = EDGE_CURVE('',#4502,#4510,#4512,.T.);
#4510 = VERTEX_POINT('',#4511);
#4511 = CARTESIAN_POINT('',(-5.67,1.5,0.65));
#4512 = LINE('',#4513,#4514);
#4513 = CARTESIAN_POINT('',(-5.,1.5,0.65));
#4514 = VECTOR('',#4515,1.);
#4515 = DIRECTION('',(-1.,0.,0.));
#4516 = ORIENTED_EDGE('',*,*,#4517,.T.);
#4517 = EDGE_CURVE('',#4510,#4518,#4520,.T.);
#4518 = VERTEX_POINT('',#4519);
#4519 = CARTESIAN_POINT('',(-5.67,-0.75,0.65));
#4520 = LINE('',#4521,#4522);
#4521 = CARTESIAN_POINT('',(-5.67,1.5,0.65));
#4522 = VECTOR('',#4523,1.);
#4523 = DIRECTION('',(0.,-1.,0.));
#4524 = ORIENTED_EDGE('',*,*,#4525,.T.);
#4525 = EDGE_CURVE('',#4518,#4526,#4528,.T.);
#4526 = VERTEX_POINT('',#4527);
#4527 = CARTESIAN_POINT('',(-4.6,-1.82,0.65));
#4528 = LINE('',#4529,#4530);
#4529 = CARTESIAN_POINT('',(-5.67,-0.75,0.65));
#4530 = VECTOR('',#4531,1.);
#4531 = DIRECTION('',(0.707106781187,-0.707106781187,0.));
#4532 = ORIENTED_EDGE('',*,*,#4533,.T.);
#4533 = EDGE_CURVE('',#4526,#4341,#4534,.T.);
#4534 = LINE('',#4535,#4536);
#4535 = CARTESIAN_POINT('',(-4.6,-1.82,0.65));
#4536 = VECTOR('',#4537,1.);
#4537 = DIRECTION('',(0.,-1.,0.));
#4538 = ORIENTED_EDGE('',*,*,#4340,.T.);
#4539 = ORIENTED_EDGE('',*,*,#4540,.T.);
#4540 = EDGE_CURVE('',#4343,#4376,#4541,.T.);
#4541 = LINE('',#4542,#4543);
#4542 = CARTESIAN_POINT('',(5.65,-6.75,0.65));
#4543 = VECTOR('',#4544,1.);
#4544 = DIRECTION('',(0.,1.,0.));
#4545 = ORIENTED_EDGE('',*,*,#4375,.T.);
#4546 = PLANE('',#4547);
#4547 = AXIS2_PLACEMENT_3D('',#4548,#4549,#4550);
#4548 = CARTESIAN_POINT('',(0.,0.,0.65));
#4549 = DIRECTION('',(0.,0.,1.));
#4550 = DIRECTION('',(1.,0.,-0.));
#4551 = ADVANCED_FACE('',(#4552),#4563,.F.);
#4552 = FACE_BOUND('',#4553,.T.);
#4553 = EDGE_LOOP('',(#4554,#4555,#4561,#4562));
#4554 = ORIENTED_EDGE('',*,*,#3853,.T.);
#4555 = ORIENTED_EDGE('',*,*,#4556,.F.);
#4556 = EDGE_CURVE('',#4486,#3846,#4557,.T.);
#4557 = LINE('',#4558,#4559);
#4558 = CARTESIAN_POINT('',(-5.67,3.15,0.65));
#4559 = VECTOR('',#4560,1.);
#4560 = DIRECTION('',(0.,0.,1.));
#4561 = ORIENTED_EDGE('',*,*,#4485,.F.);
#4562 = ORIENTED_EDGE('',*,*,#4402,.T.);
#4563 = PLANE('',#4564);
#4564 = AXIS2_PLACEMENT_3D('',#4565,#4566,#4567);
#4565 = CARTESIAN_POINT('',(-5.67,6.75,0.65));
#4566 = DIRECTION('',(-1.,-2.409338161079E-16,0.));
#4567 = DIRECTION('',(2.409338161079E-16,-1.,0.));
#4568 = ADVANCED_FACE('',(#4569),#4580,.F.);
#4569 = FACE_BOUND('',#4570,.T.);
#4570 = EDGE_LOOP('',(#4571,#4572,#4578,#4579));
#4571 = ORIENTED_EDGE('',*,*,#3845,.T.);
#4572 = ORIENTED_EDGE('',*,*,#4573,.F.);
#4573 = EDGE_CURVE('',#4494,#3838,#4574,.T.);
#4574 = LINE('',#4575,#4576);
#4575 = CARTESIAN_POINT('',(-5.,2.48,0.65));
#4576 = VECTOR('',#4577,1.);
#4577 = DIRECTION('',(0.,0.,1.));
#4578 = ORIENTED_EDGE('',*,*,#4493,.F.);
#4579 = ORIENTED_EDGE('',*,*,#4556,.T.);
#4580 = PLANE('',#4581);
#4581 = AXIS2_PLACEMENT_3D('',#4582,#4583,#4584);
#4582 = CARTESIAN_POINT('',(-5.67,3.15,0.65));
#4583 = DIRECTION('',(-0.707106781187,-0.707106781187,0.));
#4584 = DIRECTION('',(0.707106781187,-0.707106781187,0.));
#4585 = ADVANCED_FACE('',(#4586),#4597,.F.);
#4586 = FACE_BOUND('',#4587,.T.);
#4587 = EDGE_LOOP('',(#4588,#4589,#4595,#4596));
#4588 = ORIENTED_EDGE('',*,*,#3837,.T.);
#4589 = ORIENTED_EDGE('',*,*,#4590,.F.);
#4590 = EDGE_CURVE('',#4502,#3830,#4591,.T.);
#4591 = LINE('',#4592,#4593);
#4592 = CARTESIAN_POINT('',(-5.,1.5,0.65));
#4593 = VECTOR('',#4594,1.);
#4594 = DIRECTION('',(0.,0.,1.));
#4595 = ORIENTED_EDGE('',*,*,#4501,.F.);
#4596 = ORIENTED_EDGE('',*,*,#4573,.T.);
#4597 = PLANE('',#4598);
#4598 = AXIS2_PLACEMENT_3D('',#4599,#4600,#4601);
#4599 = CARTESIAN_POINT('',(-5.,2.48,0.65));
#4600 = DIRECTION('',(-1.,0.,0.));
#4601 = DIRECTION('',(0.,0.,1.));
#4602 = ADVANCED_FACE('',(#4603),#4614,.F.);
#4603 = FACE_BOUND('',#4604,.T.);
#4604 = EDGE_LOOP('',(#4605,#4606,#4612,#4613));
#4605 = ORIENTED_EDGE('',*,*,#3829,.T.);
#4606 = ORIENTED_EDGE('',*,*,#4607,.F.);
#4607 = EDGE_CURVE('',#4510,#3822,#4608,.T.);
#4608 = LINE('',#4609,#4610);
#4609 = CARTESIAN_POINT('',(-5.67,1.5,0.65));
#4610 = VECTOR('',#4611,1.);
#4611 = DIRECTION('',(0.,0.,1.));
#4612 = ORIENTED_EDGE('',*,*,#4509,.F.);
#4613 = ORIENTED_EDGE('',*,*,#4590,.T.);
#4614 = PLANE('',#4615);
#4615 = AXIS2_PLACEMENT_3D('',#4616,#4617,#4618);
#4616 = CARTESIAN_POINT('',(-5.,1.5,0.65));
#4617 = DIRECTION('',(0.,1.,0.));
#4618 = DIRECTION('',(0.,-0.,1.));
#4619 = ADVANCED_FACE('',(#4620),#4631,.F.);
#4620 = FACE_BOUND('',#4621,.T.);
#4621 = EDGE_LOOP('',(#4622,#4623,#4629,#4630));
#4622 = ORIENTED_EDGE('',*,*,#3821,.T.);
#4623 = ORIENTED_EDGE('',*,*,#4624,.F.);
#4624 = EDGE_CURVE('',#4518,#3814,#4625,.T.);
#4625 = LINE('',#4626,#4627);
#4626 = CARTESIAN_POINT('',(-5.67,-0.75,0.65));
#4627 = VECTOR('',#4628,1.);
#4628 = DIRECTION('',(0.,0.,1.));
#4629 = ORIENTED_EDGE('',*,*,#4517,.F.);
#4630 = ORIENTED_EDGE('',*,*,#4607,.T.);
#4631 = PLANE('',#4632);
#4632 = AXIS2_PLACEMENT_3D('',#4633,#4634,#4635);
#4633 = CARTESIAN_POINT('',(-5.67,1.5,0.65));
#4634 = DIRECTION('',(-1.,0.,0.));
#4635 = DIRECTION('',(0.,0.,1.));
#4636 = ADVANCED_FACE('',(#4637),#4648,.F.);
#4637 = FACE_BOUND('',#4638,.T.);
#4638 = EDGE_LOOP('',(#4639,#4640,#4646,#4647));
#4639 = ORIENTED_EDGE('',*,*,#3813,.T.);
#4640 = ORIENTED_EDGE('',*,*,#4641,.F.);
#4641 = EDGE_CURVE('',#4526,#3806,#4642,.T.);
#4642 = LINE('',#4643,#4644);
#4643 = CARTESIAN_POINT('',(-4.6,-1.82,0.65));
#4644 = VECTOR('',#4645,1.);
#4645 = DIRECTION('',(0.,0.,1.));
#4646 = ORIENTED_EDGE('',*,*,#4525,.F.);
#4647 = ORIENTED_EDGE('',*,*,#4624,.T.);
#4648 = PLANE('',#4649);
#4649 = AXIS2_PLACEMENT_3D('',#4650,#4651,#4652);
#4650 = CARTESIAN_POINT('',(-5.67,-0.75,0.65));
#4651 = DIRECTION('',(-0.707106781187,-0.707106781187,0.));
#4652 = DIRECTION('',(0.707106781187,-0.707106781187,0.));
#4653 = ADVANCED_FACE('',(#4654),#4660,.F.);
#4654 = FACE_BOUND('',#4655,.T.);
#4655 = EDGE_LOOP('',(#4656,#4657,#4658,#4659));
#4656 = ORIENTED_EDGE('',*,*,#3805,.T.);
#4657 = ORIENTED_EDGE('',*,*,#4350,.F.);
#4658 = ORIENTED_EDGE('',*,*,#4533,.F.);
#4659 = ORIENTED_EDGE('',*,*,#4641,.T.);
#4660 = PLANE('',#4661);
#4661 = AXIS2_PLACEMENT_3D('',#4662,#4663,#4664);
#4662 = CARTESIAN_POINT('',(-4.6,-1.82,0.65));
#4663 = DIRECTION('',(-1.,0.,0.));
#4664 = DIRECTION('',(0.,0.,1.));
#4665 = ADVANCED_FACE('',(#4666),#4672,.F.);
#4666 = FACE_BOUND('',#4667,.T.);
#4667 = EDGE_LOOP('',(#4668,#4669,#4670,#4671));
#4668 = ORIENTED_EDGE('',*,*,#4198,.T.);
#4669 = ORIENTED_EDGE('',*,*,#4383,.F.);
#4670 = ORIENTED_EDGE('',*,*,#4540,.F.);
#4671 = ORIENTED_EDGE('',*,*,#4361,.T.);
#4672 = PLANE('',#4673);
#4673 = AXIS2_PLACEMENT_3D('',#4674,#4675,#4676);
#4674 = CARTESIAN_POINT('',(5.65,-6.75,0.65));
#4675 = DIRECTION('',(1.,0.,0.));
#4676 = DIRECTION('',(0.,0.,-1.));
#4677 = ADVANCED_FACE('',(#4678),#4696,.T.);
#4678 = FACE_BOUND('',#4679,.T.);
#4679 = EDGE_LOOP('',(#4680,#4681,#4682,#4690));
#4680 = ORIENTED_EDGE('',*,*,#4135,.F.);
#4681 = ORIENTED_EDGE('',*,*,#4183,.F.);
#4682 = ORIENTED_EDGE('',*,*,#4683,.T.);
#4683 = EDGE_CURVE('',#4176,#4684,#4686,.T.);
#4684 = VERTEX_POINT('',#4685);
#4685 = CARTESIAN_POINT('',(5.95,-0.35,0.75));
#4686 = LINE('',#4687,#4688);
#4687 = CARTESIAN_POINT('',(5.95,0.321279704942,1.55));
#4688 = VECTOR('',#4689,1.);
#4689 = DIRECTION('',(0.,-0.642787609687,-0.766044443119));
#4690 = ORIENTED_EDGE('',*,*,#4691,.T.);
#4691 = EDGE_CURVE('',#4684,#4136,#4692,.T.);
#4692 = LINE('',#4693,#4694);
#4693 = CARTESIAN_POINT('',(5.95,-0.35,0.75));
#4694 = VECTOR('',#4695,1.);
#4695 = DIRECTION('',(1.,0.,0.));
#4696 = PLANE('',#4697);
#4697 = AXIS2_PLACEMENT_3D('',#4698,#4699,#4700);
#4698 = CARTESIAN_POINT('',(5.95,0.321279704942,1.55));
#4699 = DIRECTION('',(0.,-0.766044443119,0.642787609687));
#4700 = DIRECTION('',(0.,-0.642787609687,-0.766044443119));
#4701 = ADVANCED_FACE('',(#4702),#4720,.T.);
#4702 = FACE_BOUND('',#4703,.T.);
#4703 = EDGE_LOOP('',(#4704,#4705,#4706,#4714));
#4704 = ORIENTED_EDGE('',*,*,#4143,.F.);
#4705 = ORIENTED_EDGE('',*,*,#4691,.F.);
#4706 = ORIENTED_EDGE('',*,*,#4707,.T.);
#4707 = EDGE_CURVE('',#4684,#4708,#4710,.T.);
#4708 = VERTEX_POINT('',#4709);
#4709 = CARTESIAN_POINT('',(5.95,-0.35,0.45));
#4710 = LINE('',#4711,#4712);
#4711 = CARTESIAN_POINT('',(5.95,-0.35,0.75));
#4712 = VECTOR('',#4713,1.);
#4713 = DIRECTION('',(0.,1.807003620809E-16,-1.));
#4714 = ORIENTED_EDGE('',*,*,#4715,.T.);
#4715 = EDGE_CURVE('',#4708,#4144,#4716,.T.);
#4716 = LINE('',#4717,#4718);
#4717 = CARTESIAN_POINT('',(5.95,-0.35,0.45));
#4718 = VECTOR('',#4719,1.);
#4719 = DIRECTION('',(1.,0.,0.));
#4720 = PLANE('',#4721);
#4721 = AXIS2_PLACEMENT_3D('',#4722,#4723,#4724);
#4722 = CARTESIAN_POINT('',(5.95,-0.35,0.75));
#4723 = DIRECTION('',(0.,-1.,-1.807003620809E-16));
#4724 = DIRECTION('',(0.,1.807003620809E-16,-1.));
#4725 = ADVANCED_FACE('',(#4726),#4744,.T.);
#4726 = FACE_BOUND('',#4727,.T.);
#4727 = EDGE_LOOP('',(#4728,#4729,#4730,#4738));
#4728 = ORIENTED_EDGE('',*,*,#4151,.F.);
#4729 = ORIENTED_EDGE('',*,*,#4715,.F.);
#4730 = ORIENTED_EDGE('',*,*,#4731,.T.);
#4731 = EDGE_CURVE('',#4708,#4732,#4734,.T.);
#4732 = VERTEX_POINT('',#4733);
#4733 = CARTESIAN_POINT('',(5.95,0.55,0.45));
#4734 = LINE('',#4735,#4736);
#4735 = CARTESIAN_POINT('',(5.95,-0.35,0.45));
#4736 = VECTOR('',#4737,1.);
#4737 = DIRECTION('',(0.,1.,0.));
#4738 = ORIENTED_EDGE('',*,*,#4739,.T.);
#4739 = EDGE_CURVE('',#4732,#4152,#4740,.T.);
#4740 = LINE('',#4741,#4742);
#4741 = CARTESIAN_POINT('',(5.95,0.55,0.45));
#4742 = VECTOR('',#4743,1.);
#4743 = DIRECTION('',(1.,0.,0.));
#4744 = PLANE('',#4745);
#4745 = AXIS2_PLACEMENT_3D('',#4746,#4747,#4748);
#4746 = CARTESIAN_POINT('',(5.95,-0.35,0.45));
#4747 = DIRECTION('',(0.,0.,-1.));
#4748 = DIRECTION('',(-1.,0.,0.));
#4749 = ADVANCED_FACE('',(#4750),#4761,.T.);
#4750 = FACE_BOUND('',#4751,.T.);
#4751 = EDGE_LOOP('',(#4752,#4753,#4754,#4760));
#4752 = ORIENTED_EDGE('',*,*,#4159,.F.);
#4753 = ORIENTED_EDGE('',*,*,#4739,.F.);
#4754 = ORIENTED_EDGE('',*,*,#4755,.T.);
#4755 = EDGE_CURVE('',#4732,#3608,#4756,.T.);
#4756 = LINE('',#4757,#4758);
#4757 = CARTESIAN_POINT('',(5.95,0.55,0.45));
#4758 = VECTOR('',#4759,1.);
#4759 = DIRECTION('',(0.,0.,-1.));
#4760 = ORIENTED_EDGE('',*,*,#3607,.T.);
#4761 = PLANE('',#4762);
#4762 = AXIS2_PLACEMENT_3D('',#4763,#4764,#4765);
#4763 = CARTESIAN_POINT('',(5.95,0.55,0.45));
#4764 = DIRECTION('',(0.,-1.,0.));
#4765 = DIRECTION('',(0.,0.,-1.));
#4766 = ADVANCED_FACE('',(#4767),#4778,.T.);
#4767 = FACE_BOUND('',#4768,.T.);
#4768 = EDGE_LOOP('',(#4769,#4770,#4771,#4777));
#4769 = ORIENTED_EDGE('',*,*,#4016,.F.);
#4770 = ORIENTED_EDGE('',*,*,#3623,.F.);
#4771 = ORIENTED_EDGE('',*,*,#4772,.T.);
#4772 = EDGE_CURVE('',#3616,#4174,#4773,.T.);
#4773 = LINE('',#4774,#4775);
#4774 = CARTESIAN_POINT('',(5.95,-1.55,0.));
#4775 = VECTOR('',#4776,1.);
#4776 = DIRECTION('',(0.,0.,1.));
#4777 = ORIENTED_EDGE('',*,*,#4213,.T.);
#4778 = PLANE('',#4779);
#4779 = AXIS2_PLACEMENT_3D('',#4780,#4781,#4782);
#4780 = CARTESIAN_POINT('',(5.95,-1.55,0.));
#4781 = DIRECTION('',(0.,1.,0.));
#4782 = DIRECTION('',(0.,-0.,1.));
#4783 = ADVANCED_FACE('',(#4784),#4793,.F.);
#4784 = FACE_BOUND('',#4785,.T.);
#4785 = EDGE_LOOP('',(#4786,#4787,#4788,#4789,#4790,#4791,#4792));
#4786 = ORIENTED_EDGE('',*,*,#4173,.F.);
#4787 = ORIENTED_EDGE('',*,*,#4772,.F.);
#4788 = ORIENTED_EDGE('',*,*,#3615,.F.);
#4789 = ORIENTED_EDGE('',*,*,#4755,.F.);
#4790 = ORIENTED_EDGE('',*,*,#4731,.F.);
#4791 = ORIENTED_EDGE('',*,*,#4707,.F.);
#4792 = ORIENTED_EDGE('',*,*,#4683,.F.);
#4793 = PLANE('',#4794);
#4794 = AXIS2_PLACEMENT_3D('',#4795,#4796,#4797);
#4795 = CARTESIAN_POINT('',(5.95,0.,0.));
#4796 = DIRECTION('',(-1.,0.,0.));
#4797 = DIRECTION('',(0.,0.,1.));
#4798 = ADVANCED_FACE('',(#4799),#4817,.T.);
#4799 = FACE_BOUND('',#4800,.T.);
#4800 = EDGE_LOOP('',(#4801,#4802,#4803,#4811));
#4801 = ORIENTED_EDGE('',*,*,#4039,.F.);
#4802 = ORIENTED_EDGE('',*,*,#3687,.F.);
#4803 = ORIENTED_EDGE('',*,*,#4804,.T.);
#4804 = EDGE_CURVE('',#3680,#4805,#4807,.T.);
#4805 = VERTEX_POINT('',#4806);
#4806 = CARTESIAN_POINT('',(5.95,-6.35,0.979161506276));
#4807 = LINE('',#4808,#4809);
#4808 = CARTESIAN_POINT('',(5.95,-6.35,0.));
#4809 = VECTOR('',#4810,1.);
#4810 = DIRECTION('',(0.,0.,1.));
#4811 = ORIENTED_EDGE('',*,*,#4812,.T.);
#4812 = EDGE_CURVE('',#4805,#4040,#4813,.T.);
#4813 = LINE('',#4814,#4815);
#4814 = CARTESIAN_POINT('',(5.95,-6.35,0.979161506276));
#4815 = VECTOR('',#4816,1.);
#4816 = DIRECTION('',(1.,0.,0.));
#4817 = PLANE('',#4818);
#4818 = AXIS2_PLACEMENT_3D('',#4819,#4820,#4821);
#4819 = CARTESIAN_POINT('',(5.95,-6.35,0.));
#4820 = DIRECTION('',(0.,1.,0.));
#4821 = DIRECTION('',(0.,-0.,1.));
#4822 = ADVANCED_FACE('',(#4823),#4842,.F.);
#4823 = FACE_BOUND('',#4824,.F.);
#4824 = EDGE_LOOP('',(#4825,#4833,#4840,#4841));
#4825 = ORIENTED_EDGE('',*,*,#4826,.F.);
#4826 = EDGE_CURVE('',#4827,#4048,#4829,.T.);
#4827 = VERTEX_POINT('',#4828);
#4828 = CARTESIAN_POINT('',(5.95,-6.079161506276,1.25));
#4829 = LINE('',#4830,#4831);
#4830 = CARTESIAN_POINT('',(5.95,-6.079161506276,1.25));
#4831 = VECTOR('',#4832,1.);
#4832 = DIRECTION('',(1.,0.,0.));
#4833 = ORIENTED_EDGE('',*,*,#4834,.F.);
#4834 = EDGE_CURVE('',#4805,#4827,#4835,.T.);
#4835 = CIRCLE('',#4836,0.270838493724);
#4836 = AXIS2_PLACEMENT_3D('',#4837,#4838,#4839);
#4837 = CARTESIAN_POINT('',(5.95,-6.079161506276,0.979161506276));
#4838 = DIRECTION('',(-1.,0.,0.));
#4839 = DIRECTION('',(0.,1.,0.));
#4840 = ORIENTED_EDGE('',*,*,#4812,.T.);
#4841 = ORIENTED_EDGE('',*,*,#4047,.T.);
#4842 = CYLINDRICAL_SURFACE('',#4843,0.270838493724);
#4843 = AXIS2_PLACEMENT_3D('',#4844,#4845,#4846);
#4844 = CARTESIAN_POINT('',(5.95,-6.079161506276,0.979161506276));
#4845 = DIRECTION('',(1.,0.,0.));
#4846 = DIRECTION('',(0.,0.,-1.));
#4847 = ADVANCED_FACE('',(#4848),#4866,.T.);
#4848 = FACE_BOUND('',#4849,.T.);
#4849 = EDGE_LOOP('',(#4850,#4851,#4852,#4860));
#4850 = ORIENTED_EDGE('',*,*,#4056,.F.);
#4851 = ORIENTED_EDGE('',*,*,#4826,.F.);
#4852 = ORIENTED_EDGE('',*,*,#4853,.T.);
#4853 = EDGE_CURVE('',#4827,#4854,#4856,.T.);
#4854 = VERTEX_POINT('',#4855);
#4855 = CARTESIAN_POINT('',(5.95,-4.269578242678,1.25));
#4856 = LINE('',#4857,#4858);
#4857 = CARTESIAN_POINT('',(5.95,-6.079161506276,1.25));
#4858 = VECTOR('',#4859,1.);
#4859 = DIRECTION('',(0.,1.,2.995723364311E-17));
#4860 = ORIENTED_EDGE('',*,*,#4861,.T.);
#4861 = EDGE_CURVE('',#4854,#4057,#4862,.T.);
#4862 = LINE('',#4863,#4864);
#4863 = CARTESIAN_POINT('',(5.95,-4.269578242678,1.25));
#4864 = VECTOR('',#4865,1.);
#4865 = DIRECTION('',(1.,0.,0.));
#4866 = PLANE('',#4867);
#4867 = AXIS2_PLACEMENT_3D('',#4868,#4869,#4870);
#4868 = CARTESIAN_POINT('',(5.95,-6.079161506276,1.25));
#4869 = DIRECTION('',(0.,2.995723364311E-17,-1.));
#4870 = DIRECTION('',(0.,1.,2.995723364311E-17));
#4871 = ADVANCED_FACE('',(#4872),#4891,.F.);
#4872 = FACE_BOUND('',#4873,.F.);
#4873 = EDGE_LOOP('',(#4874,#4882,#4889,#4890));
#4874 = ORIENTED_EDGE('',*,*,#4875,.F.);
#4875 = EDGE_CURVE('',#4876,#4065,#4878,.T.);
#4876 = VERTEX_POINT('',#4877);
#4877 = CARTESIAN_POINT('',(5.95,-4.269578242678,0.6));
#4878 = LINE('',#4879,#4880);
#4879 = CARTESIAN_POINT('',(5.95,-4.269578242678,0.6));
#4880 = VECTOR('',#4881,1.);
#4881 = DIRECTION('',(1.,0.,0.));
#4882 = ORIENTED_EDGE('',*,*,#4883,.F.);
#4883 = EDGE_CURVE('',#4854,#4876,#4884,.T.);
#4884 = CIRCLE('',#4885,0.325);
#4885 = AXIS2_PLACEMENT_3D('',#4886,#4887,#4888);
#4886 = CARTESIAN_POINT('',(5.95,-4.269578242678,0.925));
#4887 = DIRECTION('',(-1.,0.,0.));
#4888 = DIRECTION('',(0.,-1.,0.));
#4889 = ORIENTED_EDGE('',*,*,#4861,.T.);
#4890 = ORIENTED_EDGE('',*,*,#4064,.T.);
#4891 = CYLINDRICAL_SURFACE('',#4892,0.325);
#4892 = AXIS2_PLACEMENT_3D('',#4893,#4894,#4895);
#4893 = CARTESIAN_POINT('',(5.95,-4.269578242678,0.925));
#4894 = DIRECTION('',(1.,0.,0.));
#4895 = DIRECTION('',(0.,0.,-1.));
#4896 = ADVANCED_FACE('',(#4897),#4915,.T.);
#4897 = FACE_BOUND('',#4898,.T.);
#4898 = EDGE_LOOP('',(#4899,#4900,#4901,#4909));
#4899 = ORIENTED_EDGE('',*,*,#4073,.F.);
#4900 = ORIENTED_EDGE('',*,*,#4875,.F.);
#4901 = ORIENTED_EDGE('',*,*,#4902,.T.);
#4902 = EDGE_CURVE('',#4876,#4903,#4905,.T.);
#4903 = VERTEX_POINT('',#4904);
#4904 = CARTESIAN_POINT('',(5.95,-5.819578242678,0.6));
#4905 = LINE('',#4906,#4907);
#4906 = CARTESIAN_POINT('',(5.95,-4.269578242678,0.6));
#4907 = VECTOR('',#4908,1.);
#4908 = DIRECTION('',(0.,-1.,-1.049227908857E-16));
#4909 = ORIENTED_EDGE('',*,*,#4910,.T.);
#4910 = EDGE_CURVE('',#4903,#4074,#4911,.T.);
#4911 = LINE('',#4912,#4913);
#4912 = CARTESIAN_POINT('',(5.95,-5.819578242678,0.6));
#4913 = VECTOR('',#4914,1.);
#4914 = DIRECTION('',(1.,0.,0.));
#4915 = PLANE('',#4916);
#4916 = AXIS2_PLACEMENT_3D('',#4917,#4918,#4919);
#4917 = CARTESIAN_POINT('',(5.95,-4.269578242678,0.6));
#4918 = DIRECTION('',(0.,-1.049227908857E-16,1.));
#4919 = DIRECTION('',(0.,-1.,-1.049227908857E-16));
#4920 = ADVANCED_FACE('',(#4921),#4932,.T.);
#4921 = FACE_BOUND('',#4922,.T.);
#4922 = EDGE_LOOP('',(#4923,#4924,#4925,#4931));
#4923 = ORIENTED_EDGE('',*,*,#4081,.F.);
#4924 = ORIENTED_EDGE('',*,*,#4910,.F.);
#4925 = ORIENTED_EDGE('',*,*,#4926,.T.);
#4926 = EDGE_CURVE('',#4903,#3672,#4927,.T.);
#4927 = LINE('',#4928,#4929);
#4928 = CARTESIAN_POINT('',(5.95,-5.819578242678,0.6));
#4929 = VECTOR('',#4930,1.);
#4930 = DIRECTION('',(0.,0.11519179836,-0.99334326876));
#4931 = ORIENTED_EDGE('',*,*,#3671,.T.);
#4932 = PLANE('',#4933);
#4933 = AXIS2_PLACEMENT_3D('',#4934,#4935,#4936);
#4934 = CARTESIAN_POINT('',(5.95,-5.819578242678,0.6));
#4935 = DIRECTION('',(0.,-0.99334326876,-0.11519179836));
#4936 = DIRECTION('',(0.,0.11519179836,-0.99334326876));
#4937 = ADVANCED_FACE('',(#4938),#4947,.F.);
#4938 = FACE_BOUND('',#4939,.T.);
#4939 = EDGE_LOOP('',(#4940,#4941,#4942,#4943,#4944,#4945,#4946));
#4940 = ORIENTED_EDGE('',*,*,#3679,.F.);
#4941 = ORIENTED_EDGE('',*,*,#4926,.F.);
#4942 = ORIENTED_EDGE('',*,*,#4902,.F.);
#4943 = ORIENTED_EDGE('',*,*,#4883,.F.);
#4944 = ORIENTED_EDGE('',*,*,#4853,.F.);
#4945 = ORIENTED_EDGE('',*,*,#4834,.F.);
#4946 = ORIENTED_EDGE('',*,*,#4804,.F.);
#4947 = PLANE('',#4948);
#4948 = AXIS2_PLACEMENT_3D('',#4949,#4950,#4951);
#4949 = CARTESIAN_POINT('',(5.95,-6.079161506276,0.979161506276));
#4950 = DIRECTION('',(-1.,0.,0.));
#4951 = DIRECTION('',(0.,0.,1.));
#4952 = ADVANCED_FACE('',(#4953),#4969,.T.);
#4953 = FACE_BOUND('',#4954,.T.);
#4954 = EDGE_LOOP('',(#4955,#4961,#4962,#4968));
#4955 = ORIENTED_EDGE('',*,*,#4956,.F.);
#4956 = EDGE_CURVE('',#269,#3759,#4957,.T.);
#4957 = LINE('',#4958,#4959);
#4958 = CARTESIAN_POINT('',(-5.95,-0.758321264955,1.15));
#4959 = VECTOR('',#4960,1.);
#4960 = DIRECTION('',(0.,0.,1.));
#4961 = ORIENTED_EDGE('',*,*,#268,.T.);
#4962 = ORIENTED_EDGE('',*,*,#4963,.T.);
#4963 = EDGE_CURVE('',#261,#3767,#4964,.T.);
#4964 = LINE('',#4965,#4966);
#4965 = CARTESIAN_POINT('',(-5.916428511708,-0.758321264955,1.15));
#4966 = VECTOR('',#4967,1.);
#4967 = DIRECTION('',(0.,0.,1.));
#4968 = ORIENTED_EDGE('',*,*,#3766,.F.);
#4969 = PLANE('',#4970);
#4970 = AXIS2_PLACEMENT_3D('',#4971,#4972,#4973);
#4971 = CARTESIAN_POINT('',(-6.6,-0.758321264955,1.15));
#4972 = DIRECTION('',(0.,-1.,0.));
#4973 = DIRECTION('',(0.,0.,-1.));
#4974 = ADVANCED_FACE('',(#4975),#4981,.T.);
#4975 = FACE_BOUND('',#4976,.T.);
#4976 = EDGE_LOOP('',(#4977,#4978,#4979,#4980));
#4977 = ORIENTED_EDGE('',*,*,#3774,.F.);
#4978 = ORIENTED_EDGE('',*,*,#4963,.F.);
#4979 = ORIENTED_EDGE('',*,*,#260,.T.);
#4980 = ORIENTED_EDGE('',*,*,#3961,.T.);
#4981 = PLANE('',#4982);
#4982 = AXIS2_PLACEMENT_3D('',#4983,#4984,#4985);
#4983 = CARTESIAN_POINT('',(-5.916428511708,-0.758321264955,1.15));
#4984 = DIRECTION('',(-0.707106781187,-0.707106781187,0.));
#4985 = DIRECTION('',(0.707106781187,-0.707106781187,0.));
#4986 = ADVANCED_FACE('',(#4987),#4998,.T.);
#4987 = FACE_BOUND('',#4988,.T.);
#4988 = EDGE_LOOP('',(#4989,#4990,#4996,#4997));
#4989 = ORIENTED_EDGE('',*,*,#3954,.F.);
#4990 = ORIENTED_EDGE('',*,*,#4991,.F.);
#4991 = EDGE_CURVE('',#3236,#3946,#4992,.T.);
#4992 = LINE('',#4993,#4994);
#4993 = CARTESIAN_POINT('',(-6.6,-4.35,1.45));
#4994 = VECTOR('',#4995,1.);
#4995 = DIRECTION('',(1.,0.,0.));
#4996 = ORIENTED_EDGE('',*,*,#3235,.T.);
#4997 = ORIENTED_EDGE('',*,*,#3790,.F.);
#4998 = PLANE('',#4999);
#4999 = AXIS2_PLACEMENT_3D('',#5000,#5001,#5002);
#5000 = CARTESIAN_POINT('',(-5.15,-4.35,1.15));
#5001 = DIRECTION('',(0.,1.,0.));
#5002 = DIRECTION('',(0.,-0.,1.));
#5003 = ADVANCED_FACE('',(#5004),#5020,.T.);
#5004 = FACE_BOUND('',#5005,.T.);
#5005 = EDGE_LOOP('',(#5006,#5007,#5013,#5014));
#5006 = ORIENTED_EDGE('',*,*,#3252,.T.);
#5007 = ORIENTED_EDGE('',*,*,#5008,.T.);
#5008 = EDGE_CURVE('',#3244,#3936,#5009,.T.);
#5009 = LINE('',#5010,#5011);
#5010 = CARTESIAN_POINT('',(-5.15,-4.25,1.35));
#5011 = VECTOR('',#5012,1.);
#5012 = DIRECTION('',(1.,0.,0.));
#5013 = ORIENTED_EDGE('',*,*,#3935,.T.);
#5014 = ORIENTED_EDGE('',*,*,#5015,.T.);
#5015 = EDGE_CURVE('',#3938,#3253,#5016,.T.);
#5016 = LINE('',#5017,#5018);
#5017 = CARTESIAN_POINT('',(-6.6,-4.05,1.35));
#5018 = VECTOR('',#5019,1.);
#5019 = DIRECTION('',(-1.,-1.495451272394E-16,0.));
#5020 = PLANE('',#5021);
#5021 = AXIS2_PLACEMENT_3D('',#5022,#5023,#5024);
#5022 = CARTESIAN_POINT('',(0.,0.,1.35));
#5023 = DIRECTION('',(0.,0.,1.));
#5024 = DIRECTION('',(1.,0.,-0.));
#5025 = ADVANCED_FACE('',(#5026),#5037,.F.);
#5026 = FACE_BOUND('',#5027,.F.);
#5027 = EDGE_LOOP('',(#5028,#5034,#5035,#5036));
#5028 = ORIENTED_EDGE('',*,*,#5029,.T.);
#5029 = EDGE_CURVE('',#3969,#3261,#5030,.T.);
#5030 = LINE('',#5031,#5032);
#5031 = CARTESIAN_POINT('',(-6.6,-3.95,1.25));
#5032 = VECTOR('',#5033,1.);
#5033 = DIRECTION('',(-1.,-1.495451272394E-16,0.));
#5034 = ORIENTED_EDGE('',*,*,#3269,.T.);
#5035 = ORIENTED_EDGE('',*,*,#244,.F.);
#5036 = ORIENTED_EDGE('',*,*,#3968,.T.);
#5037 = CYLINDRICAL_SURFACE('',#5038,0.1);
#5038 = AXIS2_PLACEMENT_3D('',#5039,#5040,#5041);
#5039 = CARTESIAN_POINT('',(-5.15,-3.85,1.25));
#5040 = DIRECTION('',(1.,1.495451272394E-16,0.));
#5041 = DIRECTION('',(-1.495451272394E-16,1.,0.));
#5042 = ADVANCED_FACE('',(#5043),#5049,.T.);
#5043 = FACE_BOUND('',#5044,.T.);
#5044 = EDGE_LOOP('',(#5045,#5046,#5047,#5048));
#5045 = ORIENTED_EDGE('',*,*,#3977,.T.);
#5046 = ORIENTED_EDGE('',*,*,#5029,.T.);
#5047 = ORIENTED_EDGE('',*,*,#3260,.T.);
#5048 = ORIENTED_EDGE('',*,*,#5015,.F.);
#5049 = CYLINDRICAL_SURFACE('',#5050,0.1);
#5050 = AXIS2_PLACEMENT_3D('',#5051,#5052,#5053);
#5051 = CARTESIAN_POINT('',(6.056577653195E-16,-4.05,1.25));
#5052 = DIRECTION('',(1.,1.495451272394E-16,0.));
#5053 = DIRECTION('',(-1.495451272394E-16,1.,0.));
#5054 = ADVANCED_FACE('',(#5055),#5061,.F.);
#5055 = FACE_BOUND('',#5056,.F.);
#5056 = EDGE_LOOP('',(#5057,#5058,#5059,#5060));
#5057 = ORIENTED_EDGE('',*,*,#5008,.T.);
#5058 = ORIENTED_EDGE('',*,*,#3945,.T.);
#5059 = ORIENTED_EDGE('',*,*,#4991,.F.);
#5060 = ORIENTED_EDGE('',*,*,#3243,.T.);
#5061 = CYLINDRICAL_SURFACE('',#5062,0.1);
#5062 = AXIS2_PLACEMENT_3D('',#5063,#5064,#5065);
#5063 = CARTESIAN_POINT('',(0.,-4.25,1.45));
#5064 = DIRECTION('',(-1.,0.,0.));
#5065 = DIRECTION('',(0.,0.,1.));
#5066 = ADVANCED_FACE('',(#5067),#5078,.T.);
#5067 = FACE_BOUND('',#5068,.T.);
#5068 = EDGE_LOOP('',(#5069,#5070,#5076,#5077));
#5069 = ORIENTED_EDGE('',*,*,#226,.T.);
#5070 = ORIENTED_EDGE('',*,*,#5071,.T.);
#5071 = EDGE_CURVE('',#229,#3473,#5072,.T.);
#5072 = LINE('',#5073,#5074);
#5073 = CARTESIAN_POINT('',(-5.95,-1.55,1.55));
#5074 = VECTOR('',#5075,1.);
#5075 = DIRECTION('',(0.,0.,-1.));
#5076 = ORIENTED_EDGE('',*,*,#3472,.T.);
#5077 = ORIENTED_EDGE('',*,*,#3277,.F.);
#5078 = PLANE('',#5079);
#5079 = AXIS2_PLACEMENT_3D('',#5080,#5081,#5082);
#5080 = CARTESIAN_POINT('',(-5.95,-1.55,1.55));
#5081 = DIRECTION('',(0.,1.,0.));
#5082 = DIRECTION('',(0.,-0.,1.));
#5083 = ADVANCED_FACE('',(#5084),#5121,.F.);
#5084 = FACE_BOUND('',#5085,.T.);
#5085 = EDGE_LOOP('',(#5086,#5087,#5088,#5096,#5104,#5112,#5118,#5119,
    #5120));
#5086 = ORIENTED_EDGE('',*,*,#4956,.T.);
#5087 = ORIENTED_EDGE('',*,*,#3758,.F.);
#5088 = ORIENTED_EDGE('',*,*,#5089,.F.);
#5089 = EDGE_CURVE('',#5090,#3751,#5092,.T.);
#5090 = VERTEX_POINT('',#5091);
#5091 = CARTESIAN_POINT('',(-5.95,-0.35,0.75));
#5092 = LINE('',#5093,#5094);
#5093 = CARTESIAN_POINT('',(-5.95,-0.35,0.75));
#5094 = VECTOR('',#5095,1.);
#5095 = DIRECTION('',(0.,0.642787609687,0.766044443119));
#5096 = ORIENTED_EDGE('',*,*,#5097,.F.);
#5097 = EDGE_CURVE('',#5098,#5090,#5100,.T.);
#5098 = VERTEX_POINT('',#5099);
#5099 = CARTESIAN_POINT('',(-5.95,-0.35,0.45));
#5100 = LINE('',#5101,#5102);
#5101 = CARTESIAN_POINT('',(-5.95,-0.35,0.45));
#5102 = VECTOR('',#5103,1.);
#5103 = DIRECTION('',(0.,-1.807003620809E-16,1.));
#5104 = ORIENTED_EDGE('',*,*,#5105,.F.);
#5105 = EDGE_CURVE('',#5106,#5098,#5108,.T.);
#5106 = VERTEX_POINT('',#5107);
#5107 = CARTESIAN_POINT('',(-5.95,0.55,0.45));
#5108 = LINE('',#5109,#5110);
#5109 = CARTESIAN_POINT('',(-5.95,0.55,0.45));
#5110 = VECTOR('',#5111,1.);
#5111 = DIRECTION('',(0.,-1.,0.));
#5112 = ORIENTED_EDGE('',*,*,#5113,.F.);
#5113 = EDGE_CURVE('',#3481,#5106,#5114,.T.);
#5114 = LINE('',#5115,#5116);
#5115 = CARTESIAN_POINT('',(-5.95,0.55,0.));
#5116 = VECTOR('',#5117,1.);
#5117 = DIRECTION('',(0.,0.,1.));
#5118 = ORIENTED_EDGE('',*,*,#3480,.F.);
#5119 = ORIENTED_EDGE('',*,*,#5071,.F.);
#5120 = ORIENTED_EDGE('',*,*,#276,.F.);
#5121 = PLANE('',#5122);
#5122 = AXIS2_PLACEMENT_3D('',#5123,#5124,#5125);
#5123 = CARTESIAN_POINT('',(-5.95,0.,0.));
#5124 = DIRECTION('',(1.,0.,0.));
#5125 = DIRECTION('',(0.,0.,-1.));
#5126 = ADVANCED_FACE('',(#5127),#5138,.T.);
#5127 = FACE_BOUND('',#5128,.T.);
#5128 = EDGE_LOOP('',(#5129,#5130,#5136,#5137));
#5129 = ORIENTED_EDGE('',*,*,#3914,.F.);
#5130 = ORIENTED_EDGE('',*,*,#5131,.F.);
#5131 = EDGE_CURVE('',#5090,#3907,#5132,.T.);
#5132 = LINE('',#5133,#5134);
#5133 = CARTESIAN_POINT('',(-5.95,-0.35,0.75));
#5134 = VECTOR('',#5135,1.);
#5135 = DIRECTION('',(-1.,0.,0.));
#5136 = ORIENTED_EDGE('',*,*,#5089,.T.);
#5137 = ORIENTED_EDGE('',*,*,#3750,.T.);
#5138 = PLANE('',#5139);
#5139 = AXIS2_PLACEMENT_3D('',#5140,#5141,#5142);
#5140 = CARTESIAN_POINT('',(-5.95,-0.35,0.75));
#5141 = DIRECTION('',(0.,-0.766044443119,0.642787609687));
#5142 = DIRECTION('',(0.,-0.642787609687,-0.766044443119));
#5143 = ADVANCED_FACE('',(#5144),#5155,.T.);
#5144 = FACE_BOUND('',#5145,.T.);
#5145 = EDGE_LOOP('',(#5146,#5147,#5148,#5149));
#5146 = ORIENTED_EDGE('',*,*,#3890,.F.);
#5147 = ORIENTED_EDGE('',*,*,#3488,.F.);
#5148 = ORIENTED_EDGE('',*,*,#5113,.T.);
#5149 = ORIENTED_EDGE('',*,*,#5150,.T.);
#5150 = EDGE_CURVE('',#5106,#3891,#5151,.T.);
#5151 = LINE('',#5152,#5153);
#5152 = CARTESIAN_POINT('',(-5.95,0.55,0.45));
#5153 = VECTOR('',#5154,1.);
#5154 = DIRECTION('',(-1.,0.,0.));
#5155 = PLANE('',#5156);
#5156 = AXIS2_PLACEMENT_3D('',#5157,#5158,#5159);
#5157 = CARTESIAN_POINT('',(-5.95,0.55,0.));
#5158 = DIRECTION('',(0.,-1.,0.));
#5159 = DIRECTION('',(0.,0.,-1.));
#5160 = ADVANCED_FACE('',(#5161),#5172,.T.);
#5161 = FACE_BOUND('',#5162,.T.);
#5162 = EDGE_LOOP('',(#5163,#5164,#5165,#5166));
#5163 = ORIENTED_EDGE('',*,*,#3898,.F.);
#5164 = ORIENTED_EDGE('',*,*,#5150,.F.);
#5165 = ORIENTED_EDGE('',*,*,#5105,.T.);
#5166 = ORIENTED_EDGE('',*,*,#5167,.T.);
#5167 = EDGE_CURVE('',#5098,#3899,#5168,.T.);
#5168 = LINE('',#5169,#5170);
#5169 = CARTESIAN_POINT('',(-5.95,-0.35,0.45));
#5170 = VECTOR('',#5171,1.);
#5171 = DIRECTION('',(-1.,0.,0.));
#5172 = PLANE('',#5173);
#5173 = AXIS2_PLACEMENT_3D('',#5174,#5175,#5176);
#5174 = CARTESIAN_POINT('',(-5.95,0.55,0.45));
#5175 = DIRECTION('',(0.,0.,-1.));
#5176 = DIRECTION('',(-1.,0.,0.));
#5177 = ADVANCED_FACE('',(#5178),#5184,.T.);
#5178 = FACE_BOUND('',#5179,.T.);
#5179 = EDGE_LOOP('',(#5180,#5181,#5182,#5183));
#5180 = ORIENTED_EDGE('',*,*,#3906,.F.);
#5181 = ORIENTED_EDGE('',*,*,#5167,.F.);
#5182 = ORIENTED_EDGE('',*,*,#5097,.T.);
#5183 = ORIENTED_EDGE('',*,*,#5131,.T.);
#5184 = PLANE('',#5185);
#5185 = AXIS2_PLACEMENT_3D('',#5186,#5187,#5188);
#5186 = CARTESIAN_POINT('',(-5.95,-0.35,0.45));
#5187 = DIRECTION('',(0.,-1.,-1.807003620809E-16));
#5188 = DIRECTION('',(0.,1.807003620809E-16,-1.));
#5189 = ADVANCED_FACE('',(#5190),#5208,.T.);
#5190 = FACE_BOUND('',#5191,.T.);
#5191 = EDGE_LOOP('',(#5192,#5193,#5201,#5207));
#5192 = ORIENTED_EDGE('',*,*,#3203,.F.);
#5193 = ORIENTED_EDGE('',*,*,#5194,.F.);
#5194 = EDGE_CURVE('',#5195,#3195,#5197,.T.);
#5195 = VERTEX_POINT('',#5196);
#5196 = CARTESIAN_POINT('',(-5.95,-6.35,0.979161506276));
#5197 = LINE('',#5198,#5199);
#5198 = CARTESIAN_POINT('',(-5.95,-6.35,0.979161506276));
#5199 = VECTOR('',#5200,1.);
#5200 = DIRECTION('',(-1.,0.,0.));
#5201 = ORIENTED_EDGE('',*,*,#5202,.T.);
#5202 = EDGE_CURVE('',#5195,#3711,#5203,.T.);
#5203 = LINE('',#5204,#5205);
#5204 = CARTESIAN_POINT('',(-5.95,-6.35,0.979161506276));
#5205 = VECTOR('',#5206,1.);
#5206 = DIRECTION('',(0.,0.,-1.));
#5207 = ORIENTED_EDGE('',*,*,#3710,.T.);
#5208 = PLANE('',#5209);
#5209 = AXIS2_PLACEMENT_3D('',#5210,#5211,#5212);
#5210 = CARTESIAN_POINT('',(-5.95,-6.35,0.979161506276));
#5211 = DIRECTION('',(0.,1.,0.));
#5212 = DIRECTION('',(0.,-0.,1.));
#5213 = ADVANCED_FACE('',(#5214),#5232,.T.);
#5214 = FACE_BOUND('',#5215,.T.);
#5215 = EDGE_LOOP('',(#5216,#5217,#5218,#5226));
#5216 = ORIENTED_EDGE('',*,*,#3161,.F.);
#5217 = ORIENTED_EDGE('',*,*,#3726,.F.);
#5218 = ORIENTED_EDGE('',*,*,#5219,.T.);
#5219 = EDGE_CURVE('',#3719,#5220,#5222,.T.);
#5220 = VERTEX_POINT('',#5221);
#5221 = CARTESIAN_POINT('',(-5.95,-5.819578242678,0.6));
#5222 = LINE('',#5223,#5224);
#5223 = CARTESIAN_POINT('',(-5.95,-5.75,0.));
#5224 = VECTOR('',#5225,1.);
#5225 = DIRECTION('',(0.,-0.11519179836,0.99334326876));
#5226 = ORIENTED_EDGE('',*,*,#5227,.T.);
#5227 = EDGE_CURVE('',#5220,#3162,#5228,.T.);
#5228 = LINE('',#5229,#5230);
#5229 = CARTESIAN_POINT('',(-5.95,-5.819578242678,0.6));
#5230 = VECTOR('',#5231,1.);
#5231 = DIRECTION('',(-1.,0.,0.));
#5232 = PLANE('',#5233);
#5233 = AXIS2_PLACEMENT_3D('',#5234,#5235,#5236);
#5234 = CARTESIAN_POINT('',(-5.95,-5.75,0.));
#5235 = DIRECTION('',(0.,-0.99334326876,-0.11519179836));
#5236 = DIRECTION('',(0.,0.11519179836,-0.99334326876));
#5237 = ADVANCED_FACE('',(#5238),#5256,.T.);
#5238 = FACE_BOUND('',#5239,.T.);
#5239 = EDGE_LOOP('',(#5240,#5241,#5242,#5250));
#5240 = ORIENTED_EDGE('',*,*,#3169,.F.);
#5241 = ORIENTED_EDGE('',*,*,#5227,.F.);
#5242 = ORIENTED_EDGE('',*,*,#5243,.T.);
#5243 = EDGE_CURVE('',#5220,#5244,#5246,.T.);
#5244 = VERTEX_POINT('',#5245);
#5245 = CARTESIAN_POINT('',(-5.95,-4.269578242678,0.6));
#5246 = LINE('',#5247,#5248);
#5247 = CARTESIAN_POINT('',(-5.95,-5.819578242678,0.6));
#5248 = VECTOR('',#5249,1.);
#5249 = DIRECTION('',(0.,1.,1.049227908857E-16));
#5250 = ORIENTED_EDGE('',*,*,#5251,.T.);
#5251 = EDGE_CURVE('',#5244,#3170,#5252,.T.);
#5252 = LINE('',#5253,#5254);
#5253 = CARTESIAN_POINT('',(-5.95,-4.269578242678,0.6));
#5254 = VECTOR('',#5255,1.);
#5255 = DIRECTION('',(-1.,0.,0.));
#5256 = PLANE('',#5257);
#5257 = AXIS2_PLACEMENT_3D('',#5258,#5259,#5260);
#5258 = CARTESIAN_POINT('',(-5.95,-5.819578242678,0.6));
#5259 = DIRECTION('',(0.,-1.049227908857E-16,1.));
#5260 = DIRECTION('',(0.,-1.,-1.049227908857E-16));
#5261 = ADVANCED_FACE('',(#5262),#5281,.F.);
#5262 = FACE_BOUND('',#5263,.F.);
#5263 = EDGE_LOOP('',(#5264,#5272,#5279,#5280));
#5264 = ORIENTED_EDGE('',*,*,#5265,.F.);
#5265 = EDGE_CURVE('',#5266,#3178,#5268,.T.);
#5266 = VERTEX_POINT('',#5267);
#5267 = CARTESIAN_POINT('',(-5.95,-4.269578242678,1.25));
#5268 = LINE('',#5269,#5270);
#5269 = CARTESIAN_POINT('',(-5.95,-4.269578242678,1.25));
#5270 = VECTOR('',#5271,1.);
#5271 = DIRECTION('',(-1.,0.,0.));
#5272 = ORIENTED_EDGE('',*,*,#5273,.F.);
#5273 = EDGE_CURVE('',#5244,#5266,#5274,.T.);
#5274 = CIRCLE('',#5275,0.325);
#5275 = AXIS2_PLACEMENT_3D('',#5276,#5277,#5278);
#5276 = CARTESIAN_POINT('',(-5.95,-4.269578242678,0.925));
#5277 = DIRECTION('',(1.,0.,0.));
#5278 = DIRECTION('',(0.,-1.,0.));
#5279 = ORIENTED_EDGE('',*,*,#5251,.T.);
#5280 = ORIENTED_EDGE('',*,*,#3177,.T.);
#5281 = CYLINDRICAL_SURFACE('',#5282,0.325);
#5282 = AXIS2_PLACEMENT_3D('',#5283,#5284,#5285);
#5283 = CARTESIAN_POINT('',(-5.95,-4.269578242678,0.925));
#5284 = DIRECTION('',(-1.,0.,0.));
#5285 = DIRECTION('',(0.,0.,1.));
#5286 = ADVANCED_FACE('',(#5287),#5305,.T.);
#5287 = FACE_BOUND('',#5288,.T.);
#5288 = EDGE_LOOP('',(#5289,#5290,#5291,#5299));
#5289 = ORIENTED_EDGE('',*,*,#3186,.F.);
#5290 = ORIENTED_EDGE('',*,*,#5265,.F.);
#5291 = ORIENTED_EDGE('',*,*,#5292,.T.);
#5292 = EDGE_CURVE('',#5266,#5293,#5295,.T.);
#5293 = VERTEX_POINT('',#5294);
#5294 = CARTESIAN_POINT('',(-5.95,-6.079161506276,1.25));
#5295 = LINE('',#5296,#5297);
#5296 = CARTESIAN_POINT('',(-5.95,-4.269578242678,1.25));
#5297 = VECTOR('',#5298,1.);
#5298 = DIRECTION('',(0.,-1.,-2.995723364311E-17));
#5299 = ORIENTED_EDGE('',*,*,#5300,.T.);
#5300 = EDGE_CURVE('',#5293,#3187,#5301,.T.);
#5301 = LINE('',#5302,#5303);
#5302 = CARTESIAN_POINT('',(-5.95,-6.079161506276,1.25));
#5303 = VECTOR('',#5304,1.);
#5304 = DIRECTION('',(-1.,0.,0.));
#5305 = PLANE('',#5306);
#5306 = AXIS2_PLACEMENT_3D('',#5307,#5308,#5309);
#5307 = CARTESIAN_POINT('',(-5.95,-4.269578242678,1.25));
#5308 = DIRECTION('',(0.,2.995723364311E-17,-1.));
#5309 = DIRECTION('',(0.,1.,2.995723364311E-17));
#5310 = ADVANCED_FACE('',(#5311),#5323,.F.);
#5311 = FACE_BOUND('',#5312,.F.);
#5312 = EDGE_LOOP('',(#5313,#5314,#5321,#5322));
#5313 = ORIENTED_EDGE('',*,*,#5194,.F.);
#5314 = ORIENTED_EDGE('',*,*,#5315,.F.);
#5315 = EDGE_CURVE('',#5293,#5195,#5316,.T.);
#5316 = CIRCLE('',#5317,0.270838493724);
#5317 = AXIS2_PLACEMENT_3D('',#5318,#5319,#5320);
#5318 = CARTESIAN_POINT('',(-5.95,-6.079161506276,0.979161506276));
#5319 = DIRECTION('',(1.,0.,0.));
#5320 = DIRECTION('',(-0.,1.,0.));
#5321 = ORIENTED_EDGE('',*,*,#5300,.T.);
#5322 = ORIENTED_EDGE('',*,*,#3194,.T.);
#5323 = CYLINDRICAL_SURFACE('',#5324,0.270838493724);
#5324 = AXIS2_PLACEMENT_3D('',#5325,#5326,#5327);
#5325 = CARTESIAN_POINT('',(-5.95,-6.079161506276,0.979161506276));
#5326 = DIRECTION('',(-1.,0.,0.));
#5327 = DIRECTION('',(0.,0.,1.));
#5328 = ADVANCED_FACE('',(#5329),#5338,.F.);
#5329 = FACE_BOUND('',#5330,.T.);
#5330 = EDGE_LOOP('',(#5331,#5332,#5333,#5334,#5335,#5336,#5337));
#5331 = ORIENTED_EDGE('',*,*,#5202,.F.);
#5332 = ORIENTED_EDGE('',*,*,#5315,.F.);
#5333 = ORIENTED_EDGE('',*,*,#5292,.F.);
#5334 = ORIENTED_EDGE('',*,*,#5273,.F.);
#5335 = ORIENTED_EDGE('',*,*,#5243,.F.);
#5336 = ORIENTED_EDGE('',*,*,#5219,.F.);
#5337 = ORIENTED_EDGE('',*,*,#3718,.F.);
#5338 = PLANE('',#5339);
#5339 = AXIS2_PLACEMENT_3D('',#5340,#5341,#5342);
#5340 = CARTESIAN_POINT('',(-5.95,-4.269578242678,0.925));
#5341 = DIRECTION('',(1.,0.,0.));
#5342 = DIRECTION('',(0.,0.,-1.));
#5343 = ADVANCED_FACE('',(#5344),#5360,.T.);
#5344 = FACE_BOUND('',#5345,.T.);
#5345 = EDGE_LOOP('',(#5346,#5347,#5353,#5354));
#5346 = ORIENTED_EDGE('',*,*,#638,.T.);
#5347 = ORIENTED_EDGE('',*,*,#5348,.T.);
#5348 = EDGE_CURVE('',#641,#953,#5349,.T.);
#5349 = LINE('',#5350,#5351);
#5350 = CARTESIAN_POINT('',(-2.85,-17.39445829259,0.4));
#5351 = VECTOR('',#5352,1.);
#5352 = DIRECTION('',(-1.376764663474E-16,1.,0.));
#5353 = ORIENTED_EDGE('',*,*,#950,.F.);
#5354 = ORIENTED_EDGE('',*,*,#5355,.F.);
#5355 = EDGE_CURVE('',#639,#951,#5356,.T.);
#5356 = LINE('',#5357,#5358);
#5357 = CARTESIAN_POINT('',(-2.85,-17.39445829259,0.25));
#5358 = VECTOR('',#5359,1.);
#5359 = DIRECTION('',(-1.376764663474E-16,1.,0.));
#5360 = PLANE('',#5361);
#5361 = AXIS2_PLACEMENT_3D('',#5362,#5363,#5364);
#5362 = CARTESIAN_POINT('',(-2.85,-17.39445829259,0.25));
#5363 = DIRECTION('',(-1.,-1.376764663474E-16,0.));
#5364 = DIRECTION('',(1.376764663474E-16,-1.,0.));
#5365 = ADVANCED_FACE('',(#5366),#5382,.T.);
#5366 = FACE_BOUND('',#5367,.T.);
#5367 = EDGE_LOOP('',(#5368,#5369,#5375,#5376));
#5368 = ORIENTED_EDGE('',*,*,#656,.T.);
#5369 = ORIENTED_EDGE('',*,*,#5370,.T.);
#5370 = EDGE_CURVE('',#649,#969,#5371,.T.);
#5371 = LINE('',#5372,#5373);
#5372 = CARTESIAN_POINT('',(-3.55,-17.39445829259,0.25));
#5373 = VECTOR('',#5374,1.);
#5374 = DIRECTION('',(-1.376764663474E-16,1.,0.));
#5375 = ORIENTED_EDGE('',*,*,#968,.F.);
#5376 = ORIENTED_EDGE('',*,*,#5377,.F.);
#5377 = EDGE_CURVE('',#657,#961,#5378,.T.);
#5378 = LINE('',#5379,#5380);
#5379 = CARTESIAN_POINT('',(-3.55,-17.39445829259,0.4));
#5380 = VECTOR('',#5381,1.);
#5381 = DIRECTION('',(-1.376764663474E-16,1.,0.));
#5382 = PLANE('',#5383);
#5383 = AXIS2_PLACEMENT_3D('',#5384,#5385,#5386);
#5384 = CARTESIAN_POINT('',(-3.55,-17.39445829259,0.4));
#5385 = DIRECTION('',(1.,1.376764663474E-16,0.));
#5386 = DIRECTION('',(-1.376764663474E-16,1.,0.));
#5387 = ADVANCED_FACE('',(#5388,#5394),#5400,.T.);
#5388 = FACE_BOUND('',#5389,.T.);
#5389 = EDGE_LOOP('',(#5390,#5391,#5392,#5393));
#5390 = ORIENTED_EDGE('',*,*,#664,.T.);
#5391 = ORIENTED_EDGE('',*,*,#5377,.T.);
#5392 = ORIENTED_EDGE('',*,*,#960,.F.);
#5393 = ORIENTED_EDGE('',*,*,#5348,.F.);
#5394 = FACE_BOUND('',#5395,.T.);
#5395 = EDGE_LOOP('',(#5396,#5397,#5398,#5399));
#5396 = ORIENTED_EDGE('',*,*,#2896,.T.);
#5397 = ORIENTED_EDGE('',*,*,#2976,.T.);
#5398 = ORIENTED_EDGE('',*,*,#3038,.T.);
#5399 = ORIENTED_EDGE('',*,*,#3100,.T.);
#5400 = PLANE('',#5401);
#5401 = AXIS2_PLACEMENT_3D('',#5402,#5403,#5404);
#5402 = CARTESIAN_POINT('',(-2.85,-17.39445829259,0.4));
#5403 = DIRECTION('',(3.87215061602E-17,5.331040139784E-33,-1.));
#5404 = DIRECTION('',(-1.,0.,-3.87215061602E-17));
#5405 = ADVANCED_FACE('',(#5406,#5412),#5418,.T.);
#5406 = FACE_BOUND('',#5407,.T.);
#5407 = EDGE_LOOP('',(#5408,#5409,#5410,#5411));
#5408 = ORIENTED_EDGE('',*,*,#648,.T.);
#5409 = ORIENTED_EDGE('',*,*,#5355,.T.);
#5410 = ORIENTED_EDGE('',*,*,#976,.F.);
#5411 = ORIENTED_EDGE('',*,*,#5370,.F.);
#5412 = FACE_BOUND('',#5413,.T.);
#5413 = EDGE_LOOP('',(#5414,#5415,#5416,#5417));
#5414 = ORIENTED_EDGE('',*,*,#2936,.T.);
#5415 = ORIENTED_EDGE('',*,*,#3122,.T.);
#5416 = ORIENTED_EDGE('',*,*,#3069,.T.);
#5417 = ORIENTED_EDGE('',*,*,#3007,.T.);
#5418 = PLANE('',#5419);
#5419 = AXIS2_PLACEMENT_3D('',#5420,#5421,#5422);
#5420 = CARTESIAN_POINT('',(-3.55,-17.39445829259,0.25));
#5421 = DIRECTION('',(0.,0.,1.));
#5422 = DIRECTION('',(1.,0.,-0.));
#5423 = ADVANCED_FACE('',(#5424),#5440,.T.);
#5424 = FACE_BOUND('',#5425,.T.);
#5425 = EDGE_LOOP('',(#5426,#5427,#5433,#5434));
#5426 = ORIENTED_EDGE('',*,*,#706,.T.);
#5427 = ORIENTED_EDGE('',*,*,#5428,.T.);
#5428 = EDGE_CURVE('',#709,#1021,#5429,.T.);
#5429 = LINE('',#5430,#5431);
#5430 = CARTESIAN_POINT('',(-1.75,-17.39445829259,0.4));
#5431 = VECTOR('',#5432,1.);
#5432 = DIRECTION('',(-1.376764663474E-16,1.,0.));
#5433 = ORIENTED_EDGE('',*,*,#1018,.F.);
#5434 = ORIENTED_EDGE('',*,*,#5435,.F.);
#5435 = EDGE_CURVE('',#707,#1019,#5436,.T.);
#5436 = LINE('',#5437,#5438);
#5437 = CARTESIAN_POINT('',(-1.75,-17.39445829259,0.25));
#5438 = VECTOR('',#5439,1.);
#5439 = DIRECTION('',(-1.376764663474E-16,1.,0.));
#5440 = PLANE('',#5441);
#5441 = AXIS2_PLACEMENT_3D('',#5442,#5443,#5444);
#5442 = CARTESIAN_POINT('',(-1.75,-17.39445829259,0.25));
#5443 = DIRECTION('',(-1.,-1.376764663474E-16,0.));
#5444 = DIRECTION('',(1.376764663474E-16,-1.,0.));
#5445 = ADVANCED_FACE('',(#5446),#5462,.T.);
#5446 = FACE_BOUND('',#5447,.T.);
#5447 = EDGE_LOOP('',(#5448,#5449,#5455,#5456));
#5448 = ORIENTED_EDGE('',*,*,#724,.T.);
#5449 = ORIENTED_EDGE('',*,*,#5450,.T.);
#5450 = EDGE_CURVE('',#717,#1037,#5451,.T.);
#5451 = LINE('',#5452,#5453);
#5452 = CARTESIAN_POINT('',(-2.45,-17.39445829259,0.25));
#5453 = VECTOR('',#5454,1.);
#5454 = DIRECTION('',(-1.376764663474E-16,1.,0.));
#5455 = ORIENTED_EDGE('',*,*,#1036,.F.);
#5456 = ORIENTED_EDGE('',*,*,#5457,.F.);
#5457 = EDGE_CURVE('',#725,#1029,#5458,.T.);
#5458 = LINE('',#5459,#5460);
#5459 = CARTESIAN_POINT('',(-2.45,-17.39445829259,0.4));
#5460 = VECTOR('',#5461,1.);
#5461 = DIRECTION('',(-1.376764663474E-16,1.,0.));
#5462 = PLANE('',#5463);
#5463 = AXIS2_PLACEMENT_3D('',#5464,#5465,#5466);
#5464 = CARTESIAN_POINT('',(-2.45,-17.39445829259,0.4));
#5465 = DIRECTION('',(1.,1.376764663474E-16,0.));
#5466 = DIRECTION('',(-1.376764663474E-16,1.,0.));
#5467 = ADVANCED_FACE('',(#5468,#5474),#5480,.T.);
#5468 = FACE_BOUND('',#5469,.T.);
#5469 = EDGE_LOOP('',(#5470,#5471,#5472,#5473));
#5470 = ORIENTED_EDGE('',*,*,#732,.T.);
#5471 = ORIENTED_EDGE('',*,*,#5457,.T.);
#5472 = ORIENTED_EDGE('',*,*,#1028,.F.);
#5473 = ORIENTED_EDGE('',*,*,#5428,.F.);
#5474 = FACE_BOUND('',#5475,.T.);
#5475 = EDGE_LOOP('',(#5476,#5477,#5478,#5479));
#5476 = ORIENTED_EDGE('',*,*,#2648,.T.);
#5477 = ORIENTED_EDGE('',*,*,#2728,.T.);
#5478 = ORIENTED_EDGE('',*,*,#2790,.T.);
#5479 = ORIENTED_EDGE('',*,*,#2852,.T.);
#5480 = PLANE('',#5481);
#5481 = AXIS2_PLACEMENT_3D('',#5482,#5483,#5484);
#5482 = CARTESIAN_POINT('',(-1.75,-17.39445829259,0.4));
#5483 = DIRECTION('',(3.87215061602E-17,5.331040139784E-33,-1.));
#5484 = DIRECTION('',(-1.,0.,-3.87215061602E-17));
#5485 = ADVANCED_FACE('',(#5486,#5492),#5498,.T.);
#5486 = FACE_BOUND('',#5487,.T.);
#5487 = EDGE_LOOP('',(#5488,#5489,#5490,#5491));
#5488 = ORIENTED_EDGE('',*,*,#716,.T.);
#5489 = ORIENTED_EDGE('',*,*,#5435,.T.);
#5490 = ORIENTED_EDGE('',*,*,#1044,.F.);
#5491 = ORIENTED_EDGE('',*,*,#5450,.F.);
#5492 = FACE_BOUND('',#5493,.T.);
#5493 = EDGE_LOOP('',(#5494,#5495,#5496,#5497));
#5494 = ORIENTED_EDGE('',*,*,#2688,.T.);
#5495 = ORIENTED_EDGE('',*,*,#2874,.T.);
#5496 = ORIENTED_EDGE('',*,*,#2821,.T.);
#5497 = ORIENTED_EDGE('',*,*,#2759,.T.);
#5498 = PLANE('',#5499);
#5499 = AXIS2_PLACEMENT_3D('',#5500,#5501,#5502);
#5500 = CARTESIAN_POINT('',(-2.45,-17.39445829259,0.25));
#5501 = DIRECTION('',(0.,0.,1.));
#5502 = DIRECTION('',(1.,0.,-0.));
#5503 = ADVANCED_FACE('',(#5504),#5520,.T.);
#5504 = FACE_BOUND('',#5505,.T.);
#5505 = EDGE_LOOP('',(#5506,#5507,#5513,#5514));
#5506 = ORIENTED_EDGE('',*,*,#604,.T.);
#5507 = ORIENTED_EDGE('',*,*,#5508,.T.);
#5508 = EDGE_CURVE('',#607,#919,#5509,.T.);
#5509 = LINE('',#5510,#5511);
#5510 = CARTESIAN_POINT('',(-0.65,-17.39445829259,0.4));
#5511 = VECTOR('',#5512,1.);
#5512 = DIRECTION('',(-1.376764663474E-16,1.,0.));
#5513 = ORIENTED_EDGE('',*,*,#916,.F.);
#5514 = ORIENTED_EDGE('',*,*,#5515,.F.);
#5515 = EDGE_CURVE('',#605,#917,#5516,.T.);
#5516 = LINE('',#5517,#5518);
#5517 = CARTESIAN_POINT('',(-0.65,-17.39445829259,0.25));
#5518 = VECTOR('',#5519,1.);
#5519 = DIRECTION('',(-1.376764663474E-16,1.,0.));
#5520 = PLANE('',#5521);
#5521 = AXIS2_PLACEMENT_3D('',#5522,#5523,#5524);
#5522 = CARTESIAN_POINT('',(-0.65,-17.39445829259,0.25));
#5523 = DIRECTION('',(-1.,-1.376764663474E-16,0.));
#5524 = DIRECTION('',(1.376764663474E-16,-1.,0.));
#5525 = ADVANCED_FACE('',(#5526),#5542,.T.);
#5526 = FACE_BOUND('',#5527,.T.);
#5527 = EDGE_LOOP('',(#5528,#5529,#5535,#5536));
#5528 = ORIENTED_EDGE('',*,*,#622,.T.);
#5529 = ORIENTED_EDGE('',*,*,#5530,.T.);
#5530 = EDGE_CURVE('',#615,#935,#5531,.T.);
#5531 = LINE('',#5532,#5533);
#5532 = CARTESIAN_POINT('',(-1.35,-17.39445829259,0.25));
#5533 = VECTOR('',#5534,1.);
#5534 = DIRECTION('',(-1.376764663474E-16,1.,0.));
#5535 = ORIENTED_EDGE('',*,*,#934,.F.);
#5536 = ORIENTED_EDGE('',*,*,#5537,.F.);
#5537 = EDGE_CURVE('',#623,#927,#5538,.T.);
#5538 = LINE('',#5539,#5540);
#5539 = CARTESIAN_POINT('',(-1.35,-17.39445829259,0.4));
#5540 = VECTOR('',#5541,1.);
#5541 = DIRECTION('',(-1.376764663474E-16,1.,0.));
#5542 = PLANE('',#5543);
#5543 = AXIS2_PLACEMENT_3D('',#5544,#5545,#5546);
#5544 = CARTESIAN_POINT('',(-1.35,-17.39445829259,0.4));
#5545 = DIRECTION('',(1.,1.376764663474E-16,0.));
#5546 = DIRECTION('',(-1.376764663474E-16,1.,0.));
#5547 = ADVANCED_FACE('',(#5548,#5554),#5560,.T.);
#5548 = FACE_BOUND('',#5549,.T.);
#5549 = EDGE_LOOP('',(#5550,#5551,#5552,#5553));
#5550 = ORIENTED_EDGE('',*,*,#630,.T.);
#5551 = ORIENTED_EDGE('',*,*,#5537,.T.);
#5552 = ORIENTED_EDGE('',*,*,#926,.F.);
#5553 = ORIENTED_EDGE('',*,*,#5508,.F.);
#5554 = FACE_BOUND('',#5555,.T.);
#5555 = EDGE_LOOP('',(#5556,#5557,#5558,#5559));
#5556 = ORIENTED_EDGE('',*,*,#2400,.T.);
#5557 = ORIENTED_EDGE('',*,*,#2480,.T.);
#5558 = ORIENTED_EDGE('',*,*,#2542,.T.);
#5559 = ORIENTED_EDGE('',*,*,#2604,.T.);
#5560 = PLANE('',#5561);
#5561 = AXIS2_PLACEMENT_3D('',#5562,#5563,#5564);
#5562 = CARTESIAN_POINT('',(-0.65,-17.39445829259,0.4));
#5563 = DIRECTION('',(3.87215061602E-17,5.331040139784E-33,-1.));
#5564 = DIRECTION('',(-1.,0.,-3.87215061602E-17));
#5565 = ADVANCED_FACE('',(#5566,#5572),#5578,.T.);
#5566 = FACE_BOUND('',#5567,.T.);
#5567 = EDGE_LOOP('',(#5568,#5569,#5570,#5571));
#5568 = ORIENTED_EDGE('',*,*,#614,.T.);
#5569 = ORIENTED_EDGE('',*,*,#5515,.T.);
#5570 = ORIENTED_EDGE('',*,*,#942,.F.);
#5571 = ORIENTED_EDGE('',*,*,#5530,.F.);
#5572 = FACE_BOUND('',#5573,.T.);
#5573 = EDGE_LOOP('',(#5574,#5575,#5576,#5577));
#5574 = ORIENTED_EDGE('',*,*,#2440,.T.);
#5575 = ORIENTED_EDGE('',*,*,#2626,.T.);
#5576 = ORIENTED_EDGE('',*,*,#2573,.T.);
#5577 = ORIENTED_EDGE('',*,*,#2511,.T.);
#5578 = PLANE('',#5579);
#5579 = AXIS2_PLACEMENT_3D('',#5580,#5581,#5582);
#5580 = CARTESIAN_POINT('',(-1.35,-17.39445829259,0.25));
#5581 = DIRECTION('',(0.,0.,1.));
#5582 = DIRECTION('',(1.,0.,-0.));
#5583 = ADVANCED_FACE('',(#5584),#5600,.T.);
#5584 = FACE_BOUND('',#5585,.T.);
#5585 = EDGE_LOOP('',(#5586,#5587,#5593,#5594));
#5586 = ORIENTED_EDGE('',*,*,#740,.T.);
#5587 = ORIENTED_EDGE('',*,*,#5588,.T.);
#5588 = EDGE_CURVE('',#743,#1055,#5589,.T.);
#5589 = LINE('',#5590,#5591);
#5590 = CARTESIAN_POINT('',(0.45,-17.39445829259,0.4));
#5591 = VECTOR('',#5592,1.);
#5592 = DIRECTION('',(-1.376764663474E-16,1.,0.));
#5593 = ORIENTED_EDGE('',*,*,#1052,.F.);
#5594 = ORIENTED_EDGE('',*,*,#5595,.F.);
#5595 = EDGE_CURVE('',#741,#1053,#5596,.T.);
#5596 = LINE('',#5597,#5598);
#5597 = CARTESIAN_POINT('',(0.45,-17.39445829259,0.25));
#5598 = VECTOR('',#5599,1.);
#5599 = DIRECTION('',(-1.376764663474E-16,1.,0.));
#5600 = PLANE('',#5601);
#5601 = AXIS2_PLACEMENT_3D('',#5602,#5603,#5604);
#5602 = CARTESIAN_POINT('',(0.45,-17.39445829259,0.25));
#5603 = DIRECTION('',(-1.,-1.376764663474E-16,0.));
#5604 = DIRECTION('',(1.376764663474E-16,-1.,0.));
#5605 = ADVANCED_FACE('',(#5606),#5622,.T.);
#5606 = FACE_BOUND('',#5607,.T.);
#5607 = EDGE_LOOP('',(#5608,#5609,#5615,#5616));
#5608 = ORIENTED_EDGE('',*,*,#758,.T.);
#5609 = ORIENTED_EDGE('',*,*,#5610,.T.);
#5610 = EDGE_CURVE('',#751,#1071,#5611,.T.);
#5611 = LINE('',#5612,#5613);
#5612 = CARTESIAN_POINT('',(-0.25,-17.39445829259,0.25));
#5613 = VECTOR('',#5614,1.);
#5614 = DIRECTION('',(-1.376764663474E-16,1.,0.));
#5615 = ORIENTED_EDGE('',*,*,#1070,.F.);
#5616 = ORIENTED_EDGE('',*,*,#5617,.F.);
#5617 = EDGE_CURVE('',#759,#1063,#5618,.T.);
#5618 = LINE('',#5619,#5620);
#5619 = CARTESIAN_POINT('',(-0.25,-17.39445829259,0.4));
#5620 = VECTOR('',#5621,1.);
#5621 = DIRECTION('',(-1.376764663474E-16,1.,0.));
#5622 = PLANE('',#5623);
#5623 = AXIS2_PLACEMENT_3D('',#5624,#5625,#5626);
#5624 = CARTESIAN_POINT('',(-0.25,-17.39445829259,0.4));
#5625 = DIRECTION('',(1.,1.376764663474E-16,0.));
#5626 = DIRECTION('',(-1.376764663474E-16,1.,0.));
#5627 = ADVANCED_FACE('',(#5628,#5634),#5640,.T.);
#5628 = FACE_BOUND('',#5629,.T.);
#5629 = EDGE_LOOP('',(#5630,#5631,#5632,#5633));
#5630 = ORIENTED_EDGE('',*,*,#766,.T.);
#5631 = ORIENTED_EDGE('',*,*,#5617,.T.);
#5632 = ORIENTED_EDGE('',*,*,#1062,.F.);
#5633 = ORIENTED_EDGE('',*,*,#5588,.F.);
#5634 = FACE_BOUND('',#5635,.T.);
#5635 = EDGE_LOOP('',(#5636,#5637,#5638,#5639));
#5636 = ORIENTED_EDGE('',*,*,#2152,.T.);
#5637 = ORIENTED_EDGE('',*,*,#2232,.T.);
#5638 = ORIENTED_EDGE('',*,*,#2294,.T.);
#5639 = ORIENTED_EDGE('',*,*,#2356,.T.);
#5640 = PLANE('',#5641);
#5641 = AXIS2_PLACEMENT_3D('',#5642,#5643,#5644);
#5642 = CARTESIAN_POINT('',(0.45,-17.39445829259,0.4));
#5643 = DIRECTION('',(3.87215061602E-17,5.331040139784E-33,-1.));
#5644 = DIRECTION('',(-1.,0.,-3.87215061602E-17));
#5645 = ADVANCED_FACE('',(#5646,#5652),#5658,.T.);
#5646 = FACE_BOUND('',#5647,.T.);
#5647 = EDGE_LOOP('',(#5648,#5649,#5650,#5651));
#5648 = ORIENTED_EDGE('',*,*,#750,.T.);
#5649 = ORIENTED_EDGE('',*,*,#5595,.T.);
#5650 = ORIENTED_EDGE('',*,*,#1078,.F.);
#5651 = ORIENTED_EDGE('',*,*,#5610,.F.);
#5652 = FACE_BOUND('',#5653,.T.);
#5653 = EDGE_LOOP('',(#5654,#5655,#5656,#5657));
#5654 = ORIENTED_EDGE('',*,*,#2192,.T.);
#5655 = ORIENTED_EDGE('',*,*,#2378,.T.);
#5656 = ORIENTED_EDGE('',*,*,#2325,.T.);
#5657 = ORIENTED_EDGE('',*,*,#2263,.T.);
#5658 = PLANE('',#5659);
#5659 = AXIS2_PLACEMENT_3D('',#5660,#5661,#5662);
#5660 = CARTESIAN_POINT('',(-0.25,-17.39445829259,0.25));
#5661 = DIRECTION('',(0.,0.,1.));
#5662 = DIRECTION('',(1.,0.,-0.));
#5663 = ADVANCED_FACE('',(#5664),#5680,.T.);
#5664 = FACE_BOUND('',#5665,.T.);
#5665 = EDGE_LOOP('',(#5666,#5667,#5673,#5674));
#5666 = ORIENTED_EDGE('',*,*,#570,.T.);
#5667 = ORIENTED_EDGE('',*,*,#5668,.T.);
#5668 = EDGE_CURVE('',#573,#885,#5669,.T.);
#5669 = LINE('',#5670,#5671);
#5670 = CARTESIAN_POINT('',(1.55,-17.39445829259,0.4));
#5671 = VECTOR('',#5672,1.);
#5672 = DIRECTION('',(-1.376764663474E-16,1.,0.));
#5673 = ORIENTED_EDGE('',*,*,#882,.F.);
#5674 = ORIENTED_EDGE('',*,*,#5675,.F.);
#5675 = EDGE_CURVE('',#571,#883,#5676,.T.);
#5676 = LINE('',#5677,#5678);
#5677 = CARTESIAN_POINT('',(1.55,-17.39445829259,0.25));
#5678 = VECTOR('',#5679,1.);
#5679 = DIRECTION('',(-1.376764663474E-16,1.,0.));
#5680 = PLANE('',#5681);
#5681 = AXIS2_PLACEMENT_3D('',#5682,#5683,#5684);
#5682 = CARTESIAN_POINT('',(1.55,-17.39445829259,0.25));
#5683 = DIRECTION('',(-1.,-1.376764663474E-16,0.));
#5684 = DIRECTION('',(1.376764663474E-16,-1.,0.));
#5685 = ADVANCED_FACE('',(#5686),#5702,.T.);
#5686 = FACE_BOUND('',#5687,.T.);
#5687 = EDGE_LOOP('',(#5688,#5689,#5695,#5696));
#5688 = ORIENTED_EDGE('',*,*,#588,.T.);
#5689 = ORIENTED_EDGE('',*,*,#5690,.T.);
#5690 = EDGE_CURVE('',#581,#901,#5691,.T.);
#5691 = LINE('',#5692,#5693);
#5692 = CARTESIAN_POINT('',(0.85,-17.39445829259,0.25));
#5693 = VECTOR('',#5694,1.);
#5694 = DIRECTION('',(-1.376764663474E-16,1.,0.));
#5695 = ORIENTED_EDGE('',*,*,#900,.F.);
#5696 = ORIENTED_EDGE('',*,*,#5697,.F.);
#5697 = EDGE_CURVE('',#589,#893,#5698,.T.);
#5698 = LINE('',#5699,#5700);
#5699 = CARTESIAN_POINT('',(0.85,-17.39445829259,0.4));
#5700 = VECTOR('',#5701,1.);
#5701 = DIRECTION('',(-1.376764663474E-16,1.,0.));
#5702 = PLANE('',#5703);
#5703 = AXIS2_PLACEMENT_3D('',#5704,#5705,#5706);
#5704 = CARTESIAN_POINT('',(0.85,-17.39445829259,0.4));
#5705 = DIRECTION('',(1.,1.376764663474E-16,0.));
#5706 = DIRECTION('',(-1.376764663474E-16,1.,0.));
#5707 = ADVANCED_FACE('',(#5708,#5714),#5720,.T.);
#5708 = FACE_BOUND('',#5709,.T.);
#5709 = EDGE_LOOP('',(#5710,#5711,#5712,#5713));
#5710 = ORIENTED_EDGE('',*,*,#596,.T.);
#5711 = ORIENTED_EDGE('',*,*,#5697,.T.);
#5712 = ORIENTED_EDGE('',*,*,#892,.F.);
#5713 = ORIENTED_EDGE('',*,*,#5668,.F.);
#5714 = FACE_BOUND('',#5715,.T.);
#5715 = EDGE_LOOP('',(#5716,#5717,#5718,#5719));
#5716 = ORIENTED_EDGE('',*,*,#1904,.T.);
#5717 = ORIENTED_EDGE('',*,*,#1984,.T.);
#5718 = ORIENTED_EDGE('',*,*,#2046,.T.);
#5719 = ORIENTED_EDGE('',*,*,#2108,.T.);
#5720 = PLANE('',#5721);
#5721 = AXIS2_PLACEMENT_3D('',#5722,#5723,#5724);
#5722 = CARTESIAN_POINT('',(1.55,-17.39445829259,0.4));
#5723 = DIRECTION('',(3.87215061602E-17,5.331040139784E-33,-1.));
#5724 = DIRECTION('',(-1.,0.,-3.87215061602E-17));
#5725 = ADVANCED_FACE('',(#5726,#5732),#5738,.T.);
#5726 = FACE_BOUND('',#5727,.T.);
#5727 = EDGE_LOOP('',(#5728,#5729,#5730,#5731));
#5728 = ORIENTED_EDGE('',*,*,#580,.T.);
#5729 = ORIENTED_EDGE('',*,*,#5675,.T.);
#5730 = ORIENTED_EDGE('',*,*,#908,.F.);
#5731 = ORIENTED_EDGE('',*,*,#5690,.F.);
#5732 = FACE_BOUND('',#5733,.T.);
#5733 = EDGE_LOOP('',(#5734,#5735,#5736,#5737));
#5734 = ORIENTED_EDGE('',*,*,#1944,.T.);
#5735 = ORIENTED_EDGE('',*,*,#2130,.T.);
#5736 = ORIENTED_EDGE('',*,*,#2077,.T.);
#5737 = ORIENTED_EDGE('',*,*,#2015,.T.);
#5738 = PLANE('',#5739);
#5739 = AXIS2_PLACEMENT_3D('',#5740,#5741,#5742);
#5740 = CARTESIAN_POINT('',(0.85,-17.39445829259,0.25));
#5741 = DIRECTION('',(0.,0.,1.));
#5742 = DIRECTION('',(1.,0.,-0.));
#5743 = ADVANCED_FACE('',(#5744),#5760,.T.);
#5744 = FACE_BOUND('',#5745,.T.);
#5745 = EDGE_LOOP('',(#5746,#5747,#5753,#5754));
#5746 = ORIENTED_EDGE('',*,*,#774,.T.);
#5747 = ORIENTED_EDGE('',*,*,#5748,.T.);
#5748 = EDGE_CURVE('',#777,#1089,#5749,.T.);
#5749 = LINE('',#5750,#5751);
#5750 = CARTESIAN_POINT('',(2.65,-17.39445829259,0.4));
#5751 = VECTOR('',#5752,1.);
#5752 = DIRECTION('',(-1.376764663474E-16,1.,0.));
#5753 = ORIENTED_EDGE('',*,*,#1086,.F.);
#5754 = ORIENTED_EDGE('',*,*,#5755,.F.);
#5755 = EDGE_CURVE('',#775,#1087,#5756,.T.);
#5756 = LINE('',#5757,#5758);
#5757 = CARTESIAN_POINT('',(2.65,-17.39445829259,0.25));
#5758 = VECTOR('',#5759,1.);
#5759 = DIRECTION('',(-1.376764663474E-16,1.,0.));
#5760 = PLANE('',#5761);
#5761 = AXIS2_PLACEMENT_3D('',#5762,#5763,#5764);
#5762 = CARTESIAN_POINT('',(2.65,-17.39445829259,0.25));
#5763 = DIRECTION('',(-1.,-1.376764663474E-16,0.));
#5764 = DIRECTION('',(1.376764663474E-16,-1.,0.));
#5765 = ADVANCED_FACE('',(#5766),#5782,.T.);
#5766 = FACE_BOUND('',#5767,.T.);
#5767 = EDGE_LOOP('',(#5768,#5769,#5775,#5776));
#5768 = ORIENTED_EDGE('',*,*,#792,.T.);
#5769 = ORIENTED_EDGE('',*,*,#5770,.T.);
#5770 = EDGE_CURVE('',#785,#1105,#5771,.T.);
#5771 = LINE('',#5772,#5773);
#5772 = CARTESIAN_POINT('',(1.95,-17.39445829259,0.25));
#5773 = VECTOR('',#5774,1.);
#5774 = DIRECTION('',(-1.376764663474E-16,1.,0.));
#5775 = ORIENTED_EDGE('',*,*,#1104,.F.);
#5776 = ORIENTED_EDGE('',*,*,#5777,.F.);
#5777 = EDGE_CURVE('',#793,#1097,#5778,.T.);
#5778 = LINE('',#5779,#5780);
#5779 = CARTESIAN_POINT('',(1.95,-17.39445829259,0.4));
#5780 = VECTOR('',#5781,1.);
#5781 = DIRECTION('',(-1.376764663474E-16,1.,0.));
#5782 = PLANE('',#5783);
#5783 = AXIS2_PLACEMENT_3D('',#5784,#5785,#5786);
#5784 = CARTESIAN_POINT('',(1.95,-17.39445829259,0.4));
#5785 = DIRECTION('',(1.,1.376764663474E-16,0.));
#5786 = DIRECTION('',(-1.376764663474E-16,1.,0.));
#5787 = ADVANCED_FACE('',(#5788,#5794),#5800,.T.);
#5788 = FACE_BOUND('',#5789,.T.);
#5789 = EDGE_LOOP('',(#5790,#5791,#5792,#5793));
#5790 = ORIENTED_EDGE('',*,*,#800,.T.);
#5791 = ORIENTED_EDGE('',*,*,#5777,.T.);
#5792 = ORIENTED_EDGE('',*,*,#1096,.F.);
#5793 = ORIENTED_EDGE('',*,*,#5748,.F.);
#5794 = FACE_BOUND('',#5795,.T.);
#5795 = EDGE_LOOP('',(#5796,#5797,#5798,#5799));
#5796 = ORIENTED_EDGE('',*,*,#1656,.T.);
#5797 = ORIENTED_EDGE('',*,*,#1736,.T.);
#5798 = ORIENTED_EDGE('',*,*,#1798,.T.);
#5799 = ORIENTED_EDGE('',*,*,#1860,.T.);
#5800 = PLANE('',#5801);
#5801 = AXIS2_PLACEMENT_3D('',#5802,#5803,#5804);
#5802 = CARTESIAN_POINT('',(2.65,-17.39445829259,0.4));
#5803 = DIRECTION('',(3.87215061602E-17,5.331040139784E-33,-1.));
#5804 = DIRECTION('',(-1.,0.,-3.87215061602E-17));
#5805 = ADVANCED_FACE('',(#5806,#5812),#5818,.T.);
#5806 = FACE_BOUND('',#5807,.T.);
#5807 = EDGE_LOOP('',(#5808,#5809,#5810,#5811));
#5808 = ORIENTED_EDGE('',*,*,#784,.T.);
#5809 = ORIENTED_EDGE('',*,*,#5755,.T.);
#5810 = ORIENTED_EDGE('',*,*,#1112,.F.);
#5811 = ORIENTED_EDGE('',*,*,#5770,.F.);
#5812 = FACE_BOUND('',#5813,.T.);
#5813 = EDGE_LOOP('',(#5814,#5815,#5816,#5817));
#5814 = ORIENTED_EDGE('',*,*,#1696,.T.);
#5815 = ORIENTED_EDGE('',*,*,#1882,.T.);
#5816 = ORIENTED_EDGE('',*,*,#1829,.T.);
#5817 = ORIENTED_EDGE('',*,*,#1767,.T.);
#5818 = PLANE('',#5819);
#5819 = AXIS2_PLACEMENT_3D('',#5820,#5821,#5822);
#5820 = CARTESIAN_POINT('',(1.95,-17.39445829259,0.25));
#5821 = DIRECTION('',(0.,0.,1.));
#5822 = DIRECTION('',(1.,0.,-0.));
#5823 = ADVANCED_FACE('',(#5824),#5840,.T.);
#5824 = FACE_BOUND('',#5825,.T.);
#5825 = EDGE_LOOP('',(#5826,#5827,#5833,#5834));
#5826 = ORIENTED_EDGE('',*,*,#536,.T.);
#5827 = ORIENTED_EDGE('',*,*,#5828,.T.);
#5828 = EDGE_CURVE('',#539,#851,#5829,.T.);
#5829 = LINE('',#5830,#5831);
#5830 = CARTESIAN_POINT('',(3.75,-17.39445829259,0.4));
#5831 = VECTOR('',#5832,1.);
#5832 = DIRECTION('',(-1.376764663474E-16,1.,0.));
#5833 = ORIENTED_EDGE('',*,*,#848,.F.);
#5834 = ORIENTED_EDGE('',*,*,#5835,.F.);
#5835 = EDGE_CURVE('',#537,#849,#5836,.T.);
#5836 = LINE('',#5837,#5838);
#5837 = CARTESIAN_POINT('',(3.75,-17.39445829259,0.25));
#5838 = VECTOR('',#5839,1.);
#5839 = DIRECTION('',(-1.376764663474E-16,1.,0.));
#5840 = PLANE('',#5841);
#5841 = AXIS2_PLACEMENT_3D('',#5842,#5843,#5844);
#5842 = CARTESIAN_POINT('',(3.75,-17.39445829259,0.25));
#5843 = DIRECTION('',(-1.,-1.376764663474E-16,0.));
#5844 = DIRECTION('',(1.376764663474E-16,-1.,0.));
#5845 = ADVANCED_FACE('',(#5846),#5862,.T.);
#5846 = FACE_BOUND('',#5847,.T.);
#5847 = EDGE_LOOP('',(#5848,#5849,#5855,#5856));
#5848 = ORIENTED_EDGE('',*,*,#554,.T.);
#5849 = ORIENTED_EDGE('',*,*,#5850,.T.);
#5850 = EDGE_CURVE('',#547,#867,#5851,.T.);
#5851 = LINE('',#5852,#5853);
#5852 = CARTESIAN_POINT('',(3.05,-17.39445829259,0.25));
#5853 = VECTOR('',#5854,1.);
#5854 = DIRECTION('',(-1.376764663474E-16,1.,0.));
#5855 = ORIENTED_EDGE('',*,*,#866,.F.);
#5856 = ORIENTED_EDGE('',*,*,#5857,.F.);
#5857 = EDGE_CURVE('',#555,#859,#5858,.T.);
#5858 = LINE('',#5859,#5860);
#5859 = CARTESIAN_POINT('',(3.05,-17.39445829259,0.4));
#5860 = VECTOR('',#5861,1.);
#5861 = DIRECTION('',(-1.376764663474E-16,1.,0.));
#5862 = PLANE('',#5863);
#5863 = AXIS2_PLACEMENT_3D('',#5864,#5865,#5866);
#5864 = CARTESIAN_POINT('',(3.05,-17.39445829259,0.4));
#5865 = DIRECTION('',(1.,1.376764663474E-16,0.));
#5866 = DIRECTION('',(-1.376764663474E-16,1.,0.));
#5867 = ADVANCED_FACE('',(#5868,#5874),#5880,.T.);
#5868 = FACE_BOUND('',#5869,.T.);
#5869 = EDGE_LOOP('',(#5870,#5871,#5872,#5873));
#5870 = ORIENTED_EDGE('',*,*,#562,.T.);
#5871 = ORIENTED_EDGE('',*,*,#5857,.T.);
#5872 = ORIENTED_EDGE('',*,*,#858,.F.);
#5873 = ORIENTED_EDGE('',*,*,#5828,.F.);
#5874 = FACE_BOUND('',#5875,.T.);
#5875 = EDGE_LOOP('',(#5876,#5877,#5878,#5879));
#5876 = ORIENTED_EDGE('',*,*,#1408,.T.);
#5877 = ORIENTED_EDGE('',*,*,#1488,.T.);
#5878 = ORIENTED_EDGE('',*,*,#1550,.T.);
#5879 = ORIENTED_EDGE('',*,*,#1612,.T.);
#5880 = PLANE('',#5881);
#5881 = AXIS2_PLACEMENT_3D('',#5882,#5883,#5884);
#5882 = CARTESIAN_POINT('',(3.75,-17.39445829259,0.4));
#5883 = DIRECTION('',(3.87215061602E-17,5.331040139784E-33,-1.));
#5884 = DIRECTION('',(-1.,0.,-3.87215061602E-17));
#5885 = ADVANCED_FACE('',(#5886,#5892),#5898,.T.);
#5886 = FACE_BOUND('',#5887,.T.);
#5887 = EDGE_LOOP('',(#5888,#5889,#5890,#5891));
#5888 = ORIENTED_EDGE('',*,*,#546,.T.);
#5889 = ORIENTED_EDGE('',*,*,#5835,.T.);
#5890 = ORIENTED_EDGE('',*,*,#874,.F.);
#5891 = ORIENTED_EDGE('',*,*,#5850,.F.);
#5892 = FACE_BOUND('',#5893,.T.);
#5893 = EDGE_LOOP('',(#5894,#5895,#5896,#5897));
#5894 = ORIENTED_EDGE('',*,*,#1448,.T.);
#5895 = ORIENTED_EDGE('',*,*,#1634,.T.);
#5896 = ORIENTED_EDGE('',*,*,#1581,.T.);
#5897 = ORIENTED_EDGE('',*,*,#1519,.T.);
#5898 = PLANE('',#5899);
#5899 = AXIS2_PLACEMENT_3D('',#5900,#5901,#5902);
#5900 = CARTESIAN_POINT('',(3.05,-17.39445829259,0.25));
#5901 = DIRECTION('',(0.,0.,1.));
#5902 = DIRECTION('',(1.,0.,-0.));
#5903 = ADVANCED_FACE('',(#5904),#5920,.T.);
#5904 = FACE_BOUND('',#5905,.T.);
#5905 = EDGE_LOOP('',(#5906,#5907,#5913,#5914));
#5906 = ORIENTED_EDGE('',*,*,#808,.T.);
#5907 = ORIENTED_EDGE('',*,*,#5908,.T.);
#5908 = EDGE_CURVE('',#811,#1123,#5909,.T.);
#5909 = LINE('',#5910,#5911);
#5910 = CARTESIAN_POINT('',(4.85,-17.39445829259,0.4));
#5911 = VECTOR('',#5912,1.);
#5912 = DIRECTION('',(-1.376764663474E-16,1.,0.));
#5913 = ORIENTED_EDGE('',*,*,#1120,.F.);
#5914 = ORIENTED_EDGE('',*,*,#5915,.F.);
#5915 = EDGE_CURVE('',#809,#1121,#5916,.T.);
#5916 = LINE('',#5917,#5918);
#5917 = CARTESIAN_POINT('',(4.85,-17.39445829259,0.25));
#5918 = VECTOR('',#5919,1.);
#5919 = DIRECTION('',(-1.376764663474E-16,1.,0.));
#5920 = PLANE('',#5921);
#5921 = AXIS2_PLACEMENT_3D('',#5922,#5923,#5924);
#5922 = CARTESIAN_POINT('',(4.85,-17.39445829259,0.25));
#5923 = DIRECTION('',(-1.,-1.376764663474E-16,0.));
#5924 = DIRECTION('',(1.376764663474E-16,-1.,0.));
#5925 = ADVANCED_FACE('',(#5926),#5942,.T.);
#5926 = FACE_BOUND('',#5927,.T.);
#5927 = EDGE_LOOP('',(#5928,#5929,#5935,#5936));
#5928 = ORIENTED_EDGE('',*,*,#826,.T.);
#5929 = ORIENTED_EDGE('',*,*,#5930,.T.);
#5930 = EDGE_CURVE('',#819,#1139,#5931,.T.);
#5931 = LINE('',#5932,#5933);
#5932 = CARTESIAN_POINT('',(4.15,-17.39445829259,0.25));
#5933 = VECTOR('',#5934,1.);
#5934 = DIRECTION('',(-1.376764663474E-16,1.,0.));
#5935 = ORIENTED_EDGE('',*,*,#1138,.F.);
#5936 = ORIENTED_EDGE('',*,*,#5937,.F.);
#5937 = EDGE_CURVE('',#827,#1131,#5938,.T.);
#5938 = LINE('',#5939,#5940);
#5939 = CARTESIAN_POINT('',(4.15,-17.39445829259,0.4));
#5940 = VECTOR('',#5941,1.);
#5941 = DIRECTION('',(-1.376764663474E-16,1.,0.));
#5942 = PLANE('',#5943);
#5943 = AXIS2_PLACEMENT_3D('',#5944,#5945,#5946);
#5944 = CARTESIAN_POINT('',(4.15,-17.39445829259,0.4));
#5945 = DIRECTION('',(1.,1.376764663474E-16,0.));
#5946 = DIRECTION('',(-1.376764663474E-16,1.,0.));
#5947 = ADVANCED_FACE('',(#5948,#5954),#5960,.T.);
#5948 = FACE_BOUND('',#5949,.T.);
#5949 = EDGE_LOOP('',(#5950,#5951,#5952,#5953));
#5950 = ORIENTED_EDGE('',*,*,#834,.T.);
#5951 = ORIENTED_EDGE('',*,*,#5937,.T.);
#5952 = ORIENTED_EDGE('',*,*,#1130,.F.);
#5953 = ORIENTED_EDGE('',*,*,#5908,.F.);
#5954 = FACE_BOUND('',#5955,.T.);
#5955 = EDGE_LOOP('',(#5956,#5957,#5958,#5959));
#5956 = ORIENTED_EDGE('',*,*,#1160,.T.);
#5957 = ORIENTED_EDGE('',*,*,#1240,.T.);
#5958 = ORIENTED_EDGE('',*,*,#1302,.T.);
#5959 = ORIENTED_EDGE('',*,*,#1364,.T.);
#5960 = PLANE('',#5961);
#5961 = AXIS2_PLACEMENT_3D('',#5962,#5963,#5964);
#5962 = CARTESIAN_POINT('',(4.85,-17.39445829259,0.4));
#5963 = DIRECTION('',(3.87215061602E-17,5.331040139784E-33,-1.));
#5964 = DIRECTION('',(-1.,0.,-3.87215061602E-17));
#5965 = ADVANCED_FACE('',(#5966,#5972),#5978,.T.);
#5966 = FACE_BOUND('',#5967,.T.);
#5967 = EDGE_LOOP('',(#5968,#5969,#5970,#5971));
#5968 = ORIENTED_EDGE('',*,*,#818,.T.);
#5969 = ORIENTED_EDGE('',*,*,#5915,.T.);
#5970 = ORIENTED_EDGE('',*,*,#1146,.F.);
#5971 = ORIENTED_EDGE('',*,*,#5930,.F.);
#5972 = FACE_BOUND('',#5973,.T.);
#5973 = EDGE_LOOP('',(#5974,#5975,#5976,#5977));
#5974 = ORIENTED_EDGE('',*,*,#1200,.T.);
#5975 = ORIENTED_EDGE('',*,*,#1386,.T.);
#5976 = ORIENTED_EDGE('',*,*,#1333,.T.);
#5977 = ORIENTED_EDGE('',*,*,#1271,.T.);
#5978 = PLANE('',#5979);
#5979 = AXIS2_PLACEMENT_3D('',#5980,#5981,#5982);
#5980 = CARTESIAN_POINT('',(4.15,-17.39445829259,0.25));
#5981 = DIRECTION('',(0.,0.,1.));
#5982 = DIRECTION('',(1.,0.,-0.));
#5983 = ADVANCED_FACE('',(#5984),#6000,.F.);
#5984 = FACE_BOUND('',#5985,.T.);
#5985 = EDGE_LOOP('',(#5986,#5987,#5993,#5994));
#5986 = ORIENTED_EDGE('',*,*,#3351,.T.);
#5987 = ORIENTED_EDGE('',*,*,#5988,.F.);
#5988 = EDGE_CURVE('',#499,#3342,#5989,.T.);
#5989 = LINE('',#5990,#5991);
#5990 = CARTESIAN_POINT('',(-4.95,-3.8,0.7));
#5991 = VECTOR('',#5992,1.);
#5992 = DIRECTION('',(0.,0.,-1.));
#5993 = ORIENTED_EDGE('',*,*,#498,.F.);
#5994 = ORIENTED_EDGE('',*,*,#5995,.T.);
#5995 = EDGE_CURVE('',#491,#3352,#5996,.T.);
#5996 = LINE('',#5997,#5998);
#5997 = CARTESIAN_POINT('',(-4.95,-2.,0.7));
#5998 = VECTOR('',#5999,1.);
#5999 = DIRECTION('',(0.,0.,-1.));
#6000 = PLANE('',#6001);
#6001 = AXIS2_PLACEMENT_3D('',#6002,#6003,#6004);
#6002 = CARTESIAN_POINT('',(-4.95,-2.,0.7));
#6003 = DIRECTION('',(1.,0.,0.));
#6004 = DIRECTION('',(0.,0.,-1.));
#6005 = ADVANCED_FACE('',(#6006),#6017,.F.);
#6006 = FACE_BOUND('',#6007,.T.);
#6007 = EDGE_LOOP('',(#6008,#6009,#6015,#6016));
#6008 = ORIENTED_EDGE('',*,*,#3341,.T.);
#6009 = ORIENTED_EDGE('',*,*,#6010,.F.);
#6010 = EDGE_CURVE('',#507,#3344,#6011,.T.);
#6011 = LINE('',#6012,#6013);
#6012 = CARTESIAN_POINT('',(-5.75,-3.8,0.7));
#6013 = VECTOR('',#6014,1.);
#6014 = DIRECTION('',(0.,0.,-1.));
#6015 = ORIENTED_EDGE('',*,*,#506,.F.);
#6016 = ORIENTED_EDGE('',*,*,#5988,.T.);
#6017 = PLANE('',#6018);
#6018 = AXIS2_PLACEMENT_3D('',#6019,#6020,#6021);
#6019 = CARTESIAN_POINT('',(-4.95,-3.8,0.7));
#6020 = DIRECTION('',(0.,-1.,0.));
#6021 = DIRECTION('',(0.,0.,-1.));
#6022 = ADVANCED_FACE('',(#6023),#6062,.F.);
#6023 = FACE_BOUND('',#6024,.T.);
#6024 = EDGE_LOOP('',(#6025,#6026,#6032,#6033,#6039,#6040,#6046,#6047,
    #6053,#6054,#6060,#6061));
#6025 = ORIENTED_EDGE('',*,*,#3367,.T.);
#6026 = ORIENTED_EDGE('',*,*,#6027,.F.);
#6027 = EDGE_CURVE('',#483,#3360,#6028,.T.);
#6028 = LINE('',#6029,#6030);
#6029 = CARTESIAN_POINT('',(-5.75,-2.,0.7));
#6030 = VECTOR('',#6031,1.);
#6031 = DIRECTION('',(0.,0.,-1.));
#6032 = ORIENTED_EDGE('',*,*,#482,.F.);
#6033 = ORIENTED_EDGE('',*,*,#6034,.F.);
#6034 = EDGE_CURVE('',#287,#475,#6035,.T.);
#6035 = LINE('',#6036,#6037);
#6036 = CARTESIAN_POINT('',(-5.75,-2.35,19.644458292598));
#6037 = VECTOR('',#6038,1.);
#6038 = DIRECTION('',(0.,0.,-1.));
#6039 = ORIENTED_EDGE('',*,*,#310,.T.);
#6040 = ORIENTED_EDGE('',*,*,#6041,.T.);
#6041 = EDGE_CURVE('',#303,#451,#6042,.T.);
#6042 = LINE('',#6043,#6044);
#6043 = CARTESIAN_POINT('',(-5.75,-2.7,19.644458292598));
#6044 = VECTOR('',#6045,1.);
#6045 = DIRECTION('',(0.,0.,-1.));
#6046 = ORIENTED_EDGE('',*,*,#450,.F.);
#6047 = ORIENTED_EDGE('',*,*,#6048,.F.);
#6048 = EDGE_CURVE('',#195,#443,#6049,.T.);
#6049 = LINE('',#6050,#6051);
#6050 = CARTESIAN_POINT('',(-5.75,-3.1,19.644458292598));
#6051 = VECTOR('',#6052,1.);
#6052 = DIRECTION('',(0.,0.,-1.));
#6053 = ORIENTED_EDGE('',*,*,#218,.T.);
#6054 = ORIENTED_EDGE('',*,*,#6055,.T.);
#6055 = EDGE_CURVE('',#211,#515,#6056,.T.);
#6056 = LINE('',#6057,#6058);
#6057 = CARTESIAN_POINT('',(-5.75,-3.45,19.644458292598));
#6058 = VECTOR('',#6059,1.);
#6059 = DIRECTION('',(0.,0.,-1.));
#6060 = ORIENTED_EDGE('',*,*,#514,.F.);
#6061 = ORIENTED_EDGE('',*,*,#6010,.T.);
#6062 = PLANE('',#6063);
#6063 = AXIS2_PLACEMENT_3D('',#6064,#6065,#6066);
#6064 = CARTESIAN_POINT('',(-5.75,-3.8,0.7));
#6065 = DIRECTION('',(-1.,0.,0.));
#6066 = DIRECTION('',(0.,0.,1.));
#6067 = ADVANCED_FACE('',(#6068),#6074,.F.);
#6068 = FACE_BOUND('',#6069,.T.);
#6069 = EDGE_LOOP('',(#6070,#6071,#6072,#6073));
#6070 = ORIENTED_EDGE('',*,*,#3359,.T.);
#6071 = ORIENTED_EDGE('',*,*,#5995,.F.);
#6072 = ORIENTED_EDGE('',*,*,#490,.F.);
#6073 = ORIENTED_EDGE('',*,*,#6027,.T.);
#6074 = PLANE('',#6075);
#6075 = AXIS2_PLACEMENT_3D('',#6076,#6077,#6078);
#6076 = CARTESIAN_POINT('',(-5.75,-2.,0.7));
#6077 = DIRECTION('',(0.,1.,0.));
#6078 = DIRECTION('',(0.,-0.,1.));
#6079 = ADVANCED_FACE('',(#6080),#6105,.F.);
#6080 = FACE_BOUND('',#6081,.T.);
#6081 = EDGE_LOOP('',(#6082,#6083,#6091,#6099));
#6082 = ORIENTED_EDGE('',*,*,#3317,.T.);
#6083 = ORIENTED_EDGE('',*,*,#6084,.F.);
#6084 = EDGE_CURVE('',#6085,#3308,#6087,.T.);
#6085 = VERTEX_POINT('',#6086);
#6086 = CARTESIAN_POINT('',(-4.95,-6.05,0.7));
#6087 = LINE('',#6088,#6089);
#6088 = CARTESIAN_POINT('',(-4.95,-6.05,0.7));
#6089 = VECTOR('',#6090,1.);
#6090 = DIRECTION('',(0.,0.,-1.));
#6091 = ORIENTED_EDGE('',*,*,#6092,.F.);
#6092 = EDGE_CURVE('',#6093,#6085,#6095,.T.);
#6093 = VERTEX_POINT('',#6094);
#6094 = CARTESIAN_POINT('',(-4.95,-4.25,0.7));
#6095 = LINE('',#6096,#6097);
#6096 = CARTESIAN_POINT('',(-4.95,-4.25,0.7));
#6097 = VECTOR('',#6098,1.);
#6098 = DIRECTION('',(0.,-1.,0.));
#6099 = ORIENTED_EDGE('',*,*,#6100,.T.);
#6100 = EDGE_CURVE('',#6093,#3318,#6101,.T.);
#6101 = LINE('',#6102,#6103);
#6102 = CARTESIAN_POINT('',(-4.95,-4.25,0.7));
#6103 = VECTOR('',#6104,1.);
#6104 = DIRECTION('',(0.,0.,-1.));
#6105 = PLANE('',#6106);
#6106 = AXIS2_PLACEMENT_3D('',#6107,#6108,#6109);
#6107 = CARTESIAN_POINT('',(-4.95,-4.25,0.7));
#6108 = DIRECTION('',(1.,0.,0.));
#6109 = DIRECTION('',(0.,0.,-1.));
#6110 = ADVANCED_FACE('',(#6111),#6129,.F.);
#6111 = FACE_BOUND('',#6112,.T.);
#6112 = EDGE_LOOP('',(#6113,#6114,#6122,#6128));
#6113 = ORIENTED_EDGE('',*,*,#3307,.T.);
#6114 = ORIENTED_EDGE('',*,*,#6115,.F.);
#6115 = EDGE_CURVE('',#6116,#3310,#6118,.T.);
#6116 = VERTEX_POINT('',#6117);
#6117 = CARTESIAN_POINT('',(-5.75,-6.05,0.7));
#6118 = LINE('',#6119,#6120);
#6119 = CARTESIAN_POINT('',(-5.75,-6.05,0.7));
#6120 = VECTOR('',#6121,1.);
#6121 = DIRECTION('',(0.,0.,-1.));
#6122 = ORIENTED_EDGE('',*,*,#6123,.F.);
#6123 = EDGE_CURVE('',#6085,#6116,#6124,.T.);
#6124 = LINE('',#6125,#6126);
#6125 = CARTESIAN_POINT('',(-4.95,-6.05,0.7));
#6126 = VECTOR('',#6127,1.);
#6127 = DIRECTION('',(-1.,0.,0.));
#6128 = ORIENTED_EDGE('',*,*,#6084,.T.);
#6129 = PLANE('',#6130);
#6130 = AXIS2_PLACEMENT_3D('',#6131,#6132,#6133);
#6131 = CARTESIAN_POINT('',(-4.95,-6.05,0.7));
#6132 = DIRECTION('',(0.,-1.,0.));
#6133 = DIRECTION('',(0.,0.,-1.));
#6134 = ADVANCED_FACE('',(#6135),#6153,.F.);
#6135 = FACE_BOUND('',#6136,.T.);
#6136 = EDGE_LOOP('',(#6137,#6138,#6146,#6152));
#6137 = ORIENTED_EDGE('',*,*,#3333,.T.);
#6138 = ORIENTED_EDGE('',*,*,#6139,.F.);
#6139 = EDGE_CURVE('',#6140,#3326,#6142,.T.);
#6140 = VERTEX_POINT('',#6141);
#6141 = CARTESIAN_POINT('',(-5.75,-4.25,0.7));
#6142 = LINE('',#6143,#6144);
#6143 = CARTESIAN_POINT('',(-5.75,-4.25,0.7));
#6144 = VECTOR('',#6145,1.);
#6145 = DIRECTION('',(0.,0.,-1.));
#6146 = ORIENTED_EDGE('',*,*,#6147,.F.);
#6147 = EDGE_CURVE('',#6116,#6140,#6148,.T.);
#6148 = LINE('',#6149,#6150);
#6149 = CARTESIAN_POINT('',(-5.75,-6.05,0.7));
#6150 = VECTOR('',#6151,1.);
#6151 = DIRECTION('',(0.,1.,0.));
#6152 = ORIENTED_EDGE('',*,*,#6115,.T.);
#6153 = PLANE('',#6154);
#6154 = AXIS2_PLACEMENT_3D('',#6155,#6156,#6157);
#6155 = CARTESIAN_POINT('',(-5.75,-6.05,0.7));
#6156 = DIRECTION('',(-1.,0.,0.));
#6157 = DIRECTION('',(0.,0.,1.));
#6158 = ADVANCED_FACE('',(#6159),#6170,.F.);
#6159 = FACE_BOUND('',#6160,.T.);
#6160 = EDGE_LOOP('',(#6161,#6162,#6163,#6169));
#6161 = ORIENTED_EDGE('',*,*,#3325,.T.);
#6162 = ORIENTED_EDGE('',*,*,#6100,.F.);
#6163 = ORIENTED_EDGE('',*,*,#6164,.F.);
#6164 = EDGE_CURVE('',#6140,#6093,#6165,.T.);
#6165 = LINE('',#6166,#6167);
#6166 = CARTESIAN_POINT('',(-5.75,-4.25,0.7));
#6167 = VECTOR('',#6168,1.);
#6168 = DIRECTION('',(1.,0.,0.));
#6169 = ORIENTED_EDGE('',*,*,#6139,.T.);
#6170 = PLANE('',#6171);
#6171 = AXIS2_PLACEMENT_3D('',#6172,#6173,#6174);
#6172 = CARTESIAN_POINT('',(-5.75,-4.25,0.7));
#6173 = DIRECTION('',(0.,1.,0.));
#6174 = DIRECTION('',(0.,-0.,1.));
#6175 = ADVANCED_FACE('',(#6176),#6182,.T.);
#6176 = FACE_BOUND('',#6177,.T.);
#6177 = EDGE_LOOP('',(#6178,#6179,#6180,#6181));
#6178 = ORIENTED_EDGE('',*,*,#6092,.T.);
#6179 = ORIENTED_EDGE('',*,*,#6123,.T.);
#6180 = ORIENTED_EDGE('',*,*,#6147,.T.);
#6181 = ORIENTED_EDGE('',*,*,#6164,.T.);
#6182 = PLANE('',#6183);
#6183 = AXIS2_PLACEMENT_3D('',#6184,#6185,#6186);
#6184 = CARTESIAN_POINT('',(0.,0.,0.7));
#6185 = DIRECTION('',(0.,0.,-1.));
#6186 = DIRECTION('',(-1.,0.,0.));
#6187 = ADVANCED_FACE('',(#6188),#6199,.T.);
#6188 = FACE_BOUND('',#6189,.T.);
#6189 = EDGE_LOOP('',(#6190,#6191,#6192,#6193));
#6190 = ORIENTED_EDGE('',*,*,#284,.T.);
#6191 = ORIENTED_EDGE('',*,*,#6034,.T.);
#6192 = ORIENTED_EDGE('',*,*,#474,.F.);
#6193 = ORIENTED_EDGE('',*,*,#6194,.F.);
#6194 = EDGE_CURVE('',#285,#467,#6195,.T.);
#6195 = LINE('',#6196,#6197);
#6196 = CARTESIAN_POINT('',(-5.6,-2.35,19.644458292598));
#6197 = VECTOR('',#6198,1.);
#6198 = DIRECTION('',(0.,0.,-1.));
#6199 = PLANE('',#6200);
#6200 = AXIS2_PLACEMENT_3D('',#6201,#6202,#6203);
#6201 = CARTESIAN_POINT('',(-5.6,-2.35,19.644458292598));
#6202 = DIRECTION('',(0.,-1.,0.));
#6203 = DIRECTION('',(0.,0.,-1.));
#6204 = ADVANCED_FACE('',(#6205),#6216,.T.);
#6205 = FACE_BOUND('',#6206,.T.);
#6206 = EDGE_LOOP('',(#6207,#6208,#6214,#6215));
#6207 = ORIENTED_EDGE('',*,*,#302,.T.);
#6208 = ORIENTED_EDGE('',*,*,#6209,.T.);
#6209 = EDGE_CURVE('',#295,#459,#6210,.T.);
#6210 = LINE('',#6211,#6212);
#6211 = CARTESIAN_POINT('',(-5.6,-2.7,19.644458292598));
#6212 = VECTOR('',#6213,1.);
#6213 = DIRECTION('',(0.,0.,-1.));
#6214 = ORIENTED_EDGE('',*,*,#458,.F.);
#6215 = ORIENTED_EDGE('',*,*,#6041,.F.);
#6216 = PLANE('',#6217);
#6217 = AXIS2_PLACEMENT_3D('',#6218,#6219,#6220);
#6218 = CARTESIAN_POINT('',(-5.75,-2.7,19.644458292598));
#6219 = DIRECTION('',(1.807003620809E-16,1.,0.));
#6220 = DIRECTION('',(-1.,1.807003620809E-16,0.));
#6221 = ADVANCED_FACE('',(#6222),#6228,.T.);
#6222 = FACE_BOUND('',#6223,.T.);
#6223 = EDGE_LOOP('',(#6224,#6225,#6226,#6227));
#6224 = ORIENTED_EDGE('',*,*,#294,.T.);
#6225 = ORIENTED_EDGE('',*,*,#6194,.T.);
#6226 = ORIENTED_EDGE('',*,*,#466,.F.);
#6227 = ORIENTED_EDGE('',*,*,#6209,.F.);
#6228 = PLANE('',#6229);
#6229 = AXIS2_PLACEMENT_3D('',#6230,#6231,#6232);
#6230 = CARTESIAN_POINT('',(-5.6,-2.7,19.644458292598));
#6231 = DIRECTION('',(-1.,1.548860246408E-16,0.));
#6232 = DIRECTION('',(-1.548860246408E-16,-1.,0.));
#6233 = ADVANCED_FACE('',(#6234),#6245,.T.);
#6234 = FACE_BOUND('',#6235,.T.);
#6235 = EDGE_LOOP('',(#6236,#6237,#6238,#6239));
#6236 = ORIENTED_EDGE('',*,*,#192,.T.);
#6237 = ORIENTED_EDGE('',*,*,#6048,.T.);
#6238 = ORIENTED_EDGE('',*,*,#442,.F.);
#6239 = ORIENTED_EDGE('',*,*,#6240,.F.);
#6240 = EDGE_CURVE('',#193,#435,#6241,.T.);
#6241 = LINE('',#6242,#6243);
#6242 = CARTESIAN_POINT('',(-5.6,-3.1,19.644458292598));
#6243 = VECTOR('',#6244,1.);
#6244 = DIRECTION('',(0.,0.,-1.));
#6245 = PLANE('',#6246);
#6246 = AXIS2_PLACEMENT_3D('',#6247,#6248,#6249);
#6247 = CARTESIAN_POINT('',(-5.6,-3.1,19.644458292598));
#6248 = DIRECTION('',(0.,-1.,0.));
#6249 = DIRECTION('',(0.,0.,-1.));
#6250 = ADVANCED_FACE('',(#6251),#6262,.T.);
#6251 = FACE_BOUND('',#6252,.T.);
#6252 = EDGE_LOOP('',(#6253,#6254,#6260,#6261));
#6253 = ORIENTED_EDGE('',*,*,#210,.T.);
#6254 = ORIENTED_EDGE('',*,*,#6255,.T.);
#6255 = EDGE_CURVE('',#203,#433,#6256,.T.);
#6256 = LINE('',#6257,#6258);
#6257 = CARTESIAN_POINT('',(-5.6,-3.45,19.644458292598));
#6258 = VECTOR('',#6259,1.);
#6259 = DIRECTION('',(0.,0.,-1.));
#6260 = ORIENTED_EDGE('',*,*,#522,.F.);
#6261 = ORIENTED_EDGE('',*,*,#6055,.F.);
#6262 = PLANE('',#6263);
#6263 = AXIS2_PLACEMENT_3D('',#6264,#6265,#6266);
#6264 = CARTESIAN_POINT('',(-5.75,-3.45,19.644458292598));
#6265 = DIRECTION('',(0.,1.,0.));
#6266 = DIRECTION('',(0.,-0.,1.));
#6267 = ADVANCED_FACE('',(#6268),#6274,.T.);
#6268 = FACE_BOUND('',#6269,.T.);
#6269 = EDGE_LOOP('',(#6270,#6271,#6272,#6273));
#6270 = ORIENTED_EDGE('',*,*,#202,.T.);
#6271 = ORIENTED_EDGE('',*,*,#6240,.T.);
#6272 = ORIENTED_EDGE('',*,*,#432,.F.);
#6273 = ORIENTED_EDGE('',*,*,#6255,.F.);
#6274 = PLANE('',#6275);
#6275 = AXIS2_PLACEMENT_3D('',#6276,#6277,#6278);
#6276 = CARTESIAN_POINT('',(-5.6,-3.45,19.644458292598));
#6277 = DIRECTION('',(-1.,1.548860246408E-16,0.));
#6278 = DIRECTION('',(-1.548860246408E-16,-1.,0.));
#6279 = ADVANCED_FACE('',(#6280),#6298,.F.);
#6280 = FACE_BOUND('',#6281,.T.);
#6281 = EDGE_LOOP('',(#6282,#6283,#6291,#6297));
#6282 = ORIENTED_EDGE('',*,*,#3591,.T.);
#6283 = ORIENTED_EDGE('',*,*,#6284,.F.);
#6284 = EDGE_CURVE('',#6285,#3584,#6287,.T.);
#6285 = VERTEX_POINT('',#6286);
#6286 = CARTESIAN_POINT('',(6.,4.35,0.15));
#6287 = LINE('',#6288,#6289);
#6288 = CARTESIAN_POINT('',(6.,4.35,0.15));
#6289 = VECTOR('',#6290,1.);
#6290 = DIRECTION('',(0.,0.,-1.));
#6291 = ORIENTED_EDGE('',*,*,#6292,.F.);
#6292 = EDGE_CURVE('',#4097,#6285,#6293,.T.);
#6293 = LINE('',#6294,#6295);
#6294 = CARTESIAN_POINT('',(6.,4.35,0.15));
#6295 = VECTOR('',#6296,1.);
#6296 = DIRECTION('',(-1.,0.,0.));
#6297 = ORIENTED_EDGE('',*,*,#4096,.T.);
#6298 = PLANE('',#6299);
#6299 = AXIS2_PLACEMENT_3D('',#6300,#6301,#6302);
#6300 = CARTESIAN_POINT('',(6.,4.35,0.15));
#6301 = DIRECTION('',(0.,-1.,0.));
#6302 = DIRECTION('',(0.,0.,-1.));
#6303 = ADVANCED_FACE('',(#6304),#6322,.F.);
#6304 = FACE_BOUND('',#6305,.T.);
#6305 = EDGE_LOOP('',(#6306,#6307,#6315,#6321));
#6306 = ORIENTED_EDGE('',*,*,#3583,.T.);
#6307 = ORIENTED_EDGE('',*,*,#6308,.F.);
#6308 = EDGE_CURVE('',#6309,#3576,#6311,.T.);
#6309 = VERTEX_POINT('',#6310);
#6310 = CARTESIAN_POINT('',(6.,6.45,0.15));
#6311 = LINE('',#6312,#6313);
#6312 = CARTESIAN_POINT('',(6.,6.45,0.15));
#6313 = VECTOR('',#6314,1.);
#6314 = DIRECTION('',(0.,0.,-1.));
#6315 = ORIENTED_EDGE('',*,*,#6316,.F.);
#6316 = EDGE_CURVE('',#6285,#6309,#6317,.T.);
#6317 = LINE('',#6318,#6319);
#6318 = CARTESIAN_POINT('',(6.,4.35,0.15));
#6319 = VECTOR('',#6320,1.);
#6320 = DIRECTION('',(0.,1.,0.));
#6321 = ORIENTED_EDGE('',*,*,#6284,.T.);
#6322 = PLANE('',#6323);
#6323 = AXIS2_PLACEMENT_3D('',#6324,#6325,#6326);
#6324 = CARTESIAN_POINT('',(6.,4.35,0.15));
#6325 = DIRECTION('',(-1.,0.,0.));
#6326 = DIRECTION('',(0.,0.,1.));
#6327 = ADVANCED_FACE('',(#6328),#6339,.F.);
#6328 = FACE_BOUND('',#6329,.T.);
#6329 = EDGE_LOOP('',(#6330,#6331,#6332,#6338));
#6330 = ORIENTED_EDGE('',*,*,#3575,.T.);
#6331 = ORIENTED_EDGE('',*,*,#4112,.F.);
#6332 = ORIENTED_EDGE('',*,*,#6333,.F.);
#6333 = EDGE_CURVE('',#6309,#4105,#6334,.T.);
#6334 = LINE('',#6335,#6336);
#6335 = CARTESIAN_POINT('',(6.6,6.45,0.15));
#6336 = VECTOR('',#6337,1.);
#6337 = DIRECTION('',(1.,0.,0.));
#6338 = ORIENTED_EDGE('',*,*,#6308,.T.);
#6339 = PLANE('',#6340);
#6340 = AXIS2_PLACEMENT_3D('',#6341,#6342,#6343);
#6341 = CARTESIAN_POINT('',(6.6,6.45,0.15));
#6342 = DIRECTION('',(0.,1.,0.));
#6343 = DIRECTION('',(0.,-0.,1.));
#6344 = ADVANCED_FACE('',(#6345,#6379),#6385,.T.);
#6345 = FACE_BOUND('',#6346,.T.);
#6346 = EDGE_LOOP('',(#6347,#6357,#6365,#6373));
#6347 = ORIENTED_EDGE('',*,*,#6348,.F.);
#6348 = EDGE_CURVE('',#6349,#6351,#6353,.T.);
#6349 = VERTEX_POINT('',#6350);
#6350 = CARTESIAN_POINT('',(6.4,4.7,0.15));
#6351 = VERTEX_POINT('',#6352);
#6352 = CARTESIAN_POINT('',(6.25,4.7,0.15));
#6353 = LINE('',#6354,#6355);
#6354 = CARTESIAN_POINT('',(6.4,4.7,0.15));
#6355 = VECTOR('',#6356,1.);
#6356 = DIRECTION('',(-1.,0.,0.));
#6357 = ORIENTED_EDGE('',*,*,#6358,.F.);
#6358 = EDGE_CURVE('',#6359,#6349,#6361,.T.);
#6359 = VERTEX_POINT('',#6360);
#6360 = CARTESIAN_POINT('',(6.4,6.1,0.15));
#6361 = LINE('',#6362,#6363);
#6362 = CARTESIAN_POINT('',(6.4,6.1,0.15));
#6363 = VECTOR('',#6364,1.);
#6364 = DIRECTION('',(0.,-1.,0.));
#6365 = ORIENTED_EDGE('',*,*,#6366,.F.);
#6366 = EDGE_CURVE('',#6367,#6359,#6369,.T.);
#6367 = VERTEX_POINT('',#6368);
#6368 = CARTESIAN_POINT('',(6.25,6.1,0.15));
#6369 = LINE('',#6370,#6371);
#6370 = CARTESIAN_POINT('',(6.25,6.1,0.15));
#6371 = VECTOR('',#6372,1.);
#6372 = DIRECTION('',(1.,0.,0.));
#6373 = ORIENTED_EDGE('',*,*,#6374,.F.);
#6374 = EDGE_CURVE('',#6351,#6367,#6375,.T.);
#6375 = LINE('',#6376,#6377);
#6376 = CARTESIAN_POINT('',(6.25,4.7,0.15));
#6377 = VECTOR('',#6378,1.);
#6378 = DIRECTION('',(1.210047067506E-16,1.,0.));
#6379 = FACE_BOUND('',#6380,.T.);
#6380 = EDGE_LOOP('',(#6381,#6382,#6383,#6384));
#6381 = ORIENTED_EDGE('',*,*,#6292,.T.);
#6382 = ORIENTED_EDGE('',*,*,#6316,.T.);
#6383 = ORIENTED_EDGE('',*,*,#6333,.T.);
#6384 = ORIENTED_EDGE('',*,*,#4104,.T.);
#6385 = PLANE('',#6386);
#6386 = AXIS2_PLACEMENT_3D('',#6387,#6388,#6389);
#6387 = CARTESIAN_POINT('',(0.,0.,0.15));
#6388 = DIRECTION('',(0.,0.,-1.));
#6389 = DIRECTION('',(-1.,0.,0.));
#6390 = ADVANCED_FACE('',(#6391),#6402,.F.);
#6391 = FACE_BOUND('',#6392,.T.);
#6392 = EDGE_LOOP('',(#6393,#6394,#6400,#6401));
#6393 = ORIENTED_EDGE('',*,*,#3520,.T.);
#6394 = ORIENTED_EDGE('',*,*,#6395,.F.);
#6395 = EDGE_CURVE('',#129,#3513,#6396,.T.);
#6396 = LINE('',#6397,#6398);
#6397 = CARTESIAN_POINT('',(-6.,6.45,0.15));
#6398 = VECTOR('',#6399,1.);
#6399 = DIRECTION('',(0.,0.,-1.));
#6400 = ORIENTED_EDGE('',*,*,#128,.F.);
#6401 = ORIENTED_EDGE('',*,*,#3876,.T.);
#6402 = PLANE('',#6403);
#6403 = AXIS2_PLACEMENT_3D('',#6404,#6405,#6406);
#6404 = CARTESIAN_POINT('',(-6.6,6.45,0.15));
#6405 = DIRECTION('',(0.,1.,0.));
#6406 = DIRECTION('',(0.,-0.,1.));
#6407 = ADVANCED_FACE('',(#6408),#6419,.F.);
#6408 = FACE_BOUND('',#6409,.T.);
#6409 = EDGE_LOOP('',(#6410,#6411,#6417,#6418));
#6410 = ORIENTED_EDGE('',*,*,#3512,.T.);
#6411 = ORIENTED_EDGE('',*,*,#6412,.F.);
#6412 = EDGE_CURVE('',#137,#3505,#6413,.T.);
#6413 = LINE('',#6414,#6415);
#6414 = CARTESIAN_POINT('',(-6.,4.35,0.15));
#6415 = VECTOR('',#6416,1.);
#6416 = DIRECTION('',(0.,0.,-1.));
#6417 = ORIENTED_EDGE('',*,*,#136,.F.);
#6418 = ORIENTED_EDGE('',*,*,#6395,.T.);
#6419 = PLANE('',#6420);
#6420 = AXIS2_PLACEMENT_3D('',#6421,#6422,#6423);
#6421 = CARTESIAN_POINT('',(-6.,6.45,0.15));
#6422 = DIRECTION('',(1.,0.,0.));
#6423 = DIRECTION('',(0.,0.,-1.));
#6424 = ADVANCED_FACE('',(#6425),#6431,.F.);
#6425 = FACE_BOUND('',#6426,.T.);
#6426 = EDGE_LOOP('',(#6427,#6428,#6429,#6430));
#6427 = ORIENTED_EDGE('',*,*,#3504,.T.);
#6428 = ORIENTED_EDGE('',*,*,#3883,.F.);
#6429 = ORIENTED_EDGE('',*,*,#144,.F.);
#6430 = ORIENTED_EDGE('',*,*,#6412,.T.);
#6431 = PLANE('',#6432);
#6432 = AXIS2_PLACEMENT_3D('',#6433,#6434,#6435);
#6433 = CARTESIAN_POINT('',(-6.,4.35,0.15));
#6434 = DIRECTION('',(0.,-1.,0.));
#6435 = DIRECTION('',(0.,0.,-1.));
#6436 = ADVANCED_FACE('',(#6437),#6455,.F.);
#6437 = FACE_BOUND('',#6438,.T.);
#6438 = EDGE_LOOP('',(#6439,#6440,#6448,#6454));
#6439 = ORIENTED_EDGE('',*,*,#3655,.T.);
#6440 = ORIENTED_EDGE('',*,*,#6441,.F.);
#6441 = EDGE_CURVE('',#6442,#3648,#6444,.T.);
#6442 = VERTEX_POINT('',#6443);
#6443 = CARTESIAN_POINT('',(6.,-3.95,0.15));
#6444 = LINE('',#6445,#6446);
#6445 = CARTESIAN_POINT('',(6.,-3.95,0.15));
#6446 = VECTOR('',#6447,1.);
#6447 = DIRECTION('',(0.,0.,-1.));
#6448 = ORIENTED_EDGE('',*,*,#6449,.F.);
#6449 = EDGE_CURVE('',#3994,#6442,#6450,.T.);
#6450 = LINE('',#6451,#6452);
#6451 = CARTESIAN_POINT('',(6.6,-3.95,0.15));
#6452 = VECTOR('',#6453,1.);
#6453 = DIRECTION('',(-1.,0.,0.));
#6454 = ORIENTED_EDGE('',*,*,#3993,.T.);
#6455 = PLANE('',#6456);
#6456 = AXIS2_PLACEMENT_3D('',#6457,#6458,#6459);
#6457 = CARTESIAN_POINT('',(6.6,-3.95,0.15));
#6458 = DIRECTION('',(0.,-1.,0.));
#6459 = DIRECTION('',(0.,0.,-1.));
#6460 = ADVANCED_FACE('',(#6461),#6479,.F.);
#6461 = FACE_BOUND('',#6462,.T.);
#6462 = EDGE_LOOP('',(#6463,#6464,#6472,#6478));
#6463 = ORIENTED_EDGE('',*,*,#3647,.T.);
#6464 = ORIENTED_EDGE('',*,*,#6465,.F.);
#6465 = EDGE_CURVE('',#6466,#3640,#6468,.T.);
#6466 = VERTEX_POINT('',#6467);
#6467 = CARTESIAN_POINT('',(6.,-1.85,0.15));
#6468 = LINE('',#6469,#6470);
#6469 = CARTESIAN_POINT('',(6.,-1.85,0.15));
#6470 = VECTOR('',#6471,1.);
#6471 = DIRECTION('',(0.,0.,-1.));
#6472 = ORIENTED_EDGE('',*,*,#6473,.F.);
#6473 = EDGE_CURVE('',#6442,#6466,#6474,.T.);
#6474 = LINE('',#6475,#6476);
#6475 = CARTESIAN_POINT('',(6.,-3.95,0.15));
#6476 = VECTOR('',#6477,1.);
#6477 = DIRECTION('',(0.,1.,0.));
#6478 = ORIENTED_EDGE('',*,*,#6441,.T.);
#6479 = PLANE('',#6480);
#6480 = AXIS2_PLACEMENT_3D('',#6481,#6482,#6483);
#6481 = CARTESIAN_POINT('',(6.,-3.95,0.15));
#6482 = DIRECTION('',(-1.,0.,0.));
#6483 = DIRECTION('',(0.,0.,1.));
#6484 = ADVANCED_FACE('',(#6485),#6496,.F.);
#6485 = FACE_BOUND('',#6486,.T.);
#6486 = EDGE_LOOP('',(#6487,#6488,#6489,#6495));
#6487 = ORIENTED_EDGE('',*,*,#3639,.T.);
#6488 = ORIENTED_EDGE('',*,*,#4009,.F.);
#6489 = ORIENTED_EDGE('',*,*,#6490,.F.);
#6490 = EDGE_CURVE('',#6466,#4002,#6491,.T.);
#6491 = LINE('',#6492,#6493);
#6492 = CARTESIAN_POINT('',(6.,-1.85,0.15));
#6493 = VECTOR('',#6494,1.);
#6494 = DIRECTION('',(1.,0.,0.));
#6495 = ORIENTED_EDGE('',*,*,#6465,.T.);
#6496 = PLANE('',#6497);
#6497 = AXIS2_PLACEMENT_3D('',#6498,#6499,#6500);
#6498 = CARTESIAN_POINT('',(6.,-1.85,0.15));
#6499 = DIRECTION('',(0.,1.,0.));
#6500 = DIRECTION('',(0.,-0.,1.));
#6501 = ADVANCED_FACE('',(#6502,#6536),#6542,.T.);
#6502 = FACE_BOUND('',#6503,.T.);
#6503 = EDGE_LOOP('',(#6504,#6514,#6522,#6530));
#6504 = ORIENTED_EDGE('',*,*,#6505,.F.);
#6505 = EDGE_CURVE('',#6506,#6508,#6510,.T.);
#6506 = VERTEX_POINT('',#6507);
#6507 = CARTESIAN_POINT('',(6.4,-3.6,0.15));
#6508 = VERTEX_POINT('',#6509);
#6509 = CARTESIAN_POINT('',(6.25,-3.6,0.15));
#6510 = LINE('',#6511,#6512);
#6511 = CARTESIAN_POINT('',(6.4,-3.6,0.15));
#6512 = VECTOR('',#6513,1.);
#6513 = DIRECTION('',(-1.,0.,0.));
#6514 = ORIENTED_EDGE('',*,*,#6515,.F.);
#6515 = EDGE_CURVE('',#6516,#6506,#6518,.T.);
#6516 = VERTEX_POINT('',#6517);
#6517 = CARTESIAN_POINT('',(6.4,-2.2,0.15));
#6518 = LINE('',#6519,#6520);
#6519 = CARTESIAN_POINT('',(6.4,-2.2,0.15));
#6520 = VECTOR('',#6521,1.);
#6521 = DIRECTION('',(0.,-1.,0.));
#6522 = ORIENTED_EDGE('',*,*,#6523,.F.);
#6523 = EDGE_CURVE('',#6524,#6516,#6526,.T.);
#6524 = VERTEX_POINT('',#6525);
#6525 = CARTESIAN_POINT('',(6.25,-2.2,0.15));
#6526 = LINE('',#6527,#6528);
#6527 = CARTESIAN_POINT('',(6.25,-2.2,0.15));
#6528 = VECTOR('',#6529,1.);
#6529 = DIRECTION('',(1.,0.,0.));
#6530 = ORIENTED_EDGE('',*,*,#6531,.F.);
#6531 = EDGE_CURVE('',#6508,#6524,#6532,.T.);
#6532 = LINE('',#6533,#6534);
#6533 = CARTESIAN_POINT('',(6.25,-3.6,0.15));
#6534 = VECTOR('',#6535,1.);
#6535 = DIRECTION('',(0.,1.,0.));
#6536 = FACE_BOUND('',#6537,.T.);
#6537 = EDGE_LOOP('',(#6538,#6539,#6540,#6541));
#6538 = ORIENTED_EDGE('',*,*,#4001,.T.);
#6539 = ORIENTED_EDGE('',*,*,#6449,.T.);
#6540 = ORIENTED_EDGE('',*,*,#6473,.T.);
#6541 = ORIENTED_EDGE('',*,*,#6490,.T.);
#6542 = PLANE('',#6543);
#6543 = AXIS2_PLACEMENT_3D('',#6544,#6545,#6546);
#6544 = CARTESIAN_POINT('',(0.,0.,0.15));
#6545 = DIRECTION('',(0.,0.,-1.));
#6546 = DIRECTION('',(-1.,0.,0.));
#6547 = ADVANCED_FACE('',(#6548),#6564,.F.);
#6548 = FACE_BOUND('',#6549,.T.);
#6549 = EDGE_LOOP('',(#6550,#6551,#6557,#6558));
#6550 = ORIENTED_EDGE('',*,*,#3457,.T.);
#6551 = ORIENTED_EDGE('',*,*,#6552,.F.);
#6552 = EDGE_CURVE('',#361,#3450,#6553,.T.);
#6553 = LINE('',#6554,#6555);
#6554 = CARTESIAN_POINT('',(-6.,-3.95,0.15));
#6555 = VECTOR('',#6556,1.);
#6556 = DIRECTION('',(0.,0.,-1.));
#6557 = ORIENTED_EDGE('',*,*,#358,.F.);
#6558 = ORIENTED_EDGE('',*,*,#6559,.T.);
#6559 = EDGE_CURVE('',#359,#3458,#6560,.T.);
#6560 = LINE('',#6561,#6562);
#6561 = CARTESIAN_POINT('',(-6.,-1.85,0.15));
#6562 = VECTOR('',#6563,1.);
#6563 = DIRECTION('',(0.,0.,-1.));
#6564 = PLANE('',#6565);
#6565 = AXIS2_PLACEMENT_3D('',#6566,#6567,#6568);
#6566 = CARTESIAN_POINT('',(-6.,-1.85,0.15));
#6567 = DIRECTION('',(1.,0.,0.));
#6568 = DIRECTION('',(0.,0.,-1.));
#6569 = ADVANCED_FACE('',(#6570),#6576,.F.);
#6570 = FACE_BOUND('',#6571,.T.);
#6571 = EDGE_LOOP('',(#6572,#6573,#6574,#6575));
#6572 = ORIENTED_EDGE('',*,*,#3449,.T.);
#6573 = ORIENTED_EDGE('',*,*,#3145,.F.);
#6574 = ORIENTED_EDGE('',*,*,#368,.F.);
#6575 = ORIENTED_EDGE('',*,*,#6552,.T.);
#6576 = PLANE('',#6577);
#6577 = AXIS2_PLACEMENT_3D('',#6578,#6579,#6580);
#6578 = CARTESIAN_POINT('',(-6.,-3.95,0.15));
#6579 = DIRECTION('',(0.,-1.,0.));
#6580 = DIRECTION('',(0.,0.,-1.));
#6581 = ADVANCED_FACE('',(#6582),#6588,.F.);
#6582 = FACE_BOUND('',#6583,.T.);
#6583 = EDGE_LOOP('',(#6584,#6585,#6586,#6587));
#6584 = ORIENTED_EDGE('',*,*,#3465,.T.);
#6585 = ORIENTED_EDGE('',*,*,#6559,.F.);
#6586 = ORIENTED_EDGE('',*,*,#384,.F.);
#6587 = ORIENTED_EDGE('',*,*,#3293,.T.);
#6588 = PLANE('',#6589);
#6589 = AXIS2_PLACEMENT_3D('',#6590,#6591,#6592);
#6590 = CARTESIAN_POINT('',(-6.6,-1.85,0.15));
#6591 = DIRECTION('',(0.,1.,0.));
#6592 = DIRECTION('',(0.,-0.,1.));
#6593 = ADVANCED_FACE('',(#6594),#6619,.F.);
#6594 = FACE_BOUND('',#6595,.T.);
#6595 = EDGE_LOOP('',(#6596,#6604,#6612,#6618));
#6596 = ORIENTED_EDGE('',*,*,#6597,.F.);
#6597 = EDGE_CURVE('',#6598,#6351,#6600,.T.);
#6598 = VERTEX_POINT('',#6599);
#6599 = CARTESIAN_POINT('',(6.25,4.7,0.65));
#6600 = LINE('',#6601,#6602);
#6601 = CARTESIAN_POINT('',(6.25,4.7,1.15));
#6602 = VECTOR('',#6603,1.);
#6603 = DIRECTION('',(0.,0.,-1.));
#6604 = ORIENTED_EDGE('',*,*,#6605,.T.);
#6605 = EDGE_CURVE('',#6598,#6606,#6608,.T.);
#6606 = VERTEX_POINT('',#6607);
#6607 = CARTESIAN_POINT('',(6.4,4.7,0.65));
#6608 = LINE('',#6609,#6610);
#6609 = CARTESIAN_POINT('',(6.4,4.7,0.65));
#6610 = VECTOR('',#6611,1.);
#6611 = DIRECTION('',(1.,0.,0.));
#6612 = ORIENTED_EDGE('',*,*,#6613,.T.);
#6613 = EDGE_CURVE('',#6606,#6349,#6614,.T.);
#6614 = LINE('',#6615,#6616);
#6615 = CARTESIAN_POINT('',(6.4,4.7,1.15));
#6616 = VECTOR('',#6617,1.);
#6617 = DIRECTION('',(0.,0.,-1.));
#6618 = ORIENTED_EDGE('',*,*,#6348,.T.);
#6619 = PLANE('',#6620);
#6620 = AXIS2_PLACEMENT_3D('',#6621,#6622,#6623);
#6621 = CARTESIAN_POINT('',(6.4,4.7,1.15));
#6622 = DIRECTION('',(0.,-1.,0.));
#6623 = DIRECTION('',(0.,0.,-1.));
#6624 = ADVANCED_FACE('',(#6625),#6675,.F.);
#6625 = FACE_BOUND('',#6626,.T.);
#6626 = EDGE_LOOP('',(#6627,#6635,#6643,#6651,#6659,#6667,#6673,#6674));
#6627 = ORIENTED_EDGE('',*,*,#6628,.F.);
#6628 = EDGE_CURVE('',#6629,#6367,#6631,.T.);
#6629 = VERTEX_POINT('',#6630);
#6630 = CARTESIAN_POINT('',(6.25,6.1,0.65));
#6631 = LINE('',#6632,#6633);
#6632 = CARTESIAN_POINT('',(6.25,6.1,1.15));
#6633 = VECTOR('',#6634,1.);
#6634 = DIRECTION('',(0.,0.,-1.));
#6635 = ORIENTED_EDGE('',*,*,#6636,.T.);
#6636 = EDGE_CURVE('',#6629,#6637,#6639,.T.);
#6637 = VERTEX_POINT('',#6638);
#6638 = CARTESIAN_POINT('',(6.25,6.4,0.65));
#6639 = LINE('',#6640,#6641);
#6640 = CARTESIAN_POINT('',(6.25,4.4,0.65));
#6641 = VECTOR('',#6642,1.);
#6642 = DIRECTION('',(0.,1.,0.));
#6643 = ORIENTED_EDGE('',*,*,#6644,.T.);
#6644 = EDGE_CURVE('',#6637,#6645,#6647,.T.);
#6645 = VERTEX_POINT('',#6646);
#6646 = CARTESIAN_POINT('',(6.25,6.4,1.15));
#6647 = LINE('',#6648,#6649);
#6648 = CARTESIAN_POINT('',(6.25,6.4,0.65));
#6649 = VECTOR('',#6650,1.);
#6650 = DIRECTION('',(0.,0.,1.));
#6651 = ORIENTED_EDGE('',*,*,#6652,.F.);
#6652 = EDGE_CURVE('',#6653,#6645,#6655,.T.);
#6653 = VERTEX_POINT('',#6654);
#6654 = CARTESIAN_POINT('',(6.25,4.4,1.15));
#6655 = LINE('',#6656,#6657);
#6656 = CARTESIAN_POINT('',(6.25,4.7,1.15));
#6657 = VECTOR('',#6658,1.);
#6658 = DIRECTION('',(1.210047067506E-16,1.,0.));
#6659 = ORIENTED_EDGE('',*,*,#6660,.F.);
#6660 = EDGE_CURVE('',#6661,#6653,#6663,.T.);
#6661 = VERTEX_POINT('',#6662);
#6662 = CARTESIAN_POINT('',(6.25,4.4,0.65));
#6663 = LINE('',#6664,#6665);
#6664 = CARTESIAN_POINT('',(6.25,4.4,0.65));
#6665 = VECTOR('',#6666,1.);
#6666 = DIRECTION('',(0.,0.,1.));
#6667 = ORIENTED_EDGE('',*,*,#6668,.T.);
#6668 = EDGE_CURVE('',#6661,#6598,#6669,.T.);
#6669 = LINE('',#6670,#6671);
#6670 = CARTESIAN_POINT('',(6.25,4.4,0.65));
#6671 = VECTOR('',#6672,1.);
#6672 = DIRECTION('',(0.,1.,0.));
#6673 = ORIENTED_EDGE('',*,*,#6597,.T.);
#6674 = ORIENTED_EDGE('',*,*,#6374,.T.);
#6675 = PLANE('',#6676);
#6676 = AXIS2_PLACEMENT_3D('',#6677,#6678,#6679);
#6677 = CARTESIAN_POINT('',(6.25,4.7,1.15));
#6678 = DIRECTION('',(-1.,1.210047067506E-16,0.));
#6679 = DIRECTION('',(-1.210047067506E-16,-1.,0.));
#6680 = ADVANCED_FACE('',(#6681),#6699,.F.);
#6681 = FACE_BOUND('',#6682,.T.);
#6682 = EDGE_LOOP('',(#6683,#6691,#6697,#6698));
#6683 = ORIENTED_EDGE('',*,*,#6684,.F.);
#6684 = EDGE_CURVE('',#6685,#6359,#6687,.T.);
#6685 = VERTEX_POINT('',#6686);
#6686 = CARTESIAN_POINT('',(6.4,6.1,0.65));
#6687 = LINE('',#6688,#6689);
#6688 = CARTESIAN_POINT('',(6.4,6.1,1.15));
#6689 = VECTOR('',#6690,1.);
#6690 = DIRECTION('',(0.,0.,-1.));
#6691 = ORIENTED_EDGE('',*,*,#6692,.T.);
#6692 = EDGE_CURVE('',#6685,#6629,#6693,.T.);
#6693 = LINE('',#6694,#6695);
#6694 = CARTESIAN_POINT('',(6.25,6.1,0.65));
#6695 = VECTOR('',#6696,1.);
#6696 = DIRECTION('',(-1.,0.,0.));
#6697 = ORIENTED_EDGE('',*,*,#6628,.T.);
#6698 = ORIENTED_EDGE('',*,*,#6366,.T.);
#6699 = PLANE('',#6700);
#6700 = AXIS2_PLACEMENT_3D('',#6701,#6702,#6703);
#6701 = CARTESIAN_POINT('',(6.25,6.1,1.15));
#6702 = DIRECTION('',(0.,1.,0.));
#6703 = DIRECTION('',(0.,-0.,1.));
#6704 = ADVANCED_FACE('',(#6705),#6748,.F.);
#6705 = FACE_BOUND('',#6706,.T.);
#6706 = EDGE_LOOP('',(#6707,#6708,#6716,#6724,#6732,#6740,#6746,#6747));
#6707 = ORIENTED_EDGE('',*,*,#6613,.F.);
#6708 = ORIENTED_EDGE('',*,*,#6709,.T.);
#6709 = EDGE_CURVE('',#6606,#6710,#6712,.T.);
#6710 = VERTEX_POINT('',#6711);
#6711 = CARTESIAN_POINT('',(6.4,4.4,0.65));
#6712 = LINE('',#6713,#6714);
#6713 = CARTESIAN_POINT('',(6.4,6.4,0.65));
#6714 = VECTOR('',#6715,1.);
#6715 = DIRECTION('',(0.,-1.,0.));
#6716 = ORIENTED_EDGE('',*,*,#6717,.T.);
#6717 = EDGE_CURVE('',#6710,#6718,#6720,.T.);
#6718 = VERTEX_POINT('',#6719);
#6719 = CARTESIAN_POINT('',(6.4,4.4,1.15));
#6720 = LINE('',#6721,#6722);
#6721 = CARTESIAN_POINT('',(6.4,4.4,0.65));
#6722 = VECTOR('',#6723,1.);
#6723 = DIRECTION('',(0.,0.,1.));
#6724 = ORIENTED_EDGE('',*,*,#6725,.F.);
#6725 = EDGE_CURVE('',#6726,#6718,#6728,.T.);
#6726 = VERTEX_POINT('',#6727);
#6727 = CARTESIAN_POINT('',(6.4,6.4,1.15));
#6728 = LINE('',#6729,#6730);
#6729 = CARTESIAN_POINT('',(6.4,6.1,1.15));
#6730 = VECTOR('',#6731,1.);
#6731 = DIRECTION('',(0.,-1.,0.));
#6732 = ORIENTED_EDGE('',*,*,#6733,.F.);
#6733 = EDGE_CURVE('',#6734,#6726,#6736,.T.);
#6734 = VERTEX_POINT('',#6735);
#6735 = CARTESIAN_POINT('',(6.4,6.4,0.65));
#6736 = LINE('',#6737,#6738);
#6737 = CARTESIAN_POINT('',(6.4,6.4,0.65));
#6738 = VECTOR('',#6739,1.);
#6739 = DIRECTION('',(0.,0.,1.));
#6740 = ORIENTED_EDGE('',*,*,#6741,.T.);
#6741 = EDGE_CURVE('',#6734,#6685,#6742,.T.);
#6742 = LINE('',#6743,#6744);
#6743 = CARTESIAN_POINT('',(6.4,6.4,0.65));
#6744 = VECTOR('',#6745,1.);
#6745 = DIRECTION('',(0.,-1.,0.));
#6746 = ORIENTED_EDGE('',*,*,#6684,.T.);
#6747 = ORIENTED_EDGE('',*,*,#6358,.T.);
#6748 = PLANE('',#6749);
#6749 = AXIS2_PLACEMENT_3D('',#6750,#6751,#6752);
#6750 = CARTESIAN_POINT('',(6.4,6.1,1.15));
#6751 = DIRECTION('',(1.,0.,0.));
#6752 = DIRECTION('',(0.,0.,-1.));
#6753 = ADVANCED_FACE('',(#6754),#6770,.T.);
#6754 = FACE_BOUND('',#6755,.T.);
#6755 = EDGE_LOOP('',(#6756,#6757,#6763,#6764));
#6756 = ORIENTED_EDGE('',*,*,#6725,.T.);
#6757 = ORIENTED_EDGE('',*,*,#6758,.T.);
#6758 = EDGE_CURVE('',#6718,#6653,#6759,.T.);
#6759 = LINE('',#6760,#6761);
#6760 = CARTESIAN_POINT('',(6.4,4.4,1.15));
#6761 = VECTOR('',#6762,1.);
#6762 = DIRECTION('',(-1.,0.,0.));
#6763 = ORIENTED_EDGE('',*,*,#6652,.T.);
#6764 = ORIENTED_EDGE('',*,*,#6765,.T.);
#6765 = EDGE_CURVE('',#6645,#6726,#6766,.T.);
#6766 = LINE('',#6767,#6768);
#6767 = CARTESIAN_POINT('',(6.25,6.4,1.15));
#6768 = VECTOR('',#6769,1.);
#6769 = DIRECTION('',(1.,0.,0.));
#6770 = PLANE('',#6771);
#6771 = AXIS2_PLACEMENT_3D('',#6772,#6773,#6774);
#6772 = CARTESIAN_POINT('',(0.,0.,1.15));
#6773 = DIRECTION('',(0.,0.,-1.));
#6774 = DIRECTION('',(-1.,0.,0.));
#6775 = ADVANCED_FACE('',(#6776),#6792,.T.);
#6776 = FACE_BOUND('',#6777,.T.);
#6777 = EDGE_LOOP('',(#6778,#6779,#6785,#6786));
#6778 = ORIENTED_EDGE('',*,*,#402,.F.);
#6779 = ORIENTED_EDGE('',*,*,#6780,.F.);
#6780 = EDGE_CURVE('',#319,#395,#6781,.T.);
#6781 = LINE('',#6782,#6783);
#6782 = CARTESIAN_POINT('',(-6.25,-2.2,1.15));
#6783 = VECTOR('',#6784,1.);
#6784 = DIRECTION('',(0.,0.,-1.));
#6785 = ORIENTED_EDGE('',*,*,#318,.T.);
#6786 = ORIENTED_EDGE('',*,*,#6787,.T.);
#6787 = EDGE_CURVE('',#321,#403,#6788,.T.);
#6788 = LINE('',#6789,#6790);
#6789 = CARTESIAN_POINT('',(-6.4,-2.2,1.15));
#6790 = VECTOR('',#6791,1.);
#6791 = DIRECTION('',(0.,0.,-1.));
#6792 = PLANE('',#6793);
#6793 = AXIS2_PLACEMENT_3D('',#6794,#6795,#6796);
#6794 = CARTESIAN_POINT('',(-6.25,-2.2,1.15));
#6795 = DIRECTION('',(0.,-1.,0.));
#6796 = DIRECTION('',(0.,0.,-1.));
#6797 = ADVANCED_FACE('',(#6798),#6809,.T.);
#6798 = FACE_BOUND('',#6799,.T.);
#6799 = EDGE_LOOP('',(#6800,#6801,#6802,#6803));
#6800 = ORIENTED_EDGE('',*,*,#410,.F.);
#6801 = ORIENTED_EDGE('',*,*,#6787,.F.);
#6802 = ORIENTED_EDGE('',*,*,#344,.T.);
#6803 = ORIENTED_EDGE('',*,*,#6804,.T.);
#6804 = EDGE_CURVE('',#337,#411,#6805,.T.);
#6805 = LINE('',#6806,#6807);
#6806 = CARTESIAN_POINT('',(-6.4,-3.6,1.15));
#6807 = VECTOR('',#6808,1.);
#6808 = DIRECTION('',(0.,0.,-1.));
#6809 = PLANE('',#6810);
#6810 = AXIS2_PLACEMENT_3D('',#6811,#6812,#6813);
#6811 = CARTESIAN_POINT('',(-6.4,-2.2,1.15));
#6812 = DIRECTION('',(1.,0.,0.));
#6813 = DIRECTION('',(0.,0.,-1.));
#6814 = ADVANCED_FACE('',(#6815),#6826,.T.);
#6815 = FACE_BOUND('',#6816,.T.);
#6816 = EDGE_LOOP('',(#6817,#6818,#6819,#6820));
#6817 = ORIENTED_EDGE('',*,*,#418,.F.);
#6818 = ORIENTED_EDGE('',*,*,#6804,.F.);
#6819 = ORIENTED_EDGE('',*,*,#336,.T.);
#6820 = ORIENTED_EDGE('',*,*,#6821,.T.);
#6821 = EDGE_CURVE('',#329,#393,#6822,.T.);
#6822 = LINE('',#6823,#6824);
#6823 = CARTESIAN_POINT('',(-6.25,-3.6,1.15));
#6824 = VECTOR('',#6825,1.);
#6825 = DIRECTION('',(0.,0.,-1.));
#6826 = PLANE('',#6827);
#6827 = AXIS2_PLACEMENT_3D('',#6828,#6829,#6830);
#6828 = CARTESIAN_POINT('',(-6.4,-3.6,1.15));
#6829 = DIRECTION('',(0.,1.,0.));
#6830 = DIRECTION('',(0.,-0.,1.));
#6831 = ADVANCED_FACE('',(#6832),#6838,.T.);
#6832 = FACE_BOUND('',#6833,.T.);
#6833 = EDGE_LOOP('',(#6834,#6835,#6836,#6837));
#6834 = ORIENTED_EDGE('',*,*,#392,.F.);
#6835 = ORIENTED_EDGE('',*,*,#6821,.F.);
#6836 = ORIENTED_EDGE('',*,*,#328,.T.);
#6837 = ORIENTED_EDGE('',*,*,#6780,.T.);
#6838 = PLANE('',#6839);
#6839 = AXIS2_PLACEMENT_3D('',#6840,#6841,#6842);
#6840 = CARTESIAN_POINT('',(-6.25,-3.6,1.15));
#6841 = DIRECTION('',(-1.,0.,0.));
#6842 = DIRECTION('',(0.,0.,1.));
#6843 = ADVANCED_FACE('',(#6844),#6869,.F.);
#6844 = FACE_BOUND('',#6845,.T.);
#6845 = EDGE_LOOP('',(#6846,#6854,#6862,#6868));
#6846 = ORIENTED_EDGE('',*,*,#6847,.F.);
#6847 = EDGE_CURVE('',#6848,#6508,#6850,.T.);
#6848 = VERTEX_POINT('',#6849);
#6849 = CARTESIAN_POINT('',(6.25,-3.6,0.65));
#6850 = LINE('',#6851,#6852);
#6851 = CARTESIAN_POINT('',(6.25,-3.6,1.15));
#6852 = VECTOR('',#6853,1.);
#6853 = DIRECTION('',(0.,0.,-1.));
#6854 = ORIENTED_EDGE('',*,*,#6855,.T.);
#6855 = EDGE_CURVE('',#6848,#6856,#6858,.T.);
#6856 = VERTEX_POINT('',#6857);
#6857 = CARTESIAN_POINT('',(6.4,-3.6,0.65));
#6858 = LINE('',#6859,#6860);
#6859 = CARTESIAN_POINT('',(6.4,-3.6,0.65));
#6860 = VECTOR('',#6861,1.);
#6861 = DIRECTION('',(1.,0.,0.));
#6862 = ORIENTED_EDGE('',*,*,#6863,.T.);
#6863 = EDGE_CURVE('',#6856,#6506,#6864,.T.);
#6864 = LINE('',#6865,#6866);
#6865 = CARTESIAN_POINT('',(6.4,-3.6,1.15));
#6866 = VECTOR('',#6867,1.);
#6867 = DIRECTION('',(0.,0.,-1.));
#6868 = ORIENTED_EDGE('',*,*,#6505,.T.);
#6869 = PLANE('',#6870);
#6870 = AXIS2_PLACEMENT_3D('',#6871,#6872,#6873);
#6871 = CARTESIAN_POINT('',(6.4,-3.6,1.15));
#6872 = DIRECTION('',(0.,-1.,0.));
#6873 = DIRECTION('',(0.,0.,-1.));
#6874 = ADVANCED_FACE('',(#6875),#6925,.F.);
#6875 = FACE_BOUND('',#6876,.T.);
#6876 = EDGE_LOOP('',(#6877,#6885,#6893,#6901,#6909,#6917,#6923,#6924));
#6877 = ORIENTED_EDGE('',*,*,#6878,.F.);
#6878 = EDGE_CURVE('',#6879,#6524,#6881,.T.);
#6879 = VERTEX_POINT('',#6880);
#6880 = CARTESIAN_POINT('',(6.25,-2.2,0.65));
#6881 = LINE('',#6882,#6883);
#6882 = CARTESIAN_POINT('',(6.25,-2.2,1.15));
#6883 = VECTOR('',#6884,1.);
#6884 = DIRECTION('',(0.,0.,-1.));
#6885 = ORIENTED_EDGE('',*,*,#6886,.T.);
#6886 = EDGE_CURVE('',#6879,#6887,#6889,.T.);
#6887 = VERTEX_POINT('',#6888);
#6888 = CARTESIAN_POINT('',(6.25,-1.9,0.65));
#6889 = LINE('',#6890,#6891);
#6890 = CARTESIAN_POINT('',(6.25,-3.9,0.65));
#6891 = VECTOR('',#6892,1.);
#6892 = DIRECTION('',(1.219727444046E-16,1.,0.));
#6893 = ORIENTED_EDGE('',*,*,#6894,.T.);
#6894 = EDGE_CURVE('',#6887,#6895,#6897,.T.);
#6895 = VERTEX_POINT('',#6896);
#6896 = CARTESIAN_POINT('',(6.25,-1.9,1.15));
#6897 = LINE('',#6898,#6899);
#6898 = CARTESIAN_POINT('',(6.25,-1.9,0.65));
#6899 = VECTOR('',#6900,1.);
#6900 = DIRECTION('',(0.,0.,1.));
#6901 = ORIENTED_EDGE('',*,*,#6902,.F.);
#6902 = EDGE_CURVE('',#6903,#6895,#6905,.T.);
#6903 = VERTEX_POINT('',#6904);
#6904 = CARTESIAN_POINT('',(6.25,-3.9,1.15));
#6905 = LINE('',#6906,#6907);
#6906 = CARTESIAN_POINT('',(6.25,-3.6,1.15));
#6907 = VECTOR('',#6908,1.);
#6908 = DIRECTION('',(0.,1.,0.));
#6909 = ORIENTED_EDGE('',*,*,#6910,.F.);
#6910 = EDGE_CURVE('',#6911,#6903,#6913,.T.);
#6911 = VERTEX_POINT('',#6912);
#6912 = CARTESIAN_POINT('',(6.25,-3.9,0.65));
#6913 = LINE('',#6914,#6915);
#6914 = CARTESIAN_POINT('',(6.25,-3.9,0.65));
#6915 = VECTOR('',#6916,1.);
#6916 = DIRECTION('',(0.,0.,1.));
#6917 = ORIENTED_EDGE('',*,*,#6918,.T.);
#6918 = EDGE_CURVE('',#6911,#6848,#6919,.T.);
#6919 = LINE('',#6920,#6921);
#6920 = CARTESIAN_POINT('',(6.25,-3.9,0.65));
#6921 = VECTOR('',#6922,1.);
#6922 = DIRECTION('',(1.219727444046E-16,1.,0.));
#6923 = ORIENTED_EDGE('',*,*,#6847,.T.);
#6924 = ORIENTED_EDGE('',*,*,#6531,.T.);
#6925 = PLANE('',#6926);
#6926 = AXIS2_PLACEMENT_3D('',#6927,#6928,#6929);
#6927 = CARTESIAN_POINT('',(6.25,-3.6,1.15));
#6928 = DIRECTION('',(-1.,0.,0.));
#6929 = DIRECTION('',(0.,0.,1.));
#6930 = ADVANCED_FACE('',(#6931),#6949,.F.);
#6931 = FACE_BOUND('',#6932,.T.);
#6932 = EDGE_LOOP('',(#6933,#6941,#6947,#6948));
#6933 = ORIENTED_EDGE('',*,*,#6934,.F.);
#6934 = EDGE_CURVE('',#6935,#6516,#6937,.T.);
#6935 = VERTEX_POINT('',#6936);
#6936 = CARTESIAN_POINT('',(6.4,-2.2,0.65));
#6937 = LINE('',#6938,#6939);
#6938 = CARTESIAN_POINT('',(6.4,-2.2,1.15));
#6939 = VECTOR('',#6940,1.);
#6940 = DIRECTION('',(0.,0.,-1.));
#6941 = ORIENTED_EDGE('',*,*,#6942,.T.);
#6942 = EDGE_CURVE('',#6935,#6879,#6943,.T.);
#6943 = LINE('',#6944,#6945);
#6944 = CARTESIAN_POINT('',(6.25,-2.2,0.65));
#6945 = VECTOR('',#6946,1.);
#6946 = DIRECTION('',(-1.,0.,0.));
#6947 = ORIENTED_EDGE('',*,*,#6878,.T.);
#6948 = ORIENTED_EDGE('',*,*,#6523,.T.);
#6949 = PLANE('',#6950);
#6950 = AXIS2_PLACEMENT_3D('',#6951,#6952,#6953);
#6951 = CARTESIAN_POINT('',(6.25,-2.2,1.15));
#6952 = DIRECTION('',(0.,1.,0.));
#6953 = DIRECTION('',(0.,-0.,1.));
#6954 = ADVANCED_FACE('',(#6955),#6998,.F.);
#6955 = FACE_BOUND('',#6956,.T.);
#6956 = EDGE_LOOP('',(#6957,#6958,#6966,#6974,#6982,#6990,#6996,#6997));
#6957 = ORIENTED_EDGE('',*,*,#6863,.F.);
#6958 = ORIENTED_EDGE('',*,*,#6959,.T.);
#6959 = EDGE_CURVE('',#6856,#6960,#6962,.T.);
#6960 = VERTEX_POINT('',#6961);
#6961 = CARTESIAN_POINT('',(6.4,-3.9,0.65));
#6962 = LINE('',#6963,#6964);
#6963 = CARTESIAN_POINT('',(6.4,-1.9,0.65));
#6964 = VECTOR('',#6965,1.);
#6965 = DIRECTION('',(-1.219727444046E-16,-1.,0.));
#6966 = ORIENTED_EDGE('',*,*,#6967,.T.);
#6967 = EDGE_CURVE('',#6960,#6968,#6970,.T.);
#6968 = VERTEX_POINT('',#6969);
#6969 = CARTESIAN_POINT('',(6.4,-3.9,1.15));
#6970 = LINE('',#6971,#6972);
#6971 = CARTESIAN_POINT('',(6.4,-3.9,0.65));
#6972 = VECTOR('',#6973,1.);
#6973 = DIRECTION('',(0.,0.,1.));
#6974 = ORIENTED_EDGE('',*,*,#6975,.F.);
#6975 = EDGE_CURVE('',#6976,#6968,#6978,.T.);
#6976 = VERTEX_POINT('',#6977);
#6977 = CARTESIAN_POINT('',(6.4,-1.9,1.15));
#6978 = LINE('',#6979,#6980);
#6979 = CARTESIAN_POINT('',(6.4,-2.2,1.15));
#6980 = VECTOR('',#6981,1.);
#6981 = DIRECTION('',(0.,-1.,0.));
#6982 = ORIENTED_EDGE('',*,*,#6983,.F.);
#6983 = EDGE_CURVE('',#6984,#6976,#6986,.T.);
#6984 = VERTEX_POINT('',#6985);
#6985 = CARTESIAN_POINT('',(6.4,-1.9,0.65));
#6986 = LINE('',#6987,#6988);
#6987 = CARTESIAN_POINT('',(6.4,-1.9,0.65));
#6988 = VECTOR('',#6989,1.);
#6989 = DIRECTION('',(0.,0.,1.));
#6990 = ORIENTED_EDGE('',*,*,#6991,.T.);
#6991 = EDGE_CURVE('',#6984,#6935,#6992,.T.);
#6992 = LINE('',#6993,#6994);
#6993 = CARTESIAN_POINT('',(6.4,-1.9,0.65));
#6994 = VECTOR('',#6995,1.);
#6995 = DIRECTION('',(-1.219727444046E-16,-1.,0.));
#6996 = ORIENTED_EDGE('',*,*,#6934,.T.);
#6997 = ORIENTED_EDGE('',*,*,#6515,.T.);
#6998 = PLANE('',#6999);
#6999 = AXIS2_PLACEMENT_3D('',#7000,#7001,#7002);
#7000 = CARTESIAN_POINT('',(6.4,-2.2,1.15));
#7001 = DIRECTION('',(1.,0.,0.));
#7002 = DIRECTION('',(0.,0.,-1.));
#7003 = ADVANCED_FACE('',(#7004),#7020,.T.);
#7004 = FACE_BOUND('',#7005,.T.);
#7005 = EDGE_LOOP('',(#7006,#7007,#7013,#7014));
#7006 = ORIENTED_EDGE('',*,*,#6975,.T.);
#7007 = ORIENTED_EDGE('',*,*,#7008,.T.);
#7008 = EDGE_CURVE('',#6968,#6903,#7009,.T.);
#7009 = LINE('',#7010,#7011);
#7010 = CARTESIAN_POINT('',(6.4,-3.9,1.15));
#7011 = VECTOR('',#7012,1.);
#7012 = DIRECTION('',(-1.,0.,0.));
#7013 = ORIENTED_EDGE('',*,*,#6902,.T.);
#7014 = ORIENTED_EDGE('',*,*,#7015,.T.);
#7015 = EDGE_CURVE('',#6895,#6976,#7016,.T.);
#7016 = LINE('',#7017,#7018);
#7017 = CARTESIAN_POINT('',(6.25,-1.9,1.15));
#7018 = VECTOR('',#7019,1.);
#7019 = DIRECTION('',(1.,0.,0.));
#7020 = PLANE('',#7021);
#7021 = AXIS2_PLACEMENT_3D('',#7022,#7023,#7024);
#7022 = CARTESIAN_POINT('',(0.,0.,1.15));
#7023 = DIRECTION('',(0.,0.,-1.));
#7024 = DIRECTION('',(-1.,0.,0.));
#7025 = ADVANCED_FACE('',(#7026),#7051,.T.);
#7026 = FACE_BOUND('',#7027,.T.);
#7027 = EDGE_LOOP('',(#7028,#7038,#7044,#7045));
#7028 = ORIENTED_EDGE('',*,*,#7029,.F.);
#7029 = EDGE_CURVE('',#7030,#7032,#7034,.T.);
#7030 = VERTEX_POINT('',#7031);
#7031 = CARTESIAN_POINT('',(-6.4,6.1,0.65));
#7032 = VERTEX_POINT('',#7033);
#7033 = CARTESIAN_POINT('',(-6.25,6.1,0.65));
#7034 = LINE('',#7035,#7036);
#7035 = CARTESIAN_POINT('',(-6.25,6.1,0.65));
#7036 = VECTOR('',#7037,1.);
#7037 = DIRECTION('',(1.,0.,0.));
#7038 = ORIENTED_EDGE('',*,*,#7039,.T.);
#7039 = EDGE_CURVE('',#7030,#163,#7040,.T.);
#7040 = LINE('',#7041,#7042);
#7041 = CARTESIAN_POINT('',(-6.4,6.1,1.15));
#7042 = VECTOR('',#7043,1.);
#7043 = DIRECTION('',(0.,0.,-1.));
#7044 = ORIENTED_EDGE('',*,*,#162,.F.);
#7045 = ORIENTED_EDGE('',*,*,#7046,.F.);
#7046 = EDGE_CURVE('',#7032,#155,#7047,.T.);
#7047 = LINE('',#7048,#7049);
#7048 = CARTESIAN_POINT('',(-6.25,6.1,1.15));
#7049 = VECTOR('',#7050,1.);
#7050 = DIRECTION('',(0.,0.,-1.));
#7051 = PLANE('',#7052);
#7052 = AXIS2_PLACEMENT_3D('',#7053,#7054,#7055);
#7053 = CARTESIAN_POINT('',(-6.25,6.1,1.15));
#7054 = DIRECTION('',(0.,-1.,0.));
#7055 = DIRECTION('',(0.,0.,-1.));
#7056 = ADVANCED_FACE('',(#7057),#7107,.T.);
#7057 = FACE_BOUND('',#7058,.T.);
#7058 = EDGE_LOOP('',(#7059,#7060,#7068,#7076,#7084,#7092,#7100,#7106));
#7059 = ORIENTED_EDGE('',*,*,#7039,.F.);
#7060 = ORIENTED_EDGE('',*,*,#7061,.T.);
#7061 = EDGE_CURVE('',#7030,#7062,#7064,.T.);
#7062 = VERTEX_POINT('',#7063);
#7063 = CARTESIAN_POINT('',(-6.4,6.4,0.65));
#7064 = LINE('',#7065,#7066);
#7065 = CARTESIAN_POINT('',(-6.4,4.4,0.65));
#7066 = VECTOR('',#7067,1.);
#7067 = DIRECTION('',(0.,1.,0.));
#7068 = ORIENTED_EDGE('',*,*,#7069,.T.);
#7069 = EDGE_CURVE('',#7062,#7070,#7072,.T.);
#7070 = VERTEX_POINT('',#7071);
#7071 = CARTESIAN_POINT('',(-6.4,6.4,1.15));
#7072 = LINE('',#7073,#7074);
#7073 = CARTESIAN_POINT('',(-6.4,6.4,0.65));
#7074 = VECTOR('',#7075,1.);
#7075 = DIRECTION('',(0.,0.,1.));
#7076 = ORIENTED_EDGE('',*,*,#7077,.T.);
#7077 = EDGE_CURVE('',#7070,#7078,#7080,.T.);
#7078 = VERTEX_POINT('',#7079);
#7079 = CARTESIAN_POINT('',(-6.4,4.4,1.15));
#7080 = LINE('',#7081,#7082);
#7081 = CARTESIAN_POINT('',(-6.4,6.1,1.15));
#7082 = VECTOR('',#7083,1.);
#7083 = DIRECTION('',(0.,-1.,0.));
#7084 = ORIENTED_EDGE('',*,*,#7085,.F.);
#7085 = EDGE_CURVE('',#7086,#7078,#7088,.T.);
#7086 = VERTEX_POINT('',#7087);
#7087 = CARTESIAN_POINT('',(-6.4,4.4,0.65));
#7088 = LINE('',#7089,#7090);
#7089 = CARTESIAN_POINT('',(-6.4,4.4,0.65));
#7090 = VECTOR('',#7091,1.);
#7091 = DIRECTION('',(0.,0.,1.));
#7092 = ORIENTED_EDGE('',*,*,#7093,.T.);
#7093 = EDGE_CURVE('',#7086,#7094,#7096,.T.);
#7094 = VERTEX_POINT('',#7095);
#7095 = CARTESIAN_POINT('',(-6.4,4.7,0.65));
#7096 = LINE('',#7097,#7098);
#7097 = CARTESIAN_POINT('',(-6.4,4.4,0.65));
#7098 = VECTOR('',#7099,1.);
#7099 = DIRECTION('',(0.,1.,0.));
#7100 = ORIENTED_EDGE('',*,*,#7101,.T.);
#7101 = EDGE_CURVE('',#7094,#171,#7102,.T.);
#7102 = LINE('',#7103,#7104);
#7103 = CARTESIAN_POINT('',(-6.4,4.7,1.15));
#7104 = VECTOR('',#7105,1.);
#7105 = DIRECTION('',(0.,0.,-1.));
#7106 = ORIENTED_EDGE('',*,*,#170,.F.);
#7107 = PLANE('',#7108);
#7108 = AXIS2_PLACEMENT_3D('',#7109,#7110,#7111);
#7109 = CARTESIAN_POINT('',(-6.4,6.1,1.15));
#7110 = DIRECTION('',(1.,0.,0.));
#7111 = DIRECTION('',(0.,0.,-1.));
#7112 = ADVANCED_FACE('',(#7113),#7131,.T.);
#7113 = FACE_BOUND('',#7114,.T.);
#7114 = EDGE_LOOP('',(#7115,#7123,#7129,#7130));
#7115 = ORIENTED_EDGE('',*,*,#7116,.F.);
#7116 = EDGE_CURVE('',#7117,#7094,#7119,.T.);
#7117 = VERTEX_POINT('',#7118);
#7118 = CARTESIAN_POINT('',(-6.25,4.7,0.65));
#7119 = LINE('',#7120,#7121);
#7120 = CARTESIAN_POINT('',(-6.4,4.7,0.65));
#7121 = VECTOR('',#7122,1.);
#7122 = DIRECTION('',(-1.,0.,0.));
#7123 = ORIENTED_EDGE('',*,*,#7124,.T.);
#7124 = EDGE_CURVE('',#7117,#153,#7125,.T.);
#7125 = LINE('',#7126,#7127);
#7126 = CARTESIAN_POINT('',(-6.25,4.7,1.15));
#7127 = VECTOR('',#7128,1.);
#7128 = DIRECTION('',(0.,0.,-1.));
#7129 = ORIENTED_EDGE('',*,*,#178,.F.);
#7130 = ORIENTED_EDGE('',*,*,#7101,.F.);
#7131 = PLANE('',#7132);
#7132 = AXIS2_PLACEMENT_3D('',#7133,#7134,#7135);
#7133 = CARTESIAN_POINT('',(-6.4,4.7,1.15));
#7134 = DIRECTION('',(0.,1.,0.));
#7135 = DIRECTION('',(0.,-0.,1.));
#7136 = ADVANCED_FACE('',(#7137),#7180,.T.);
#7137 = FACE_BOUND('',#7138,.T.);
#7138 = EDGE_LOOP('',(#7139,#7140,#7148,#7156,#7164,#7172,#7178,#7179));
#7139 = ORIENTED_EDGE('',*,*,#7124,.F.);
#7140 = ORIENTED_EDGE('',*,*,#7141,.T.);
#7141 = EDGE_CURVE('',#7117,#7142,#7144,.T.);
#7142 = VERTEX_POINT('',#7143);
#7143 = CARTESIAN_POINT('',(-6.25,4.4,0.65));
#7144 = LINE('',#7145,#7146);
#7145 = CARTESIAN_POINT('',(-6.25,6.4,0.65));
#7146 = VECTOR('',#7147,1.);
#7147 = DIRECTION('',(0.,-1.,0.));
#7148 = ORIENTED_EDGE('',*,*,#7149,.T.);
#7149 = EDGE_CURVE('',#7142,#7150,#7152,.T.);
#7150 = VERTEX_POINT('',#7151);
#7151 = CARTESIAN_POINT('',(-6.25,4.4,1.15));
#7152 = LINE('',#7153,#7154);
#7153 = CARTESIAN_POINT('',(-6.25,4.4,0.65));
#7154 = VECTOR('',#7155,1.);
#7155 = DIRECTION('',(0.,0.,1.));
#7156 = ORIENTED_EDGE('',*,*,#7157,.T.);
#7157 = EDGE_CURVE('',#7150,#7158,#7160,.T.);
#7158 = VERTEX_POINT('',#7159);
#7159 = CARTESIAN_POINT('',(-6.25,6.4,1.15));
#7160 = LINE('',#7161,#7162);
#7161 = CARTESIAN_POINT('',(-6.25,4.7,1.15));
#7162 = VECTOR('',#7163,1.);
#7163 = DIRECTION('',(0.,1.,0.));
#7164 = ORIENTED_EDGE('',*,*,#7165,.F.);
#7165 = EDGE_CURVE('',#7166,#7158,#7168,.T.);
#7166 = VERTEX_POINT('',#7167);
#7167 = CARTESIAN_POINT('',(-6.25,6.4,0.65));
#7168 = LINE('',#7169,#7170);
#7169 = CARTESIAN_POINT('',(-6.25,6.4,0.65));
#7170 = VECTOR('',#7171,1.);
#7171 = DIRECTION('',(0.,0.,1.));
#7172 = ORIENTED_EDGE('',*,*,#7173,.T.);
#7173 = EDGE_CURVE('',#7166,#7032,#7174,.T.);
#7174 = LINE('',#7175,#7176);
#7175 = CARTESIAN_POINT('',(-6.25,6.4,0.65));
#7176 = VECTOR('',#7177,1.);
#7177 = DIRECTION('',(0.,-1.,0.));
#7178 = ORIENTED_EDGE('',*,*,#7046,.T.);
#7179 = ORIENTED_EDGE('',*,*,#152,.F.);
#7180 = PLANE('',#7181);
#7181 = AXIS2_PLACEMENT_3D('',#7182,#7183,#7184);
#7182 = CARTESIAN_POINT('',(-6.25,4.7,1.15));
#7183 = DIRECTION('',(-1.,0.,0.));
#7184 = DIRECTION('',(0.,0.,1.));
#7185 = ADVANCED_FACE('',(#7186),#7202,.F.);
#7186 = FACE_BOUND('',#7187,.T.);
#7187 = EDGE_LOOP('',(#7188,#7189,#7195,#7196));
#7188 = ORIENTED_EDGE('',*,*,#7077,.F.);
#7189 = ORIENTED_EDGE('',*,*,#7190,.T.);
#7190 = EDGE_CURVE('',#7070,#7158,#7191,.T.);
#7191 = LINE('',#7192,#7193);
#7192 = CARTESIAN_POINT('',(-6.4,6.4,1.15));
#7193 = VECTOR('',#7194,1.);
#7194 = DIRECTION('',(1.,0.,0.));
#7195 = ORIENTED_EDGE('',*,*,#7157,.F.);
#7196 = ORIENTED_EDGE('',*,*,#7197,.T.);
#7197 = EDGE_CURVE('',#7150,#7078,#7198,.T.);
#7198 = LINE('',#7199,#7200);
#7199 = CARTESIAN_POINT('',(-6.25,4.4,1.15));
#7200 = VECTOR('',#7201,1.);
#7201 = DIRECTION('',(-1.,0.,0.));
#7202 = PLANE('',#7203);
#7203 = AXIS2_PLACEMENT_3D('',#7204,#7205,#7206);
#7204 = CARTESIAN_POINT('',(0.,0.,1.15));
#7205 = DIRECTION('',(0.,0.,1.));
#7206 = DIRECTION('',(1.,0.,-0.));
#7207 = ADVANCED_FACE('',(#7208),#7219,.T.);
#7208 = FACE_BOUND('',#7209,.T.);
#7209 = EDGE_LOOP('',(#7210,#7211,#7212,#7218));
#7210 = ORIENTED_EDGE('',*,*,#7015,.F.);
#7211 = ORIENTED_EDGE('',*,*,#6894,.F.);
#7212 = ORIENTED_EDGE('',*,*,#7213,.T.);
#7213 = EDGE_CURVE('',#6887,#6984,#7214,.T.);
#7214 = LINE('',#7215,#7216);
#7215 = CARTESIAN_POINT('',(6.25,-1.9,0.65));
#7216 = VECTOR('',#7217,1.);
#7217 = DIRECTION('',(1.,0.,0.));
#7218 = ORIENTED_EDGE('',*,*,#6983,.T.);
#7219 = PLANE('',#7220);
#7220 = AXIS2_PLACEMENT_3D('',#7221,#7222,#7223);
#7221 = CARTESIAN_POINT('',(6.25,-1.9,0.65));
#7222 = DIRECTION('',(0.,-1.,0.));
#7223 = DIRECTION('',(0.,0.,-1.));
#7224 = ADVANCED_FACE('',(#7225),#7231,.F.);
#7225 = FACE_BOUND('',#7226,.T.);
#7226 = EDGE_LOOP('',(#7227,#7228,#7229,#7230));
#7227 = ORIENTED_EDGE('',*,*,#6991,.F.);
#7228 = ORIENTED_EDGE('',*,*,#7213,.F.);
#7229 = ORIENTED_EDGE('',*,*,#6886,.F.);
#7230 = ORIENTED_EDGE('',*,*,#6942,.F.);
#7231 = PLANE('',#7232);
#7232 = AXIS2_PLACEMENT_3D('',#7233,#7234,#7235);
#7233 = CARTESIAN_POINT('',(0.,0.,0.65));
#7234 = DIRECTION('',(0.,0.,-1.));
#7235 = DIRECTION('',(-1.,0.,0.));
#7236 = ADVANCED_FACE('',(#7237),#7248,.F.);
#7237 = FACE_BOUND('',#7238,.T.);
#7238 = EDGE_LOOP('',(#7239,#7240,#7246,#7247));
#7239 = ORIENTED_EDGE('',*,*,#6918,.F.);
#7240 = ORIENTED_EDGE('',*,*,#7241,.F.);
#7241 = EDGE_CURVE('',#6960,#6911,#7242,.T.);
#7242 = LINE('',#7243,#7244);
#7243 = CARTESIAN_POINT('',(6.4,-3.9,0.65));
#7244 = VECTOR('',#7245,1.);
#7245 = DIRECTION('',(-1.,0.,0.));
#7246 = ORIENTED_EDGE('',*,*,#6959,.F.);
#7247 = ORIENTED_EDGE('',*,*,#6855,.F.);
#7248 = PLANE('',#7249);
#7249 = AXIS2_PLACEMENT_3D('',#7250,#7251,#7252);
#7250 = CARTESIAN_POINT('',(0.,0.,0.65));
#7251 = DIRECTION('',(0.,0.,-1.));
#7252 = DIRECTION('',(-1.,0.,0.));
#7253 = ADVANCED_FACE('',(#7254),#7260,.T.);
#7254 = FACE_BOUND('',#7255,.T.);
#7255 = EDGE_LOOP('',(#7256,#7257,#7258,#7259));
#7256 = ORIENTED_EDGE('',*,*,#7008,.F.);
#7257 = ORIENTED_EDGE('',*,*,#6967,.F.);
#7258 = ORIENTED_EDGE('',*,*,#7241,.T.);
#7259 = ORIENTED_EDGE('',*,*,#6910,.T.);
#7260 = PLANE('',#7261);
#7261 = AXIS2_PLACEMENT_3D('',#7262,#7263,#7264);
#7262 = CARTESIAN_POINT('',(6.4,-3.9,0.65));
#7263 = DIRECTION('',(0.,1.,0.));
#7264 = DIRECTION('',(0.,-0.,1.));
#7265 = ADVANCED_FACE('',(#7266),#7277,.T.);
#7266 = FACE_BOUND('',#7267,.T.);
#7267 = EDGE_LOOP('',(#7268,#7269,#7270,#7276));
#7268 = ORIENTED_EDGE('',*,*,#6765,.F.);
#7269 = ORIENTED_EDGE('',*,*,#6644,.F.);
#7270 = ORIENTED_EDGE('',*,*,#7271,.T.);
#7271 = EDGE_CURVE('',#6637,#6734,#7272,.T.);
#7272 = LINE('',#7273,#7274);
#7273 = CARTESIAN_POINT('',(6.25,6.4,0.65));
#7274 = VECTOR('',#7275,1.);
#7275 = DIRECTION('',(1.,0.,0.));
#7276 = ORIENTED_EDGE('',*,*,#6733,.T.);
#7277 = PLANE('',#7278);
#7278 = AXIS2_PLACEMENT_3D('',#7279,#7280,#7281);
#7279 = CARTESIAN_POINT('',(6.25,6.4,0.65));
#7280 = DIRECTION('',(0.,-1.,0.));
#7281 = DIRECTION('',(0.,0.,-1.));
#7282 = ADVANCED_FACE('',(#7283),#7289,.F.);
#7283 = FACE_BOUND('',#7284,.T.);
#7284 = EDGE_LOOP('',(#7285,#7286,#7287,#7288));
#7285 = ORIENTED_EDGE('',*,*,#6741,.F.);
#7286 = ORIENTED_EDGE('',*,*,#7271,.F.);
#7287 = ORIENTED_EDGE('',*,*,#6636,.F.);
#7288 = ORIENTED_EDGE('',*,*,#6692,.F.);
#7289 = PLANE('',#7290);
#7290 = AXIS2_PLACEMENT_3D('',#7291,#7292,#7293);
#7291 = CARTESIAN_POINT('',(0.,0.,0.65));
#7292 = DIRECTION('',(0.,0.,-1.));
#7293 = DIRECTION('',(-1.,0.,0.));
#7294 = ADVANCED_FACE('',(#7295),#7306,.F.);
#7295 = FACE_BOUND('',#7296,.T.);
#7296 = EDGE_LOOP('',(#7297,#7298,#7304,#7305));
#7297 = ORIENTED_EDGE('',*,*,#6668,.F.);
#7298 = ORIENTED_EDGE('',*,*,#7299,.F.);
#7299 = EDGE_CURVE('',#6710,#6661,#7300,.T.);
#7300 = LINE('',#7301,#7302);
#7301 = CARTESIAN_POINT('',(6.4,4.4,0.65));
#7302 = VECTOR('',#7303,1.);
#7303 = DIRECTION('',(-1.,0.,0.));
#7304 = ORIENTED_EDGE('',*,*,#6709,.F.);
#7305 = ORIENTED_EDGE('',*,*,#6605,.F.);
#7306 = PLANE('',#7307);
#7307 = AXIS2_PLACEMENT_3D('',#7308,#7309,#7310);
#7308 = CARTESIAN_POINT('',(0.,0.,0.65));
#7309 = DIRECTION('',(0.,0.,-1.));
#7310 = DIRECTION('',(-1.,0.,0.));
#7311 = ADVANCED_FACE('',(#7312),#7318,.T.);
#7312 = FACE_BOUND('',#7313,.T.);
#7313 = EDGE_LOOP('',(#7314,#7315,#7316,#7317));
#7314 = ORIENTED_EDGE('',*,*,#6758,.F.);
#7315 = ORIENTED_EDGE('',*,*,#6717,.F.);
#7316 = ORIENTED_EDGE('',*,*,#7299,.T.);
#7317 = ORIENTED_EDGE('',*,*,#6660,.T.);
#7318 = PLANE('',#7319);
#7319 = AXIS2_PLACEMENT_3D('',#7320,#7321,#7322);
#7320 = CARTESIAN_POINT('',(6.4,4.4,0.65));
#7321 = DIRECTION('',(0.,1.,0.));
#7322 = DIRECTION('',(0.,-0.,1.));
#7323 = ADVANCED_FACE('',(#7324),#7335,.T.);
#7324 = FACE_BOUND('',#7325,.T.);
#7325 = EDGE_LOOP('',(#7326,#7327,#7328,#7334));
#7326 = ORIENTED_EDGE('',*,*,#7197,.F.);
#7327 = ORIENTED_EDGE('',*,*,#7149,.F.);
#7328 = ORIENTED_EDGE('',*,*,#7329,.T.);
#7329 = EDGE_CURVE('',#7142,#7086,#7330,.T.);
#7330 = LINE('',#7331,#7332);
#7331 = CARTESIAN_POINT('',(-6.25,4.4,0.65));
#7332 = VECTOR('',#7333,1.);
#7333 = DIRECTION('',(-1.,0.,0.));
#7334 = ORIENTED_EDGE('',*,*,#7085,.T.);
#7335 = PLANE('',#7336);
#7336 = AXIS2_PLACEMENT_3D('',#7337,#7338,#7339);
#7337 = CARTESIAN_POINT('',(-6.25,4.4,0.65));
#7338 = DIRECTION('',(0.,1.,0.));
#7339 = DIRECTION('',(0.,-0.,1.));
#7340 = ADVANCED_FACE('',(#7341),#7347,.F.);
#7341 = FACE_BOUND('',#7342,.T.);
#7342 = EDGE_LOOP('',(#7343,#7344,#7345,#7346));
#7343 = ORIENTED_EDGE('',*,*,#7116,.T.);
#7344 = ORIENTED_EDGE('',*,*,#7093,.F.);
#7345 = ORIENTED_EDGE('',*,*,#7329,.F.);
#7346 = ORIENTED_EDGE('',*,*,#7141,.F.);
#7347 = PLANE('',#7348);
#7348 = AXIS2_PLACEMENT_3D('',#7349,#7350,#7351);
#7349 = CARTESIAN_POINT('',(0.,0.,0.65));
#7350 = DIRECTION('',(0.,0.,-1.));
#7351 = DIRECTION('',(-1.,0.,0.));
#7352 = ADVANCED_FACE('',(#7353),#7364,.F.);
#7353 = FACE_BOUND('',#7354,.T.);
#7354 = EDGE_LOOP('',(#7355,#7356,#7357,#7363));
#7355 = ORIENTED_EDGE('',*,*,#7029,.T.);
#7356 = ORIENTED_EDGE('',*,*,#7173,.F.);
#7357 = ORIENTED_EDGE('',*,*,#7358,.F.);
#7358 = EDGE_CURVE('',#7062,#7166,#7359,.T.);
#7359 = LINE('',#7360,#7361);
#7360 = CARTESIAN_POINT('',(-6.4,6.4,0.65));
#7361 = VECTOR('',#7362,1.);
#7362 = DIRECTION('',(1.,0.,0.));
#7363 = ORIENTED_EDGE('',*,*,#7061,.F.);
#7364 = PLANE('',#7365);
#7365 = AXIS2_PLACEMENT_3D('',#7366,#7367,#7368);
#7366 = CARTESIAN_POINT('',(0.,0.,0.65));
#7367 = DIRECTION('',(0.,0.,-1.));
#7368 = DIRECTION('',(-1.,0.,0.));
#7369 = ADVANCED_FACE('',(#7370),#7376,.T.);
#7370 = FACE_BOUND('',#7371,.T.);
#7371 = EDGE_LOOP('',(#7372,#7373,#7374,#7375));
#7372 = ORIENTED_EDGE('',*,*,#7190,.F.);
#7373 = ORIENTED_EDGE('',*,*,#7069,.F.);
#7374 = ORIENTED_EDGE('',*,*,#7358,.T.);
#7375 = ORIENTED_EDGE('',*,*,#7165,.T.);
#7376 = PLANE('',#7377);
#7377 = AXIS2_PLACEMENT_3D('',#7378,#7379,#7380);
#7378 = CARTESIAN_POINT('',(-6.4,6.4,0.65));
#7379 = DIRECTION('',(0.,-1.,0.));
#7380 = DIRECTION('',(0.,0.,-1.));
#7381 = ( GEOMETRIC_REPRESENTATION_CONTEXT(3) 
GLOBAL_UNCERTAINTY_ASSIGNED_CONTEXT((#7385)) 
GLOBAL_UNIT_ASSIGNED_CONTEXT((#7382,#7383,#7384)) REPRESENTATION_CONTEXT
('Context #1','3D Context with UNIT and UNCERTAINTY') );
#7382 = ( LENGTH_UNIT() NAMED_UNIT(*) SI_UNIT(.MILLI.,.METRE.) );
#7383 = ( NAMED_UNIT(*) PLANE_ANGLE_UNIT() SI_UNIT($,.RADIAN.) );
#7384 = ( NAMED_UNIT(*) SI_UNIT($,.STERADIAN.) SOLID_ANGLE_UNIT() );
#7385 = UNCERTAINTY_MEASURE_WITH_UNIT(LENGTH_MEASURE(1.E-07),#7382,
  'distance_accuracy_value','confusion accuracy');
#7386 = CONTEXT_DEPENDENT_SHAPE_REPRESENTATION(#7387,#7389);
#7387 = ( REPRESENTATION_RELATIONSHIP('','',#111,#36) 
REPRESENTATION_RELATIONSHIP_WITH_TRANSFORMATION(#7388) 
SHAPE_REPRESENTATION_RELATIONSHIP() );
#7388 = ITEM_DEFINED_TRANSFORMATION('','',#11,#37);
#7389 = PRODUCT_DEFINITION_SHAPE('Placement','Placement of an item',
  #7390);
#7390 = NEXT_ASSEMBLY_USAGE_OCCURRENCE('1','693072010801','',#31,#106,$
  );
#7391 = PRODUCT_RELATED_PRODUCT_CATEGORY('part',$,(#108));
#7392 = SHAPE_DEFINITION_REPRESENTATION(#7393,#7399);
#7393 = PRODUCT_DEFINITION_SHAPE('','',#7394);
#7394 = PRODUCT_DEFINITION('design','',#7395,#7398);
#7395 = PRODUCT_DEFINITION_FORMATION('','',#7396);
#7396 = PRODUCT('693072010801_PIN','693072010801_PIN','',(#7397));
#7397 = PRODUCT_CONTEXT('',#2,'mechanical');
#7398 = PRODUCT_DEFINITION_CONTEXT('part definition',#2,'design');
#7399 = ADVANCED_BREP_SHAPE_REPRESENTATION('',(#11,#7400),#8742);
#7400 = MANIFOLD_SOLID_BREP('',#7401);
#7401 = CLOSED_SHELL('',(#7402,#7442,#7482,#7522,#7562,#7652,#7742,#7859
    ,#7899,#8016,#8033,#8050,#8067,#8084,#8101,#8127,#8144,#8161,#8178,
    #8195,#8212,#8238,#8328,#8418,#8458,#8489,#8506,#8523,#8535,#8566,
    #8583,#8600,#8612,#8629,#8641,#8658,#8670,#8682,#8694,#8706,#8718,
    #8730));
#7402 = ADVANCED_FACE('',(#7403),#7437,.T.);
#7403 = FACE_BOUND('',#7404,.T.);
#7404 = EDGE_LOOP('',(#7405,#7415,#7423,#7431));
#7405 = ORIENTED_EDGE('',*,*,#7406,.T.);
#7406 = EDGE_CURVE('',#7407,#7409,#7411,.T.);
#7407 = VERTEX_POINT('',#7408);
#7408 = CARTESIAN_POINT('',(-0.2,-0.6,0.15));
#7409 = VERTEX_POINT('',#7410);
#7410 = CARTESIAN_POINT('',(-0.25,-0.6,0.15));
#7411 = LINE('',#7412,#7413);
#7412 = CARTESIAN_POINT('',(0.35,-0.6,0.15));
#7413 = VECTOR('',#7414,1.);
#7414 = DIRECTION('',(-1.,0.,0.));
#7415 = ORIENTED_EDGE('',*,*,#7416,.T.);
#7416 = EDGE_CURVE('',#7409,#7417,#7419,.T.);
#7417 = VERTEX_POINT('',#7418);
#7418 = CARTESIAN_POINT('',(-0.25,-0.6,0.));
#7419 = LINE('',#7420,#7421);
#7420 = CARTESIAN_POINT('',(-0.25,-0.6,0.15));
#7421 = VECTOR('',#7422,1.);
#7422 = DIRECTION('',(0.,0.,-1.));
#7423 = ORIENTED_EDGE('',*,*,#7424,.F.);
#7424 = EDGE_CURVE('',#7425,#7417,#7427,.T.);
#7425 = VERTEX_POINT('',#7426);
#7426 = CARTESIAN_POINT('',(-0.2,-0.6,0.));
#7427 = LINE('',#7428,#7429);
#7428 = CARTESIAN_POINT('',(0.35,-0.6,0.));
#7429 = VECTOR('',#7430,1.);
#7430 = DIRECTION('',(-1.,0.,0.));
#7431 = ORIENTED_EDGE('',*,*,#7432,.T.);
#7432 = EDGE_CURVE('',#7425,#7407,#7433,.T.);
#7433 = LINE('',#7434,#7435);
#7434 = CARTESIAN_POINT('',(-0.2,-0.6,0.15));
#7435 = VECTOR('',#7436,1.);
#7436 = DIRECTION('',(0.,8.828888778661E-16,1.));
#7437 = PLANE('',#7438);
#7438 = AXIS2_PLACEMENT_3D('',#7439,#7440,#7441);
#7439 = CARTESIAN_POINT('',(0.35,-0.6,0.15));
#7440 = DIRECTION('',(0.,-1.,0.));
#7441 = DIRECTION('',(0.,0.,-1.));
#7442 = ADVANCED_FACE('',(#7443),#7477,.T.);
#7443 = FACE_BOUND('',#7444,.T.);
#7444 = EDGE_LOOP('',(#7445,#7455,#7463,#7471));
#7445 = ORIENTED_EDGE('',*,*,#7446,.T.);
#7446 = EDGE_CURVE('',#7447,#7449,#7451,.T.);
#7447 = VERTEX_POINT('',#7448);
#7448 = CARTESIAN_POINT('',(-0.35,-0.5,0.15));
#7449 = VERTEX_POINT('',#7450);
#7450 = CARTESIAN_POINT('',(-0.35,0.5,0.15));
#7451 = LINE('',#7452,#7453);
#7452 = CARTESIAN_POINT('',(-0.35,-0.6,0.15));
#7453 = VECTOR('',#7454,1.);
#7454 = DIRECTION('',(0.,1.,0.));
#7455 = ORIENTED_EDGE('',*,*,#7456,.T.);
#7456 = EDGE_CURVE('',#7449,#7457,#7459,.T.);
#7457 = VERTEX_POINT('',#7458);
#7458 = CARTESIAN_POINT('',(-0.35,0.5,0.));
#7459 = LINE('',#7460,#7461);
#7460 = CARTESIAN_POINT('',(-0.35,0.5,0.15));
#7461 = VECTOR('',#7462,1.);
#7462 = DIRECTION('',(0.,0.,-1.));
#7463 = ORIENTED_EDGE('',*,*,#7464,.F.);
#7464 = EDGE_CURVE('',#7465,#7457,#7467,.T.);
#7465 = VERTEX_POINT('',#7466);
#7466 = CARTESIAN_POINT('',(-0.35,-0.5,0.));
#7467 = LINE('',#7468,#7469);
#7468 = CARTESIAN_POINT('',(-0.35,-0.6,0.));
#7469 = VECTOR('',#7470,1.);
#7470 = DIRECTION('',(0.,1.,0.));
#7471 = ORIENTED_EDGE('',*,*,#7472,.F.);
#7472 = EDGE_CURVE('',#7447,#7465,#7473,.T.);
#7473 = LINE('',#7474,#7475);
#7474 = CARTESIAN_POINT('',(-0.35,-0.5,0.15));
#7475 = VECTOR('',#7476,1.);
#7476 = DIRECTION('',(0.,0.,-1.));
#7477 = PLANE('',#7478);
#7478 = AXIS2_PLACEMENT_3D('',#7479,#7480,#7481);
#7479 = CARTESIAN_POINT('',(-0.35,-0.6,0.15));
#7480 = DIRECTION('',(-1.,0.,0.));
#7481 = DIRECTION('',(0.,0.,1.));
#7482 = ADVANCED_FACE('',(#7483),#7517,.T.);
#7483 = FACE_BOUND('',#7484,.T.);
#7484 = EDGE_LOOP('',(#7485,#7495,#7503,#7511));
#7485 = ORIENTED_EDGE('',*,*,#7486,.F.);
#7486 = EDGE_CURVE('',#7487,#7489,#7491,.T.);
#7487 = VERTEX_POINT('',#7488);
#7488 = CARTESIAN_POINT('',(0.35,0.5,0.));
#7489 = VERTEX_POINT('',#7490);
#7490 = CARTESIAN_POINT('',(0.35,-0.5,0.));
#7491 = LINE('',#7492,#7493);
#7492 = CARTESIAN_POINT('',(0.35,0.6,0.));
#7493 = VECTOR('',#7494,1.);
#7494 = DIRECTION('',(0.,-1.,0.));
#7495 = ORIENTED_EDGE('',*,*,#7496,.F.);
#7496 = EDGE_CURVE('',#7497,#7487,#7499,.T.);
#7497 = VERTEX_POINT('',#7498);
#7498 = CARTESIAN_POINT('',(0.35,0.5,0.15));
#7499 = LINE('',#7500,#7501);
#7500 = CARTESIAN_POINT('',(0.35,0.5,0.15));
#7501 = VECTOR('',#7502,1.);
#7502 = DIRECTION('',(0.,0.,-1.));
#7503 = ORIENTED_EDGE('',*,*,#7504,.T.);
#7504 = EDGE_CURVE('',#7497,#7505,#7507,.T.);
#7505 = VERTEX_POINT('',#7506);
#7506 = CARTESIAN_POINT('',(0.35,-0.5,0.15));
#7507 = LINE('',#7508,#7509);
#7508 = CARTESIAN_POINT('',(0.35,0.6,0.15));
#7509 = VECTOR('',#7510,1.);
#7510 = DIRECTION('',(0.,-1.,0.));
#7511 = ORIENTED_EDGE('',*,*,#7512,.T.);
#7512 = EDGE_CURVE('',#7505,#7489,#7513,.T.);
#7513 = LINE('',#7514,#7515);
#7514 = CARTESIAN_POINT('',(0.35,-0.5,0.15));
#7515 = VECTOR('',#7516,1.);
#7516 = DIRECTION('',(0.,0.,-1.));
#7517 = PLANE('',#7518);
#7518 = AXIS2_PLACEMENT_3D('',#7519,#7520,#7521);
#7519 = CARTESIAN_POINT('',(0.35,0.6,0.15));
#7520 = DIRECTION('',(1.,0.,0.));
#7521 = DIRECTION('',(0.,0.,-1.));
#7522 = ADVANCED_FACE('',(#7523),#7557,.T.);
#7523 = FACE_BOUND('',#7524,.T.);
#7524 = EDGE_LOOP('',(#7525,#7535,#7543,#7551));
#7525 = ORIENTED_EDGE('',*,*,#7526,.F.);
#7526 = EDGE_CURVE('',#7527,#7529,#7531,.T.);
#7527 = VERTEX_POINT('',#7528);
#7528 = CARTESIAN_POINT('',(0.25,-0.6,0.));
#7529 = VERTEX_POINT('',#7530);
#7530 = CARTESIAN_POINT('',(0.2,-0.6,0.));
#7531 = LINE('',#7532,#7533);
#7532 = CARTESIAN_POINT('',(0.35,-0.6,0.));
#7533 = VECTOR('',#7534,1.);
#7534 = DIRECTION('',(-1.,0.,0.));
#7535 = ORIENTED_EDGE('',*,*,#7536,.F.);
#7536 = EDGE_CURVE('',#7537,#7527,#7539,.T.);
#7537 = VERTEX_POINT('',#7538);
#7538 = CARTESIAN_POINT('',(0.25,-0.6,0.15));
#7539 = LINE('',#7540,#7541);
#7540 = CARTESIAN_POINT('',(0.25,-0.6,0.15));
#7541 = VECTOR('',#7542,1.);
#7542 = DIRECTION('',(0.,0.,-1.));
#7543 = ORIENTED_EDGE('',*,*,#7544,.T.);
#7544 = EDGE_CURVE('',#7537,#7545,#7547,.T.);
#7545 = VERTEX_POINT('',#7546);
#7546 = CARTESIAN_POINT('',(0.2,-0.6,0.15));
#7547 = LINE('',#7548,#7549);
#7548 = CARTESIAN_POINT('',(0.35,-0.6,0.15));
#7549 = VECTOR('',#7550,1.);
#7550 = DIRECTION('',(-1.,0.,0.));
#7551 = ORIENTED_EDGE('',*,*,#7552,.F.);
#7552 = EDGE_CURVE('',#7529,#7545,#7553,.T.);
#7553 = LINE('',#7554,#7555);
#7554 = CARTESIAN_POINT('',(0.2,-0.6,0.15));
#7555 = VECTOR('',#7556,1.);
#7556 = DIRECTION('',(0.,8.828888778661E-16,1.));
#7557 = PLANE('',#7558);
#7558 = AXIS2_PLACEMENT_3D('',#7559,#7560,#7561);
#7559 = CARTESIAN_POINT('',(0.35,-0.6,0.15));
#7560 = DIRECTION('',(0.,-1.,0.));
#7561 = DIRECTION('',(0.,0.,-1.));
#7562 = ADVANCED_FACE('',(#7563),#7647,.F.);
#7563 = FACE_BOUND('',#7564,.T.);
#7564 = EDGE_LOOP('',(#7565,#7566,#7575,#7584,#7592,#7600,#7608,#7617,
    #7624,#7625,#7632,#7633,#7639,#7640));
#7565 = ORIENTED_EDGE('',*,*,#7504,.F.);
#7566 = ORIENTED_EDGE('',*,*,#7567,.F.);
#7567 = EDGE_CURVE('',#7568,#7497,#7570,.T.);
#7568 = VERTEX_POINT('',#7569);
#7569 = CARTESIAN_POINT('',(0.25,0.6,0.15));
#7570 = CIRCLE('',#7571,0.1);
#7571 = AXIS2_PLACEMENT_3D('',#7572,#7573,#7574);
#7572 = CARTESIAN_POINT('',(0.25,0.5,0.15));
#7573 = DIRECTION('',(0.,0.,-1.));
#7574 = DIRECTION('',(-1.,0.,0.));
#7575 = ORIENTED_EDGE('',*,*,#7576,.T.);
#7576 = EDGE_CURVE('',#7568,#7577,#7579,.T.);
#7577 = VERTEX_POINT('',#7578);
#7578 = CARTESIAN_POINT('',(0.15,0.7,0.15));
#7579 = CIRCLE('',#7580,0.1);
#7580 = AXIS2_PLACEMENT_3D('',#7581,#7582,#7583);
#7581 = CARTESIAN_POINT('',(0.25,0.7,0.15));
#7582 = DIRECTION('',(0.,0.,-1.));
#7583 = DIRECTION('',(-1.,0.,0.));
#7584 = ORIENTED_EDGE('',*,*,#7585,.F.);
#7585 = EDGE_CURVE('',#7586,#7577,#7588,.T.);
#7586 = VERTEX_POINT('',#7587);
#7587 = CARTESIAN_POINT('',(0.15,1.095,0.15));
#7588 = LINE('',#7589,#7590);
#7589 = CARTESIAN_POINT('',(0.15,1.095,0.15));
#7590 = VECTOR('',#7591,1.);
#7591 = DIRECTION('',(0.,-1.,-1.001283391617E-16));
#7592 = ORIENTED_EDGE('',*,*,#7593,.F.);
#7593 = EDGE_CURVE('',#7594,#7586,#7596,.T.);
#7594 = VERTEX_POINT('',#7595);
#7595 = CARTESIAN_POINT('',(-0.15,1.095,0.15));
#7596 = LINE('',#7597,#7598);
#7597 = CARTESIAN_POINT('',(-0.15,1.095,0.15));
#7598 = VECTOR('',#7599,1.);
#7599 = DIRECTION('',(1.,0.,0.));
#7600 = ORIENTED_EDGE('',*,*,#7601,.T.);
#7601 = EDGE_CURVE('',#7594,#7602,#7604,.T.);
#7602 = VERTEX_POINT('',#7603);
#7603 = CARTESIAN_POINT('',(-0.15,0.7,0.15));
#7604 = LINE('',#7605,#7606);
#7605 = CARTESIAN_POINT('',(-0.15,1.095,0.15));
#7606 = VECTOR('',#7607,1.);
#7607 = DIRECTION('',(0.,-1.,-1.001283391617E-16));
#7608 = ORIENTED_EDGE('',*,*,#7609,.T.);
#7609 = EDGE_CURVE('',#7602,#7610,#7612,.T.);
#7610 = VERTEX_POINT('',#7611);
#7611 = CARTESIAN_POINT('',(-0.25,0.6,0.15));
#7612 = CIRCLE('',#7613,0.1);
#7613 = AXIS2_PLACEMENT_3D('',#7614,#7615,#7616);
#7614 = CARTESIAN_POINT('',(-0.25,0.7,0.15));
#7615 = DIRECTION('',(0.,0.,-1.));
#7616 = DIRECTION('',(-1.,0.,0.));
#7617 = ORIENTED_EDGE('',*,*,#7618,.F.);
#7618 = EDGE_CURVE('',#7449,#7610,#7619,.T.);
#7619 = CIRCLE('',#7620,0.1);
#7620 = AXIS2_PLACEMENT_3D('',#7621,#7622,#7623);
#7621 = CARTESIAN_POINT('',(-0.25,0.5,0.15));
#7622 = DIRECTION('',(0.,0.,-1.));
#7623 = DIRECTION('',(-1.,0.,0.));
#7624 = ORIENTED_EDGE('',*,*,#7446,.F.);
#7625 = ORIENTED_EDGE('',*,*,#7626,.F.);
#7626 = EDGE_CURVE('',#7409,#7447,#7627,.T.);
#7627 = CIRCLE('',#7628,0.1);
#7628 = AXIS2_PLACEMENT_3D('',#7629,#7630,#7631);
#7629 = CARTESIAN_POINT('',(-0.25,-0.5,0.15));
#7630 = DIRECTION('',(0.,0.,-1.));
#7631 = DIRECTION('',(-1.,0.,0.));
#7632 = ORIENTED_EDGE('',*,*,#7406,.F.);
#7633 = ORIENTED_EDGE('',*,*,#7634,.T.);
#7634 = EDGE_CURVE('',#7407,#7545,#7635,.T.);
#7635 = LINE('',#7636,#7637);
#7636 = CARTESIAN_POINT('',(-0.2,-0.6,0.15));
#7637 = VECTOR('',#7638,1.);
#7638 = DIRECTION('',(1.,0.,0.));
#7639 = ORIENTED_EDGE('',*,*,#7544,.F.);
#7640 = ORIENTED_EDGE('',*,*,#7641,.F.);
#7641 = EDGE_CURVE('',#7505,#7537,#7642,.T.);
#7642 = CIRCLE('',#7643,0.1);
#7643 = AXIS2_PLACEMENT_3D('',#7644,#7645,#7646);
#7644 = CARTESIAN_POINT('',(0.25,-0.5,0.15));
#7645 = DIRECTION('',(0.,0.,-1.));
#7646 = DIRECTION('',(-1.,0.,0.));
#7647 = PLANE('',#7648);
#7648 = AXIS2_PLACEMENT_3D('',#7649,#7650,#7651);
#7649 = CARTESIAN_POINT('',(0.,0.,0.15));
#7650 = DIRECTION('',(0.,0.,-1.));
#7651 = DIRECTION('',(-1.,0.,0.));
#7652 = ADVANCED_FACE('',(#7653),#7737,.T.);
#7653 = FACE_BOUND('',#7654,.T.);
#7654 = EDGE_LOOP('',(#7655,#7665,#7674,#7681,#7682,#7689,#7690,#7696,
    #7697,#7704,#7705,#7714,#7723,#7731));
#7655 = ORIENTED_EDGE('',*,*,#7656,.T.);
#7656 = EDGE_CURVE('',#7657,#7659,#7661,.T.);
#7657 = VERTEX_POINT('',#7658);
#7658 = CARTESIAN_POINT('',(0.15,1.095,2.710505431214E-17));
#7659 = VERTEX_POINT('',#7660);
#7660 = CARTESIAN_POINT('',(0.15,0.7,1.46594146554E-17));
#7661 = LINE('',#7662,#7663);
#7662 = CARTESIAN_POINT('',(0.15,1.095,5.421010862428E-17));
#7663 = VECTOR('',#7664,1.);
#7664 = DIRECTION('',(0.,-1.,-1.001283391617E-16));
#7665 = ORIENTED_EDGE('',*,*,#7666,.F.);
#7666 = EDGE_CURVE('',#7667,#7659,#7669,.T.);
#7667 = VERTEX_POINT('',#7668);
#7668 = CARTESIAN_POINT('',(0.25,0.6,0.));
#7669 = CIRCLE('',#7670,0.1);
#7670 = AXIS2_PLACEMENT_3D('',#7671,#7672,#7673);
#7671 = CARTESIAN_POINT('',(0.25,0.7,0.));
#7672 = DIRECTION('',(0.,0.,-1.));
#7673 = DIRECTION('',(-1.,0.,0.));
#7674 = ORIENTED_EDGE('',*,*,#7675,.T.);
#7675 = EDGE_CURVE('',#7667,#7487,#7676,.T.);
#7676 = CIRCLE('',#7677,0.1);
#7677 = AXIS2_PLACEMENT_3D('',#7678,#7679,#7680);
#7678 = CARTESIAN_POINT('',(0.25,0.5,0.));
#7679 = DIRECTION('',(0.,0.,-1.));
#7680 = DIRECTION('',(-1.,0.,0.));
#7681 = ORIENTED_EDGE('',*,*,#7486,.T.);
#7682 = ORIENTED_EDGE('',*,*,#7683,.T.);
#7683 = EDGE_CURVE('',#7489,#7527,#7684,.T.);
#7684 = CIRCLE('',#7685,0.1);
#7685 = AXIS2_PLACEMENT_3D('',#7686,#7687,#7688);
#7686 = CARTESIAN_POINT('',(0.25,-0.5,0.));
#7687 = DIRECTION('',(0.,0.,-1.));
#7688 = DIRECTION('',(-1.,0.,0.));
#7689 = ORIENTED_EDGE('',*,*,#7526,.T.);
#7690 = ORIENTED_EDGE('',*,*,#7691,.F.);
#7691 = EDGE_CURVE('',#7425,#7529,#7692,.T.);
#7692 = LINE('',#7693,#7694);
#7693 = CARTESIAN_POINT('',(-0.2,-0.6,0.));
#7694 = VECTOR('',#7695,1.);
#7695 = DIRECTION('',(1.,0.,0.));
#7696 = ORIENTED_EDGE('',*,*,#7424,.T.);
#7697 = ORIENTED_EDGE('',*,*,#7698,.T.);
#7698 = EDGE_CURVE('',#7417,#7465,#7699,.T.);
#7699 = CIRCLE('',#7700,0.1);
#7700 = AXIS2_PLACEMENT_3D('',#7701,#7702,#7703);
#7701 = CARTESIAN_POINT('',(-0.25,-0.5,0.));
#7702 = DIRECTION('',(0.,0.,-1.));
#7703 = DIRECTION('',(-1.,0.,0.));
#7704 = ORIENTED_EDGE('',*,*,#7464,.T.);
#7705 = ORIENTED_EDGE('',*,*,#7706,.T.);
#7706 = EDGE_CURVE('',#7457,#7707,#7709,.T.);
#7707 = VERTEX_POINT('',#7708);
#7708 = CARTESIAN_POINT('',(-0.25,0.6,0.));
#7709 = CIRCLE('',#7710,0.1);
#7710 = AXIS2_PLACEMENT_3D('',#7711,#7712,#7713);
#7711 = CARTESIAN_POINT('',(-0.25,0.5,0.));
#7712 = DIRECTION('',(0.,0.,-1.));
#7713 = DIRECTION('',(-1.,0.,0.));
#7714 = ORIENTED_EDGE('',*,*,#7715,.F.);
#7715 = EDGE_CURVE('',#7716,#7707,#7718,.T.);
#7716 = VERTEX_POINT('',#7717);
#7717 = CARTESIAN_POINT('',(-0.15,0.7,1.46594146554E-17));
#7718 = CIRCLE('',#7719,0.1);
#7719 = AXIS2_PLACEMENT_3D('',#7720,#7721,#7722);
#7720 = CARTESIAN_POINT('',(-0.25,0.7,0.));
#7721 = DIRECTION('',(0.,0.,-1.));
#7722 = DIRECTION('',(-1.,0.,0.));
#7723 = ORIENTED_EDGE('',*,*,#7724,.F.);
#7724 = EDGE_CURVE('',#7725,#7716,#7727,.T.);
#7725 = VERTEX_POINT('',#7726);
#7726 = CARTESIAN_POINT('',(-0.15,1.095,5.421010862428E-17));
#7727 = LINE('',#7728,#7729);
#7728 = CARTESIAN_POINT('',(-0.15,1.095,5.421010862428E-17));
#7729 = VECTOR('',#7730,1.);
#7730 = DIRECTION('',(0.,-1.,-1.001283391617E-16));
#7731 = ORIENTED_EDGE('',*,*,#7732,.T.);
#7732 = EDGE_CURVE('',#7725,#7657,#7733,.T.);
#7733 = LINE('',#7734,#7735);
#7734 = CARTESIAN_POINT('',(-0.15,1.095,2.710505431214E-17));
#7735 = VECTOR('',#7736,1.);
#7736 = DIRECTION('',(1.,0.,0.));
#7737 = PLANE('',#7738);
#7738 = AXIS2_PLACEMENT_3D('',#7739,#7740,#7741);
#7739 = CARTESIAN_POINT('',(0.,0.,0.));
#7740 = DIRECTION('',(0.,0.,-1.));
#7741 = DIRECTION('',(-1.,0.,0.));
#7742 = ADVANCED_FACE('',(#7743),#7854,.T.);
#7743 = FACE_BOUND('',#7744,.T.);
#7744 = EDGE_LOOP('',(#7745,#7755,#7763,#7771,#7780,#7788,#7797,#7805,
    #7812,#7813,#7822,#7830,#7839,#7847));
#7745 = ORIENTED_EDGE('',*,*,#7746,.T.);
#7746 = EDGE_CURVE('',#7747,#7749,#7751,.T.);
#7747 = VERTEX_POINT('',#7748);
#7748 = CARTESIAN_POINT('',(-0.2,-4.94343669688,0.830235828743));
#7749 = VERTEX_POINT('',#7750);
#7750 = CARTESIAN_POINT('',(-0.2,-5.079372317161,0.698761031347));
#7751 = LINE('',#7752,#7753);
#7752 = CARTESIAN_POINT('',(-0.2,-4.94343669688,0.830235828743));
#7753 = VECTOR('',#7754,1.);
#7754 = DIRECTION('',(0.,-0.718802420059,-0.695214413629));
#7755 = ORIENTED_EDGE('',*,*,#7756,.T.);
#7756 = EDGE_CURVE('',#7749,#7757,#7759,.T.);
#7757 = VERTEX_POINT('',#7758);
#7758 = CARTESIAN_POINT('',(-0.2,-5.183654479206,0.806581394356));
#7759 = LINE('',#7760,#7761);
#7760 = CARTESIAN_POINT('',(-0.2,-5.183654479206,0.806581394356));
#7761 = VECTOR('',#7762,1.);
#7762 = DIRECTION('',(0.,-0.695214413629,0.718802420059));
#7763 = ORIENTED_EDGE('',*,*,#7764,.F.);
#7764 = EDGE_CURVE('',#7765,#7757,#7767,.T.);
#7765 = VERTEX_POINT('',#7766);
#7766 = CARTESIAN_POINT('',(-0.2,-5.047718858924,0.938056191752));
#7767 = LINE('',#7768,#7769);
#7768 = CARTESIAN_POINT('',(-0.2,-5.047718858924,0.938056191752));
#7769 = VECTOR('',#7770,1.);
#7770 = DIRECTION('',(0.,-0.718802420059,-0.695214413629));
#7771 = ORIENTED_EDGE('',*,*,#7772,.F.);
#7772 = EDGE_CURVE('',#7773,#7765,#7775,.T.);
#7773 = VERTEX_POINT('',#7774);
#7774 = CARTESIAN_POINT('',(-0.2,-4.363938414033,1.001559919733));
#7775 = CIRCLE('',#7776,0.548706498343);
#7776 = AXIS2_PLACEMENT_3D('',#7777,#7778,#7779);
#7777 = CARTESIAN_POINT('',(-0.2,-4.666250192424,0.543644632841));
#7778 = DIRECTION('',(1.,0.,0.));
#7779 = DIRECTION('',(-0.,1.,1.548860246408E-16));
#7780 = ORIENTED_EDGE('',*,*,#7781,.F.);
#7781 = EDGE_CURVE('',#7782,#7773,#7784,.T.);
#7782 = VERTEX_POINT('',#7783);
#7783 = CARTESIAN_POINT('',(-0.2,-3.817909912521,0.641076546346));
#7784 = LINE('',#7785,#7786);
#7785 = CARTESIAN_POINT('',(-0.2,-3.817909912521,0.641076546346));
#7786 = VECTOR('',#7787,1.);
#7787 = DIRECTION('',(0.,-0.834535928178,0.550953523067));
#7788 = ORIENTED_EDGE('',*,*,#7789,.F.);
#7789 = EDGE_CURVE('',#7790,#7782,#7792,.T.);
#7790 = VERTEX_POINT('',#7791);
#7791 = CARTESIAN_POINT('',(-0.2,-3.365741573901,0.474673419749));
#7792 = CIRCLE('',#7793,1.052775713083);
#7793 = AXIS2_PLACEMENT_3D('',#7794,#7795,#7796);
#7794 = CARTESIAN_POINT('',(-0.2,-3.237879424399,1.519655703227));
#7795 = DIRECTION('',(-1.,0.,0.));
#7796 = DIRECTION('',(0.,1.,1.548860246408E-16));
#7797 = ORIENTED_EDGE('',*,*,#7798,.F.);
#7798 = EDGE_CURVE('',#7799,#7790,#7801,.T.);
#7799 = VERTEX_POINT('',#7800);
#7800 = CARTESIAN_POINT('',(-0.2,-0.823718361552,0.163636039352));
#7801 = LINE('',#7802,#7803);
#7802 = CARTESIAN_POINT('',(-0.2,-0.823718361552,0.163636039352));
#7803 = VECTOR('',#7804,1.);
#7804 = DIRECTION('',(0.,-0.992597255514,0.12145241186));
#7805 = ORIENTED_EDGE('',*,*,#7806,.F.);
#7806 = EDGE_CURVE('',#7407,#7799,#7807,.T.);
#7807 = CIRCLE('',#7808,1.842024856694);
#7808 = AXIS2_PLACEMENT_3D('',#7809,#7810,#7811);
#7809 = CARTESIAN_POINT('',(-0.2,-0.6,1.992024856694));
#7810 = DIRECTION('',(-1.,0.,0.));
#7811 = DIRECTION('',(0.,1.,1.548860246408E-16));
#7812 = ORIENTED_EDGE('',*,*,#7432,.F.);
#7813 = ORIENTED_EDGE('',*,*,#7814,.F.);
#7814 = EDGE_CURVE('',#7815,#7425,#7817,.T.);
#7815 = VERTEX_POINT('',#7816);
#7816 = CARTESIAN_POINT('',(-0.2,-0.841936223331,1.474645102451E-02));
#7817 = CIRCLE('',#7818,1.992024856694);
#7818 = AXIS2_PLACEMENT_3D('',#7819,#7820,#7821);
#7819 = CARTESIAN_POINT('',(-0.2,-0.6,1.992024856694));
#7820 = DIRECTION('',(1.,0.,0.));
#7821 = DIRECTION('',(0.,0.,-1.));
#7822 = ORIENTED_EDGE('',*,*,#7823,.T.);
#7823 = EDGE_CURVE('',#7815,#7824,#7826,.T.);
#7824 = VERTEX_POINT('',#7825);
#7825 = CARTESIAN_POINT('',(-0.2,-3.38395943568,0.325783831422));
#7826 = LINE('',#7827,#7828);
#7827 = CARTESIAN_POINT('',(-0.2,-0.841936223331,1.474645102451E-02));
#7828 = VECTOR('',#7829,1.);
#7829 = DIRECTION('',(0.,-0.992597255514,0.12145241186));
#7830 = ORIENTED_EDGE('',*,*,#7831,.F.);
#7831 = EDGE_CURVE('',#7832,#7824,#7834,.T.);
#7832 = VERTEX_POINT('',#7833);
#7833 = CARTESIAN_POINT('',(-0.2,-3.900552940981,0.515896157119));
#7834 = CIRCLE('',#7835,1.202775713083);
#7835 = AXIS2_PLACEMENT_3D('',#7836,#7837,#7838);
#7836 = CARTESIAN_POINT('',(-0.2,-3.237879424399,1.519655703227));
#7837 = DIRECTION('',(1.,0.,0.));
#7838 = DIRECTION('',(0.,0.,-1.));
#7839 = ORIENTED_EDGE('',*,*,#7840,.T.);
#7840 = EDGE_CURVE('',#7832,#7841,#7843,.T.);
#7841 = VERTEX_POINT('',#7842);
#7842 = CARTESIAN_POINT('',(-0.2,-4.446581442493,0.876379530507));
#7843 = LINE('',#7844,#7845);
#7844 = CARTESIAN_POINT('',(-0.2,-3.900552940981,0.515896157119));
#7845 = VECTOR('',#7846,1.);
#7846 = DIRECTION('',(0.,-0.834535928178,0.550953523067));
#7847 = ORIENTED_EDGE('',*,*,#7848,.T.);
#7848 = EDGE_CURVE('',#7841,#7747,#7849,.T.);
#7849 = CIRCLE('',#7850,0.398706498343);
#7850 = AXIS2_PLACEMENT_3D('',#7851,#7852,#7853);
#7851 = CARTESIAN_POINT('',(-0.2,-4.666250192424,0.543644632841));
#7852 = DIRECTION('',(1.,0.,0.));
#7853 = DIRECTION('',(0.,0.,-1.));
#7854 = PLANE('',#7855);
#7855 = AXIS2_PLACEMENT_3D('',#7856,#7857,#7858);
#7856 = CARTESIAN_POINT('',(-0.2,-5.047718858924,0.938056191752));
#7857 = DIRECTION('',(-1.,0.,0.));
#7858 = DIRECTION('',(-0.,-0.718802420059,-0.695214413629));
#7859 = ADVANCED_FACE('',(#7860),#7894,.T.);
#7860 = FACE_BOUND('',#7861,.T.);
#7861 = EDGE_LOOP('',(#7862,#7872,#7880,#7888));
#7862 = ORIENTED_EDGE('',*,*,#7863,.F.);
#7863 = EDGE_CURVE('',#7864,#7866,#7868,.T.);
#7864 = VERTEX_POINT('',#7865);
#7865 = CARTESIAN_POINT('',(-0.1,-5.255534721212,0.737059952993));
#7866 = VERTEX_POINT('',#7867);
#7867 = CARTESIAN_POINT('',(0.1,-5.255534721212,0.737059952993));
#7868 = LINE('',#7869,#7870);
#7869 = CARTESIAN_POINT('',(-0.2,-5.255534721212,0.737059952993));
#7870 = VECTOR('',#7871,1.);
#7871 = DIRECTION('',(1.,0.,0.));
#7872 = ORIENTED_EDGE('',*,*,#7873,.F.);
#7873 = EDGE_CURVE('',#7874,#7864,#7876,.T.);
#7874 = VERTEX_POINT('',#7875);
#7875 = CARTESIAN_POINT('',(-0.1,-5.151252559167,0.629239589984));
#7876 = LINE('',#7877,#7878);
#7877 = CARTESIAN_POINT('',(-0.1,-5.255534721212,0.737059952993));
#7878 = VECTOR('',#7879,1.);
#7879 = DIRECTION('',(0.,-0.695214413629,0.718802420059));
#7880 = ORIENTED_EDGE('',*,*,#7881,.T.);
#7881 = EDGE_CURVE('',#7874,#7882,#7884,.T.);
#7882 = VERTEX_POINT('',#7883);
#7883 = CARTESIAN_POINT('',(0.1,-5.151252559167,0.629239589984));
#7884 = LINE('',#7885,#7886);
#7885 = CARTESIAN_POINT('',(-0.2,-5.151252559167,0.629239589984));
#7886 = VECTOR('',#7887,1.);
#7887 = DIRECTION('',(1.,0.,0.));
#7888 = ORIENTED_EDGE('',*,*,#7889,.T.);
#7889 = EDGE_CURVE('',#7882,#7866,#7890,.T.);
#7890 = LINE('',#7891,#7892);
#7891 = CARTESIAN_POINT('',(0.1,-5.255534721212,0.737059952993));
#7892 = VECTOR('',#7893,1.);
#7893 = DIRECTION('',(0.,-0.695214413629,0.718802420059));
#7894 = PLANE('',#7895);
#7895 = AXIS2_PLACEMENT_3D('',#7896,#7897,#7898);
#7896 = CARTESIAN_POINT('',(-0.2,-5.255534721212,0.737059952993));
#7897 = DIRECTION('',(0.,-0.718802420059,-0.695214413629));
#7898 = DIRECTION('',(1.,0.,0.));
#7899 = ADVANCED_FACE('',(#7900),#8011,.T.);
#7900 = FACE_BOUND('',#7901,.T.);
#7901 = EDGE_LOOP('',(#7902,#7912,#7920,#7928,#7937,#7945,#7954,#7962,
    #7969,#7970,#7979,#7987,#7996,#8004));
#7902 = ORIENTED_EDGE('',*,*,#7903,.T.);
#7903 = EDGE_CURVE('',#7904,#7906,#7908,.T.);
#7904 = VERTEX_POINT('',#7905);
#7905 = CARTESIAN_POINT('',(0.2,-5.047718858924,0.938056191752));
#7906 = VERTEX_POINT('',#7907);
#7907 = CARTESIAN_POINT('',(0.2,-5.183654479206,0.806581394356));
#7908 = LINE('',#7909,#7910);
#7909 = CARTESIAN_POINT('',(0.2,-5.047718858924,0.938056191752));
#7910 = VECTOR('',#7911,1.);
#7911 = DIRECTION('',(0.,-0.718802420059,-0.695214413629));
#7912 = ORIENTED_EDGE('',*,*,#7913,.F.);
#7913 = EDGE_CURVE('',#7914,#7906,#7916,.T.);
#7914 = VERTEX_POINT('',#7915);
#7915 = CARTESIAN_POINT('',(0.2,-5.079372317161,0.698761031347));
#7916 = LINE('',#7917,#7918);
#7917 = CARTESIAN_POINT('',(0.2,-3.56066041878,-0.871479410346));
#7918 = VECTOR('',#7919,1.);
#7919 = DIRECTION('',(0.,-0.695214413629,0.718802420059));
#7920 = ORIENTED_EDGE('',*,*,#7921,.F.);
#7921 = EDGE_CURVE('',#7922,#7914,#7924,.T.);
#7922 = VERTEX_POINT('',#7923);
#7923 = CARTESIAN_POINT('',(0.2,-4.94343669688,0.830235828743));
#7924 = LINE('',#7925,#7926);
#7925 = CARTESIAN_POINT('',(0.2,-4.94343669688,0.830235828743));
#7926 = VECTOR('',#7927,1.);
#7927 = DIRECTION('',(0.,-0.718802420059,-0.695214413629));
#7928 = ORIENTED_EDGE('',*,*,#7929,.F.);
#7929 = EDGE_CURVE('',#7930,#7922,#7932,.T.);
#7930 = VERTEX_POINT('',#7931);
#7931 = CARTESIAN_POINT('',(0.2,-4.446581442493,0.876379530507));
#7932 = CIRCLE('',#7933,0.398706498343);
#7933 = AXIS2_PLACEMENT_3D('',#7934,#7935,#7936);
#7934 = CARTESIAN_POINT('',(0.2,-4.666250192424,0.543644632841));
#7935 = DIRECTION('',(1.,0.,0.));
#7936 = DIRECTION('',(0.,0.,-1.));
#7937 = ORIENTED_EDGE('',*,*,#7938,.F.);
#7938 = EDGE_CURVE('',#7939,#7930,#7941,.T.);
#7939 = VERTEX_POINT('',#7940);
#7940 = CARTESIAN_POINT('',(0.2,-3.900552940981,0.515896157119));
#7941 = LINE('',#7942,#7943);
#7942 = CARTESIAN_POINT('',(0.2,-3.900552940981,0.515896157119));
#7943 = VECTOR('',#7944,1.);
#7944 = DIRECTION('',(0.,-0.834535928178,0.550953523067));
#7945 = ORIENTED_EDGE('',*,*,#7946,.T.);
#7946 = EDGE_CURVE('',#7939,#7947,#7949,.T.);
#7947 = VERTEX_POINT('',#7948);
#7948 = CARTESIAN_POINT('',(0.2,-3.38395943568,0.325783831422));
#7949 = CIRCLE('',#7950,1.202775713083);
#7950 = AXIS2_PLACEMENT_3D('',#7951,#7952,#7953);
#7951 = CARTESIAN_POINT('',(0.2,-3.237879424399,1.519655703227));
#7952 = DIRECTION('',(1.,0.,0.));
#7953 = DIRECTION('',(0.,0.,-1.));
#7954 = ORIENTED_EDGE('',*,*,#7955,.F.);
#7955 = EDGE_CURVE('',#7956,#7947,#7958,.T.);
#7956 = VERTEX_POINT('',#7957);
#7957 = CARTESIAN_POINT('',(0.2,-0.841936223331,1.474645102451E-02));
#7958 = LINE('',#7959,#7960);
#7959 = CARTESIAN_POINT('',(0.2,-0.841936223331,1.474645102451E-02));
#7960 = VECTOR('',#7961,1.);
#7961 = DIRECTION('',(0.,-0.992597255514,0.12145241186));
#7962 = ORIENTED_EDGE('',*,*,#7963,.T.);
#7963 = EDGE_CURVE('',#7956,#7529,#7964,.T.);
#7964 = CIRCLE('',#7965,1.992024856694);
#7965 = AXIS2_PLACEMENT_3D('',#7966,#7967,#7968);
#7966 = CARTESIAN_POINT('',(0.2,-0.6,1.992024856694));
#7967 = DIRECTION('',(1.,0.,0.));
#7968 = DIRECTION('',(0.,0.,-1.));
#7969 = ORIENTED_EDGE('',*,*,#7552,.T.);
#7970 = ORIENTED_EDGE('',*,*,#7971,.T.);
#7971 = EDGE_CURVE('',#7545,#7972,#7974,.T.);
#7972 = VERTEX_POINT('',#7973);
#7973 = CARTESIAN_POINT('',(0.2,-0.823718361552,0.163636039352));
#7974 = CIRCLE('',#7975,1.842024856694);
#7975 = AXIS2_PLACEMENT_3D('',#7976,#7977,#7978);
#7976 = CARTESIAN_POINT('',(0.2,-0.6,1.992024856694));
#7977 = DIRECTION('',(-1.,0.,0.));
#7978 = DIRECTION('',(0.,1.,1.548860246408E-16));
#7979 = ORIENTED_EDGE('',*,*,#7980,.T.);
#7980 = EDGE_CURVE('',#7972,#7981,#7983,.T.);
#7981 = VERTEX_POINT('',#7982);
#7982 = CARTESIAN_POINT('',(0.2,-3.365741573901,0.474673419749));
#7983 = LINE('',#7984,#7985);
#7984 = CARTESIAN_POINT('',(0.2,-0.823718361552,0.163636039352));
#7985 = VECTOR('',#7986,1.);
#7986 = DIRECTION('',(0.,-0.992597255514,0.12145241186));
#7987 = ORIENTED_EDGE('',*,*,#7988,.T.);
#7988 = EDGE_CURVE('',#7981,#7989,#7991,.T.);
#7989 = VERTEX_POINT('',#7990);
#7990 = CARTESIAN_POINT('',(0.2,-3.817909912521,0.641076546346));
#7991 = CIRCLE('',#7992,1.052775713083);
#7992 = AXIS2_PLACEMENT_3D('',#7993,#7994,#7995);
#7993 = CARTESIAN_POINT('',(0.2,-3.237879424399,1.519655703227));
#7994 = DIRECTION('',(-1.,0.,0.));
#7995 = DIRECTION('',(0.,1.,1.548860246408E-16));
#7996 = ORIENTED_EDGE('',*,*,#7997,.T.);
#7997 = EDGE_CURVE('',#7989,#7998,#8000,.T.);
#7998 = VERTEX_POINT('',#7999);
#7999 = CARTESIAN_POINT('',(0.2,-4.363938414033,1.001559919733));
#8000 = LINE('',#8001,#8002);
#8001 = CARTESIAN_POINT('',(0.2,-3.817909912521,0.641076546346));
#8002 = VECTOR('',#8003,1.);
#8003 = DIRECTION('',(0.,-0.834535928178,0.550953523067));
#8004 = ORIENTED_EDGE('',*,*,#8005,.T.);
#8005 = EDGE_CURVE('',#7998,#7904,#8006,.T.);
#8006 = CIRCLE('',#8007,0.548706498343);
#8007 = AXIS2_PLACEMENT_3D('',#8008,#8009,#8010);
#8008 = CARTESIAN_POINT('',(0.2,-4.666250192424,0.543644632841));
#8009 = DIRECTION('',(1.,0.,0.));
#8010 = DIRECTION('',(-0.,1.,1.548860246408E-16));
#8011 = PLANE('',#8012);
#8012 = AXIS2_PLACEMENT_3D('',#8013,#8014,#8015);
#8013 = CARTESIAN_POINT('',(0.2,-0.6,1.992024856694));
#8014 = DIRECTION('',(1.,0.,0.));
#8015 = DIRECTION('',(0.,0.,-1.));
#8016 = ADVANCED_FACE('',(#8017),#8028,.F.);
#8017 = FACE_BOUND('',#8018,.F.);
#8018 = EDGE_LOOP('',(#8019,#8025,#8026,#8027));
#8019 = ORIENTED_EDGE('',*,*,#8020,.F.);
#8020 = EDGE_CURVE('',#7799,#7972,#8021,.T.);
#8021 = LINE('',#8022,#8023);
#8022 = CARTESIAN_POINT('',(-0.2,-0.823718361552,0.163636039352));
#8023 = VECTOR('',#8024,1.);
#8024 = DIRECTION('',(1.,0.,0.));
#8025 = ORIENTED_EDGE('',*,*,#7806,.F.);
#8026 = ORIENTED_EDGE('',*,*,#7634,.T.);
#8027 = ORIENTED_EDGE('',*,*,#7971,.T.);
#8028 = CYLINDRICAL_SURFACE('',#8029,1.842024856694);
#8029 = AXIS2_PLACEMENT_3D('',#8030,#8031,#8032);
#8030 = CARTESIAN_POINT('',(-0.2,-0.6,1.992024856694));
#8031 = DIRECTION('',(1.,0.,0.));
#8032 = DIRECTION('',(0.,0.,-1.));
#8033 = ADVANCED_FACE('',(#8034),#8045,.T.);
#8034 = FACE_BOUND('',#8035,.T.);
#8035 = EDGE_LOOP('',(#8036,#8037,#8038,#8039));
#8036 = ORIENTED_EDGE('',*,*,#7980,.F.);
#8037 = ORIENTED_EDGE('',*,*,#8020,.F.);
#8038 = ORIENTED_EDGE('',*,*,#7798,.T.);
#8039 = ORIENTED_EDGE('',*,*,#8040,.T.);
#8040 = EDGE_CURVE('',#7790,#7981,#8041,.T.);
#8041 = LINE('',#8042,#8043);
#8042 = CARTESIAN_POINT('',(-0.2,-3.365741573901,0.474673419749));
#8043 = VECTOR('',#8044,1.);
#8044 = DIRECTION('',(1.,0.,0.));
#8045 = PLANE('',#8046);
#8046 = AXIS2_PLACEMENT_3D('',#8047,#8048,#8049);
#8047 = CARTESIAN_POINT('',(-0.2,-0.823718361552,0.163636039352));
#8048 = DIRECTION('',(0.,0.12145241186,0.992597255514));
#8049 = DIRECTION('',(0.,-0.992597255514,0.12145241186));
#8050 = ADVANCED_FACE('',(#8051),#8062,.F.);
#8051 = FACE_BOUND('',#8052,.F.);
#8052 = EDGE_LOOP('',(#8053,#8059,#8060,#8061));
#8053 = ORIENTED_EDGE('',*,*,#8054,.F.);
#8054 = EDGE_CURVE('',#7782,#7989,#8055,.T.);
#8055 = LINE('',#8056,#8057);
#8056 = CARTESIAN_POINT('',(-0.2,-3.817909912521,0.641076546346));
#8057 = VECTOR('',#8058,1.);
#8058 = DIRECTION('',(1.,0.,0.));
#8059 = ORIENTED_EDGE('',*,*,#7789,.F.);
#8060 = ORIENTED_EDGE('',*,*,#8040,.T.);
#8061 = ORIENTED_EDGE('',*,*,#7988,.T.);
#8062 = CYLINDRICAL_SURFACE('',#8063,1.052775713083);
#8063 = AXIS2_PLACEMENT_3D('',#8064,#8065,#8066);
#8064 = CARTESIAN_POINT('',(-0.2,-3.237879424399,1.519655703227));
#8065 = DIRECTION('',(1.,0.,0.));
#8066 = DIRECTION('',(0.,0.,-1.));
#8067 = ADVANCED_FACE('',(#8068),#8079,.T.);
#8068 = FACE_BOUND('',#8069,.T.);
#8069 = EDGE_LOOP('',(#8070,#8071,#8072,#8073));
#8070 = ORIENTED_EDGE('',*,*,#7997,.F.);
#8071 = ORIENTED_EDGE('',*,*,#8054,.F.);
#8072 = ORIENTED_EDGE('',*,*,#7781,.T.);
#8073 = ORIENTED_EDGE('',*,*,#8074,.T.);
#8074 = EDGE_CURVE('',#7773,#7998,#8075,.T.);
#8075 = LINE('',#8076,#8077);
#8076 = CARTESIAN_POINT('',(-0.2,-4.363938414033,1.001559919733));
#8077 = VECTOR('',#8078,1.);
#8078 = DIRECTION('',(1.,0.,0.));
#8079 = PLANE('',#8080);
#8080 = AXIS2_PLACEMENT_3D('',#8081,#8082,#8083);
#8081 = CARTESIAN_POINT('',(-0.2,-3.817909912521,0.641076546346));
#8082 = DIRECTION('',(0.,0.550953523067,0.834535928178));
#8083 = DIRECTION('',(0.,-0.834535928178,0.550953523067));
#8084 = ADVANCED_FACE('',(#8085),#8096,.T.);
#8085 = FACE_BOUND('',#8086,.T.);
#8086 = EDGE_LOOP('',(#8087,#8088,#8089,#8090));
#8087 = ORIENTED_EDGE('',*,*,#8005,.F.);
#8088 = ORIENTED_EDGE('',*,*,#8074,.F.);
#8089 = ORIENTED_EDGE('',*,*,#7772,.T.);
#8090 = ORIENTED_EDGE('',*,*,#8091,.T.);
#8091 = EDGE_CURVE('',#7765,#7904,#8092,.T.);
#8092 = LINE('',#8093,#8094);
#8093 = CARTESIAN_POINT('',(-0.2,-5.047718858924,0.938056191752));
#8094 = VECTOR('',#8095,1.);
#8095 = DIRECTION('',(1.,0.,0.));
#8096 = CYLINDRICAL_SURFACE('',#8097,0.548706498343);
#8097 = AXIS2_PLACEMENT_3D('',#8098,#8099,#8100);
#8098 = CARTESIAN_POINT('',(-0.2,-4.666250192424,0.543644632841));
#8099 = DIRECTION('',(1.,0.,0.));
#8100 = DIRECTION('',(0.,0.,-1.));
#8101 = ADVANCED_FACE('',(#8102),#8122,.T.);
#8102 = FACE_BOUND('',#8103,.T.);
#8103 = EDGE_LOOP('',(#8104,#8105,#8112,#8113,#8120,#8121));
#8104 = ORIENTED_EDGE('',*,*,#7764,.T.);
#8105 = ORIENTED_EDGE('',*,*,#8106,.T.);
#8106 = EDGE_CURVE('',#7757,#7864,#8107,.T.);
#8107 = CIRCLE('',#8108,0.1);
#8108 = AXIS2_PLACEMENT_3D('',#8109,#8110,#8111);
#8109 = CARTESIAN_POINT('',(-0.1,-5.183654479206,0.806581394356));
#8110 = DIRECTION('',(0.,-0.695214413629,0.718802420059));
#8111 = DIRECTION('',(0.,-0.718802420059,-0.695214413629));
#8112 = ORIENTED_EDGE('',*,*,#7863,.T.);
#8113 = ORIENTED_EDGE('',*,*,#8114,.T.);
#8114 = EDGE_CURVE('',#7866,#7906,#8115,.T.);
#8115 = CIRCLE('',#8116,0.1);
#8116 = AXIS2_PLACEMENT_3D('',#8117,#8118,#8119);
#8117 = CARTESIAN_POINT('',(0.1,-5.183654479206,0.806581394356));
#8118 = DIRECTION('',(0.,-0.695214413629,0.718802420059));
#8119 = DIRECTION('',(0.,-0.718802420059,-0.695214413629));
#8120 = ORIENTED_EDGE('',*,*,#7903,.F.);
#8121 = ORIENTED_EDGE('',*,*,#8091,.F.);
#8122 = PLANE('',#8123);
#8123 = AXIS2_PLACEMENT_3D('',#8124,#8125,#8126);
#8124 = CARTESIAN_POINT('',(-0.2,-5.047718858924,0.938056191752));
#8125 = DIRECTION('',(0.,-0.695214413629,0.718802420059));
#8126 = DIRECTION('',(0.,-0.718802420059,-0.695214413629));
#8127 = ADVANCED_FACE('',(#8128),#8139,.T.);
#8128 = FACE_BOUND('',#8129,.T.);
#8129 = EDGE_LOOP('',(#8130,#8131,#8137,#8138));
#8130 = ORIENTED_EDGE('',*,*,#7963,.F.);
#8131 = ORIENTED_EDGE('',*,*,#8132,.F.);
#8132 = EDGE_CURVE('',#7815,#7956,#8133,.T.);
#8133 = LINE('',#8134,#8135);
#8134 = CARTESIAN_POINT('',(-0.2,-0.841936223331,1.474645102451E-02));
#8135 = VECTOR('',#8136,1.);
#8136 = DIRECTION('',(1.,0.,0.));
#8137 = ORIENTED_EDGE('',*,*,#7814,.T.);
#8138 = ORIENTED_EDGE('',*,*,#7691,.T.);
#8139 = CYLINDRICAL_SURFACE('',#8140,1.992024856694);
#8140 = AXIS2_PLACEMENT_3D('',#8141,#8142,#8143);
#8141 = CARTESIAN_POINT('',(-0.2,-0.6,1.992024856694));
#8142 = DIRECTION('',(1.,0.,0.));
#8143 = DIRECTION('',(0.,0.,-1.));
#8144 = ADVANCED_FACE('',(#8145),#8156,.F.);
#8145 = FACE_BOUND('',#8146,.T.);
#8146 = EDGE_LOOP('',(#8147,#8148,#8154,#8155));
#8147 = ORIENTED_EDGE('',*,*,#7955,.T.);
#8148 = ORIENTED_EDGE('',*,*,#8149,.F.);
#8149 = EDGE_CURVE('',#7824,#7947,#8150,.T.);
#8150 = LINE('',#8151,#8152);
#8151 = CARTESIAN_POINT('',(-0.2,-3.38395943568,0.325783831422));
#8152 = VECTOR('',#8153,1.);
#8153 = DIRECTION('',(1.,0.,0.));
#8154 = ORIENTED_EDGE('',*,*,#7823,.F.);
#8155 = ORIENTED_EDGE('',*,*,#8132,.T.);
#8156 = PLANE('',#8157);
#8157 = AXIS2_PLACEMENT_3D('',#8158,#8159,#8160);
#8158 = CARTESIAN_POINT('',(-0.2,-0.841936223331,1.474645102451E-02));
#8159 = DIRECTION('',(0.,0.12145241186,0.992597255514));
#8160 = DIRECTION('',(0.,-0.992597255514,0.12145241186));
#8161 = ADVANCED_FACE('',(#8162),#8173,.T.);
#8162 = FACE_BOUND('',#8163,.T.);
#8163 = EDGE_LOOP('',(#8164,#8165,#8171,#8172));
#8164 = ORIENTED_EDGE('',*,*,#7946,.F.);
#8165 = ORIENTED_EDGE('',*,*,#8166,.F.);
#8166 = EDGE_CURVE('',#7832,#7939,#8167,.T.);
#8167 = LINE('',#8168,#8169);
#8168 = CARTESIAN_POINT('',(-0.2,-3.900552940981,0.515896157119));
#8169 = VECTOR('',#8170,1.);
#8170 = DIRECTION('',(1.,0.,0.));
#8171 = ORIENTED_EDGE('',*,*,#7831,.T.);
#8172 = ORIENTED_EDGE('',*,*,#8149,.T.);
#8173 = CYLINDRICAL_SURFACE('',#8174,1.202775713083);
#8174 = AXIS2_PLACEMENT_3D('',#8175,#8176,#8177);
#8175 = CARTESIAN_POINT('',(-0.2,-3.237879424399,1.519655703227));
#8176 = DIRECTION('',(1.,0.,0.));
#8177 = DIRECTION('',(0.,0.,-1.));
#8178 = ADVANCED_FACE('',(#8179),#8190,.F.);
#8179 = FACE_BOUND('',#8180,.T.);
#8180 = EDGE_LOOP('',(#8181,#8182,#8188,#8189));
#8181 = ORIENTED_EDGE('',*,*,#7938,.T.);
#8182 = ORIENTED_EDGE('',*,*,#8183,.F.);
#8183 = EDGE_CURVE('',#7841,#7930,#8184,.T.);
#8184 = LINE('',#8185,#8186);
#8185 = CARTESIAN_POINT('',(-0.2,-4.446581442493,0.876379530507));
#8186 = VECTOR('',#8187,1.);
#8187 = DIRECTION('',(1.,0.,0.));
#8188 = ORIENTED_EDGE('',*,*,#7840,.F.);
#8189 = ORIENTED_EDGE('',*,*,#8166,.T.);
#8190 = PLANE('',#8191);
#8191 = AXIS2_PLACEMENT_3D('',#8192,#8193,#8194);
#8192 = CARTESIAN_POINT('',(-0.2,-3.900552940981,0.515896157119));
#8193 = DIRECTION('',(0.,0.550953523067,0.834535928178));
#8194 = DIRECTION('',(0.,-0.834535928178,0.550953523067));
#8195 = ADVANCED_FACE('',(#8196),#8207,.F.);
#8196 = FACE_BOUND('',#8197,.F.);
#8197 = EDGE_LOOP('',(#8198,#8199,#8200,#8206));
#8198 = ORIENTED_EDGE('',*,*,#8183,.F.);
#8199 = ORIENTED_EDGE('',*,*,#7848,.T.);
#8200 = ORIENTED_EDGE('',*,*,#8201,.T.);
#8201 = EDGE_CURVE('',#7747,#7922,#8202,.T.);
#8202 = LINE('',#8203,#8204);
#8203 = CARTESIAN_POINT('',(-0.2,-4.94343669688,0.830235828743));
#8204 = VECTOR('',#8205,1.);
#8205 = DIRECTION('',(1.,0.,0.));
#8206 = ORIENTED_EDGE('',*,*,#7929,.F.);
#8207 = CYLINDRICAL_SURFACE('',#8208,0.398706498343);
#8208 = AXIS2_PLACEMENT_3D('',#8209,#8210,#8211);
#8209 = CARTESIAN_POINT('',(-0.2,-4.666250192424,0.543644632841));
#8210 = DIRECTION('',(1.,0.,0.));
#8211 = DIRECTION('',(0.,0.,-1.));
#8212 = ADVANCED_FACE('',(#8213),#8233,.F.);
#8213 = FACE_BOUND('',#8214,.T.);
#8214 = EDGE_LOOP('',(#8215,#8216,#8223,#8224,#8225,#8226));
#8215 = ORIENTED_EDGE('',*,*,#7881,.F.);
#8216 = ORIENTED_EDGE('',*,*,#8217,.F.);
#8217 = EDGE_CURVE('',#7749,#7874,#8218,.T.);
#8218 = CIRCLE('',#8219,0.1);
#8219 = AXIS2_PLACEMENT_3D('',#8220,#8221,#8222);
#8220 = CARTESIAN_POINT('',(-0.1,-5.079372317161,0.698761031347));
#8221 = DIRECTION('',(0.,-0.695214413629,0.718802420059));
#8222 = DIRECTION('',(0.,-0.718802420059,-0.695214413629));
#8223 = ORIENTED_EDGE('',*,*,#7746,.F.);
#8224 = ORIENTED_EDGE('',*,*,#8201,.T.);
#8225 = ORIENTED_EDGE('',*,*,#7921,.T.);
#8226 = ORIENTED_EDGE('',*,*,#8227,.F.);
#8227 = EDGE_CURVE('',#7882,#7914,#8228,.T.);
#8228 = CIRCLE('',#8229,0.1);
#8229 = AXIS2_PLACEMENT_3D('',#8230,#8231,#8232);
#8230 = CARTESIAN_POINT('',(0.1,-5.079372317161,0.698761031347));
#8231 = DIRECTION('',(0.,-0.695214413629,0.718802420059));
#8232 = DIRECTION('',(0.,-0.718802420059,-0.695214413629));
#8233 = PLANE('',#8234);
#8234 = AXIS2_PLACEMENT_3D('',#8235,#8236,#8237);
#8235 = CARTESIAN_POINT('',(-0.2,-4.94343669688,0.830235828743));
#8236 = DIRECTION('',(0.,-0.695214413629,0.718802420059));
#8237 = DIRECTION('',(0.,-0.718802420059,-0.695214413629));
#8238 = ADVANCED_FACE('',(#8239),#8323,.T.);
#8239 = FACE_BOUND('',#8240,.T.);
#8240 = EDGE_LOOP('',(#8241,#8242,#8248,#8249,#8258,#8266,#8275,#8283,
    #8291,#8299,#8308,#8316));
#8241 = ORIENTED_EDGE('',*,*,#7724,.T.);
#8242 = ORIENTED_EDGE('',*,*,#8243,.T.);
#8243 = EDGE_CURVE('',#7716,#7602,#8244,.T.);
#8244 = LINE('',#8245,#8246);
#8245 = CARTESIAN_POINT('',(-0.15,0.7,0.15));
#8246 = VECTOR('',#8247,1.);
#8247 = DIRECTION('',(0.,0.,1.));
#8248 = ORIENTED_EDGE('',*,*,#7601,.F.);
#8249 = ORIENTED_EDGE('',*,*,#8250,.F.);
#8250 = EDGE_CURVE('',#8251,#7594,#8253,.T.);
#8251 = VERTEX_POINT('',#8252);
#8252 = CARTESIAN_POINT('',(-0.15,1.305095686223,6.41490196812E-02));
#8253 = CIRCLE('',#8254,0.3);
#8254 = AXIS2_PLACEMENT_3D('',#8255,#8256,#8257);
#8255 = CARTESIAN_POINT('',(-0.15,1.095,-0.15));
#8256 = DIRECTION('',(1.,0.,0.));
#8257 = DIRECTION('',(-0.,1.,1.548860246408E-16));
#8258 = ORIENTED_EDGE('',*,*,#8259,.F.);
#8259 = EDGE_CURVE('',#8260,#8251,#8262,.T.);
#8260 = VERTEX_POINT('',#8261);
#8261 = CARTESIAN_POINT('',(-0.15,1.384904313777,-1.41490196812E-02));
#8262 = LINE('',#8263,#8264);
#8263 = CARTESIAN_POINT('',(-0.15,1.305095686223,6.41490196812E-02));
#8264 = VECTOR('',#8265,1.);
#8265 = DIRECTION('',(0.,-0.713830065604,0.700318954077));
#8266 = ORIENTED_EDGE('',*,*,#8267,.F.);
#8267 = EDGE_CURVE('',#8268,#8260,#8270,.T.);
#8268 = VERTEX_POINT('',#8269);
#8269 = CARTESIAN_POINT('',(-0.15,1.595,-0.1));
#8270 = CIRCLE('',#8271,0.3);
#8271 = AXIS2_PLACEMENT_3D('',#8272,#8273,#8274);
#8272 = CARTESIAN_POINT('',(-0.15,1.595,0.2));
#8273 = DIRECTION('',(-1.,0.,0.));
#8274 = DIRECTION('',(0.,1.,1.548860246408E-16));
#8275 = ORIENTED_EDGE('',*,*,#8276,.F.);
#8276 = EDGE_CURVE('',#8277,#8268,#8279,.T.);
#8277 = VERTEX_POINT('',#8278);
#8278 = CARTESIAN_POINT('',(-0.15,2.3,-1.E-01));
#8279 = LINE('',#8280,#8281);
#8280 = CARTESIAN_POINT('',(-0.15,1.595,-0.1));
#8281 = VECTOR('',#8282,1.);
#8282 = DIRECTION('',(0.,-1.,-1.548860246408E-16));
#8283 = ORIENTED_EDGE('',*,*,#8284,.T.);
#8284 = EDGE_CURVE('',#8277,#8285,#8287,.T.);
#8285 = VERTEX_POINT('',#8286);
#8286 = CARTESIAN_POINT('',(-0.15,2.3,-0.25));
#8287 = LINE('',#8288,#8289);
#8288 = CARTESIAN_POINT('',(-0.15,2.3,0.15));
#8289 = VECTOR('',#8290,1.);
#8290 = DIRECTION('',(0.,1.548860246408E-16,-1.));
#8291 = ORIENTED_EDGE('',*,*,#8292,.T.);
#8292 = EDGE_CURVE('',#8285,#8293,#8295,.T.);
#8293 = VERTEX_POINT('',#8294);
#8294 = CARTESIAN_POINT('',(-0.15,1.595,-0.25));
#8295 = LINE('',#8296,#8297);
#8296 = CARTESIAN_POINT('',(-0.15,1.595,-0.25));
#8297 = VECTOR('',#8298,1.);
#8298 = DIRECTION('',(0.,-1.,-1.548860246408E-16));
#8299 = ORIENTED_EDGE('',*,*,#8300,.F.);
#8300 = EDGE_CURVE('',#8301,#8293,#8303,.T.);
#8301 = VERTEX_POINT('',#8302);
#8302 = CARTESIAN_POINT('',(-0.15,1.279856470665,-0.121223529522));
#8303 = CIRCLE('',#8304,0.45);
#8304 = AXIS2_PLACEMENT_3D('',#8305,#8306,#8307);
#8305 = CARTESIAN_POINT('',(-0.15,1.595,0.2));
#8306 = DIRECTION('',(1.,0.,0.));
#8307 = DIRECTION('',(0.,0.,-1.));
#8308 = ORIENTED_EDGE('',*,*,#8309,.T.);
#8309 = EDGE_CURVE('',#8301,#8310,#8312,.T.);
#8310 = VERTEX_POINT('',#8311);
#8311 = CARTESIAN_POINT('',(-0.15,1.200047843112,-4.29254901594E-02));
#8312 = LINE('',#8313,#8314);
#8313 = CARTESIAN_POINT('',(-0.15,1.200047843112,-4.29254901594E-02));
#8314 = VECTOR('',#8315,1.);
#8315 = DIRECTION('',(0.,-0.713830065604,0.700318954077));
#8316 = ORIENTED_EDGE('',*,*,#8317,.T.);
#8317 = EDGE_CURVE('',#8310,#7725,#8318,.T.);
#8318 = CIRCLE('',#8319,0.15);
#8319 = AXIS2_PLACEMENT_3D('',#8320,#8321,#8322);
#8320 = CARTESIAN_POINT('',(-0.15,1.095,-0.15));
#8321 = DIRECTION('',(1.,0.,0.));
#8322 = DIRECTION('',(0.,0.,-1.));
#8323 = PLANE('',#8324);
#8324 = AXIS2_PLACEMENT_3D('',#8325,#8326,#8327);
#8325 = CARTESIAN_POINT('',(-0.15,1.095,0.15));
#8326 = DIRECTION('',(-1.,0.,0.));
#8327 = DIRECTION('',(-0.,-1.,-1.001283391617E-16));
#8328 = ADVANCED_FACE('',(#8329),#8413,.F.);
#8329 = FACE_BOUND('',#8330,.T.);
#8330 = EDGE_LOOP('',(#8331,#8332,#8338,#8339,#8348,#8356,#8365,#8373,
    #8381,#8389,#8398,#8406));
#8331 = ORIENTED_EDGE('',*,*,#7585,.T.);
#8332 = ORIENTED_EDGE('',*,*,#8333,.F.);
#8333 = EDGE_CURVE('',#7659,#7577,#8334,.T.);
#8334 = LINE('',#8335,#8336);
#8335 = CARTESIAN_POINT('',(0.15,0.7,0.));
#8336 = VECTOR('',#8337,1.);
#8337 = DIRECTION('',(0.,0.,1.));
#8338 = ORIENTED_EDGE('',*,*,#7656,.F.);
#8339 = ORIENTED_EDGE('',*,*,#8340,.F.);
#8340 = EDGE_CURVE('',#8341,#7657,#8343,.T.);
#8341 = VERTEX_POINT('',#8342);
#8342 = CARTESIAN_POINT('',(0.15,1.200047843112,-4.29254901594E-02));
#8343 = CIRCLE('',#8344,0.15);
#8344 = AXIS2_PLACEMENT_3D('',#8345,#8346,#8347);
#8345 = CARTESIAN_POINT('',(0.15,1.095,-0.15));
#8346 = DIRECTION('',(1.,0.,0.));
#8347 = DIRECTION('',(0.,0.,-1.));
#8348 = ORIENTED_EDGE('',*,*,#8349,.F.);
#8349 = EDGE_CURVE('',#8350,#8341,#8352,.T.);
#8350 = VERTEX_POINT('',#8351);
#8351 = CARTESIAN_POINT('',(0.15,1.279856470665,-0.121223529522));
#8352 = LINE('',#8353,#8354);
#8353 = CARTESIAN_POINT('',(0.15,1.200047843112,-4.29254901594E-02));
#8354 = VECTOR('',#8355,1.);
#8355 = DIRECTION('',(0.,-0.713830065604,0.700318954077));
#8356 = ORIENTED_EDGE('',*,*,#8357,.T.);
#8357 = EDGE_CURVE('',#8350,#8358,#8360,.T.);
#8358 = VERTEX_POINT('',#8359);
#8359 = CARTESIAN_POINT('',(0.15,1.595,-0.25));
#8360 = CIRCLE('',#8361,0.45);
#8361 = AXIS2_PLACEMENT_3D('',#8362,#8363,#8364);
#8362 = CARTESIAN_POINT('',(0.15,1.595,0.2));
#8363 = DIRECTION('',(1.,0.,0.));
#8364 = DIRECTION('',(0.,0.,-1.));
#8365 = ORIENTED_EDGE('',*,*,#8366,.F.);
#8366 = EDGE_CURVE('',#8367,#8358,#8369,.T.);
#8367 = VERTEX_POINT('',#8368);
#8368 = CARTESIAN_POINT('',(0.15,2.3,-0.25));
#8369 = LINE('',#8370,#8371);
#8370 = CARTESIAN_POINT('',(0.15,1.595,-0.25));
#8371 = VECTOR('',#8372,1.);
#8372 = DIRECTION('',(0.,-1.,-1.548860246408E-16));
#8373 = ORIENTED_EDGE('',*,*,#8374,.F.);
#8374 = EDGE_CURVE('',#8375,#8367,#8377,.T.);
#8375 = VERTEX_POINT('',#8376);
#8376 = CARTESIAN_POINT('',(0.15,2.3,-1.E-01));
#8377 = LINE('',#8378,#8379);
#8378 = CARTESIAN_POINT('',(0.15,2.3,-1.E-01));
#8379 = VECTOR('',#8380,1.);
#8380 = DIRECTION('',(0.,1.548860246408E-16,-1.));
#8381 = ORIENTED_EDGE('',*,*,#8382,.T.);
#8382 = EDGE_CURVE('',#8375,#8383,#8385,.T.);
#8383 = VERTEX_POINT('',#8384);
#8384 = CARTESIAN_POINT('',(0.15,1.595,-0.1));
#8385 = LINE('',#8386,#8387);
#8386 = CARTESIAN_POINT('',(0.15,1.595,-0.1));
#8387 = VECTOR('',#8388,1.);
#8388 = DIRECTION('',(0.,-1.,-1.548860246408E-16));
#8389 = ORIENTED_EDGE('',*,*,#8390,.T.);
#8390 = EDGE_CURVE('',#8383,#8391,#8393,.T.);
#8391 = VERTEX_POINT('',#8392);
#8392 = CARTESIAN_POINT('',(0.15,1.384904313777,-1.41490196812E-02));
#8393 = CIRCLE('',#8394,0.3);
#8394 = AXIS2_PLACEMENT_3D('',#8395,#8396,#8397);
#8395 = CARTESIAN_POINT('',(0.15,1.595,0.2));
#8396 = DIRECTION('',(-1.,0.,0.));
#8397 = DIRECTION('',(0.,1.,1.548860246408E-16));
#8398 = ORIENTED_EDGE('',*,*,#8399,.T.);
#8399 = EDGE_CURVE('',#8391,#8400,#8402,.T.);
#8400 = VERTEX_POINT('',#8401);
#8401 = CARTESIAN_POINT('',(0.15,1.305095686223,6.41490196812E-02));
#8402 = LINE('',#8403,#8404);
#8403 = CARTESIAN_POINT('',(0.15,1.305095686223,6.41490196812E-02));
#8404 = VECTOR('',#8405,1.);
#8405 = DIRECTION('',(0.,-0.713830065604,0.700318954077));
#8406 = ORIENTED_EDGE('',*,*,#8407,.T.);
#8407 = EDGE_CURVE('',#8400,#7586,#8408,.T.);
#8408 = CIRCLE('',#8409,0.3);
#8409 = AXIS2_PLACEMENT_3D('',#8410,#8411,#8412);
#8410 = CARTESIAN_POINT('',(0.15,1.095,-0.15));
#8411 = DIRECTION('',(1.,0.,0.));
#8412 = DIRECTION('',(-0.,1.,1.548860246408E-16));
#8413 = PLANE('',#8414);
#8414 = AXIS2_PLACEMENT_3D('',#8415,#8416,#8417);
#8415 = CARTESIAN_POINT('',(0.15,1.595,-0.1));
#8416 = DIRECTION('',(-1.,0.,0.));
#8417 = DIRECTION('',(-0.,-1.,-1.548860246408E-16));
#8418 = ADVANCED_FACE('',(#8419),#8453,.F.);
#8419 = FACE_BOUND('',#8420,.T.);
#8420 = EDGE_LOOP('',(#8421,#8431,#8439,#8447));
#8421 = ORIENTED_EDGE('',*,*,#8422,.T.);
#8422 = EDGE_CURVE('',#8423,#8425,#8427,.T.);
#8423 = VERTEX_POINT('',#8424);
#8424 = CARTESIAN_POINT('',(-5.E-02,2.4,-1.E-01));
#8425 = VERTEX_POINT('',#8426);
#8426 = CARTESIAN_POINT('',(5.E-02,2.4,-1.E-01));
#8427 = LINE('',#8428,#8429);
#8428 = CARTESIAN_POINT('',(-0.15,2.4,-1.E-01));
#8429 = VECTOR('',#8430,1.);
#8430 = DIRECTION('',(1.,0.,0.));
#8431 = ORIENTED_EDGE('',*,*,#8432,.T.);
#8432 = EDGE_CURVE('',#8425,#8433,#8435,.T.);
#8433 = VERTEX_POINT('',#8434);
#8434 = CARTESIAN_POINT('',(5.E-02,2.4,-0.25));
#8435 = LINE('',#8436,#8437);
#8436 = CARTESIAN_POINT('',(5.E-02,2.4,-1.E-01));
#8437 = VECTOR('',#8438,1.);
#8438 = DIRECTION('',(0.,1.548860246408E-16,-1.));
#8439 = ORIENTED_EDGE('',*,*,#8440,.F.);
#8440 = EDGE_CURVE('',#8441,#8433,#8443,.T.);
#8441 = VERTEX_POINT('',#8442);
#8442 = CARTESIAN_POINT('',(-5.E-02,2.4,-0.25));
#8443 = LINE('',#8444,#8445);
#8444 = CARTESIAN_POINT('',(-0.15,2.4,-0.25));
#8445 = VECTOR('',#8446,1.);
#8446 = DIRECTION('',(1.,0.,0.));
#8447 = ORIENTED_EDGE('',*,*,#8448,.T.);
#8448 = EDGE_CURVE('',#8441,#8423,#8449,.T.);
#8449 = LINE('',#8450,#8451);
#8450 = CARTESIAN_POINT('',(-5.E-02,2.4,-1.E-01));
#8451 = VECTOR('',#8452,1.);
#8452 = DIRECTION('',(0.,-1.548860246408E-16,1.));
#8453 = PLANE('',#8454);
#8454 = AXIS2_PLACEMENT_3D('',#8455,#8456,#8457);
#8455 = CARTESIAN_POINT('',(-0.15,2.4,-1.E-01));
#8456 = DIRECTION('',(0.,-1.,-1.548860246408E-16));
#8457 = DIRECTION('',(1.,0.,0.));
#8458 = ADVANCED_FACE('',(#8459),#8484,.T.);
#8459 = FACE_BOUND('',#8460,.T.);
#8460 = EDGE_LOOP('',(#8461,#8462,#8469,#8470,#8477,#8478));
#8461 = ORIENTED_EDGE('',*,*,#8382,.F.);
#8462 = ORIENTED_EDGE('',*,*,#8463,.T.);
#8463 = EDGE_CURVE('',#8375,#8425,#8464,.T.);
#8464 = CIRCLE('',#8465,0.1);
#8465 = AXIS2_PLACEMENT_3D('',#8466,#8467,#8468);
#8466 = CARTESIAN_POINT('',(5.E-02,2.3,-1.E-01));
#8467 = DIRECTION('',(0.,-1.548860246408E-16,1.));
#8468 = DIRECTION('',(0.,-1.,-1.548860246408E-16));
#8469 = ORIENTED_EDGE('',*,*,#8422,.F.);
#8470 = ORIENTED_EDGE('',*,*,#8471,.T.);
#8471 = EDGE_CURVE('',#8423,#8277,#8472,.T.);
#8472 = CIRCLE('',#8473,0.1);
#8473 = AXIS2_PLACEMENT_3D('',#8474,#8475,#8476);
#8474 = CARTESIAN_POINT('',(-5.E-02,2.3,-1.E-01));
#8475 = DIRECTION('',(0.,-1.548860246408E-16,1.));
#8476 = DIRECTION('',(0.,-1.,-1.548860246408E-16));
#8477 = ORIENTED_EDGE('',*,*,#8276,.T.);
#8478 = ORIENTED_EDGE('',*,*,#8479,.T.);
#8479 = EDGE_CURVE('',#8268,#8383,#8480,.T.);
#8480 = LINE('',#8481,#8482);
#8481 = CARTESIAN_POINT('',(-0.15,1.595,-0.1));
#8482 = VECTOR('',#8483,1.);
#8483 = DIRECTION('',(1.,0.,0.));
#8484 = PLANE('',#8485);
#8485 = AXIS2_PLACEMENT_3D('',#8486,#8487,#8488);
#8486 = CARTESIAN_POINT('',(-0.15,1.595,-0.1));
#8487 = DIRECTION('',(0.,-1.548860246408E-16,1.));
#8488 = DIRECTION('',(0.,-1.,-1.548860246408E-16));
#8489 = ADVANCED_FACE('',(#8490),#8501,.F.);
#8490 = FACE_BOUND('',#8491,.F.);
#8491 = EDGE_LOOP('',(#8492,#8498,#8499,#8500));
#8492 = ORIENTED_EDGE('',*,*,#8493,.F.);
#8493 = EDGE_CURVE('',#8260,#8391,#8494,.T.);
#8494 = LINE('',#8495,#8496);
#8495 = CARTESIAN_POINT('',(-0.15,1.384904313777,-1.41490196812E-02));
#8496 = VECTOR('',#8497,1.);
#8497 = DIRECTION('',(1.,0.,0.));
#8498 = ORIENTED_EDGE('',*,*,#8267,.F.);
#8499 = ORIENTED_EDGE('',*,*,#8479,.T.);
#8500 = ORIENTED_EDGE('',*,*,#8390,.T.);
#8501 = CYLINDRICAL_SURFACE('',#8502,0.3);
#8502 = AXIS2_PLACEMENT_3D('',#8503,#8504,#8505);
#8503 = CARTESIAN_POINT('',(-0.15,1.595,0.2));
#8504 = DIRECTION('',(1.,0.,0.));
#8505 = DIRECTION('',(0.,0.,-1.));
#8506 = ADVANCED_FACE('',(#8507),#8518,.T.);
#8507 = FACE_BOUND('',#8508,.T.);
#8508 = EDGE_LOOP('',(#8509,#8510,#8511,#8512));
#8509 = ORIENTED_EDGE('',*,*,#8399,.F.);
#8510 = ORIENTED_EDGE('',*,*,#8493,.F.);
#8511 = ORIENTED_EDGE('',*,*,#8259,.T.);
#8512 = ORIENTED_EDGE('',*,*,#8513,.T.);
#8513 = EDGE_CURVE('',#8251,#8400,#8514,.T.);
#8514 = LINE('',#8515,#8516);
#8515 = CARTESIAN_POINT('',(-0.15,1.305095686223,6.41490196812E-02));
#8516 = VECTOR('',#8517,1.);
#8517 = DIRECTION('',(1.,0.,0.));
#8518 = PLANE('',#8519);
#8519 = AXIS2_PLACEMENT_3D('',#8520,#8521,#8522);
#8520 = CARTESIAN_POINT('',(-0.15,1.305095686223,6.41490196812E-02));
#8521 = DIRECTION('',(0.,0.700318954077,0.713830065604));
#8522 = DIRECTION('',(0.,-0.713830065604,0.700318954077));
#8523 = ADVANCED_FACE('',(#8524),#8530,.T.);
#8524 = FACE_BOUND('',#8525,.T.);
#8525 = EDGE_LOOP('',(#8526,#8527,#8528,#8529));
#8526 = ORIENTED_EDGE('',*,*,#8407,.F.);
#8527 = ORIENTED_EDGE('',*,*,#8513,.F.);
#8528 = ORIENTED_EDGE('',*,*,#8250,.T.);
#8529 = ORIENTED_EDGE('',*,*,#7593,.T.);
#8530 = CYLINDRICAL_SURFACE('',#8531,0.3);
#8531 = AXIS2_PLACEMENT_3D('',#8532,#8533,#8534);
#8532 = CARTESIAN_POINT('',(-0.15,1.095,-0.15));
#8533 = DIRECTION('',(1.,0.,0.));
#8534 = DIRECTION('',(0.,0.,-1.));
#8535 = ADVANCED_FACE('',(#8536),#8561,.F.);
#8536 = FACE_BOUND('',#8537,.T.);
#8537 = EDGE_LOOP('',(#8538,#8539,#8546,#8547,#8553,#8554));
#8538 = ORIENTED_EDGE('',*,*,#8440,.T.);
#8539 = ORIENTED_EDGE('',*,*,#8540,.F.);
#8540 = EDGE_CURVE('',#8367,#8433,#8541,.T.);
#8541 = CIRCLE('',#8542,0.1);
#8542 = AXIS2_PLACEMENT_3D('',#8543,#8544,#8545);
#8543 = CARTESIAN_POINT('',(5.E-02,2.3,-0.25));
#8544 = DIRECTION('',(0.,-1.548860246408E-16,1.));
#8545 = DIRECTION('',(0.,-1.,-1.548860246408E-16));
#8546 = ORIENTED_EDGE('',*,*,#8366,.T.);
#8547 = ORIENTED_EDGE('',*,*,#8548,.F.);
#8548 = EDGE_CURVE('',#8293,#8358,#8549,.T.);
#8549 = LINE('',#8550,#8551);
#8550 = CARTESIAN_POINT('',(-0.15,1.595,-0.25));
#8551 = VECTOR('',#8552,1.);
#8552 = DIRECTION('',(1.,0.,0.));
#8553 = ORIENTED_EDGE('',*,*,#8292,.F.);
#8554 = ORIENTED_EDGE('',*,*,#8555,.F.);
#8555 = EDGE_CURVE('',#8441,#8285,#8556,.T.);
#8556 = CIRCLE('',#8557,0.1);
#8557 = AXIS2_PLACEMENT_3D('',#8558,#8559,#8560);
#8558 = CARTESIAN_POINT('',(-5.E-02,2.3,-0.25));
#8559 = DIRECTION('',(0.,-1.548860246408E-16,1.));
#8560 = DIRECTION('',(0.,-1.,-1.548860246408E-16));
#8561 = PLANE('',#8562);
#8562 = AXIS2_PLACEMENT_3D('',#8563,#8564,#8565);
#8563 = CARTESIAN_POINT('',(-0.15,1.595,-0.25));
#8564 = DIRECTION('',(0.,-1.548860246408E-16,1.));
#8565 = DIRECTION('',(0.,-1.,-1.548860246408E-16));
#8566 = ADVANCED_FACE('',(#8567),#8578,.T.);
#8567 = FACE_BOUND('',#8568,.T.);
#8568 = EDGE_LOOP('',(#8569,#8570,#8576,#8577));
#8569 = ORIENTED_EDGE('',*,*,#8357,.F.);
#8570 = ORIENTED_EDGE('',*,*,#8571,.F.);
#8571 = EDGE_CURVE('',#8301,#8350,#8572,.T.);
#8572 = LINE('',#8573,#8574);
#8573 = CARTESIAN_POINT('',(-0.15,1.279856470665,-0.121223529522));
#8574 = VECTOR('',#8575,1.);
#8575 = DIRECTION('',(1.,0.,0.));
#8576 = ORIENTED_EDGE('',*,*,#8300,.T.);
#8577 = ORIENTED_EDGE('',*,*,#8548,.T.);
#8578 = CYLINDRICAL_SURFACE('',#8579,0.45);
#8579 = AXIS2_PLACEMENT_3D('',#8580,#8581,#8582);
#8580 = CARTESIAN_POINT('',(-0.15,1.595,0.2));
#8581 = DIRECTION('',(1.,0.,0.));
#8582 = DIRECTION('',(0.,0.,-1.));
#8583 = ADVANCED_FACE('',(#8584),#8595,.F.);
#8584 = FACE_BOUND('',#8585,.T.);
#8585 = EDGE_LOOP('',(#8586,#8587,#8593,#8594));
#8586 = ORIENTED_EDGE('',*,*,#8349,.T.);
#8587 = ORIENTED_EDGE('',*,*,#8588,.F.);
#8588 = EDGE_CURVE('',#8310,#8341,#8589,.T.);
#8589 = LINE('',#8590,#8591);
#8590 = CARTESIAN_POINT('',(-0.15,1.200047843112,-4.29254901594E-02));
#8591 = VECTOR('',#8592,1.);
#8592 = DIRECTION('',(1.,0.,0.));
#8593 = ORIENTED_EDGE('',*,*,#8309,.F.);
#8594 = ORIENTED_EDGE('',*,*,#8571,.T.);
#8595 = PLANE('',#8596);
#8596 = AXIS2_PLACEMENT_3D('',#8597,#8598,#8599);
#8597 = CARTESIAN_POINT('',(-0.15,1.200047843112,-4.29254901594E-02));
#8598 = DIRECTION('',(0.,0.700318954077,0.713830065604));
#8599 = DIRECTION('',(0.,-0.713830065604,0.700318954077));
#8600 = ADVANCED_FACE('',(#8601),#8607,.F.);
#8601 = FACE_BOUND('',#8602,.F.);
#8602 = EDGE_LOOP('',(#8603,#8604,#8605,#8606));
#8603 = ORIENTED_EDGE('',*,*,#8588,.F.);
#8604 = ORIENTED_EDGE('',*,*,#8317,.T.);
#8605 = ORIENTED_EDGE('',*,*,#7732,.T.);
#8606 = ORIENTED_EDGE('',*,*,#8340,.F.);
#8607 = CYLINDRICAL_SURFACE('',#8608,0.15);
#8608 = AXIS2_PLACEMENT_3D('',#8609,#8610,#8611);
#8609 = CARTESIAN_POINT('',(-0.15,1.095,-0.15));
#8610 = DIRECTION('',(1.,0.,0.));
#8611 = DIRECTION('',(0.,0.,-1.));
#8612 = ADVANCED_FACE('',(#8613),#8624,.T.);
#8613 = FACE_BOUND('',#8614,.T.);
#8614 = EDGE_LOOP('',(#8615,#8621,#8622,#8623));
#8615 = ORIENTED_EDGE('',*,*,#8616,.T.);
#8616 = EDGE_CURVE('',#7610,#7707,#8617,.T.);
#8617 = LINE('',#8618,#8619);
#8618 = CARTESIAN_POINT('',(-0.25,0.6,0.15));
#8619 = VECTOR('',#8620,1.);
#8620 = DIRECTION('',(0.,0.,-1.));
#8621 = ORIENTED_EDGE('',*,*,#7706,.F.);
#8622 = ORIENTED_EDGE('',*,*,#7456,.F.);
#8623 = ORIENTED_EDGE('',*,*,#7618,.T.);
#8624 = CYLINDRICAL_SURFACE('',#8625,0.1);
#8625 = AXIS2_PLACEMENT_3D('',#8626,#8627,#8628);
#8626 = CARTESIAN_POINT('',(-0.25,0.5,0.15));
#8627 = DIRECTION('',(0.,0.,-1.));
#8628 = DIRECTION('',(-1.,0.,0.));
#8629 = ADVANCED_FACE('',(#8630),#8636,.F.);
#8630 = FACE_BOUND('',#8631,.F.);
#8631 = EDGE_LOOP('',(#8632,#8633,#8634,#8635));
#8632 = ORIENTED_EDGE('',*,*,#8243,.T.);
#8633 = ORIENTED_EDGE('',*,*,#7609,.T.);
#8634 = ORIENTED_EDGE('',*,*,#8616,.T.);
#8635 = ORIENTED_EDGE('',*,*,#7715,.F.);
#8636 = CYLINDRICAL_SURFACE('',#8637,0.1);
#8637 = AXIS2_PLACEMENT_3D('',#8638,#8639,#8640);
#8638 = CARTESIAN_POINT('',(-0.25,0.7,0.15));
#8639 = DIRECTION('',(0.,0.,-1.));
#8640 = DIRECTION('',(-1.,0.,0.));
#8641 = ADVANCED_FACE('',(#8642),#8653,.T.);
#8642 = FACE_BOUND('',#8643,.T.);
#8643 = EDGE_LOOP('',(#8644,#8645,#8646,#8652));
#8644 = ORIENTED_EDGE('',*,*,#7496,.T.);
#8645 = ORIENTED_EDGE('',*,*,#7675,.F.);
#8646 = ORIENTED_EDGE('',*,*,#8647,.F.);
#8647 = EDGE_CURVE('',#7568,#7667,#8648,.T.);
#8648 = LINE('',#8649,#8650);
#8649 = CARTESIAN_POINT('',(0.25,0.6,0.15));
#8650 = VECTOR('',#8651,1.);
#8651 = DIRECTION('',(0.,0.,-1.));
#8652 = ORIENTED_EDGE('',*,*,#7567,.T.);
#8653 = CYLINDRICAL_SURFACE('',#8654,0.1);
#8654 = AXIS2_PLACEMENT_3D('',#8655,#8656,#8657);
#8655 = CARTESIAN_POINT('',(0.25,0.5,0.15));
#8656 = DIRECTION('',(0.,0.,-1.));
#8657 = DIRECTION('',(-1.,0.,0.));
#8658 = ADVANCED_FACE('',(#8659),#8665,.F.);
#8659 = FACE_BOUND('',#8660,.F.);
#8660 = EDGE_LOOP('',(#8661,#8662,#8663,#8664));
#8661 = ORIENTED_EDGE('',*,*,#8647,.F.);
#8662 = ORIENTED_EDGE('',*,*,#7576,.T.);
#8663 = ORIENTED_EDGE('',*,*,#8333,.F.);
#8664 = ORIENTED_EDGE('',*,*,#7666,.F.);
#8665 = CYLINDRICAL_SURFACE('',#8666,0.1);
#8666 = AXIS2_PLACEMENT_3D('',#8667,#8668,#8669);
#8667 = CARTESIAN_POINT('',(0.25,0.7,0.15));
#8668 = DIRECTION('',(0.,0.,1.));
#8669 = DIRECTION('',(1.,0.,-0.));
#8670 = ADVANCED_FACE('',(#8671),#8677,.T.);
#8671 = FACE_BOUND('',#8672,.T.);
#8672 = EDGE_LOOP('',(#8673,#8674,#8675,#8676));
#8673 = ORIENTED_EDGE('',*,*,#8540,.T.);
#8674 = ORIENTED_EDGE('',*,*,#8432,.F.);
#8675 = ORIENTED_EDGE('',*,*,#8463,.F.);
#8676 = ORIENTED_EDGE('',*,*,#8374,.T.);
#8677 = CYLINDRICAL_SURFACE('',#8678,0.1);
#8678 = AXIS2_PLACEMENT_3D('',#8679,#8680,#8681);
#8679 = CARTESIAN_POINT('',(5.E-02,2.3,-1.E-01));
#8680 = DIRECTION('',(0.,-1.548860246408E-16,1.));
#8681 = DIRECTION('',(0.,-1.,-1.548860246408E-16));
#8682 = ADVANCED_FACE('',(#8683),#8689,.T.);
#8683 = FACE_BOUND('',#8684,.T.);
#8684 = EDGE_LOOP('',(#8685,#8686,#8687,#8688));
#8685 = ORIENTED_EDGE('',*,*,#8555,.T.);
#8686 = ORIENTED_EDGE('',*,*,#8284,.F.);
#8687 = ORIENTED_EDGE('',*,*,#8471,.F.);
#8688 = ORIENTED_EDGE('',*,*,#8448,.F.);
#8689 = CYLINDRICAL_SURFACE('',#8690,0.1);
#8690 = AXIS2_PLACEMENT_3D('',#8691,#8692,#8693);
#8691 = CARTESIAN_POINT('',(-5.E-02,2.3,-1.E-01));
#8692 = DIRECTION('',(0.,1.548860246408E-16,-1.));
#8693 = DIRECTION('',(0.,1.,1.548860246408E-16));
#8694 = ADVANCED_FACE('',(#8695),#8701,.T.);
#8695 = FACE_BOUND('',#8696,.T.);
#8696 = EDGE_LOOP('',(#8697,#8698,#8699,#8700));
#8697 = ORIENTED_EDGE('',*,*,#7626,.T.);
#8698 = ORIENTED_EDGE('',*,*,#7472,.T.);
#8699 = ORIENTED_EDGE('',*,*,#7698,.F.);
#8700 = ORIENTED_EDGE('',*,*,#7416,.F.);
#8701 = CYLINDRICAL_SURFACE('',#8702,0.1);
#8702 = AXIS2_PLACEMENT_3D('',#8703,#8704,#8705);
#8703 = CARTESIAN_POINT('',(-0.25,-0.5,0.15));
#8704 = DIRECTION('',(0.,0.,-1.));
#8705 = DIRECTION('',(-1.,0.,0.));
#8706 = ADVANCED_FACE('',(#8707),#8713,.T.);
#8707 = FACE_BOUND('',#8708,.T.);
#8708 = EDGE_LOOP('',(#8709,#8710,#8711,#8712));
#8709 = ORIENTED_EDGE('',*,*,#7641,.T.);
#8710 = ORIENTED_EDGE('',*,*,#7536,.T.);
#8711 = ORIENTED_EDGE('',*,*,#7683,.F.);
#8712 = ORIENTED_EDGE('',*,*,#7512,.F.);
#8713 = CYLINDRICAL_SURFACE('',#8714,0.1);
#8714 = AXIS2_PLACEMENT_3D('',#8715,#8716,#8717);
#8715 = CARTESIAN_POINT('',(0.25,-0.5,0.15));
#8716 = DIRECTION('',(0.,0.,-1.));
#8717 = DIRECTION('',(-1.,0.,0.));
#8718 = ADVANCED_FACE('',(#8719),#8725,.T.);
#8719 = FACE_BOUND('',#8720,.T.);
#8720 = EDGE_LOOP('',(#8721,#8722,#8723,#8724));
#8721 = ORIENTED_EDGE('',*,*,#8217,.T.);
#8722 = ORIENTED_EDGE('',*,*,#7873,.T.);
#8723 = ORIENTED_EDGE('',*,*,#8106,.F.);
#8724 = ORIENTED_EDGE('',*,*,#7756,.F.);
#8725 = CYLINDRICAL_SURFACE('',#8726,0.1);
#8726 = AXIS2_PLACEMENT_3D('',#8727,#8728,#8729);
#8727 = CARTESIAN_POINT('',(-0.1,-5.183654479206,0.806581394356));
#8728 = DIRECTION('',(0.,-0.695214413629,0.718802420059));
#8729 = DIRECTION('',(0.,-0.718802420059,-0.695214413629));
#8730 = ADVANCED_FACE('',(#8731),#8737,.T.);
#8731 = FACE_BOUND('',#8732,.T.);
#8732 = EDGE_LOOP('',(#8733,#8734,#8735,#8736));
#8733 = ORIENTED_EDGE('',*,*,#8227,.T.);
#8734 = ORIENTED_EDGE('',*,*,#7913,.T.);
#8735 = ORIENTED_EDGE('',*,*,#8114,.F.);
#8736 = ORIENTED_EDGE('',*,*,#7889,.F.);
#8737 = CYLINDRICAL_SURFACE('',#8738,0.1);
#8738 = AXIS2_PLACEMENT_3D('',#8739,#8740,#8741);
#8739 = CARTESIAN_POINT('',(0.1,-5.183654479206,0.806581394356));
#8740 = DIRECTION('',(0.,-0.695214413629,0.718802420059));
#8741 = DIRECTION('',(0.,-0.718802420059,-0.695214413629));
#8742 = ( GEOMETRIC_REPRESENTATION_CONTEXT(3) 
GLOBAL_UNCERTAINTY_ASSIGNED_CONTEXT((#8746)) 
GLOBAL_UNIT_ASSIGNED_CONTEXT((#8743,#8744,#8745)) REPRESENTATION_CONTEXT
('Context #1','3D Context with UNIT and UNCERTAINTY') );
#8743 = ( LENGTH_UNIT() NAMED_UNIT(*) SI_UNIT(.MILLI.,.METRE.) );
#8744 = ( NAMED_UNIT(*) PLANE_ANGLE_UNIT() SI_UNIT($,.RADIAN.) );
#8745 = ( NAMED_UNIT(*) SI_UNIT($,.STERADIAN.) SOLID_ANGLE_UNIT() );
#8746 = UNCERTAINTY_MEASURE_WITH_UNIT(LENGTH_MEASURE(1.E-07),#8743,
  'distance_accuracy_value','confusion accuracy');
#8747 = CONTEXT_DEPENDENT_SHAPE_REPRESENTATION(#8748,#8750);
#8748 = ( REPRESENTATION_RELATIONSHIP('','',#7399,#36) 
REPRESENTATION_RELATIONSHIP_WITH_TRANSFORMATION(#8749) 
SHAPE_REPRESENTATION_RELATIONSHIP() );
#8749 = ITEM_DEFINED_TRANSFORMATION('','',#11,#41);
#8750 = PRODUCT_DEFINITION_SHAPE('Placement','Placement of an item',
  #8751);
#8751 = NEXT_ASSEMBLY_USAGE_OCCURRENCE('2','693072010801_PIN','',#31,
  #7394,$);
#8752 = PRODUCT_RELATED_PRODUCT_CATEGORY('part',$,(#7396));
#8753 = CONTEXT_DEPENDENT_SHAPE_REPRESENTATION(#8754,#8756);
#8754 = ( REPRESENTATION_RELATIONSHIP('','',#7399,#36) 
REPRESENTATION_RELATIONSHIP_WITH_TRANSFORMATION(#8755) 
SHAPE_REPRESENTATION_RELATIONSHIP() );
#8755 = ITEM_DEFINED_TRANSFORMATION('','',#11,#45);
#8756 = PRODUCT_DEFINITION_SHAPE('Placement','Placement of an item',
  #8757);
#8757 = NEXT_ASSEMBLY_USAGE_OCCURRENCE('3','693072010801_PIN','',#31,
  #7394,$);
#8758 = CONTEXT_DEPENDENT_SHAPE_REPRESENTATION(#8759,#8761);
#8759 = ( REPRESENTATION_RELATIONSHIP('','',#7399,#36) 
REPRESENTATION_RELATIONSHIP_WITH_TRANSFORMATION(#8760) 
SHAPE_REPRESENTATION_RELATIONSHIP() );
#8760 = ITEM_DEFINED_TRANSFORMATION('','',#11,#49);
#8761 = PRODUCT_DEFINITION_SHAPE('Placement','Placement of an item',
  #8762);
#8762 = NEXT_ASSEMBLY_USAGE_OCCURRENCE('4','693072010801_PIN','',#31,
  #7394,$);
#8763 = CONTEXT_DEPENDENT_SHAPE_REPRESENTATION(#8764,#8766);
#8764 = ( REPRESENTATION_RELATIONSHIP('','',#7399,#36) 
REPRESENTATION_RELATIONSHIP_WITH_TRANSFORMATION(#8765) 
SHAPE_REPRESENTATION_RELATIONSHIP() );
#8765 = ITEM_DEFINED_TRANSFORMATION('','',#11,#53);
#8766 = PRODUCT_DEFINITION_SHAPE('Placement','Placement of an item',
  #8767);
#8767 = NEXT_ASSEMBLY_USAGE_OCCURRENCE('5','693072010801_PIN','',#31,
  #7394,$);
#8768 = CONTEXT_DEPENDENT_SHAPE_REPRESENTATION(#8769,#8771);
#8769 = ( REPRESENTATION_RELATIONSHIP('','',#7399,#36) 
REPRESENTATION_RELATIONSHIP_WITH_TRANSFORMATION(#8770) 
SHAPE_REPRESENTATION_RELATIONSHIP() );
#8770 = ITEM_DEFINED_TRANSFORMATION('','',#11,#57);
#8771 = PRODUCT_DEFINITION_SHAPE('Placement','Placement of an item',
  #8772);
#8772 = NEXT_ASSEMBLY_USAGE_OCCURRENCE('6','693072010801_PIN','',#31,
  #7394,$);
#8773 = CONTEXT_DEPENDENT_SHAPE_REPRESENTATION(#8774,#8776);
#8774 = ( REPRESENTATION_RELATIONSHIP('','',#7399,#36) 
REPRESENTATION_RELATIONSHIP_WITH_TRANSFORMATION(#8775) 
SHAPE_REPRESENTATION_RELATIONSHIP() );
#8775 = ITEM_DEFINED_TRANSFORMATION('','',#11,#61);
#8776 = PRODUCT_DEFINITION_SHAPE('Placement','Placement of an item',
  #8777);
#8777 = NEXT_ASSEMBLY_USAGE_OCCURRENCE('7','693072010801_PIN','',#31,
  #7394,$);
#8778 = CONTEXT_DEPENDENT_SHAPE_REPRESENTATION(#8779,#8781);
#8779 = ( REPRESENTATION_RELATIONSHIP('','',#7399,#36) 
REPRESENTATION_RELATIONSHIP_WITH_TRANSFORMATION(#8780) 
SHAPE_REPRESENTATION_RELATIONSHIP() );
#8780 = ITEM_DEFINED_TRANSFORMATION('','',#11,#65);
#8781 = PRODUCT_DEFINITION_SHAPE('Placement','Placement of an item',
  #8782);
#8782 = NEXT_ASSEMBLY_USAGE_OCCURRENCE('8','693072010801_PIN','',#31,
  #7394,$);
#8783 = CONTEXT_DEPENDENT_SHAPE_REPRESENTATION(#8784,#8786);
#8784 = ( REPRESENTATION_RELATIONSHIP('','',#7399,#36) 
REPRESENTATION_RELATIONSHIP_WITH_TRANSFORMATION(#8785) 
SHAPE_REPRESENTATION_RELATIONSHIP() );
#8785 = ITEM_DEFINED_TRANSFORMATION('','',#11,#69);
#8786 = PRODUCT_DEFINITION_SHAPE('Placement','Placement of an item',
  #8787);
#8787 = NEXT_ASSEMBLY_USAGE_OCCURRENCE('9','693072010801_PIN','',#31,
  #7394,$);
#8788 = SHAPE_DEFINITION_REPRESENTATION(#8789,#8795);
#8789 = PRODUCT_DEFINITION_SHAPE('','',#8790);
#8790 = PRODUCT_DEFINITION('design','',#8791,#8794);
#8791 = PRODUCT_DEFINITION_FORMATION('','',#8792);
#8792 = PRODUCT('693072010801_PATTE','693072010801_PATTE','',(#8793));
#8793 = PRODUCT_CONTEXT('',#2,'mechanical');
#8794 = PRODUCT_DEFINITION_CONTEXT('part definition',#2,'design');
#8795 = ADVANCED_BREP_SHAPE_REPRESENTATION('',(#11,#8796),#9632);
#8796 = MANIFOLD_SOLID_BREP('',#8797);
#8797 = CLOSED_SHELL('',(#8798,#8838,#8912,#8986,#9094,#9125,#9156,#9187
    ,#9218,#9249,#9312,#9378,#9444,#9466,#9478,#9490,#9512,#9524,#9536,
    #9548,#9560,#9572,#9584,#9596,#9608,#9620));
#8798 = ADVANCED_FACE('',(#8799),#8833,.F.);
#8799 = FACE_BOUND('',#8800,.T.);
#8800 = EDGE_LOOP('',(#8801,#8811,#8819,#8827));
#8801 = ORIENTED_EDGE('',*,*,#8802,.T.);
#8802 = EDGE_CURVE('',#8803,#8805,#8807,.T.);
#8803 = VERTEX_POINT('',#8804);
#8804 = CARTESIAN_POINT('',(1.,0.6,-0.75));
#8805 = VERTEX_POINT('',#8806);
#8806 = CARTESIAN_POINT('',(1.,0.346410161514,-0.75));
#8807 = LINE('',#8808,#8809);
#8808 = CARTESIAN_POINT('',(1.,0.7,-0.75));
#8809 = VECTOR('',#8810,1.);
#8810 = DIRECTION('',(0.,-1.,0.));
#8811 = ORIENTED_EDGE('',*,*,#8812,.F.);
#8812 = EDGE_CURVE('',#8813,#8805,#8815,.T.);
#8813 = VERTEX_POINT('',#8814);
#8814 = CARTESIAN_POINT('',(1.,0.346410161514,-0.9));
#8815 = LINE('',#8816,#8817);
#8816 = CARTESIAN_POINT('',(1.,0.346410161514,-0.9));
#8817 = VECTOR('',#8818,1.);
#8818 = DIRECTION('',(0.,0.,1.));
#8819 = ORIENTED_EDGE('',*,*,#8820,.F.);
#8820 = EDGE_CURVE('',#8821,#8813,#8823,.T.);
#8821 = VERTEX_POINT('',#8822);
#8822 = CARTESIAN_POINT('',(1.,0.6,-0.9));
#8823 = LINE('',#8824,#8825);
#8824 = CARTESIAN_POINT('',(1.,0.7,-0.9));
#8825 = VECTOR('',#8826,1.);
#8826 = DIRECTION('',(0.,-1.,0.));
#8827 = ORIENTED_EDGE('',*,*,#8828,.T.);
#8828 = EDGE_CURVE('',#8821,#8803,#8829,.T.);
#8829 = LINE('',#8830,#8831);
#8830 = CARTESIAN_POINT('',(1.,0.6,-0.75));
#8831 = VECTOR('',#8832,1.);
#8832 = DIRECTION('',(0.,2.168404344971E-16,1.));
#8833 = PLANE('',#8834);
#8834 = AXIS2_PLACEMENT_3D('',#8835,#8836,#8837);
#8835 = CARTESIAN_POINT('',(1.,0.7,-0.9));
#8836 = DIRECTION('',(-1.,0.,0.));
#8837 = DIRECTION('',(0.,0.,1.));
#8838 = ADVANCED_FACE('',(#8839),#8907,.T.);
#8839 = FACE_BOUND('',#8840,.T.);
#8840 = EDGE_LOOP('',(#8841,#8851,#8859,#8867,#8876,#8884,#8892,#8900));
#8841 = ORIENTED_EDGE('',*,*,#8842,.F.);
#8842 = EDGE_CURVE('',#8843,#8845,#8847,.T.);
#8843 = VERTEX_POINT('',#8844);
#8844 = CARTESIAN_POINT('',(0.15,-0.7,-0.35));
#8845 = VERTEX_POINT('',#8846);
#8846 = CARTESIAN_POINT('',(0.15,-0.7,-0.74));
#8847 = LINE('',#8848,#8849);
#8848 = CARTESIAN_POINT('',(0.15,-0.7,-0.25));
#8849 = VECTOR('',#8850,1.);
#8850 = DIRECTION('',(0.,2.168404344971E-16,-1.));
#8851 = ORIENTED_EDGE('',*,*,#8852,.F.);
#8852 = EDGE_CURVE('',#8853,#8843,#8855,.T.);
#8853 = VERTEX_POINT('',#8854);
#8854 = CARTESIAN_POINT('',(0.,-0.7,-0.35));
#8855 = LINE('',#8856,#8857);
#8856 = CARTESIAN_POINT('',(0.,-0.7,-0.35));
#8857 = VECTOR('',#8858,1.);
#8858 = DIRECTION('',(1.,0.,0.));
#8859 = ORIENTED_EDGE('',*,*,#8860,.T.);
#8860 = EDGE_CURVE('',#8853,#8861,#8863,.T.);
#8861 = VERTEX_POINT('',#8862);
#8862 = CARTESIAN_POINT('',(0.,-0.7,-0.74));
#8863 = LINE('',#8864,#8865);
#8864 = CARTESIAN_POINT('',(0.,-0.7,-0.25));
#8865 = VECTOR('',#8866,1.);
#8866 = DIRECTION('',(0.,2.168404344971E-16,-1.));
#8867 = ORIENTED_EDGE('',*,*,#8868,.T.);
#8868 = EDGE_CURVE('',#8861,#8869,#8871,.T.);
#8869 = VERTEX_POINT('',#8870);
#8870 = CARTESIAN_POINT('',(0.16,-0.7,-0.9));
#8871 = CIRCLE('',#8872,0.16);
#8872 = AXIS2_PLACEMENT_3D('',#8873,#8874,#8875);
#8873 = CARTESIAN_POINT('',(0.16,-0.7,-0.74));
#8874 = DIRECTION('',(0.,-1.,0.));
#8875 = DIRECTION('',(1.,0.,0.));
#8876 = ORIENTED_EDGE('',*,*,#8877,.F.);
#8877 = EDGE_CURVE('',#8878,#8869,#8880,.T.);
#8878 = VERTEX_POINT('',#8879);
#8879 = CARTESIAN_POINT('',(0.9,-0.7,-0.9));
#8880 = LINE('',#8881,#8882);
#8881 = CARTESIAN_POINT('',(0.113268809278,-0.7,-0.9));
#8882 = VECTOR('',#8883,1.);
#8883 = DIRECTION('',(-1.,1.222695427689E-16,-6.123233995737E-17));
#8884 = ORIENTED_EDGE('',*,*,#8885,.T.);
#8885 = EDGE_CURVE('',#8878,#8886,#8888,.T.);
#8886 = VERTEX_POINT('',#8887);
#8887 = CARTESIAN_POINT('',(0.9,-0.7,-0.75));
#8888 = LINE('',#8889,#8890);
#8889 = CARTESIAN_POINT('',(0.9,-0.7,-0.75));
#8890 = VECTOR('',#8891,1.);
#8891 = DIRECTION('',(0.,-2.168404344971E-16,1.));
#8892 = ORIENTED_EDGE('',*,*,#8893,.T.);
#8893 = EDGE_CURVE('',#8886,#8894,#8896,.T.);
#8894 = VERTEX_POINT('',#8895);
#8895 = CARTESIAN_POINT('',(0.16,-0.7,-0.75));
#8896 = LINE('',#8897,#8898);
#8897 = CARTESIAN_POINT('',(0.113268809278,-0.7,-0.75));
#8898 = VECTOR('',#8899,1.);
#8899 = DIRECTION('',(-1.,1.222695427689E-16,-6.123233995737E-17));
#8900 = ORIENTED_EDGE('',*,*,#8901,.F.);
#8901 = EDGE_CURVE('',#8845,#8894,#8902,.T.);
#8902 = CIRCLE('',#8903,1.E-02);
#8903 = AXIS2_PLACEMENT_3D('',#8904,#8905,#8906);
#8904 = CARTESIAN_POINT('',(0.16,-0.7,-0.74));
#8905 = DIRECTION('',(0.,-1.,0.));
#8906 = DIRECTION('',(0.,0.,-1.));
#8907 = PLANE('',#8908);
#8908 = AXIS2_PLACEMENT_3D('',#8909,#8910,#8911);
#8909 = CARTESIAN_POINT('',(0.,-0.7,-0.25));
#8910 = DIRECTION('',(0.,-1.,-2.168404344971E-16));
#8911 = DIRECTION('',(0.,2.168404344971E-16,-1.));
#8912 = ADVANCED_FACE('',(#8913),#8981,.T.);
#8913 = FACE_BOUND('',#8914,.T.);
#8914 = EDGE_LOOP('',(#8915,#8925,#8933,#8941,#8950,#8958,#8966,#8974));
#8915 = ORIENTED_EDGE('',*,*,#8916,.T.);
#8916 = EDGE_CURVE('',#8917,#8919,#8921,.T.);
#8917 = VERTEX_POINT('',#8918);
#8918 = CARTESIAN_POINT('',(0.,0.7,-0.74));
#8919 = VERTEX_POINT('',#8920);
#8920 = CARTESIAN_POINT('',(0.,0.7,-0.35));
#8921 = LINE('',#8922,#8923);
#8922 = CARTESIAN_POINT('',(0.,0.7,-0.75));
#8923 = VECTOR('',#8924,1.);
#8924 = DIRECTION('',(0.,2.168404344971E-16,1.));
#8925 = ORIENTED_EDGE('',*,*,#8926,.T.);
#8926 = EDGE_CURVE('',#8919,#8927,#8929,.T.);
#8927 = VERTEX_POINT('',#8928);
#8928 = CARTESIAN_POINT('',(0.15,0.7,-0.35));
#8929 = LINE('',#8930,#8931);
#8930 = CARTESIAN_POINT('',(0.,0.7,-0.35));
#8931 = VECTOR('',#8932,1.);
#8932 = DIRECTION('',(1.,0.,0.));
#8933 = ORIENTED_EDGE('',*,*,#8934,.F.);
#8934 = EDGE_CURVE('',#8935,#8927,#8937,.T.);
#8935 = VERTEX_POINT('',#8936);
#8936 = CARTESIAN_POINT('',(0.15,0.7,-0.74));
#8937 = LINE('',#8938,#8939);
#8938 = CARTESIAN_POINT('',(0.15,0.7,-0.75));
#8939 = VECTOR('',#8940,1.);
#8940 = DIRECTION('',(0.,2.168404344971E-16,1.));
#8941 = ORIENTED_EDGE('',*,*,#8942,.T.);
#8942 = EDGE_CURVE('',#8935,#8943,#8945,.T.);
#8943 = VERTEX_POINT('',#8944);
#8944 = CARTESIAN_POINT('',(0.16,0.7,-0.75));
#8945 = CIRCLE('',#8946,1.E-02);
#8946 = AXIS2_PLACEMENT_3D('',#8947,#8948,#8949);
#8947 = CARTESIAN_POINT('',(0.16,0.7,-0.74));
#8948 = DIRECTION('',(0.,-1.,0.));
#8949 = DIRECTION('',(0.,0.,-1.));
#8950 = ORIENTED_EDGE('',*,*,#8951,.T.);
#8951 = EDGE_CURVE('',#8943,#8952,#8954,.T.);
#8952 = VERTEX_POINT('',#8953);
#8953 = CARTESIAN_POINT('',(0.9,0.7,-0.75));
#8954 = LINE('',#8955,#8956);
#8955 = CARTESIAN_POINT('',(0.113268809278,0.7,-0.75));
#8956 = VECTOR('',#8957,1.);
#8957 = DIRECTION('',(1.,-1.222695427689E-16,6.123233995737E-17));
#8958 = ORIENTED_EDGE('',*,*,#8959,.F.);
#8959 = EDGE_CURVE('',#8960,#8952,#8962,.T.);
#8960 = VERTEX_POINT('',#8961);
#8961 = CARTESIAN_POINT('',(0.9,0.7,-0.9));
#8962 = LINE('',#8963,#8964);
#8963 = CARTESIAN_POINT('',(0.9,0.7,-0.9));
#8964 = VECTOR('',#8965,1.);
#8965 = DIRECTION('',(0.,2.168404344971E-16,1.));
#8966 = ORIENTED_EDGE('',*,*,#8967,.F.);
#8967 = EDGE_CURVE('',#8968,#8960,#8970,.T.);
#8968 = VERTEX_POINT('',#8969);
#8969 = CARTESIAN_POINT('',(0.16,0.7,-0.9));
#8970 = LINE('',#8971,#8972);
#8971 = CARTESIAN_POINT('',(0.113268809278,0.7,-0.9));
#8972 = VECTOR('',#8973,1.);
#8973 = DIRECTION('',(1.,-1.222695427689E-16,6.123233995737E-17));
#8974 = ORIENTED_EDGE('',*,*,#8975,.T.);
#8975 = EDGE_CURVE('',#8968,#8917,#8976,.T.);
#8976 = CIRCLE('',#8977,0.16);
#8977 = AXIS2_PLACEMENT_3D('',#8978,#8979,#8980);
#8978 = CARTESIAN_POINT('',(0.16,0.7,-0.74));
#8979 = DIRECTION('',(-0.,1.,0.));
#8980 = DIRECTION('',(1.,0.,0.));
#8981 = PLANE('',#8982);
#8982 = AXIS2_PLACEMENT_3D('',#8983,#8984,#8985);
#8983 = CARTESIAN_POINT('',(0.,0.7,-0.75));
#8984 = DIRECTION('',(0.,1.,-2.168404344971E-16));
#8985 = DIRECTION('',(0.,2.168404344971E-16,1.));
#8986 = ADVANCED_FACE('',(#8987),#9089,.F.);
#8987 = FACE_BOUND('',#8988,.T.);
#8988 = EDGE_LOOP('',(#8989,#8999,#9008,#9016,#9025,#9033,#9040,#9041,
    #9047,#9048,#9057,#9065,#9074,#9082));
#8989 = ORIENTED_EDGE('',*,*,#8990,.F.);
#8990 = EDGE_CURVE('',#8991,#8993,#8995,.T.);
#8991 = VERTEX_POINT('',#8992);
#8992 = CARTESIAN_POINT('',(0.,0.9,0.25));
#8993 = VERTEX_POINT('',#8994);
#8994 = CARTESIAN_POINT('',(0.,-0.9,0.25));
#8995 = LINE('',#8996,#8997);
#8996 = CARTESIAN_POINT('',(0.,1.,0.25));
#8997 = VECTOR('',#8998,1.);
#8998 = DIRECTION('',(0.,-1.,0.));
#8999 = ORIENTED_EDGE('',*,*,#9000,.F.);
#9000 = EDGE_CURVE('',#9001,#8991,#9003,.T.);
#9001 = VERTEX_POINT('',#9002);
#9002 = CARTESIAN_POINT('',(0.,1.,0.15));
#9003 = CIRCLE('',#9004,0.1);
#9004 = AXIS2_PLACEMENT_3D('',#9005,#9006,#9007);
#9005 = CARTESIAN_POINT('',(0.,0.9,0.15));
#9006 = DIRECTION('',(1.,0.,0.));
#9007 = DIRECTION('',(0.,0.,-1.));
#9008 = ORIENTED_EDGE('',*,*,#9009,.F.);
#9009 = EDGE_CURVE('',#9010,#9001,#9012,.T.);
#9010 = VERTEX_POINT('',#9011);
#9011 = CARTESIAN_POINT('',(0.,1.,-0.15));
#9012 = LINE('',#9013,#9014);
#9013 = CARTESIAN_POINT('',(0.,1.,-0.25));
#9014 = VECTOR('',#9015,1.);
#9015 = DIRECTION('',(0.,0.,1.));
#9016 = ORIENTED_EDGE('',*,*,#9017,.F.);
#9017 = EDGE_CURVE('',#9018,#9010,#9020,.T.);
#9018 = VERTEX_POINT('',#9019);
#9019 = CARTESIAN_POINT('',(0.,0.9,-0.25));
#9020 = CIRCLE('',#9021,0.1);
#9021 = AXIS2_PLACEMENT_3D('',#9022,#9023,#9024);
#9022 = CARTESIAN_POINT('',(0.,0.9,-0.15));
#9023 = DIRECTION('',(1.,0.,0.));
#9024 = DIRECTION('',(0.,0.,-1.));
#9025 = ORIENTED_EDGE('',*,*,#9026,.F.);
#9026 = EDGE_CURVE('',#9027,#9018,#9029,.T.);
#9027 = VERTEX_POINT('',#9028);
#9028 = CARTESIAN_POINT('',(0.,0.8,-0.25));
#9029 = LINE('',#9030,#9031);
#9030 = CARTESIAN_POINT('',(0.,-1.,-0.25));
#9031 = VECTOR('',#9032,1.);
#9032 = DIRECTION('',(0.,1.,0.));
#9033 = ORIENTED_EDGE('',*,*,#9034,.T.);
#9034 = EDGE_CURVE('',#9027,#8919,#9035,.T.);
#9035 = CIRCLE('',#9036,0.1);
#9036 = AXIS2_PLACEMENT_3D('',#9037,#9038,#9039);
#9037 = CARTESIAN_POINT('',(0.,0.8,-0.35));
#9038 = DIRECTION('',(1.,0.,0.));
#9039 = DIRECTION('',(0.,0.,-1.));
#9040 = ORIENTED_EDGE('',*,*,#8916,.F.);
#9041 = ORIENTED_EDGE('',*,*,#9042,.T.);
#9042 = EDGE_CURVE('',#8917,#8861,#9043,.T.);
#9043 = LINE('',#9044,#9045);
#9044 = CARTESIAN_POINT('',(0.,0.7,-0.74));
#9045 = VECTOR('',#9046,1.);
#9046 = DIRECTION('',(0.,-1.,0.));
#9047 = ORIENTED_EDGE('',*,*,#8860,.F.);
#9048 = ORIENTED_EDGE('',*,*,#9049,.T.);
#9049 = EDGE_CURVE('',#8853,#9050,#9052,.T.);
#9050 = VERTEX_POINT('',#9051);
#9051 = CARTESIAN_POINT('',(0.,-0.8,-0.25));
#9052 = CIRCLE('',#9053,0.1);
#9053 = AXIS2_PLACEMENT_3D('',#9054,#9055,#9056);
#9054 = CARTESIAN_POINT('',(0.,-0.8,-0.35));
#9055 = DIRECTION('',(1.,0.,0.));
#9056 = DIRECTION('',(0.,0.,-1.));
#9057 = ORIENTED_EDGE('',*,*,#9058,.F.);
#9058 = EDGE_CURVE('',#9059,#9050,#9061,.T.);
#9059 = VERTEX_POINT('',#9060);
#9060 = CARTESIAN_POINT('',(0.,-0.9,-0.25));
#9061 = LINE('',#9062,#9063);
#9062 = CARTESIAN_POINT('',(0.,-1.,-0.25));
#9063 = VECTOR('',#9064,1.);
#9064 = DIRECTION('',(0.,1.,0.));
#9065 = ORIENTED_EDGE('',*,*,#9066,.F.);
#9066 = EDGE_CURVE('',#9067,#9059,#9069,.T.);
#9067 = VERTEX_POINT('',#9068);
#9068 = CARTESIAN_POINT('',(0.,-1.,-0.15));
#9069 = CIRCLE('',#9070,0.1);
#9070 = AXIS2_PLACEMENT_3D('',#9071,#9072,#9073);
#9071 = CARTESIAN_POINT('',(0.,-0.9,-0.15));
#9072 = DIRECTION('',(1.,0.,0.));
#9073 = DIRECTION('',(0.,0.,-1.));
#9074 = ORIENTED_EDGE('',*,*,#9075,.F.);
#9075 = EDGE_CURVE('',#9076,#9067,#9078,.T.);
#9076 = VERTEX_POINT('',#9077);
#9077 = CARTESIAN_POINT('',(0.,-1.,0.15));
#9078 = LINE('',#9079,#9080);
#9079 = CARTESIAN_POINT('',(0.,-1.,0.25));
#9080 = VECTOR('',#9081,1.);
#9081 = DIRECTION('',(0.,0.,-1.));
#9082 = ORIENTED_EDGE('',*,*,#9083,.F.);
#9083 = EDGE_CURVE('',#8993,#9076,#9084,.T.);
#9084 = CIRCLE('',#9085,0.1);
#9085 = AXIS2_PLACEMENT_3D('',#9086,#9087,#9088);
#9086 = CARTESIAN_POINT('',(0.,-0.9,0.15));
#9087 = DIRECTION('',(1.,0.,0.));
#9088 = DIRECTION('',(0.,0.,-1.));
#9089 = PLANE('',#9090);
#9090 = AXIS2_PLACEMENT_3D('',#9091,#9092,#9093);
#9091 = CARTESIAN_POINT('',(0.,0.,0.));
#9092 = DIRECTION('',(1.,0.,0.));
#9093 = DIRECTION('',(0.,0.,-1.));
#9094 = ADVANCED_FACE('',(#9095),#9120,.F.);
#9095 = FACE_BOUND('',#9096,.T.);
#9096 = EDGE_LOOP('',(#9097,#9107,#9113,#9114));
#9097 = ORIENTED_EDGE('',*,*,#9098,.F.);
#9098 = EDGE_CURVE('',#9099,#9101,#9103,.T.);
#9099 = VERTEX_POINT('',#9100);
#9100 = CARTESIAN_POINT('',(0.15,-0.9,-0.25));
#9101 = VERTEX_POINT('',#9102);
#9102 = CARTESIAN_POINT('',(0.15,-0.8,-0.25));
#9103 = LINE('',#9104,#9105);
#9104 = CARTESIAN_POINT('',(0.15,-1.,-0.25));
#9105 = VECTOR('',#9106,1.);
#9106 = DIRECTION('',(0.,1.,0.));
#9107 = ORIENTED_EDGE('',*,*,#9108,.T.);
#9108 = EDGE_CURVE('',#9099,#9059,#9109,.T.);
#9109 = LINE('',#9110,#9111);
#9110 = CARTESIAN_POINT('',(0.15,-0.9,-0.25));
#9111 = VECTOR('',#9112,1.);
#9112 = DIRECTION('',(-1.,0.,0.));
#9113 = ORIENTED_EDGE('',*,*,#9058,.T.);
#9114 = ORIENTED_EDGE('',*,*,#9115,.T.);
#9115 = EDGE_CURVE('',#9050,#9101,#9116,.T.);
#9116 = LINE('',#9117,#9118);
#9117 = CARTESIAN_POINT('',(0.15,-0.8,-0.25));
#9118 = VECTOR('',#9119,1.);
#9119 = DIRECTION('',(1.,0.,0.));
#9120 = PLANE('',#9121);
#9121 = AXIS2_PLACEMENT_3D('',#9122,#9123,#9124);
#9122 = CARTESIAN_POINT('',(0.15,-1.,-0.25));
#9123 = DIRECTION('',(0.,0.,1.));
#9124 = DIRECTION('',(1.,0.,-0.));
#9125 = ADVANCED_FACE('',(#9126),#9151,.F.);
#9126 = FACE_BOUND('',#9127,.T.);
#9127 = EDGE_LOOP('',(#9128,#9138,#9144,#9145));
#9128 = ORIENTED_EDGE('',*,*,#9129,.F.);
#9129 = EDGE_CURVE('',#9130,#9132,#9134,.T.);
#9130 = VERTEX_POINT('',#9131);
#9131 = CARTESIAN_POINT('',(0.15,-1.,0.15));
#9132 = VERTEX_POINT('',#9133);
#9133 = CARTESIAN_POINT('',(0.15,-1.,-0.15));
#9134 = LINE('',#9135,#9136);
#9135 = CARTESIAN_POINT('',(0.15,-1.,0.25));
#9136 = VECTOR('',#9137,1.);
#9137 = DIRECTION('',(0.,0.,-1.));
#9138 = ORIENTED_EDGE('',*,*,#9139,.T.);
#9139 = EDGE_CURVE('',#9130,#9076,#9140,.T.);
#9140 = LINE('',#9141,#9142);
#9141 = CARTESIAN_POINT('',(0.15,-1.,0.15));
#9142 = VECTOR('',#9143,1.);
#9143 = DIRECTION('',(-1.,0.,0.));
#9144 = ORIENTED_EDGE('',*,*,#9075,.T.);
#9145 = ORIENTED_EDGE('',*,*,#9146,.F.);
#9146 = EDGE_CURVE('',#9132,#9067,#9147,.T.);
#9147 = LINE('',#9148,#9149);
#9148 = CARTESIAN_POINT('',(0.15,-1.,-0.15));
#9149 = VECTOR('',#9150,1.);
#9150 = DIRECTION('',(-1.,0.,0.));
#9151 = PLANE('',#9152);
#9152 = AXIS2_PLACEMENT_3D('',#9153,#9154,#9155);
#9153 = CARTESIAN_POINT('',(0.15,-1.,0.25));
#9154 = DIRECTION('',(0.,1.,0.));
#9155 = DIRECTION('',(0.,-0.,1.));
#9156 = ADVANCED_FACE('',(#9157),#9182,.F.);
#9157 = FACE_BOUND('',#9158,.T.);
#9158 = EDGE_LOOP('',(#9159,#9160,#9168,#9176));
#9159 = ORIENTED_EDGE('',*,*,#9026,.T.);
#9160 = ORIENTED_EDGE('',*,*,#9161,.F.);
#9161 = EDGE_CURVE('',#9162,#9018,#9164,.T.);
#9162 = VERTEX_POINT('',#9163);
#9163 = CARTESIAN_POINT('',(0.15,0.9,-0.25));
#9164 = LINE('',#9165,#9166);
#9165 = CARTESIAN_POINT('',(0.15,0.9,-0.25));
#9166 = VECTOR('',#9167,1.);
#9167 = DIRECTION('',(-1.,0.,0.));
#9168 = ORIENTED_EDGE('',*,*,#9169,.F.);
#9169 = EDGE_CURVE('',#9170,#9162,#9172,.T.);
#9170 = VERTEX_POINT('',#9171);
#9171 = CARTESIAN_POINT('',(0.15,0.8,-0.25));
#9172 = LINE('',#9173,#9174);
#9173 = CARTESIAN_POINT('',(0.15,-1.,-0.25));
#9174 = VECTOR('',#9175,1.);
#9175 = DIRECTION('',(0.,1.,0.));
#9176 = ORIENTED_EDGE('',*,*,#9177,.F.);
#9177 = EDGE_CURVE('',#9027,#9170,#9178,.T.);
#9178 = LINE('',#9179,#9180);
#9179 = CARTESIAN_POINT('',(0.15,0.8,-0.25));
#9180 = VECTOR('',#9181,1.);
#9181 = DIRECTION('',(1.,0.,0.));
#9182 = PLANE('',#9183);
#9183 = AXIS2_PLACEMENT_3D('',#9184,#9185,#9186);
#9184 = CARTESIAN_POINT('',(0.15,-1.,-0.25));
#9185 = DIRECTION('',(0.,0.,1.));
#9186 = DIRECTION('',(1.,0.,-0.));
#9187 = ADVANCED_FACE('',(#9188),#9213,.F.);
#9188 = FACE_BOUND('',#9189,.T.);
#9189 = EDGE_LOOP('',(#9190,#9191,#9199,#9207));
#9190 = ORIENTED_EDGE('',*,*,#9009,.T.);
#9191 = ORIENTED_EDGE('',*,*,#9192,.F.);
#9192 = EDGE_CURVE('',#9193,#9001,#9195,.T.);
#9193 = VERTEX_POINT('',#9194);
#9194 = CARTESIAN_POINT('',(0.15,1.,0.15));
#9195 = LINE('',#9196,#9197);
#9196 = CARTESIAN_POINT('',(0.15,1.,0.15));
#9197 = VECTOR('',#9198,1.);
#9198 = DIRECTION('',(-1.,0.,0.));
#9199 = ORIENTED_EDGE('',*,*,#9200,.F.);
#9200 = EDGE_CURVE('',#9201,#9193,#9203,.T.);
#9201 = VERTEX_POINT('',#9202);
#9202 = CARTESIAN_POINT('',(0.15,1.,-0.15));
#9203 = LINE('',#9204,#9205);
#9204 = CARTESIAN_POINT('',(0.15,1.,-0.25));
#9205 = VECTOR('',#9206,1.);
#9206 = DIRECTION('',(0.,0.,1.));
#9207 = ORIENTED_EDGE('',*,*,#9208,.T.);
#9208 = EDGE_CURVE('',#9201,#9010,#9209,.T.);
#9209 = LINE('',#9210,#9211);
#9210 = CARTESIAN_POINT('',(0.15,1.,-0.15));
#9211 = VECTOR('',#9212,1.);
#9212 = DIRECTION('',(-1.,0.,0.));
#9213 = PLANE('',#9214);
#9214 = AXIS2_PLACEMENT_3D('',#9215,#9216,#9217);
#9215 = CARTESIAN_POINT('',(0.15,1.,-0.25));
#9216 = DIRECTION('',(0.,-1.,0.));
#9217 = DIRECTION('',(0.,0.,-1.));
#9218 = ADVANCED_FACE('',(#9219),#9244,.F.);
#9219 = FACE_BOUND('',#9220,.T.);
#9220 = EDGE_LOOP('',(#9221,#9231,#9237,#9238));
#9221 = ORIENTED_EDGE('',*,*,#9222,.F.);
#9222 = EDGE_CURVE('',#9223,#9225,#9227,.T.);
#9223 = VERTEX_POINT('',#9224);
#9224 = CARTESIAN_POINT('',(0.15,0.9,0.25));
#9225 = VERTEX_POINT('',#9226);
#9226 = CARTESIAN_POINT('',(0.15,-0.9,0.25));
#9227 = LINE('',#9228,#9229);
#9228 = CARTESIAN_POINT('',(0.15,1.,0.25));
#9229 = VECTOR('',#9230,1.);
#9230 = DIRECTION('',(0.,-1.,0.));
#9231 = ORIENTED_EDGE('',*,*,#9232,.T.);
#9232 = EDGE_CURVE('',#9223,#8991,#9233,.T.);
#9233 = LINE('',#9234,#9235);
#9234 = CARTESIAN_POINT('',(0.15,0.9,0.25));
#9235 = VECTOR('',#9236,1.);
#9236 = DIRECTION('',(-1.,0.,0.));
#9237 = ORIENTED_EDGE('',*,*,#8990,.T.);
#9238 = ORIENTED_EDGE('',*,*,#9239,.F.);
#9239 = EDGE_CURVE('',#9225,#8993,#9240,.T.);
#9240 = LINE('',#9241,#9242);
#9241 = CARTESIAN_POINT('',(0.15,-0.9,0.25));
#9242 = VECTOR('',#9243,1.);
#9243 = DIRECTION('',(-1.,0.,0.));
#9244 = PLANE('',#9245);
#9245 = AXIS2_PLACEMENT_3D('',#9246,#9247,#9248);
#9246 = CARTESIAN_POINT('',(0.15,1.,0.25));
#9247 = DIRECTION('',(0.,0.,-1.));
#9248 = DIRECTION('',(-1.,0.,0.));
#9249 = ADVANCED_FACE('',(#9250),#9307,.T.);
#9250 = FACE_BOUND('',#9251,.T.);
#9251 = EDGE_LOOP('',(#9252,#9253,#9260,#9261,#9268,#9269,#9276,#9277,
    #9284,#9285,#9291,#9292,#9299,#9300));
#9252 = ORIENTED_EDGE('',*,*,#9200,.T.);
#9253 = ORIENTED_EDGE('',*,*,#9254,.T.);
#9254 = EDGE_CURVE('',#9193,#9223,#9255,.T.);
#9255 = CIRCLE('',#9256,0.1);
#9256 = AXIS2_PLACEMENT_3D('',#9257,#9258,#9259);
#9257 = CARTESIAN_POINT('',(0.15,0.9,0.15));
#9258 = DIRECTION('',(1.,0.,0.));
#9259 = DIRECTION('',(0.,0.,-1.));
#9260 = ORIENTED_EDGE('',*,*,#9222,.T.);
#9261 = ORIENTED_EDGE('',*,*,#9262,.T.);
#9262 = EDGE_CURVE('',#9225,#9130,#9263,.T.);
#9263 = CIRCLE('',#9264,0.1);
#9264 = AXIS2_PLACEMENT_3D('',#9265,#9266,#9267);
#9265 = CARTESIAN_POINT('',(0.15,-0.9,0.15));
#9266 = DIRECTION('',(1.,0.,0.));
#9267 = DIRECTION('',(0.,0.,-1.));
#9268 = ORIENTED_EDGE('',*,*,#9129,.T.);
#9269 = ORIENTED_EDGE('',*,*,#9270,.T.);
#9270 = EDGE_CURVE('',#9132,#9099,#9271,.T.);
#9271 = CIRCLE('',#9272,0.1);
#9272 = AXIS2_PLACEMENT_3D('',#9273,#9274,#9275);
#9273 = CARTESIAN_POINT('',(0.15,-0.9,-0.15));
#9274 = DIRECTION('',(1.,0.,0.));
#9275 = DIRECTION('',(0.,0.,-1.));
#9276 = ORIENTED_EDGE('',*,*,#9098,.T.);
#9277 = ORIENTED_EDGE('',*,*,#9278,.F.);
#9278 = EDGE_CURVE('',#8843,#9101,#9279,.T.);
#9279 = CIRCLE('',#9280,0.1);
#9280 = AXIS2_PLACEMENT_3D('',#9281,#9282,#9283);
#9281 = CARTESIAN_POINT('',(0.15,-0.8,-0.35));
#9282 = DIRECTION('',(1.,0.,0.));
#9283 = DIRECTION('',(0.,0.,-1.));
#9284 = ORIENTED_EDGE('',*,*,#8842,.T.);
#9285 = ORIENTED_EDGE('',*,*,#9286,.F.);
#9286 = EDGE_CURVE('',#8935,#8845,#9287,.T.);
#9287 = LINE('',#9288,#9289);
#9288 = CARTESIAN_POINT('',(0.15,0.7,-0.74));
#9289 = VECTOR('',#9290,1.);
#9290 = DIRECTION('',(0.,-1.,0.));
#9291 = ORIENTED_EDGE('',*,*,#8934,.T.);
#9292 = ORIENTED_EDGE('',*,*,#9293,.F.);
#9293 = EDGE_CURVE('',#9170,#8927,#9294,.T.);
#9294 = CIRCLE('',#9295,0.1);
#9295 = AXIS2_PLACEMENT_3D('',#9296,#9297,#9298);
#9296 = CARTESIAN_POINT('',(0.15,0.8,-0.35));
#9297 = DIRECTION('',(1.,0.,0.));
#9298 = DIRECTION('',(0.,0.,-1.));
#9299 = ORIENTED_EDGE('',*,*,#9169,.T.);
#9300 = ORIENTED_EDGE('',*,*,#9301,.T.);
#9301 = EDGE_CURVE('',#9162,#9201,#9302,.T.);
#9302 = CIRCLE('',#9303,0.1);
#9303 = AXIS2_PLACEMENT_3D('',#9304,#9305,#9306);
#9304 = CARTESIAN_POINT('',(0.15,0.9,-0.15));
#9305 = DIRECTION('',(1.,0.,0.));
#9306 = DIRECTION('',(0.,0.,-1.));
#9307 = PLANE('',#9308);
#9308 = AXIS2_PLACEMENT_3D('',#9309,#9310,#9311);
#9309 = CARTESIAN_POINT('',(0.15,0.,0.));
#9310 = DIRECTION('',(1.,0.,0.));
#9311 = DIRECTION('',(0.,0.,-1.));
#9312 = ADVANCED_FACE('',(#9313),#9373,.T.);
#9313 = FACE_BOUND('',#9314,.T.);
#9314 = EDGE_LOOP('',(#9315,#9326,#9335,#9343,#9350,#9351,#9357,#9358,
    #9365,#9366));
#9315 = ORIENTED_EDGE('',*,*,#9316,.F.);
#9316 = EDGE_CURVE('',#9317,#9319,#9321,.T.);
#9317 = VERTEX_POINT('',#9318);
#9318 = CARTESIAN_POINT('',(0.914285714286,-0.247435829653,-0.9));
#9319 = VERTEX_POINT('',#9320);
#9320 = CARTESIAN_POINT('',(0.914285714286,0.247435829653,-0.9));
#9321 = CIRCLE('',#9322,0.25);
#9322 = AXIS2_PLACEMENT_3D('',#9323,#9324,#9325);
#9323 = CARTESIAN_POINT('',(0.95,-6.033334262001E-17,-0.9));
#9324 = DIRECTION('',(6.123233995737E-17,0.,-1.));
#9325 = DIRECTION('',(-1.,0.,-6.123233995737E-17));
#9326 = ORIENTED_EDGE('',*,*,#9327,.T.);
#9327 = EDGE_CURVE('',#9317,#9328,#9330,.T.);
#9328 = VERTEX_POINT('',#9329);
#9329 = CARTESIAN_POINT('',(1.,-0.346410161514,-0.9));
#9330 = CIRCLE('',#9331,0.1);
#9331 = AXIS2_PLACEMENT_3D('',#9332,#9333,#9334);
#9332 = CARTESIAN_POINT('',(0.9,-0.346410161514,-0.9));
#9333 = DIRECTION('',(6.123233995737E-17,0.,-1.));
#9334 = DIRECTION('',(-1.,0.,-6.123233995737E-17));
#9335 = ORIENTED_EDGE('',*,*,#9336,.T.);
#9336 = EDGE_CURVE('',#9328,#9337,#9339,.T.);
#9337 = VERTEX_POINT('',#9338);
#9338 = CARTESIAN_POINT('',(1.,-0.6,-0.9));
#9339 = LINE('',#9340,#9341);
#9340 = CARTESIAN_POINT('',(1.,0.7,-0.9));
#9341 = VECTOR('',#9342,1.);
#9342 = DIRECTION('',(0.,-1.,0.));
#9343 = ORIENTED_EDGE('',*,*,#9344,.T.);
#9344 = EDGE_CURVE('',#9337,#8878,#9345,.T.);
#9345 = CIRCLE('',#9346,0.1);
#9346 = AXIS2_PLACEMENT_3D('',#9347,#9348,#9349);
#9347 = CARTESIAN_POINT('',(0.9,-0.6,-0.9));
#9348 = DIRECTION('',(6.123233995737E-17,0.,-1.));
#9349 = DIRECTION('',(-1.,0.,-6.123233995737E-17));
#9350 = ORIENTED_EDGE('',*,*,#8877,.T.);
#9351 = ORIENTED_EDGE('',*,*,#9352,.T.);
#9352 = EDGE_CURVE('',#8869,#8968,#9353,.T.);
#9353 = LINE('',#9354,#9355);
#9354 = CARTESIAN_POINT('',(0.16,-0.7,-0.9));
#9355 = VECTOR('',#9356,1.);
#9356 = DIRECTION('',(0.,1.,0.));
#9357 = ORIENTED_EDGE('',*,*,#8967,.T.);
#9358 = ORIENTED_EDGE('',*,*,#9359,.T.);
#9359 = EDGE_CURVE('',#8960,#8821,#9360,.T.);
#9360 = CIRCLE('',#9361,0.1);
#9361 = AXIS2_PLACEMENT_3D('',#9362,#9363,#9364);
#9362 = CARTESIAN_POINT('',(0.9,0.6,-0.9));
#9363 = DIRECTION('',(6.123233995737E-17,0.,-1.));
#9364 = DIRECTION('',(-1.,0.,-6.123233995737E-17));
#9365 = ORIENTED_EDGE('',*,*,#8820,.T.);
#9366 = ORIENTED_EDGE('',*,*,#9367,.T.);
#9367 = EDGE_CURVE('',#8813,#9319,#9368,.T.);
#9368 = CIRCLE('',#9369,0.1);
#9369 = AXIS2_PLACEMENT_3D('',#9370,#9371,#9372);
#9370 = CARTESIAN_POINT('',(0.9,0.346410161514,-0.9));
#9371 = DIRECTION('',(6.123233995737E-17,0.,-1.));
#9372 = DIRECTION('',(-1.,0.,-6.123233995737E-17));
#9373 = PLANE('',#9374);
#9374 = AXIS2_PLACEMENT_3D('',#9375,#9376,#9377);
#9375 = CARTESIAN_POINT('',(4.592425496803E-17,0.,-0.9));
#9376 = DIRECTION('',(6.123233995737E-17,0.,-1.));
#9377 = DIRECTION('',(-1.,0.,-6.123233995737E-17));
#9378 = ADVANCED_FACE('',(#9379),#9439,.F.);
#9379 = FACE_BOUND('',#9380,.T.);
#9380 = EDGE_LOOP('',(#9381,#9391,#9400,#9409,#9416,#9417,#9424,#9425,
    #9431,#9432));
#9381 = ORIENTED_EDGE('',*,*,#9382,.F.);
#9382 = EDGE_CURVE('',#9383,#9385,#9387,.T.);
#9383 = VERTEX_POINT('',#9384);
#9384 = CARTESIAN_POINT('',(1.,-0.346410161514,-0.75));
#9385 = VERTEX_POINT('',#9386);
#9386 = CARTESIAN_POINT('',(1.,-0.6,-0.75));
#9387 = LINE('',#9388,#9389);
#9388 = CARTESIAN_POINT('',(1.,0.7,-0.75));
#9389 = VECTOR('',#9390,1.);
#9390 = DIRECTION('',(0.,-1.,0.));
#9391 = ORIENTED_EDGE('',*,*,#9392,.F.);
#9392 = EDGE_CURVE('',#9393,#9383,#9395,.T.);
#9393 = VERTEX_POINT('',#9394);
#9394 = CARTESIAN_POINT('',(0.914285714286,-0.247435829653,-0.75));
#9395 = CIRCLE('',#9396,0.1);
#9396 = AXIS2_PLACEMENT_3D('',#9397,#9398,#9399);
#9397 = CARTESIAN_POINT('',(0.9,-0.346410161514,-0.75));
#9398 = DIRECTION('',(6.123233995737E-17,0.,-1.));
#9399 = DIRECTION('',(-1.,0.,-6.123233995737E-17));
#9400 = ORIENTED_EDGE('',*,*,#9401,.F.);
#9401 = EDGE_CURVE('',#9402,#9393,#9404,.T.);
#9402 = VERTEX_POINT('',#9403);
#9403 = CARTESIAN_POINT('',(0.914285714286,0.247435829653,-0.75));
#9404 = CIRCLE('',#9405,0.25);
#9405 = AXIS2_PLACEMENT_3D('',#9406,#9407,#9408);
#9406 = CARTESIAN_POINT('',(0.95,-6.033334262001E-17,-0.75));
#9407 = DIRECTION('',(-6.123233995737E-17,0.,1.));
#9408 = DIRECTION('',(0.,1.,0.));
#9409 = ORIENTED_EDGE('',*,*,#9410,.F.);
#9410 = EDGE_CURVE('',#8805,#9402,#9411,.T.);
#9411 = CIRCLE('',#9412,0.1);
#9412 = AXIS2_PLACEMENT_3D('',#9413,#9414,#9415);
#9413 = CARTESIAN_POINT('',(0.9,0.346410161514,-0.75));
#9414 = DIRECTION('',(6.123233995737E-17,0.,-1.));
#9415 = DIRECTION('',(-1.,0.,-6.123233995737E-17));
#9416 = ORIENTED_EDGE('',*,*,#8802,.F.);
#9417 = ORIENTED_EDGE('',*,*,#9418,.F.);
#9418 = EDGE_CURVE('',#8952,#8803,#9419,.T.);
#9419 = CIRCLE('',#9420,0.1);
#9420 = AXIS2_PLACEMENT_3D('',#9421,#9422,#9423);
#9421 = CARTESIAN_POINT('',(0.9,0.6,-0.75));
#9422 = DIRECTION('',(6.123233995737E-17,0.,-1.));
#9423 = DIRECTION('',(-1.,0.,-6.123233995737E-17));
#9424 = ORIENTED_EDGE('',*,*,#8951,.F.);
#9425 = ORIENTED_EDGE('',*,*,#9426,.F.);
#9426 = EDGE_CURVE('',#8894,#8943,#9427,.T.);
#9427 = LINE('',#9428,#9429);
#9428 = CARTESIAN_POINT('',(0.16,-0.7,-0.75));
#9429 = VECTOR('',#9430,1.);
#9430 = DIRECTION('',(0.,1.,0.));
#9431 = ORIENTED_EDGE('',*,*,#8893,.F.);
#9432 = ORIENTED_EDGE('',*,*,#9433,.F.);
#9433 = EDGE_CURVE('',#9385,#8886,#9434,.T.);
#9434 = CIRCLE('',#9435,0.1);
#9435 = AXIS2_PLACEMENT_3D('',#9436,#9437,#9438);
#9436 = CARTESIAN_POINT('',(0.9,-0.6,-0.75));
#9437 = DIRECTION('',(6.123233995737E-17,0.,-1.));
#9438 = DIRECTION('',(-1.,0.,-6.123233995737E-17));
#9439 = PLANE('',#9440);
#9440 = AXIS2_PLACEMENT_3D('',#9441,#9442,#9443);
#9441 = CARTESIAN_POINT('',(4.592425496803E-17,0.,-0.75));
#9442 = DIRECTION('',(6.123233995737E-17,0.,-1.));
#9443 = DIRECTION('',(-1.,0.,-6.123233995737E-17));
#9444 = ADVANCED_FACE('',(#9445),#9461,.F.);
#9445 = FACE_BOUND('',#9446,.T.);
#9446 = EDGE_LOOP('',(#9447,#9448,#9454,#9455));
#9447 = ORIENTED_EDGE('',*,*,#9336,.F.);
#9448 = ORIENTED_EDGE('',*,*,#9449,.T.);
#9449 = EDGE_CURVE('',#9328,#9383,#9450,.T.);
#9450 = LINE('',#9451,#9452);
#9451 = CARTESIAN_POINT('',(1.,-0.346410161514,-0.9));
#9452 = VECTOR('',#9453,1.);
#9453 = DIRECTION('',(0.,0.,1.));
#9454 = ORIENTED_EDGE('',*,*,#9382,.T.);
#9455 = ORIENTED_EDGE('',*,*,#9456,.F.);
#9456 = EDGE_CURVE('',#9337,#9385,#9457,.T.);
#9457 = LINE('',#9458,#9459);
#9458 = CARTESIAN_POINT('',(1.,-0.6,-0.9));
#9459 = VECTOR('',#9460,1.);
#9460 = DIRECTION('',(0.,-2.168404344971E-16,1.));
#9461 = PLANE('',#9462);
#9462 = AXIS2_PLACEMENT_3D('',#9463,#9464,#9465);
#9463 = CARTESIAN_POINT('',(1.,0.7,-0.9));
#9464 = DIRECTION('',(-1.,0.,0.));
#9465 = DIRECTION('',(0.,0.,1.));
#9466 = ADVANCED_FACE('',(#9467),#9473,.T.);
#9467 = FACE_BOUND('',#9468,.T.);
#9468 = EDGE_LOOP('',(#9469,#9470,#9471,#9472));
#9469 = ORIENTED_EDGE('',*,*,#8868,.F.);
#9470 = ORIENTED_EDGE('',*,*,#9042,.F.);
#9471 = ORIENTED_EDGE('',*,*,#8975,.F.);
#9472 = ORIENTED_EDGE('',*,*,#9352,.F.);
#9473 = CYLINDRICAL_SURFACE('',#9474,0.16);
#9474 = AXIS2_PLACEMENT_3D('',#9475,#9476,#9477);
#9475 = CARTESIAN_POINT('',(0.16,0.7,-0.74));
#9476 = DIRECTION('',(0.,-1.,0.));
#9477 = DIRECTION('',(1.,0.,0.));
#9478 = ADVANCED_FACE('',(#9479),#9485,.F.);
#9479 = FACE_BOUND('',#9480,.F.);
#9480 = EDGE_LOOP('',(#9481,#9482,#9483,#9484));
#9481 = ORIENTED_EDGE('',*,*,#9286,.F.);
#9482 = ORIENTED_EDGE('',*,*,#8942,.T.);
#9483 = ORIENTED_EDGE('',*,*,#9426,.F.);
#9484 = ORIENTED_EDGE('',*,*,#8901,.F.);
#9485 = CYLINDRICAL_SURFACE('',#9486,1.E-02);
#9486 = AXIS2_PLACEMENT_3D('',#9487,#9488,#9489);
#9487 = CARTESIAN_POINT('',(0.16,0.7,-0.74));
#9488 = DIRECTION('',(0.,-1.,0.));
#9489 = DIRECTION('',(1.,0.,0.));
#9490 = ADVANCED_FACE('',(#9491),#9507,.F.);
#9491 = FACE_BOUND('',#9492,.F.);
#9492 = EDGE_LOOP('',(#9493,#9499,#9500,#9506));
#9493 = ORIENTED_EDGE('',*,*,#9494,.F.);
#9494 = EDGE_CURVE('',#9319,#9402,#9495,.T.);
#9495 = LINE('',#9496,#9497);
#9496 = CARTESIAN_POINT('',(0.914285714286,0.247435829653,
    -3.264458192136));
#9497 = VECTOR('',#9498,1.);
#9498 = DIRECTION('',(-6.123233995737E-17,0.,1.));
#9499 = ORIENTED_EDGE('',*,*,#9316,.F.);
#9500 = ORIENTED_EDGE('',*,*,#9501,.T.);
#9501 = EDGE_CURVE('',#9317,#9393,#9502,.T.);
#9502 = LINE('',#9503,#9504);
#9503 = CARTESIAN_POINT('',(0.914285714286,-0.247435829653,
    -3.264458192136));
#9504 = VECTOR('',#9505,1.);
#9505 = DIRECTION('',(-6.123233995737E-17,0.,1.));
#9506 = ORIENTED_EDGE('',*,*,#9401,.F.);
#9507 = CYLINDRICAL_SURFACE('',#9508,0.25);
#9508 = AXIS2_PLACEMENT_3D('',#9509,#9510,#9511);
#9509 = CARTESIAN_POINT('',(0.95,-6.033334262001E-17,-3.264458192136));
#9510 = DIRECTION('',(-6.123233995737E-17,0.,1.));
#9511 = DIRECTION('',(1.,0.,6.123233995737E-17));
#9512 = ADVANCED_FACE('',(#9513),#9519,.T.);
#9513 = FACE_BOUND('',#9514,.T.);
#9514 = EDGE_LOOP('',(#9515,#9516,#9517,#9518));
#9515 = ORIENTED_EDGE('',*,*,#9254,.F.);
#9516 = ORIENTED_EDGE('',*,*,#9192,.T.);
#9517 = ORIENTED_EDGE('',*,*,#9000,.T.);
#9518 = ORIENTED_EDGE('',*,*,#9232,.F.);
#9519 = CYLINDRICAL_SURFACE('',#9520,0.1);
#9520 = AXIS2_PLACEMENT_3D('',#9521,#9522,#9523);
#9521 = CARTESIAN_POINT('',(0.15,0.9,0.15));
#9522 = DIRECTION('',(-1.,0.,0.));
#9523 = DIRECTION('',(0.,0.,1.));
#9524 = ADVANCED_FACE('',(#9525),#9531,.T.);
#9525 = FACE_BOUND('',#9526,.T.);
#9526 = EDGE_LOOP('',(#9527,#9528,#9529,#9530));
#9527 = ORIENTED_EDGE('',*,*,#9301,.F.);
#9528 = ORIENTED_EDGE('',*,*,#9161,.T.);
#9529 = ORIENTED_EDGE('',*,*,#9017,.T.);
#9530 = ORIENTED_EDGE('',*,*,#9208,.F.);
#9531 = CYLINDRICAL_SURFACE('',#9532,0.1);
#9532 = AXIS2_PLACEMENT_3D('',#9533,#9534,#9535);
#9533 = CARTESIAN_POINT('',(0.15,0.9,-0.15));
#9534 = DIRECTION('',(-1.,0.,0.));
#9535 = DIRECTION('',(0.,0.,1.));
#9536 = ADVANCED_FACE('',(#9537),#9543,.T.);
#9537 = FACE_BOUND('',#9538,.T.);
#9538 = EDGE_LOOP('',(#9539,#9540,#9541,#9542));
#9539 = ORIENTED_EDGE('',*,*,#9262,.F.);
#9540 = ORIENTED_EDGE('',*,*,#9239,.T.);
#9541 = ORIENTED_EDGE('',*,*,#9083,.T.);
#9542 = ORIENTED_EDGE('',*,*,#9139,.F.);
#9543 = CYLINDRICAL_SURFACE('',#9544,0.1);
#9544 = AXIS2_PLACEMENT_3D('',#9545,#9546,#9547);
#9545 = CARTESIAN_POINT('',(0.15,-0.9,0.15));
#9546 = DIRECTION('',(-1.,0.,0.));
#9547 = DIRECTION('',(0.,0.,1.));
#9548 = ADVANCED_FACE('',(#9549),#9555,.T.);
#9549 = FACE_BOUND('',#9550,.T.);
#9550 = EDGE_LOOP('',(#9551,#9552,#9553,#9554));
#9551 = ORIENTED_EDGE('',*,*,#9270,.F.);
#9552 = ORIENTED_EDGE('',*,*,#9146,.T.);
#9553 = ORIENTED_EDGE('',*,*,#9066,.T.);
#9554 = ORIENTED_EDGE('',*,*,#9108,.F.);
#9555 = CYLINDRICAL_SURFACE('',#9556,0.1);
#9556 = AXIS2_PLACEMENT_3D('',#9557,#9558,#9559);
#9557 = CARTESIAN_POINT('',(0.15,-0.9,-0.15));
#9558 = DIRECTION('',(-1.,0.,0.));
#9559 = DIRECTION('',(0.,0.,1.));
#9560 = ADVANCED_FACE('',(#9561),#9567,.F.);
#9561 = FACE_BOUND('',#9562,.F.);
#9562 = EDGE_LOOP('',(#9563,#9564,#9565,#9566));
#9563 = ORIENTED_EDGE('',*,*,#9115,.T.);
#9564 = ORIENTED_EDGE('',*,*,#9278,.F.);
#9565 = ORIENTED_EDGE('',*,*,#8852,.F.);
#9566 = ORIENTED_EDGE('',*,*,#9049,.T.);
#9567 = CYLINDRICAL_SURFACE('',#9568,0.1);
#9568 = AXIS2_PLACEMENT_3D('',#9569,#9570,#9571);
#9569 = CARTESIAN_POINT('',(0.15,-0.8,-0.35));
#9570 = DIRECTION('',(1.,0.,0.));
#9571 = DIRECTION('',(0.,0.,-1.));
#9572 = ADVANCED_FACE('',(#9573),#9579,.F.);
#9573 = FACE_BOUND('',#9574,.F.);
#9574 = EDGE_LOOP('',(#9575,#9576,#9577,#9578));
#9575 = ORIENTED_EDGE('',*,*,#8926,.T.);
#9576 = ORIENTED_EDGE('',*,*,#9293,.F.);
#9577 = ORIENTED_EDGE('',*,*,#9177,.F.);
#9578 = ORIENTED_EDGE('',*,*,#9034,.T.);
#9579 = CYLINDRICAL_SURFACE('',#9580,0.1);
#9580 = AXIS2_PLACEMENT_3D('',#9581,#9582,#9583);
#9581 = CARTESIAN_POINT('',(0.,0.8,-0.35));
#9582 = DIRECTION('',(1.,0.,0.));
#9583 = DIRECTION('',(0.,0.,-1.));
#9584 = ADVANCED_FACE('',(#9585),#9591,.T.);
#9585 = FACE_BOUND('',#9586,.T.);
#9586 = EDGE_LOOP('',(#9587,#9588,#9589,#9590));
#9587 = ORIENTED_EDGE('',*,*,#9327,.F.);
#9588 = ORIENTED_EDGE('',*,*,#9501,.T.);
#9589 = ORIENTED_EDGE('',*,*,#9392,.T.);
#9590 = ORIENTED_EDGE('',*,*,#9449,.F.);
#9591 = CYLINDRICAL_SURFACE('',#9592,0.1);
#9592 = AXIS2_PLACEMENT_3D('',#9593,#9594,#9595);
#9593 = CARTESIAN_POINT('',(0.9,-0.346410161514,-3.264458192136));
#9594 = DIRECTION('',(-6.123233995737E-17,0.,1.));
#9595 = DIRECTION('',(1.,0.,6.123233995737E-17));
#9596 = ADVANCED_FACE('',(#9597),#9603,.T.);
#9597 = FACE_BOUND('',#9598,.T.);
#9598 = EDGE_LOOP('',(#9599,#9600,#9601,#9602));
#9599 = ORIENTED_EDGE('',*,*,#9410,.T.);
#9600 = ORIENTED_EDGE('',*,*,#9494,.F.);
#9601 = ORIENTED_EDGE('',*,*,#9367,.F.);
#9602 = ORIENTED_EDGE('',*,*,#8812,.T.);
#9603 = CYLINDRICAL_SURFACE('',#9604,0.1);
#9604 = AXIS2_PLACEMENT_3D('',#9605,#9606,#9607);
#9605 = CARTESIAN_POINT('',(0.9,0.346410161514,-3.264458192136));
#9606 = DIRECTION('',(-6.123233995737E-17,0.,1.));
#9607 = DIRECTION('',(1.,0.,6.123233995737E-17));
#9608 = ADVANCED_FACE('',(#9609),#9615,.T.);
#9609 = FACE_BOUND('',#9610,.T.);
#9610 = EDGE_LOOP('',(#9611,#9612,#9613,#9614));
#9611 = ORIENTED_EDGE('',*,*,#9359,.F.);
#9612 = ORIENTED_EDGE('',*,*,#8959,.T.);
#9613 = ORIENTED_EDGE('',*,*,#9418,.T.);
#9614 = ORIENTED_EDGE('',*,*,#8828,.F.);
#9615 = CYLINDRICAL_SURFACE('',#9616,0.1);
#9616 = AXIS2_PLACEMENT_3D('',#9617,#9618,#9619);
#9617 = CARTESIAN_POINT('',(0.9,0.6,-0.9));
#9618 = DIRECTION('',(0.,-2.168404344971E-16,-1.));
#9619 = DIRECTION('',(0.,1.,-2.168404344971E-16));
#9620 = ADVANCED_FACE('',(#9621),#9627,.T.);
#9621 = FACE_BOUND('',#9622,.T.);
#9622 = EDGE_LOOP('',(#9623,#9624,#9625,#9626));
#9623 = ORIENTED_EDGE('',*,*,#9344,.F.);
#9624 = ORIENTED_EDGE('',*,*,#9456,.T.);
#9625 = ORIENTED_EDGE('',*,*,#9433,.T.);
#9626 = ORIENTED_EDGE('',*,*,#8885,.F.);
#9627 = CYLINDRICAL_SURFACE('',#9628,0.1);
#9628 = AXIS2_PLACEMENT_3D('',#9629,#9630,#9631);
#9629 = CARTESIAN_POINT('',(0.9,-0.6,-0.25));
#9630 = DIRECTION('',(0.,2.168404344971E-16,-1.));
#9631 = DIRECTION('',(0.,1.,2.168404344971E-16));
#9632 = ( GEOMETRIC_REPRESENTATION_CONTEXT(3) 
GLOBAL_UNCERTAINTY_ASSIGNED_CONTEXT((#9636)) 
GLOBAL_UNIT_ASSIGNED_CONTEXT((#9633,#9634,#9635)) REPRESENTATION_CONTEXT
('Context #1','3D Context with UNIT and UNCERTAINTY') );
#9633 = ( LENGTH_UNIT() NAMED_UNIT(*) SI_UNIT(.MILLI.,.METRE.) );
#9634 = ( NAMED_UNIT(*) PLANE_ANGLE_UNIT() SI_UNIT($,.RADIAN.) );
#9635 = ( NAMED_UNIT(*) SI_UNIT($,.STERADIAN.) SOLID_ANGLE_UNIT() );
#9636 = UNCERTAINTY_MEASURE_WITH_UNIT(LENGTH_MEASURE(1.E-07),#9633,
  'distance_accuracy_value','confusion accuracy');
#9637 = CONTEXT_DEPENDENT_SHAPE_REPRESENTATION(#9638,#9640);
#9638 = ( REPRESENTATION_RELATIONSHIP('','',#8795,#36) 
REPRESENTATION_RELATIONSHIP_WITH_TRANSFORMATION(#9639) 
SHAPE_REPRESENTATION_RELATIONSHIP() );
#9639 = ITEM_DEFINED_TRANSFORMATION('','',#11,#73);
#9640 = PRODUCT_DEFINITION_SHAPE('Placement','Placement of an item',
  #9641);
#9641 = NEXT_ASSEMBLY_USAGE_OCCURRENCE('10','693072010801_PATTE','',#31,
  #8790,$);
#9642 = PRODUCT_RELATED_PRODUCT_CATEGORY('part',$,(#8792));
#9643 = CONTEXT_DEPENDENT_SHAPE_REPRESENTATION(#9644,#9646);
#9644 = ( REPRESENTATION_RELATIONSHIP('','',#8795,#36) 
REPRESENTATION_RELATIONSHIP_WITH_TRANSFORMATION(#9645) 
SHAPE_REPRESENTATION_RELATIONSHIP() );
#9645 = ITEM_DEFINED_TRANSFORMATION('','',#11,#77);
#9646 = PRODUCT_DEFINITION_SHAPE('Placement','Placement of an item',
  #9647);
#9647 = NEXT_ASSEMBLY_USAGE_OCCURRENCE('11','693072010801_PATTE','',#31,
  #8790,$);
#9648 = SHAPE_DEFINITION_REPRESENTATION(#9649,#9655);
#9649 = PRODUCT_DEFINITION_SHAPE('','',#9650);
#9650 = PRODUCT_DEFINITION('design','',#9651,#9654);
#9651 = PRODUCT_DEFINITION_FORMATION('','',#9652);
#9652 = PRODUCT('693072010801_CACHE','693072010801_CACHE','',(#9653));
#9653 = PRODUCT_CONTEXT('',#2,'mechanical');
#9654 = PRODUCT_DEFINITION_CONTEXT('part definition',#2,'design');
#9655 = ADVANCED_BREP_SHAPE_REPRESENTATION('',(#11,#9656),#14360);
#9656 = MANIFOLD_SOLID_BREP('',#9657);
#9657 = CLOSED_SHELL('',(#9658,#10154,#10534,#10556,#10589,#10622,#10662
    ,#10702,#10863,#10894,#10925,#10956,#11090,#11112,#11136,#11169,
    #11209,#11249,#11403,#11434,#11465,#11496,#11623,#11645,#11678,
    #11714,#11736,#11758,#11780,#11802,#11824,#11846,#11868,#11890,
    #11902,#11914,#11926,#11938,#11950,#11962,#11974,#11986,#12003,
    #12015,#12032,#12044,#12056,#12068,#12085,#12097,#12123,#12148,
    #12181,#12198,#12227,#12248,#12265,#12282,#12294,#12311,#12328,
    #12340,#12352,#12364,#12413,#12462,#12484,#12506,#12518,#12530,
    #12542,#12560,#12578,#12595,#12607,#12633,#12658,#12691,#12708,
    #12737,#12758,#12780,#12792,#12804,#12821,#12838,#12850,#12862,
    #12874,#12923,#12972,#12994,#13016,#13028,#13040,#13052,#13074,
    #13093,#13105,#13124,#13214,#13254,#13344,#13361,#13378,#13395,
    #13421,#13438,#13455,#13472,#13498,#13510,#13522,#13534,#13546,
    #13577,#13601,#13625,#13649,#13673,#13697,#13714,#13729,#13760,
    #13784,#13808,#13832,#13856,#13880,#13897,#13912,#13952,#13992,
    #14016,#14034,#14052,#14064,#14088,#14106,#14124,#14136,#14176,
    #14216,#14240,#14258,#14276,#14288,#14312,#14330,#14348));
#9658 = ADVANCED_FACE('',(#9659,#9693,#9727,#9785,#9843,#9913),#10149,
  .F.);
#9659 = FACE_BOUND('',#9660,.T.);
#9660 = EDGE_LOOP('',(#9661,#9671,#9679,#9687));
#9661 = ORIENTED_EDGE('',*,*,#9662,.T.);
#9662 = EDGE_CURVE('',#9663,#9665,#9667,.T.);
#9663 = VERTEX_POINT('',#9664);
#9664 = CARTESIAN_POINT('',(-2.673205080757,-4.076794919243,0.2));
#9665 = VERTEX_POINT('',#9666);
#9666 = CARTESIAN_POINT('',(2.673205080757,-4.076794919243,0.2));
#9667 = LINE('',#9668,#9669);
#9668 = CARTESIAN_POINT('',(0.,-4.076794919243,0.2));
#9669 = VECTOR('',#9670,1.);
#9670 = DIRECTION('',(1.,0.,0.));
#9671 = ORIENTED_EDGE('',*,*,#9672,.T.);
#9672 = EDGE_CURVE('',#9665,#9673,#9675,.T.);
#9673 = VERTEX_POINT('',#9674);
#9674 = CARTESIAN_POINT('',(2.673205080757,-4.623205080757,0.2));
#9675 = LINE('',#9676,#9677);
#9676 = CARTESIAN_POINT('',(2.673205080757,0.,0.2));
#9677 = VECTOR('',#9678,1.);
#9678 = DIRECTION('',(0.,-1.,0.));
#9679 = ORIENTED_EDGE('',*,*,#9680,.T.);
#9680 = EDGE_CURVE('',#9673,#9681,#9683,.T.);
#9681 = VERTEX_POINT('',#9682);
#9682 = CARTESIAN_POINT('',(-2.673205080757,-4.623205080757,0.2));
#9683 = LINE('',#9684,#9685);
#9684 = CARTESIAN_POINT('',(0.,-4.623205080757,0.2));
#9685 = VECTOR('',#9686,1.);
#9686 = DIRECTION('',(-1.,0.,0.));
#9687 = ORIENTED_EDGE('',*,*,#9688,.T.);
#9688 = EDGE_CURVE('',#9681,#9663,#9689,.T.);
#9689 = LINE('',#9690,#9691);
#9690 = CARTESIAN_POINT('',(-2.673205080757,0.,0.2));
#9691 = VECTOR('',#9692,1.);
#9692 = DIRECTION('',(0.,1.,0.));
#9693 = FACE_BOUND('',#9694,.T.);
#9694 = EDGE_LOOP('',(#9695,#9705,#9713,#9721));
#9695 = ORIENTED_EDGE('',*,*,#9696,.F.);
#9696 = EDGE_CURVE('',#9697,#9699,#9701,.T.);
#9697 = VERTEX_POINT('',#9698);
#9698 = CARTESIAN_POINT('',(4.,2.55,0.2));
#9699 = VERTEX_POINT('',#9700);
#9700 = CARTESIAN_POINT('',(4.,3.2,0.2));
#9701 = LINE('',#9702,#9703);
#9702 = CARTESIAN_POINT('',(4.,0.,0.2));
#9703 = VECTOR('',#9704,1.);
#9704 = DIRECTION('',(0.,1.,0.));
#9705 = ORIENTED_EDGE('',*,*,#9706,.F.);
#9706 = EDGE_CURVE('',#9707,#9697,#9709,.T.);
#9707 = VERTEX_POINT('',#9708);
#9708 = CARTESIAN_POINT('',(-4.,2.55,0.2));
#9709 = LINE('',#9710,#9711);
#9710 = CARTESIAN_POINT('',(2.764715539838E-16,2.55,0.2));
#9711 = VECTOR('',#9712,1.);
#9712 = DIRECTION('',(1.,-1.084202172485E-16,0.));
#9713 = ORIENTED_EDGE('',*,*,#9714,.F.);
#9714 = EDGE_CURVE('',#9715,#9707,#9717,.T.);
#9715 = VERTEX_POINT('',#9716);
#9716 = CARTESIAN_POINT('',(-4.,3.2,0.2));
#9717 = LINE('',#9718,#9719);
#9718 = CARTESIAN_POINT('',(-4.,0.,0.2));
#9719 = VECTOR('',#9720,1.);
#9720 = DIRECTION('',(0.,-1.,0.));
#9721 = ORIENTED_EDGE('',*,*,#9722,.F.);
#9722 = EDGE_CURVE('',#9699,#9715,#9723,.T.);
#9723 = LINE('',#9724,#9725);
#9724 = CARTESIAN_POINT('',(3.469446951954E-16,3.2,0.2));
#9725 = VECTOR('',#9726,1.);
#9726 = DIRECTION('',(-1.,1.084202172485E-16,0.));
#9727 = FACE_BOUND('',#9728,.T.);
#9728 = EDGE_LOOP('',(#9729,#9739,#9747,#9755,#9763,#9771,#9779));
#9729 = ORIENTED_EDGE('',*,*,#9730,.F.);
#9730 = EDGE_CURVE('',#9731,#9733,#9735,.T.);
#9731 = VERTEX_POINT('',#9732);
#9732 = CARTESIAN_POINT('',(3.675,-1.55,0.2));
#9733 = VERTEX_POINT('',#9734);
#9734 = CARTESIAN_POINT('',(3.675,-3.05,0.2));
#9735 = LINE('',#9736,#9737);
#9736 = CARTESIAN_POINT('',(3.675,-1.55,0.2));
#9737 = VECTOR('',#9738,1.);
#9738 = DIRECTION('',(0.,-1.,0.));
#9739 = ORIENTED_EDGE('',*,*,#9740,.F.);
#9740 = EDGE_CURVE('',#9741,#9731,#9743,.T.);
#9741 = VERTEX_POINT('',#9742);
#9742 = CARTESIAN_POINT('',(3.925,-1.55,0.2));
#9743 = LINE('',#9744,#9745);
#9744 = CARTESIAN_POINT('',(3.925,-1.55,0.2));
#9745 = VECTOR('',#9746,1.);
#9746 = DIRECTION('',(-1.,0.,0.));
#9747 = ORIENTED_EDGE('',*,*,#9748,.F.);
#9748 = EDGE_CURVE('',#9749,#9741,#9751,.T.);
#9749 = VERTEX_POINT('',#9750);
#9750 = CARTESIAN_POINT('',(3.925,-3.05,0.2));
#9751 = LINE('',#9752,#9753);
#9752 = CARTESIAN_POINT('',(3.925,-3.05,0.2));
#9753 = VECTOR('',#9754,1.);
#9754 = DIRECTION('',(0.,1.,0.));
#9755 = ORIENTED_EDGE('',*,*,#9756,.F.);
#9756 = EDGE_CURVE('',#9757,#9749,#9759,.T.);
#9757 = VERTEX_POINT('',#9758);
#9758 = CARTESIAN_POINT('',(4.1,-3.05,0.2));
#9759 = LINE('',#9760,#9761);
#9760 = CARTESIAN_POINT('',(4.1,-3.05,0.2));
#9761 = VECTOR('',#9762,1.);
#9762 = DIRECTION('',(-1.,-2.478176394253E-15,0.));
#9763 = ORIENTED_EDGE('',*,*,#9764,.F.);
#9764 = EDGE_CURVE('',#9765,#9757,#9767,.T.);
#9765 = VERTEX_POINT('',#9766);
#9766 = CARTESIAN_POINT('',(3.8,-3.85,0.2));
#9767 = LINE('',#9768,#9769);
#9768 = CARTESIAN_POINT('',(3.8,-3.85,0.2));
#9769 = VECTOR('',#9770,1.);
#9770 = DIRECTION('',(0.351123441588,0.936329177569,0.));
#9771 = ORIENTED_EDGE('',*,*,#9772,.F.);
#9772 = EDGE_CURVE('',#9773,#9765,#9775,.T.);
#9773 = VERTEX_POINT('',#9774);
#9774 = CARTESIAN_POINT('',(3.5,-3.05,0.2));
#9775 = LINE('',#9776,#9777);
#9776 = CARTESIAN_POINT('',(3.5,-3.05,0.2));
#9777 = VECTOR('',#9778,1.);
#9778 = DIRECTION('',(0.351123441588,-0.936329177569,0.));
#9779 = ORIENTED_EDGE('',*,*,#9780,.F.);
#9780 = EDGE_CURVE('',#9733,#9773,#9781,.T.);
#9781 = LINE('',#9782,#9783);
#9782 = CARTESIAN_POINT('',(3.675,-3.05,0.2));
#9783 = VECTOR('',#9784,1.);
#9784 = DIRECTION('',(-1.,2.478176394253E-15,0.));
#9785 = FACE_BOUND('',#9786,.T.);
#9786 = EDGE_LOOP('',(#9787,#9797,#9805,#9813,#9821,#9829,#9837));
#9787 = ORIENTED_EDGE('',*,*,#9788,.F.);
#9788 = EDGE_CURVE('',#9789,#9791,#9793,.T.);
#9789 = VERTEX_POINT('',#9790);
#9790 = CARTESIAN_POINT('',(-3.8,-1.55,0.2));
#9791 = VERTEX_POINT('',#9792);
#9792 = CARTESIAN_POINT('',(-4.1,-2.35,0.2));
#9793 = LINE('',#9794,#9795);
#9794 = CARTESIAN_POINT('',(-3.8,-1.55,0.2));
#9795 = VECTOR('',#9796,1.);
#9796 = DIRECTION('',(-0.351123441588,-0.936329177569,0.));
#9797 = ORIENTED_EDGE('',*,*,#9798,.F.);
#9798 = EDGE_CURVE('',#9799,#9789,#9801,.T.);
#9799 = VERTEX_POINT('',#9800);
#9800 = CARTESIAN_POINT('',(-3.5,-2.35,0.2));
#9801 = LINE('',#9802,#9803);
#9802 = CARTESIAN_POINT('',(-3.5,-2.35,0.2));
#9803 = VECTOR('',#9804,1.);
#9804 = DIRECTION('',(-0.351123441588,0.936329177569,0.));
#9805 = ORIENTED_EDGE('',*,*,#9806,.F.);
#9806 = EDGE_CURVE('',#9807,#9799,#9809,.T.);
#9807 = VERTEX_POINT('',#9808);
#9808 = CARTESIAN_POINT('',(-3.675,-2.35,0.2));
#9809 = LINE('',#9810,#9811);
#9810 = CARTESIAN_POINT('',(-3.675,-2.35,0.2));
#9811 = VECTOR('',#9812,1.);
#9812 = DIRECTION('',(1.,0.,0.));
#9813 = ORIENTED_EDGE('',*,*,#9814,.F.);
#9814 = EDGE_CURVE('',#9815,#9807,#9817,.T.);
#9815 = VERTEX_POINT('',#9816);
#9816 = CARTESIAN_POINT('',(-3.675,-3.85,0.2));
#9817 = LINE('',#9818,#9819);
#9818 = CARTESIAN_POINT('',(-3.675,-3.85,0.2));
#9819 = VECTOR('',#9820,1.);
#9820 = DIRECTION('',(0.,1.,0.));
#9821 = ORIENTED_EDGE('',*,*,#9822,.F.);
#9822 = EDGE_CURVE('',#9823,#9815,#9825,.T.);
#9823 = VERTEX_POINT('',#9824);
#9824 = CARTESIAN_POINT('',(-3.925,-3.85,0.2));
#9825 = LINE('',#9826,#9827);
#9826 = CARTESIAN_POINT('',(-3.925,-3.85,0.2));
#9827 = VECTOR('',#9828,1.);
#9828 = DIRECTION('',(1.,0.,0.));
#9829 = ORIENTED_EDGE('',*,*,#9830,.F.);
#9830 = EDGE_CURVE('',#9831,#9823,#9833,.T.);
#9831 = VERTEX_POINT('',#9832);
#9832 = CARTESIAN_POINT('',(-3.925,-2.35,0.2));
#9833 = LINE('',#9834,#9835);
#9834 = CARTESIAN_POINT('',(-3.925,-2.35,0.2));
#9835 = VECTOR('',#9836,1.);
#9836 = DIRECTION('',(0.,-1.,0.));
#9837 = ORIENTED_EDGE('',*,*,#9838,.F.);
#9838 = EDGE_CURVE('',#9791,#9831,#9839,.T.);
#9839 = LINE('',#9840,#9841);
#9840 = CARTESIAN_POINT('',(-4.1,-2.35,0.2));
#9841 = VECTOR('',#9842,1.);
#9842 = DIRECTION('',(1.,0.,0.));
#9843 = FACE_BOUND('',#9844,.T.);
#9844 = EDGE_LOOP('',(#9845,#9855,#9864,#9872,#9881,#9889,#9898,#9906));
#9845 = ORIENTED_EDGE('',*,*,#9846,.T.);
#9846 = EDGE_CURVE('',#9847,#9849,#9851,.T.);
#9847 = VERTEX_POINT('',#9848);
#9848 = CARTESIAN_POINT('',(3.9,-0.55,0.2));
#9849 = VERTEX_POINT('',#9850);
#9850 = CARTESIAN_POINT('',(-3.9,-0.55,0.2));
#9851 = LINE('',#9852,#9853);
#9852 = CARTESIAN_POINT('',(4.6,-0.55,0.2));
#9853 = VECTOR('',#9854,1.);
#9854 = DIRECTION('',(-1.,0.,0.));
#9855 = ORIENTED_EDGE('',*,*,#9856,.T.);
#9856 = EDGE_CURVE('',#9849,#9857,#9859,.T.);
#9857 = VERTEX_POINT('',#9858);
#9858 = CARTESIAN_POINT('',(-4.6,0.15,0.2));
#9859 = CIRCLE('',#9860,0.7);
#9860 = AXIS2_PLACEMENT_3D('',#9861,#9862,#9863);
#9861 = CARTESIAN_POINT('',(-3.9,0.15,0.2));
#9862 = DIRECTION('',(0.,0.,-1.));
#9863 = DIRECTION('',(-1.,0.,0.));
#9864 = ORIENTED_EDGE('',*,*,#9865,.T.);
#9865 = EDGE_CURVE('',#9857,#9866,#9868,.T.);
#9866 = VERTEX_POINT('',#9867);
#9867 = CARTESIAN_POINT('',(-4.6,0.95,0.2));
#9868 = LINE('',#9869,#9870);
#9869 = CARTESIAN_POINT('',(-4.6,-0.55,0.2));
#9870 = VECTOR('',#9871,1.);
#9871 = DIRECTION('',(0.,1.,0.));
#9872 = ORIENTED_EDGE('',*,*,#9873,.T.);
#9873 = EDGE_CURVE('',#9866,#9874,#9876,.T.);
#9874 = VERTEX_POINT('',#9875);
#9875 = CARTESIAN_POINT('',(-3.9,1.65,0.2));
#9876 = CIRCLE('',#9877,0.7);
#9877 = AXIS2_PLACEMENT_3D('',#9878,#9879,#9880);
#9878 = CARTESIAN_POINT('',(-3.9,0.95,0.2));
#9879 = DIRECTION('',(0.,0.,-1.));
#9880 = DIRECTION('',(-1.,0.,0.));
#9881 = ORIENTED_EDGE('',*,*,#9882,.T.);
#9882 = EDGE_CURVE('',#9874,#9883,#9885,.T.);
#9883 = VERTEX_POINT('',#9884);
#9884 = CARTESIAN_POINT('',(3.9,1.65,0.2));
#9885 = LINE('',#9886,#9887);
#9886 = CARTESIAN_POINT('',(-4.6,1.65,0.2));
#9887 = VECTOR('',#9888,1.);
#9888 = DIRECTION('',(1.,0.,0.));
#9889 = ORIENTED_EDGE('',*,*,#9890,.T.);
#9890 = EDGE_CURVE('',#9883,#9891,#9893,.T.);
#9891 = VERTEX_POINT('',#9892);
#9892 = CARTESIAN_POINT('',(4.6,0.95,0.2));
#9893 = CIRCLE('',#9894,0.7);
#9894 = AXIS2_PLACEMENT_3D('',#9895,#9896,#9897);
#9895 = CARTESIAN_POINT('',(3.9,0.95,0.2));
#9896 = DIRECTION('',(0.,0.,-1.));
#9897 = DIRECTION('',(-1.,0.,0.));
#9898 = ORIENTED_EDGE('',*,*,#9899,.T.);
#9899 = EDGE_CURVE('',#9891,#9900,#9902,.T.);
#9900 = VERTEX_POINT('',#9901);
#9901 = CARTESIAN_POINT('',(4.6,0.15,0.2));
#9902 = LINE('',#9903,#9904);
#9903 = CARTESIAN_POINT('',(4.6,1.65,0.2));
#9904 = VECTOR('',#9905,1.);
#9905 = DIRECTION('',(0.,-1.,0.));
#9906 = ORIENTED_EDGE('',*,*,#9907,.T.);
#9907 = EDGE_CURVE('',#9900,#9847,#9908,.T.);
#9908 = CIRCLE('',#9909,0.7);
#9909 = AXIS2_PLACEMENT_3D('',#9910,#9911,#9912);
#9910 = CARTESIAN_POINT('',(3.9,0.15,0.2));
#9911 = DIRECTION('',(0.,0.,-1.));
#9912 = DIRECTION('',(-1.,0.,0.));
#9913 = FACE_BOUND('',#9914,.T.);
#9914 = EDGE_LOOP('',(#9915,#9925,#9933,#9941,#9949,#9958,#9967,#9975,
    #9984,#9993,#10001,#10009,#10017,#10026,#10034,#10043,#10051,#10060,
    #10068,#10077,#10085,#10093,#10101,#10110,#10118,#10126,#10134,
    #10143));
#9915 = ORIENTED_EDGE('',*,*,#9916,.F.);
#9916 = EDGE_CURVE('',#9917,#9919,#9921,.T.);
#9917 = VERTEX_POINT('',#9918);
#9918 = CARTESIAN_POINT('',(-5.2,-4.8525,0.2));
#9919 = VERTEX_POINT('',#9920);
#9920 = CARTESIAN_POINT('',(-5.2,-1.95,0.2));
#9921 = LINE('',#9922,#9923);
#9922 = CARTESIAN_POINT('',(-5.2,-4.8525,0.2));
#9923 = VECTOR('',#9924,1.);
#9924 = DIRECTION('',(0.,1.,0.));
#9925 = ORIENTED_EDGE('',*,*,#9926,.F.);
#9926 = EDGE_CURVE('',#9927,#9917,#9929,.T.);
#9927 = VERTEX_POINT('',#9928);
#9928 = CARTESIAN_POINT('',(-6.59,-4.8525,0.2));
#9929 = LINE('',#9930,#9931);
#9930 = CARTESIAN_POINT('',(-6.8,-4.8525,0.2));
#9931 = VECTOR('',#9932,1.);
#9932 = DIRECTION('',(1.,0.,0.));
#9933 = ORIENTED_EDGE('',*,*,#9934,.T.);
#9934 = EDGE_CURVE('',#9927,#9935,#9937,.T.);
#9935 = VERTEX_POINT('',#9936);
#9936 = CARTESIAN_POINT('',(-6.59,-5.55,0.2));
#9937 = LINE('',#9938,#9939);
#9938 = CARTESIAN_POINT('',(-6.59,5.55,0.2));
#9939 = VECTOR('',#9940,1.);
#9940 = DIRECTION('',(0.,-1.,0.));
#9941 = ORIENTED_EDGE('',*,*,#9942,.F.);
#9942 = EDGE_CURVE('',#9943,#9935,#9945,.T.);
#9943 = VERTEX_POINT('',#9944);
#9944 = CARTESIAN_POINT('',(-4.2,-5.55,0.2));
#9945 = LINE('',#9946,#9947);
#9946 = CARTESIAN_POINT('',(-4.1,-5.55,0.2));
#9947 = VECTOR('',#9948,1.);
#9948 = DIRECTION('',(-1.,0.,0.));
#9949 = ORIENTED_EDGE('',*,*,#9950,.F.);
#9950 = EDGE_CURVE('',#9951,#9943,#9953,.T.);
#9951 = VERTEX_POINT('',#9952);
#9952 = CARTESIAN_POINT('',(-4.1,-5.45,0.2));
#9953 = CIRCLE('',#9954,0.1);
#9954 = AXIS2_PLACEMENT_3D('',#9955,#9956,#9957);
#9955 = CARTESIAN_POINT('',(-4.2,-5.45,0.2));
#9956 = DIRECTION('',(0.,0.,-1.));
#9957 = DIRECTION('',(-1.,0.,0.));
#9958 = ORIENTED_EDGE('',*,*,#9959,.T.);
#9959 = EDGE_CURVE('',#9951,#9960,#9962,.T.);
#9960 = VERTEX_POINT('',#9961);
#9961 = CARTESIAN_POINT('',(-4.,-5.35,0.2));
#9962 = CIRCLE('',#9963,0.1);
#9963 = AXIS2_PLACEMENT_3D('',#9964,#9965,#9966);
#9964 = CARTESIAN_POINT('',(-4.,-5.45,0.2));
#9965 = DIRECTION('',(0.,0.,-1.));
#9966 = DIRECTION('',(-1.,0.,0.));
#9967 = ORIENTED_EDGE('',*,*,#9968,.F.);
#9968 = EDGE_CURVE('',#9969,#9960,#9971,.T.);
#9969 = VERTEX_POINT('',#9970);
#9970 = CARTESIAN_POINT('',(5.3,-5.35,0.2));
#9971 = LINE('',#9972,#9973);
#9972 = CARTESIAN_POINT('',(-4.1,-5.35,0.2));
#9973 = VECTOR('',#9974,1.);
#9974 = DIRECTION('',(-1.,0.,0.));
#9975 = ORIENTED_EDGE('',*,*,#9976,.T.);
#9976 = EDGE_CURVE('',#9969,#9977,#9979,.T.);
#9977 = VERTEX_POINT('',#9978);
#9978 = CARTESIAN_POINT('',(5.4,-5.45,0.2));
#9979 = CIRCLE('',#9980,0.1);
#9980 = AXIS2_PLACEMENT_3D('',#9981,#9982,#9983);
#9981 = CARTESIAN_POINT('',(5.3,-5.45,0.2));
#9982 = DIRECTION('',(0.,0.,-1.));
#9983 = DIRECTION('',(-1.,0.,0.));
#9984 = ORIENTED_EDGE('',*,*,#9985,.F.);
#9985 = EDGE_CURVE('',#9986,#9977,#9988,.T.);
#9986 = VERTEX_POINT('',#9987);
#9987 = CARTESIAN_POINT('',(5.5,-5.55,0.2));
#9988 = CIRCLE('',#9989,0.1);
#9989 = AXIS2_PLACEMENT_3D('',#9990,#9991,#9992);
#9990 = CARTESIAN_POINT('',(5.5,-5.45,0.2));
#9991 = DIRECTION('',(0.,0.,-1.));
#9992 = DIRECTION('',(-1.,0.,0.));
#9993 = ORIENTED_EDGE('',*,*,#9994,.F.);
#9994 = EDGE_CURVE('',#9995,#9986,#9997,.T.);
#9995 = VERTEX_POINT('',#9996);
#9996 = CARTESIAN_POINT('',(6.59,-5.55,0.2));
#9997 = LINE('',#9998,#9999);
#9998 = CARTESIAN_POINT('',(6.6,-5.55,0.2));
#9999 = VECTOR('',#10000,1.);
#10000 = DIRECTION('',(-1.,0.,0.));
#10001 = ORIENTED_EDGE('',*,*,#10002,.T.);
#10002 = EDGE_CURVE('',#9995,#10003,#10005,.T.);
#10003 = VERTEX_POINT('',#10004);
#10004 = CARTESIAN_POINT('',(6.59,5.55,0.2));
#10005 = LINE('',#10006,#10007);
#10006 = CARTESIAN_POINT('',(6.59,-5.55,0.2));
#10007 = VECTOR('',#10008,1.);
#10008 = DIRECTION('',(0.,1.,0.));
#10009 = ORIENTED_EDGE('',*,*,#10010,.F.);
#10010 = EDGE_CURVE('',#10011,#10003,#10013,.T.);
#10011 = VERTEX_POINT('',#10012);
#10012 = CARTESIAN_POINT('',(5.9,5.55,0.2));
#10013 = LINE('',#10014,#10015);
#10014 = CARTESIAN_POINT('',(5.6,5.55,0.2));
#10015 = VECTOR('',#10016,1.);
#10016 = DIRECTION('',(1.,8.673617379884E-16,0.));
#10017 = ORIENTED_EDGE('',*,*,#10018,.F.);
#10018 = EDGE_CURVE('',#10019,#10011,#10021,.T.);
#10019 = VERTEX_POINT('',#10020);
#10020 = CARTESIAN_POINT('',(5.6,5.25,0.2));
#10021 = CIRCLE('',#10022,0.3);
#10022 = AXIS2_PLACEMENT_3D('',#10023,#10024,#10025);
#10023 = CARTESIAN_POINT('',(5.9,5.25,0.2));
#10024 = DIRECTION('',(0.,0.,-1.));
#10025 = DIRECTION('',(-1.,0.,0.));
#10026 = ORIENTED_EDGE('',*,*,#10027,.F.);
#10027 = EDGE_CURVE('',#10028,#10019,#10030,.T.);
#10028 = VERTEX_POINT('',#10029);
#10029 = CARTESIAN_POINT('',(5.6,4.85,0.2));
#10030 = LINE('',#10031,#10032);
#10031 = CARTESIAN_POINT('',(5.6,5.55,0.2));
#10032 = VECTOR('',#10033,1.);
#10033 = DIRECTION('',(5.10212787052E-16,1.,0.));
#10034 = ORIENTED_EDGE('',*,*,#10035,.T.);
#10035 = EDGE_CURVE('',#10028,#10036,#10038,.T.);
#10036 = VERTEX_POINT('',#10037);
#10037 = CARTESIAN_POINT('',(4.6,3.85,0.2));
#10038 = CIRCLE('',#10039,1.);
#10039 = AXIS2_PLACEMENT_3D('',#10040,#10041,#10042);
#10040 = CARTESIAN_POINT('',(4.6,4.85,0.2));
#10041 = DIRECTION('',(0.,0.,-1.));
#10042 = DIRECTION('',(-1.,0.,0.));
#10043 = ORIENTED_EDGE('',*,*,#10044,.F.);
#10044 = EDGE_CURVE('',#10045,#10036,#10047,.T.);
#10045 = VERTEX_POINT('',#10046);
#10046 = CARTESIAN_POINT('',(-4.6,3.85,0.2));
#10047 = LINE('',#10048,#10049);
#10048 = CARTESIAN_POINT('',(5.6,3.85,0.2));
#10049 = VECTOR('',#10050,1.);
#10050 = DIRECTION('',(1.,0.,0.));
#10051 = ORIENTED_EDGE('',*,*,#10052,.T.);
#10052 = EDGE_CURVE('',#10045,#10053,#10055,.T.);
#10053 = VERTEX_POINT('',#10054);
#10054 = CARTESIAN_POINT('',(-5.6,4.85,0.2));
#10055 = CIRCLE('',#10056,1.);
#10056 = AXIS2_PLACEMENT_3D('',#10057,#10058,#10059);
#10057 = CARTESIAN_POINT('',(-4.6,4.85,0.2));
#10058 = DIRECTION('',(0.,0.,-1.));
#10059 = DIRECTION('',(-1.,0.,0.));
#10060 = ORIENTED_EDGE('',*,*,#10061,.F.);
#10061 = EDGE_CURVE('',#10062,#10053,#10064,.T.);
#10062 = VERTEX_POINT('',#10063);
#10063 = CARTESIAN_POINT('',(-5.6,5.25,0.2));
#10064 = LINE('',#10065,#10066);
#10065 = CARTESIAN_POINT('',(-5.6,3.85,0.2));
#10066 = VECTOR('',#10067,1.);
#10067 = DIRECTION('',(0.,-1.,0.));
#10068 = ORIENTED_EDGE('',*,*,#10069,.F.);
#10069 = EDGE_CURVE('',#10070,#10062,#10072,.T.);
#10070 = VERTEX_POINT('',#10071);
#10071 = CARTESIAN_POINT('',(-5.9,5.55,0.2));
#10072 = CIRCLE('',#10073,0.3);
#10073 = AXIS2_PLACEMENT_3D('',#10074,#10075,#10076);
#10074 = CARTESIAN_POINT('',(-5.9,5.25,0.2));
#10075 = DIRECTION('',(0.,0.,-1.));
#10076 = DIRECTION('',(-1.,0.,0.));
#10077 = ORIENTED_EDGE('',*,*,#10078,.F.);
#10078 = EDGE_CURVE('',#10079,#10070,#10081,.T.);
#10079 = VERTEX_POINT('',#10080);
#10080 = CARTESIAN_POINT('',(-6.59,5.55,0.2));
#10081 = LINE('',#10082,#10083);
#10082 = CARTESIAN_POINT('',(-6.6,5.55,0.2));
#10083 = VECTOR('',#10084,1.);
#10084 = DIRECTION('',(1.,-8.673617379884E-16,0.));
#10085 = ORIENTED_EDGE('',*,*,#10086,.T.);
#10086 = EDGE_CURVE('',#10079,#10087,#10089,.T.);
#10087 = VERTEX_POINT('',#10088);
#10088 = CARTESIAN_POINT('',(-6.59,-1.95,0.2));
#10089 = LINE('',#10090,#10091);
#10090 = CARTESIAN_POINT('',(-6.59,5.55,0.2));
#10091 = VECTOR('',#10092,1.);
#10092 = DIRECTION('',(0.,-1.,0.));
#10093 = ORIENTED_EDGE('',*,*,#10094,.F.);
#10094 = EDGE_CURVE('',#10095,#10087,#10097,.T.);
#10095 = VERTEX_POINT('',#10096);
#10096 = CARTESIAN_POINT('',(-6.295,-1.95,0.2));
#10097 = LINE('',#10098,#10099);
#10098 = CARTESIAN_POINT('',(-5.2,-1.95,0.2));
#10099 = VECTOR('',#10100,1.);
#10100 = DIRECTION('',(-1.,0.,0.));
#10101 = ORIENTED_EDGE('',*,*,#10102,.T.);
#10102 = EDGE_CURVE('',#10095,#10103,#10105,.T.);
#10103 = VERTEX_POINT('',#10104);
#10104 = CARTESIAN_POINT('',(-6.195,-2.05,0.2));
#10105 = CIRCLE('',#10106,0.1);
#10106 = AXIS2_PLACEMENT_3D('',#10107,#10108,#10109);
#10107 = CARTESIAN_POINT('',(-6.295,-2.05,0.2));
#10108 = DIRECTION('',(0.,0.,-1.));
#10109 = DIRECTION('',(-1.,0.,0.));
#10110 = ORIENTED_EDGE('',*,*,#10111,.T.);
#10111 = EDGE_CURVE('',#10103,#10112,#10114,.T.);
#10112 = VERTEX_POINT('',#10113);
#10113 = CARTESIAN_POINT('',(-6.195,-2.63386926929,0.2));
#10114 = LINE('',#10115,#10116);
#10115 = CARTESIAN_POINT('',(-6.195,-1.95,0.2));
#10116 = VECTOR('',#10117,1.);
#10117 = DIRECTION('',(0.,-1.,-5.132570201424E-18));
#10118 = ORIENTED_EDGE('',*,*,#10119,.F.);
#10119 = EDGE_CURVE('',#10120,#10112,#10122,.T.);
#10120 = VERTEX_POINT('',#10121);
#10121 = CARTESIAN_POINT('',(-5.595,-2.63386926929,0.2));
#10122 = LINE('',#10123,#10124);
#10123 = CARTESIAN_POINT('',(-5.595,-2.63386926929,0.2));
#10124 = VECTOR('',#10125,1.);
#10125 = DIRECTION('',(-1.,0.,0.));
#10126 = ORIENTED_EDGE('',*,*,#10127,.F.);
#10127 = EDGE_CURVE('',#10128,#10120,#10130,.T.);
#10128 = VERTEX_POINT('',#10129);
#10129 = CARTESIAN_POINT('',(-5.595,-2.05,0.2));
#10130 = LINE('',#10131,#10132);
#10131 = CARTESIAN_POINT('',(-5.595,-1.95,0.2));
#10132 = VECTOR('',#10133,1.);
#10133 = DIRECTION('',(0.,-1.,-5.132570201424E-18));
#10134 = ORIENTED_EDGE('',*,*,#10135,.T.);
#10135 = EDGE_CURVE('',#10128,#10136,#10138,.T.);
#10136 = VERTEX_POINT('',#10137);
#10137 = CARTESIAN_POINT('',(-5.495,-1.95,0.2));
#10138 = CIRCLE('',#10139,0.1);
#10139 = AXIS2_PLACEMENT_3D('',#10140,#10141,#10142);
#10140 = CARTESIAN_POINT('',(-5.495,-2.05,0.2));
#10141 = DIRECTION('',(0.,0.,-1.));
#10142 = DIRECTION('',(-1.,0.,0.));
#10143 = ORIENTED_EDGE('',*,*,#10144,.F.);
#10144 = EDGE_CURVE('',#9919,#10136,#10145,.T.);
#10145 = LINE('',#10146,#10147);
#10146 = CARTESIAN_POINT('',(-5.2,-1.95,0.2));
#10147 = VECTOR('',#10148,1.);
#10148 = DIRECTION('',(-1.,0.,0.));
#10149 = PLANE('',#10150);
#10150 = AXIS2_PLACEMENT_3D('',#10151,#10152,#10153);
#10151 = CARTESIAN_POINT('',(0.,0.,0.2));
#10152 = DIRECTION('',(0.,0.,-1.));
#10153 = DIRECTION('',(-1.,0.,0.));
#10154 = ADVANCED_FACE('',(#10155,#10391,#10461,#10495),#10529,.T.);
#10155 = FACE_BOUND('',#10156,.T.);
#10156 = EDGE_LOOP('',(#10157,#10167,#10175,#10183,#10192,#10200,#10208,
    #10216,#10225,#10233,#10241,#10249,#10258,#10266,#10275,#10283,
    #10292,#10300,#10309,#10317,#10325,#10333,#10342,#10351,#10359,
    #10368,#10377,#10385));
#10157 = ORIENTED_EDGE('',*,*,#10158,.F.);
#10158 = EDGE_CURVE('',#10159,#10161,#10163,.T.);
#10159 = VERTEX_POINT('',#10160);
#10160 = CARTESIAN_POINT('',(-5.2,-4.8525,0.));
#10161 = VERTEX_POINT('',#10162);
#10162 = CARTESIAN_POINT('',(-6.59,-4.8525,0.));
#10163 = LINE('',#10164,#10165);
#10164 = CARTESIAN_POINT('',(0.,-4.8525,0.));
#10165 = VECTOR('',#10166,1.);
#10166 = DIRECTION('',(-1.,0.,0.));
#10167 = ORIENTED_EDGE('',*,*,#10168,.F.);
#10168 = EDGE_CURVE('',#10169,#10159,#10171,.T.);
#10169 = VERTEX_POINT('',#10170);
#10170 = CARTESIAN_POINT('',(-5.2,-1.95,0.));
#10171 = LINE('',#10172,#10173);
#10172 = CARTESIAN_POINT('',(-5.2,0.,0.));
#10173 = VECTOR('',#10174,1.);
#10174 = DIRECTION('',(0.,-1.,0.));
#10175 = ORIENTED_EDGE('',*,*,#10176,.F.);
#10176 = EDGE_CURVE('',#10177,#10169,#10179,.T.);
#10177 = VERTEX_POINT('',#10178);
#10178 = CARTESIAN_POINT('',(-5.495,-1.95,0.));
#10179 = LINE('',#10180,#10181);
#10180 = CARTESIAN_POINT('',(0.,-1.95,0.));
#10181 = VECTOR('',#10182,1.);
#10182 = DIRECTION('',(1.,0.,0.));
#10183 = ORIENTED_EDGE('',*,*,#10184,.F.);
#10184 = EDGE_CURVE('',#10185,#10177,#10187,.T.);
#10185 = VERTEX_POINT('',#10186);
#10186 = CARTESIAN_POINT('',(-5.595,-2.05,2.6591797292E-17));
#10187 = CIRCLE('',#10188,0.1);
#10188 = AXIS2_PLACEMENT_3D('',#10189,#10190,#10191);
#10189 = CARTESIAN_POINT('',(-5.495,-2.05,0.));
#10190 = DIRECTION('',(0.,0.,-1.));
#10191 = DIRECTION('',(-1.,0.,0.));
#10192 = ORIENTED_EDGE('',*,*,#10193,.F.);
#10193 = EDGE_CURVE('',#10194,#10185,#10196,.T.);
#10194 = VERTEX_POINT('',#10195);
#10195 = CARTESIAN_POINT('',(-5.595,-2.63386926929,-2.168404344971E-16)
  );
#10196 = LINE('',#10197,#10198);
#10197 = CARTESIAN_POINT('',(-5.595,-1.95,2.710505431214E-17));
#10198 = VECTOR('',#10199,1.);
#10199 = DIRECTION('',(0.,1.,5.132570201424E-18));
#10200 = ORIENTED_EDGE('',*,*,#10201,.F.);
#10201 = EDGE_CURVE('',#10202,#10194,#10204,.T.);
#10202 = VERTEX_POINT('',#10203);
#10203 = CARTESIAN_POINT('',(-6.195,-2.63386926929,2.359504727891E-17));
#10204 = LINE('',#10205,#10206);
#10205 = CARTESIAN_POINT('',(-5.595,-2.63386926929,2.359504727891E-17));
#10206 = VECTOR('',#10207,1.);
#10207 = DIRECTION('',(1.,0.,0.));
#10208 = ORIENTED_EDGE('',*,*,#10209,.T.);
#10209 = EDGE_CURVE('',#10202,#10210,#10212,.T.);
#10210 = VERTEX_POINT('',#10211);
#10211 = CARTESIAN_POINT('',(-6.195,-2.05,2.6591797292E-17));
#10212 = LINE('',#10213,#10214);
#10213 = CARTESIAN_POINT('',(-6.195,-1.95,2.710505431214E-17));
#10214 = VECTOR('',#10215,1.);
#10215 = DIRECTION('',(0.,1.,5.132570201424E-18));
#10216 = ORIENTED_EDGE('',*,*,#10217,.F.);
#10217 = EDGE_CURVE('',#10218,#10210,#10220,.T.);
#10218 = VERTEX_POINT('',#10219);
#10219 = CARTESIAN_POINT('',(-6.295,-1.95,0.));
#10220 = CIRCLE('',#10221,0.1);
#10221 = AXIS2_PLACEMENT_3D('',#10222,#10223,#10224);
#10222 = CARTESIAN_POINT('',(-6.295,-2.05,0.));
#10223 = DIRECTION('',(0.,0.,-1.));
#10224 = DIRECTION('',(-1.,0.,0.));
#10225 = ORIENTED_EDGE('',*,*,#10226,.F.);
#10226 = EDGE_CURVE('',#10227,#10218,#10229,.T.);
#10227 = VERTEX_POINT('',#10228);
#10228 = CARTESIAN_POINT('',(-6.59,-1.95,0.));
#10229 = LINE('',#10230,#10231);
#10230 = CARTESIAN_POINT('',(0.,-1.95,0.));
#10231 = VECTOR('',#10232,1.);
#10232 = DIRECTION('',(1.,0.,0.));
#10233 = ORIENTED_EDGE('',*,*,#10234,.F.);
#10234 = EDGE_CURVE('',#10235,#10227,#10237,.T.);
#10235 = VERTEX_POINT('',#10236);
#10236 = CARTESIAN_POINT('',(-6.59,5.55,0.));
#10237 = LINE('',#10238,#10239);
#10238 = CARTESIAN_POINT('',(-6.59,5.55,0.));
#10239 = VECTOR('',#10240,1.);
#10240 = DIRECTION('',(0.,-1.,0.));
#10241 = ORIENTED_EDGE('',*,*,#10242,.T.);
#10242 = EDGE_CURVE('',#10235,#10243,#10245,.T.);
#10243 = VERTEX_POINT('',#10244);
#10244 = CARTESIAN_POINT('',(-5.9,5.55,0.));
#10245 = LINE('',#10246,#10247);
#10246 = CARTESIAN_POINT('',(-6.6,5.55,0.));
#10247 = VECTOR('',#10248,1.);
#10248 = DIRECTION('',(1.,-8.673617379884E-16,0.));
#10249 = ORIENTED_EDGE('',*,*,#10250,.T.);
#10250 = EDGE_CURVE('',#10243,#10251,#10253,.T.);
#10251 = VERTEX_POINT('',#10252);
#10252 = CARTESIAN_POINT('',(-5.6,5.25,0.));
#10253 = CIRCLE('',#10254,0.3);
#10254 = AXIS2_PLACEMENT_3D('',#10255,#10256,#10257);
#10255 = CARTESIAN_POINT('',(-5.9,5.25,0.));
#10256 = DIRECTION('',(0.,0.,-1.));
#10257 = DIRECTION('',(-1.,0.,0.));
#10258 = ORIENTED_EDGE('',*,*,#10259,.T.);
#10259 = EDGE_CURVE('',#10251,#10260,#10262,.T.);
#10260 = VERTEX_POINT('',#10261);
#10261 = CARTESIAN_POINT('',(-5.6,4.85,0.));
#10262 = LINE('',#10263,#10264);
#10263 = CARTESIAN_POINT('',(-5.6,3.85,0.));
#10264 = VECTOR('',#10265,1.);
#10265 = DIRECTION('',(0.,-1.,0.));
#10266 = ORIENTED_EDGE('',*,*,#10267,.F.);
#10267 = EDGE_CURVE('',#10268,#10260,#10270,.T.);
#10268 = VERTEX_POINT('',#10269);
#10269 = CARTESIAN_POINT('',(-4.6,3.85,0.));
#10270 = CIRCLE('',#10271,1.);
#10271 = AXIS2_PLACEMENT_3D('',#10272,#10273,#10274);
#10272 = CARTESIAN_POINT('',(-4.6,4.85,0.));
#10273 = DIRECTION('',(0.,0.,-1.));
#10274 = DIRECTION('',(-1.,0.,0.));
#10275 = ORIENTED_EDGE('',*,*,#10276,.T.);
#10276 = EDGE_CURVE('',#10268,#10277,#10279,.T.);
#10277 = VERTEX_POINT('',#10278);
#10278 = CARTESIAN_POINT('',(4.6,3.85,0.));
#10279 = LINE('',#10280,#10281);
#10280 = CARTESIAN_POINT('',(5.6,3.85,0.));
#10281 = VECTOR('',#10282,1.);
#10282 = DIRECTION('',(1.,0.,0.));
#10283 = ORIENTED_EDGE('',*,*,#10284,.F.);
#10284 = EDGE_CURVE('',#10285,#10277,#10287,.T.);
#10285 = VERTEX_POINT('',#10286);
#10286 = CARTESIAN_POINT('',(5.6,4.85,0.));
#10287 = CIRCLE('',#10288,1.);
#10288 = AXIS2_PLACEMENT_3D('',#10289,#10290,#10291);
#10289 = CARTESIAN_POINT('',(4.6,4.85,0.));
#10290 = DIRECTION('',(0.,0.,-1.));
#10291 = DIRECTION('',(-1.,0.,0.));
#10292 = ORIENTED_EDGE('',*,*,#10293,.T.);
#10293 = EDGE_CURVE('',#10285,#10294,#10296,.T.);
#10294 = VERTEX_POINT('',#10295);
#10295 = CARTESIAN_POINT('',(5.6,5.25,0.));
#10296 = LINE('',#10297,#10298);
#10297 = CARTESIAN_POINT('',(5.6,5.55,0.));
#10298 = VECTOR('',#10299,1.);
#10299 = DIRECTION('',(5.10212787052E-16,1.,0.));
#10300 = ORIENTED_EDGE('',*,*,#10301,.T.);
#10301 = EDGE_CURVE('',#10294,#10302,#10304,.T.);
#10302 = VERTEX_POINT('',#10303);
#10303 = CARTESIAN_POINT('',(5.9,5.55,0.));
#10304 = CIRCLE('',#10305,0.3);
#10305 = AXIS2_PLACEMENT_3D('',#10306,#10307,#10308);
#10306 = CARTESIAN_POINT('',(5.9,5.25,0.));
#10307 = DIRECTION('',(0.,0.,-1.));
#10308 = DIRECTION('',(-1.,0.,0.));
#10309 = ORIENTED_EDGE('',*,*,#10310,.T.);
#10310 = EDGE_CURVE('',#10302,#10311,#10313,.T.);
#10311 = VERTEX_POINT('',#10312);
#10312 = CARTESIAN_POINT('',(6.59,5.55,0.));
#10313 = LINE('',#10314,#10315);
#10314 = CARTESIAN_POINT('',(5.6,5.55,0.));
#10315 = VECTOR('',#10316,1.);
#10316 = DIRECTION('',(1.,8.673617379884E-16,0.));
#10317 = ORIENTED_EDGE('',*,*,#10318,.F.);
#10318 = EDGE_CURVE('',#10319,#10311,#10321,.T.);
#10319 = VERTEX_POINT('',#10320);
#10320 = CARTESIAN_POINT('',(6.59,-5.55,0.));
#10321 = LINE('',#10322,#10323);
#10322 = CARTESIAN_POINT('',(6.59,-5.55,0.));
#10323 = VECTOR('',#10324,1.);
#10324 = DIRECTION('',(0.,1.,0.));
#10325 = ORIENTED_EDGE('',*,*,#10326,.T.);
#10326 = EDGE_CURVE('',#10319,#10327,#10329,.T.);
#10327 = VERTEX_POINT('',#10328);
#10328 = CARTESIAN_POINT('',(5.5,-5.55,0.));
#10329 = LINE('',#10330,#10331);
#10330 = CARTESIAN_POINT('',(6.6,-5.55,0.));
#10331 = VECTOR('',#10332,1.);
#10332 = DIRECTION('',(-1.,0.,0.));
#10333 = ORIENTED_EDGE('',*,*,#10334,.T.);
#10334 = EDGE_CURVE('',#10327,#10335,#10337,.T.);
#10335 = VERTEX_POINT('',#10336);
#10336 = CARTESIAN_POINT('',(5.4,-5.45,0.));
#10337 = CIRCLE('',#10338,0.1);
#10338 = AXIS2_PLACEMENT_3D('',#10339,#10340,#10341);
#10339 = CARTESIAN_POINT('',(5.5,-5.45,0.));
#10340 = DIRECTION('',(0.,0.,-1.));
#10341 = DIRECTION('',(-1.,0.,0.));
#10342 = ORIENTED_EDGE('',*,*,#10343,.F.);
#10343 = EDGE_CURVE('',#10344,#10335,#10346,.T.);
#10344 = VERTEX_POINT('',#10345);
#10345 = CARTESIAN_POINT('',(5.3,-5.35,0.));
#10346 = CIRCLE('',#10347,0.1);
#10347 = AXIS2_PLACEMENT_3D('',#10348,#10349,#10350);
#10348 = CARTESIAN_POINT('',(5.3,-5.45,0.));
#10349 = DIRECTION('',(0.,0.,-1.));
#10350 = DIRECTION('',(-1.,0.,0.));
#10351 = ORIENTED_EDGE('',*,*,#10352,.T.);
#10352 = EDGE_CURVE('',#10344,#10353,#10355,.T.);
#10353 = VERTEX_POINT('',#10354);
#10354 = CARTESIAN_POINT('',(-4.,-5.35,0.));
#10355 = LINE('',#10356,#10357);
#10356 = CARTESIAN_POINT('',(-4.1,-5.35,0.));
#10357 = VECTOR('',#10358,1.);
#10358 = DIRECTION('',(-1.,0.,0.));
#10359 = ORIENTED_EDGE('',*,*,#10360,.F.);
#10360 = EDGE_CURVE('',#10361,#10353,#10363,.T.);
#10361 = VERTEX_POINT('',#10362);
#10362 = CARTESIAN_POINT('',(-4.1,-5.45,0.));
#10363 = CIRCLE('',#10364,0.1);
#10364 = AXIS2_PLACEMENT_3D('',#10365,#10366,#10367);
#10365 = CARTESIAN_POINT('',(-4.,-5.45,0.));
#10366 = DIRECTION('',(0.,0.,-1.));
#10367 = DIRECTION('',(-1.,0.,0.));
#10368 = ORIENTED_EDGE('',*,*,#10369,.T.);
#10369 = EDGE_CURVE('',#10361,#10370,#10372,.T.);
#10370 = VERTEX_POINT('',#10371);
#10371 = CARTESIAN_POINT('',(-4.2,-5.55,0.));
#10372 = CIRCLE('',#10373,0.1);
#10373 = AXIS2_PLACEMENT_3D('',#10374,#10375,#10376);
#10374 = CARTESIAN_POINT('',(-4.2,-5.45,0.));
#10375 = DIRECTION('',(0.,0.,-1.));
#10376 = DIRECTION('',(-1.,0.,0.));
#10377 = ORIENTED_EDGE('',*,*,#10378,.T.);
#10378 = EDGE_CURVE('',#10370,#10379,#10381,.T.);
#10379 = VERTEX_POINT('',#10380);
#10380 = CARTESIAN_POINT('',(-6.59,-5.55,0.));
#10381 = LINE('',#10382,#10383);
#10382 = CARTESIAN_POINT('',(-4.1,-5.55,0.));
#10383 = VECTOR('',#10384,1.);
#10384 = DIRECTION('',(-1.,0.,0.));
#10385 = ORIENTED_EDGE('',*,*,#10386,.F.);
#10386 = EDGE_CURVE('',#10161,#10379,#10387,.T.);
#10387 = LINE('',#10388,#10389);
#10388 = CARTESIAN_POINT('',(-6.59,5.55,0.));
#10389 = VECTOR('',#10390,1.);
#10390 = DIRECTION('',(0.,-1.,0.));
#10391 = FACE_BOUND('',#10392,.T.);
#10392 = EDGE_LOOP('',(#10393,#10403,#10412,#10420,#10429,#10437,#10446,
    #10454));
#10393 = ORIENTED_EDGE('',*,*,#10394,.T.);
#10394 = EDGE_CURVE('',#10395,#10397,#10399,.T.);
#10395 = VERTEX_POINT('',#10396);
#10396 = CARTESIAN_POINT('',(4.6,0.15,0.));
#10397 = VERTEX_POINT('',#10398);
#10398 = CARTESIAN_POINT('',(4.6,0.95,0.));
#10399 = LINE('',#10400,#10401);
#10400 = CARTESIAN_POINT('',(4.6,0.,0.));
#10401 = VECTOR('',#10402,1.);
#10402 = DIRECTION('',(0.,1.,0.));
#10403 = ORIENTED_EDGE('',*,*,#10404,.F.);
#10404 = EDGE_CURVE('',#10405,#10397,#10407,.T.);
#10405 = VERTEX_POINT('',#10406);
#10406 = CARTESIAN_POINT('',(3.9,1.65,0.));
#10407 = CIRCLE('',#10408,0.7);
#10408 = AXIS2_PLACEMENT_3D('',#10409,#10410,#10411);
#10409 = CARTESIAN_POINT('',(3.9,0.95,0.));
#10410 = DIRECTION('',(0.,0.,-1.));
#10411 = DIRECTION('',(-1.,0.,0.));
#10412 = ORIENTED_EDGE('',*,*,#10413,.T.);
#10413 = EDGE_CURVE('',#10405,#10414,#10416,.T.);
#10414 = VERTEX_POINT('',#10415);
#10415 = CARTESIAN_POINT('',(-3.9,1.65,0.));
#10416 = LINE('',#10417,#10418);
#10417 = CARTESIAN_POINT('',(0.,1.65,0.));
#10418 = VECTOR('',#10419,1.);
#10419 = DIRECTION('',(-1.,0.,0.));
#10420 = ORIENTED_EDGE('',*,*,#10421,.F.);
#10421 = EDGE_CURVE('',#10422,#10414,#10424,.T.);
#10422 = VERTEX_POINT('',#10423);
#10423 = CARTESIAN_POINT('',(-4.6,0.95,0.));
#10424 = CIRCLE('',#10425,0.7);
#10425 = AXIS2_PLACEMENT_3D('',#10426,#10427,#10428);
#10426 = CARTESIAN_POINT('',(-3.9,0.95,0.));
#10427 = DIRECTION('',(0.,0.,-1.));
#10428 = DIRECTION('',(-1.,0.,0.));
#10429 = ORIENTED_EDGE('',*,*,#10430,.T.);
#10430 = EDGE_CURVE('',#10422,#10431,#10433,.T.);
#10431 = VERTEX_POINT('',#10432);
#10432 = CARTESIAN_POINT('',(-4.6,0.15,0.));
#10433 = LINE('',#10434,#10435);
#10434 = CARTESIAN_POINT('',(-4.6,0.,0.));
#10435 = VECTOR('',#10436,1.);
#10436 = DIRECTION('',(0.,-1.,0.));
#10437 = ORIENTED_EDGE('',*,*,#10438,.F.);
#10438 = EDGE_CURVE('',#10439,#10431,#10441,.T.);
#10439 = VERTEX_POINT('',#10440);
#10440 = CARTESIAN_POINT('',(-3.9,-0.55,0.));
#10441 = CIRCLE('',#10442,0.7);
#10442 = AXIS2_PLACEMENT_3D('',#10443,#10444,#10445);
#10443 = CARTESIAN_POINT('',(-3.9,0.15,0.));
#10444 = DIRECTION('',(0.,0.,-1.));
#10445 = DIRECTION('',(-1.,0.,0.));
#10446 = ORIENTED_EDGE('',*,*,#10447,.T.);
#10447 = EDGE_CURVE('',#10439,#10448,#10450,.T.);
#10448 = VERTEX_POINT('',#10449);
#10449 = CARTESIAN_POINT('',(3.9,-0.55,0.));
#10450 = LINE('',#10451,#10452);
#10451 = CARTESIAN_POINT('',(0.,-0.55,0.));
#10452 = VECTOR('',#10453,1.);
#10453 = DIRECTION('',(1.,0.,0.));
#10454 = ORIENTED_EDGE('',*,*,#10455,.F.);
#10455 = EDGE_CURVE('',#10395,#10448,#10456,.T.);
#10456 = CIRCLE('',#10457,0.7);
#10457 = AXIS2_PLACEMENT_3D('',#10458,#10459,#10460);
#10458 = CARTESIAN_POINT('',(3.9,0.15,0.));
#10459 = DIRECTION('',(0.,0.,-1.));
#10460 = DIRECTION('',(-1.,0.,0.));
#10461 = FACE_BOUND('',#10462,.T.);
#10462 = EDGE_LOOP('',(#10463,#10473,#10481,#10489));
#10463 = ORIENTED_EDGE('',*,*,#10464,.F.);
#10464 = EDGE_CURVE('',#10465,#10467,#10469,.T.);
#10465 = VERTEX_POINT('',#10466);
#10466 = CARTESIAN_POINT('',(-3.887177978871,2.662822021129,0.));
#10467 = VERTEX_POINT('',#10468);
#10468 = CARTESIAN_POINT('',(-3.887177978871,3.087177978871,0.));
#10469 = LINE('',#10470,#10471);
#10470 = CARTESIAN_POINT('',(-3.887177978871,2.75,0.));
#10471 = VECTOR('',#10472,1.);
#10472 = DIRECTION('',(0.,1.,0.));
#10473 = ORIENTED_EDGE('',*,*,#10474,.F.);
#10474 = EDGE_CURVE('',#10475,#10465,#10477,.T.);
#10475 = VERTEX_POINT('',#10476);
#10476 = CARTESIAN_POINT('',(3.887177978871,2.662822021129,0.));
#10477 = LINE('',#10478,#10479);
#10478 = CARTESIAN_POINT('',(3.8,2.662822021129,0.));
#10479 = VECTOR('',#10480,1.);
#10480 = DIRECTION('',(-1.,1.084202172485E-16,0.));
#10481 = ORIENTED_EDGE('',*,*,#10482,.F.);
#10482 = EDGE_CURVE('',#10483,#10475,#10485,.T.);
#10483 = VERTEX_POINT('',#10484);
#10484 = CARTESIAN_POINT('',(3.887177978871,3.087177978871,0.));
#10485 = LINE('',#10486,#10487);
#10486 = CARTESIAN_POINT('',(3.887177978871,3.,0.));
#10487 = VECTOR('',#10488,1.);
#10488 = DIRECTION('',(0.,-1.,0.));
#10489 = ORIENTED_EDGE('',*,*,#10490,.F.);
#10490 = EDGE_CURVE('',#10467,#10483,#10491,.T.);
#10491 = LINE('',#10492,#10493);
#10492 = CARTESIAN_POINT('',(-3.8,3.087177978871,0.));
#10493 = VECTOR('',#10494,1.);
#10494 = DIRECTION('',(1.,-1.084202172485E-16,0.));
#10495 = FACE_BOUND('',#10496,.T.);
#10496 = EDGE_LOOP('',(#10497,#10507,#10515,#10523));
#10497 = ORIENTED_EDGE('',*,*,#10498,.T.);
#10498 = EDGE_CURVE('',#10499,#10501,#10503,.T.);
#10499 = VERTEX_POINT('',#10500);
#10500 = CARTESIAN_POINT('',(2.7,-4.05,0.));
#10501 = VERTEX_POINT('',#10502);
#10502 = CARTESIAN_POINT('',(-2.7,-4.05,0.));
#10503 = LINE('',#10504,#10505);
#10504 = CARTESIAN_POINT('',(0.,-4.05,0.));
#10505 = VECTOR('',#10506,1.);
#10506 = DIRECTION('',(-1.,0.,0.));
#10507 = ORIENTED_EDGE('',*,*,#10508,.T.);
#10508 = EDGE_CURVE('',#10501,#10509,#10511,.T.);
#10509 = VERTEX_POINT('',#10510);
#10510 = CARTESIAN_POINT('',(-2.7,-4.65,0.));
#10511 = LINE('',#10512,#10513);
#10512 = CARTESIAN_POINT('',(-2.7,0.,0.));
#10513 = VECTOR('',#10514,1.);
#10514 = DIRECTION('',(0.,-1.,0.));
#10515 = ORIENTED_EDGE('',*,*,#10516,.T.);
#10516 = EDGE_CURVE('',#10509,#10517,#10519,.T.);
#10517 = VERTEX_POINT('',#10518);
#10518 = CARTESIAN_POINT('',(2.7,-4.65,0.));
#10519 = LINE('',#10520,#10521);
#10520 = CARTESIAN_POINT('',(0.,-4.65,0.));
#10521 = VECTOR('',#10522,1.);
#10522 = DIRECTION('',(1.,0.,0.));
#10523 = ORIENTED_EDGE('',*,*,#10524,.T.);
#10524 = EDGE_CURVE('',#10517,#10499,#10525,.T.);
#10525 = LINE('',#10526,#10527);
#10526 = CARTESIAN_POINT('',(2.7,0.,0.));
#10527 = VECTOR('',#10528,1.);
#10528 = DIRECTION('',(0.,1.,0.));
#10529 = PLANE('',#10530);
#10530 = AXIS2_PLACEMENT_3D('',#10531,#10532,#10533);
#10531 = CARTESIAN_POINT('',(0.,0.,0.));
#10532 = DIRECTION('',(0.,0.,-1.));
#10533 = DIRECTION('',(-1.,0.,0.));
#10534 = ADVANCED_FACE('',(#10535),#10551,.F.);
#10535 = FACE_BOUND('',#10536,.T.);
#10536 = EDGE_LOOP('',(#10537,#10538,#10544,#10545));
#10537 = ORIENTED_EDGE('',*,*,#10144,.T.);
#10538 = ORIENTED_EDGE('',*,*,#10539,.T.);
#10539 = EDGE_CURVE('',#10136,#10177,#10540,.T.);
#10540 = LINE('',#10541,#10542);
#10541 = CARTESIAN_POINT('',(-5.495,-1.95,-1.E-02));
#10542 = VECTOR('',#10543,1.);
#10543 = DIRECTION('',(0.,0.,-1.));
#10544 = ORIENTED_EDGE('',*,*,#10176,.T.);
#10545 = ORIENTED_EDGE('',*,*,#10546,.T.);
#10546 = EDGE_CURVE('',#10169,#9919,#10547,.T.);
#10547 = LINE('',#10548,#10549);
#10548 = CARTESIAN_POINT('',(-5.2,-1.95,-1.E-02));
#10549 = VECTOR('',#10550,1.);
#10550 = DIRECTION('',(0.,0.,1.));
#10551 = PLANE('',#10552);
#10552 = AXIS2_PLACEMENT_3D('',#10553,#10554,#10555);
#10553 = CARTESIAN_POINT('',(-5.2,-1.95,-1.E-02));
#10554 = DIRECTION('',(0.,1.,0.));
#10555 = DIRECTION('',(0.,-0.,1.));
#10556 = ADVANCED_FACE('',(#10557),#10584,.T.);
#10557 = FACE_BOUND('',#10558,.T.);
#10558 = EDGE_LOOP('',(#10559,#10568,#10576,#10583));
#10559 = ORIENTED_EDGE('',*,*,#10560,.T.);
#10560 = EDGE_CURVE('',#9927,#10561,#10563,.T.);
#10561 = VERTEX_POINT('',#10562);
#10562 = CARTESIAN_POINT('',(-6.8,-4.8525,-1.E-02));
#10563 = CIRCLE('',#10564,0.21);
#10564 = AXIS2_PLACEMENT_3D('',#10565,#10566,#10567);
#10565 = CARTESIAN_POINT('',(-6.59,-4.8525,-1.E-02));
#10566 = DIRECTION('',(0.,-1.,0.));
#10567 = DIRECTION('',(0.,0.,-1.));
#10568 = ORIENTED_EDGE('',*,*,#10569,.F.);
#10569 = EDGE_CURVE('',#10570,#10561,#10572,.T.);
#10570 = VERTEX_POINT('',#10571);
#10571 = CARTESIAN_POINT('',(-6.8,-5.55,-1.E-02));
#10572 = LINE('',#10573,#10574);
#10573 = CARTESIAN_POINT('',(-6.8,-5.55,-1.E-02));
#10574 = VECTOR('',#10575,1.);
#10575 = DIRECTION('',(0.,1.,2.441896784877E-18));
#10576 = ORIENTED_EDGE('',*,*,#10577,.F.);
#10577 = EDGE_CURVE('',#9935,#10570,#10578,.T.);
#10578 = CIRCLE('',#10579,0.21);
#10579 = AXIS2_PLACEMENT_3D('',#10580,#10581,#10582);
#10580 = CARTESIAN_POINT('',(-6.59,-5.55,-1.E-02));
#10581 = DIRECTION('',(0.,-1.,0.));
#10582 = DIRECTION('',(0.,0.,-1.));
#10583 = ORIENTED_EDGE('',*,*,#9934,.F.);
#10584 = CYLINDRICAL_SURFACE('',#10585,0.21);
#10585 = AXIS2_PLACEMENT_3D('',#10586,#10587,#10588);
#10586 = CARTESIAN_POINT('',(-6.59,5.55,-1.E-02));
#10587 = DIRECTION('',(0.,-1.,0.));
#10588 = DIRECTION('',(0.,0.,-1.));
#10589 = ADVANCED_FACE('',(#10590),#10617,.F.);
#10590 = FACE_BOUND('',#10591,.F.);
#10591 = EDGE_LOOP('',(#10592,#10601,#10602,#10611));
#10592 = ORIENTED_EDGE('',*,*,#10593,.F.);
#10593 = EDGE_CURVE('',#10379,#10594,#10596,.T.);
#10594 = VERTEX_POINT('',#10595);
#10595 = CARTESIAN_POINT('',(-6.6,-5.55,-1.E-02));
#10596 = CIRCLE('',#10597,1.E-02);
#10597 = AXIS2_PLACEMENT_3D('',#10598,#10599,#10600);
#10598 = CARTESIAN_POINT('',(-6.59,-5.55,-1.E-02));
#10599 = DIRECTION('',(0.,-1.,0.));
#10600 = DIRECTION('',(0.,0.,-1.));
#10601 = ORIENTED_EDGE('',*,*,#10386,.F.);
#10602 = ORIENTED_EDGE('',*,*,#10603,.T.);
#10603 = EDGE_CURVE('',#10161,#10604,#10606,.T.);
#10604 = VERTEX_POINT('',#10605);
#10605 = CARTESIAN_POINT('',(-6.6,-4.8525,-1.E-02));
#10606 = CIRCLE('',#10607,1.E-02);
#10607 = AXIS2_PLACEMENT_3D('',#10608,#10609,#10610);
#10608 = CARTESIAN_POINT('',(-6.59,-4.8525,-1.E-02));
#10609 = DIRECTION('',(0.,-1.,0.));
#10610 = DIRECTION('',(0.,0.,-1.));
#10611 = ORIENTED_EDGE('',*,*,#10612,.F.);
#10612 = EDGE_CURVE('',#10594,#10604,#10613,.T.);
#10613 = LINE('',#10614,#10615);
#10614 = CARTESIAN_POINT('',(-6.6,-5.55,-1.E-02));
#10615 = VECTOR('',#10616,1.);
#10616 = DIRECTION('',(0.,1.,2.441896784877E-18));
#10617 = CYLINDRICAL_SURFACE('',#10618,1.E-02);
#10618 = AXIS2_PLACEMENT_3D('',#10619,#10620,#10621);
#10619 = CARTESIAN_POINT('',(-6.59,5.55,-1.E-02));
#10620 = DIRECTION('',(0.,-1.,0.));
#10621 = DIRECTION('',(0.,0.,-1.));
#10622 = ADVANCED_FACE('',(#10623),#10657,.F.);
#10623 = FACE_BOUND('',#10624,.T.);
#10624 = EDGE_LOOP('',(#10625,#10635,#10643,#10651));
#10625 = ORIENTED_EDGE('',*,*,#10626,.T.);
#10626 = EDGE_CURVE('',#10627,#10629,#10631,.T.);
#10627 = VERTEX_POINT('',#10628);
#10628 = CARTESIAN_POINT('',(-6.6,-1.45,-1.29));
#10629 = VERTEX_POINT('',#10630);
#10630 = CARTESIAN_POINT('',(-6.8,-1.45,-1.29));
#10631 = LINE('',#10632,#10633);
#10632 = CARTESIAN_POINT('',(-6.8,-1.45,-1.29));
#10633 = VECTOR('',#10634,1.);
#10634 = DIRECTION('',(-1.,0.,0.));
#10635 = ORIENTED_EDGE('',*,*,#10636,.T.);
#10636 = EDGE_CURVE('',#10629,#10637,#10639,.T.);
#10637 = VERTEX_POINT('',#10638);
#10638 = CARTESIAN_POINT('',(-6.8,-1.448,-1.29));
#10639 = LINE('',#10640,#10641);
#10640 = CARTESIAN_POINT('',(-6.8,-1.448,-1.29));
#10641 = VECTOR('',#10642,1.);
#10642 = DIRECTION('',(0.,1.,0.));
#10643 = ORIENTED_EDGE('',*,*,#10644,.F.);
#10644 = EDGE_CURVE('',#10645,#10637,#10647,.T.);
#10645 = VERTEX_POINT('',#10646);
#10646 = CARTESIAN_POINT('',(-6.6,-1.448,-1.29));
#10647 = LINE('',#10648,#10649);
#10648 = CARTESIAN_POINT('',(-6.8,-1.448,-1.29));
#10649 = VECTOR('',#10650,1.);
#10650 = DIRECTION('',(-1.,0.,0.));
#10651 = ORIENTED_EDGE('',*,*,#10652,.F.);
#10652 = EDGE_CURVE('',#10627,#10645,#10653,.T.);
#10653 = LINE('',#10654,#10655);
#10654 = CARTESIAN_POINT('',(-6.6,-1.45,-1.29));
#10655 = VECTOR('',#10656,1.);
#10656 = DIRECTION('',(0.,1.,0.));
#10657 = PLANE('',#10658);
#10658 = AXIS2_PLACEMENT_3D('',#10659,#10660,#10661);
#10659 = CARTESIAN_POINT('',(-6.8,-1.448,-1.29));
#10660 = DIRECTION('',(0.,0.,1.));
#10661 = DIRECTION('',(0.,1.,0.));
#10662 = ADVANCED_FACE('',(#10663),#10697,.F.);
#10663 = FACE_BOUND('',#10664,.T.);
#10664 = EDGE_LOOP('',(#10665,#10675,#10683,#10691));
#10665 = ORIENTED_EDGE('',*,*,#10666,.F.);
#10666 = EDGE_CURVE('',#10667,#10669,#10671,.T.);
#10667 = VERTEX_POINT('',#10668);
#10668 = CARTESIAN_POINT('',(-6.6,-2.35,-1.29));
#10669 = VERTEX_POINT('',#10670);
#10670 = CARTESIAN_POINT('',(-6.8,-2.35,-1.29));
#10671 = LINE('',#10672,#10673);
#10672 = CARTESIAN_POINT('',(-6.8,-2.35,-1.29));
#10673 = VECTOR('',#10674,1.);
#10674 = DIRECTION('',(-1.,0.,0.));
#10675 = ORIENTED_EDGE('',*,*,#10676,.F.);
#10676 = EDGE_CURVE('',#10677,#10667,#10679,.T.);
#10677 = VERTEX_POINT('',#10678);
#10678 = CARTESIAN_POINT('',(-6.6,-2.352,-1.29));
#10679 = LINE('',#10680,#10681);
#10680 = CARTESIAN_POINT('',(-6.6,-1.45,-1.29));
#10681 = VECTOR('',#10682,1.);
#10682 = DIRECTION('',(0.,1.,0.));
#10683 = ORIENTED_EDGE('',*,*,#10684,.T.);
#10684 = EDGE_CURVE('',#10677,#10685,#10687,.T.);
#10685 = VERTEX_POINT('',#10686);
#10686 = CARTESIAN_POINT('',(-6.8,-2.352,-1.29));
#10687 = LINE('',#10688,#10689);
#10688 = CARTESIAN_POINT('',(-6.8,-2.352,-1.29));
#10689 = VECTOR('',#10690,1.);
#10690 = DIRECTION('',(-1.,0.,0.));
#10691 = ORIENTED_EDGE('',*,*,#10692,.T.);
#10692 = EDGE_CURVE('',#10685,#10669,#10693,.T.);
#10693 = LINE('',#10694,#10695);
#10694 = CARTESIAN_POINT('',(-6.8,-1.448,-1.29));
#10695 = VECTOR('',#10696,1.);
#10696 = DIRECTION('',(0.,1.,0.));
#10697 = PLANE('',#10698);
#10698 = AXIS2_PLACEMENT_3D('',#10699,#10700,#10701);
#10699 = CARTESIAN_POINT('',(-6.8,-1.448,-1.29));
#10700 = DIRECTION('',(0.,0.,1.));
#10701 = DIRECTION('',(0.,1.,0.));
#10702 = ADVANCED_FACE('',(#10703,#10714),#10858,.T.);
#10703 = FACE_BOUND('',#10704,.T.);
#10704 = EDGE_LOOP('',(#10705));
#10705 = ORIENTED_EDGE('',*,*,#10706,.F.);
#10706 = EDGE_CURVE('',#10707,#10707,#10709,.T.);
#10707 = VERTEX_POINT('',#10708);
#10708 = CARTESIAN_POINT('',(-6.8,-6.755,-0.305));
#10709 = CIRCLE('',#10710,0.35);
#10710 = AXIS2_PLACEMENT_3D('',#10711,#10712,#10713);
#10711 = CARTESIAN_POINT('',(-6.8,-6.755,-0.655));
#10712 = DIRECTION('',(-1.,0.,-6.123233995737E-17));
#10713 = DIRECTION('',(-6.123233995737E-17,0.,1.));
#10714 = FACE_BOUND('',#10715,.T.);
#10715 = EDGE_LOOP('',(#10716,#10717,#10725,#10733,#10741,#10749,#10757,
    #10765,#10774,#10780,#10781,#10789,#10797,#10805,#10813,#10821,
    #10829,#10837,#10845,#10851,#10852));
#10716 = ORIENTED_EDGE('',*,*,#10692,.F.);
#10717 = ORIENTED_EDGE('',*,*,#10718,.T.);
#10718 = EDGE_CURVE('',#10685,#10719,#10721,.T.);
#10719 = VERTEX_POINT('',#10720);
#10720 = CARTESIAN_POINT('',(-6.8,-2.352,-1.3));
#10721 = LINE('',#10722,#10723);
#10722 = CARTESIAN_POINT('',(-6.8,-2.352,-1.3));
#10723 = VECTOR('',#10724,1.);
#10724 = DIRECTION('',(0.,-4.336808689939E-14,-1.));
#10725 = ORIENTED_EDGE('',*,*,#10726,.T.);
#10726 = EDGE_CURVE('',#10719,#10727,#10729,.T.);
#10727 = VERTEX_POINT('',#10728);
#10728 = CARTESIAN_POINT('',(-6.8,-3.35,-1.3));
#10729 = LINE('',#10730,#10731);
#10730 = CARTESIAN_POINT('',(-6.8,5.55,-1.3));
#10731 = VECTOR('',#10732,1.);
#10732 = DIRECTION('',(0.,-1.,0.));
#10733 = ORIENTED_EDGE('',*,*,#10734,.T.);
#10734 = EDGE_CURVE('',#10727,#10735,#10737,.T.);
#10735 = VERTEX_POINT('',#10736);
#10736 = CARTESIAN_POINT('',(-6.8,-3.6,-1.05));
#10737 = LINE('',#10738,#10739);
#10738 = CARTESIAN_POINT('',(-6.8,-3.35,-1.3));
#10739 = VECTOR('',#10740,1.);
#10740 = DIRECTION('',(-4.329780281177E-17,-0.707106781187,
    0.707106781187));
#10741 = ORIENTED_EDGE('',*,*,#10742,.T.);
#10742 = EDGE_CURVE('',#10735,#10743,#10745,.T.);
#10743 = VERTEX_POINT('',#10744);
#10744 = CARTESIAN_POINT('',(-6.8,-5.1,-1.05));
#10745 = LINE('',#10746,#10747);
#10746 = CARTESIAN_POINT('',(-6.8,-3.6,-1.05));
#10747 = VECTOR('',#10748,1.);
#10748 = DIRECTION('',(0.,-1.,0.));
#10749 = ORIENTED_EDGE('',*,*,#10750,.T.);
#10750 = EDGE_CURVE('',#10743,#10751,#10753,.T.);
#10751 = VERTEX_POINT('',#10752);
#10752 = CARTESIAN_POINT('',(-6.8,-5.35,-1.3));
#10753 = LINE('',#10754,#10755);
#10754 = CARTESIAN_POINT('',(-6.8,-5.1,-1.05));
#10755 = VECTOR('',#10756,1.);
#10756 = DIRECTION('',(4.329780281177E-17,-0.707106781187,
    -0.707106781187));
#10757 = ORIENTED_EDGE('',*,*,#10758,.T.);
#10758 = EDGE_CURVE('',#10751,#10759,#10761,.T.);
#10759 = VERTEX_POINT('',#10760);
#10760 = CARTESIAN_POINT('',(-6.8,-6.755,-1.3));
#10761 = LINE('',#10762,#10763);
#10762 = CARTESIAN_POINT('',(-6.8,5.55,-1.3));
#10763 = VECTOR('',#10764,1.);
#10764 = DIRECTION('',(0.,-1.,0.));
#10765 = ORIENTED_EDGE('',*,*,#10766,.T.);
#10766 = EDGE_CURVE('',#10759,#10767,#10769,.T.);
#10767 = VERTEX_POINT('',#10768);
#10768 = CARTESIAN_POINT('',(-6.8,-6.755,-1.E-02));
#10769 = CIRCLE('',#10770,0.645);
#10770 = AXIS2_PLACEMENT_3D('',#10771,#10772,#10773);
#10771 = CARTESIAN_POINT('',(-6.8,-6.755,-0.655));
#10772 = DIRECTION('',(-1.,0.,-6.123233995737E-17));
#10773 = DIRECTION('',(0.,1.,0.));
#10774 = ORIENTED_EDGE('',*,*,#10775,.T.);
#10775 = EDGE_CURVE('',#10767,#10570,#10776,.T.);
#10776 = LINE('',#10777,#10778);
#10777 = CARTESIAN_POINT('',(-6.8,-6.755,-1.E-02));
#10778 = VECTOR('',#10779,1.);
#10779 = DIRECTION('',(2.20375887164E-32,1.,-3.599011360948E-16));
#10780 = ORIENTED_EDGE('',*,*,#10569,.T.);
#10781 = ORIENTED_EDGE('',*,*,#10782,.F.);
#10782 = EDGE_CURVE('',#10783,#10561,#10785,.T.);
#10783 = VERTEX_POINT('',#10784);
#10784 = CARTESIAN_POINT('',(-6.8,-1.95,-1.E-02));
#10785 = LINE('',#10786,#10787);
#10786 = CARTESIAN_POINT('',(-6.8,-1.95,-1.E-02));
#10787 = VECTOR('',#10788,1.);
#10788 = DIRECTION('',(0.,-1.,0.));
#10789 = ORIENTED_EDGE('',*,*,#10790,.T.);
#10790 = EDGE_CURVE('',#10783,#10791,#10793,.T.);
#10791 = VERTEX_POINT('',#10792);
#10792 = CARTESIAN_POINT('',(-6.8,5.55,-1.E-02));
#10793 = LINE('',#10794,#10795);
#10794 = CARTESIAN_POINT('',(-6.8,-5.55,-1.E-02));
#10795 = VECTOR('',#10796,1.);
#10796 = DIRECTION('',(0.,1.,2.441896784877E-18));
#10797 = ORIENTED_EDGE('',*,*,#10798,.T.);
#10798 = EDGE_CURVE('',#10791,#10799,#10801,.T.);
#10799 = VERTEX_POINT('',#10800);
#10800 = CARTESIAN_POINT('',(-6.8,5.55,-1.3));
#10801 = LINE('',#10802,#10803);
#10802 = CARTESIAN_POINT('',(-6.8,5.55,4.969026041821E-02));
#10803 = VECTOR('',#10804,1.);
#10804 = DIRECTION('',(6.123233995737E-17,0.,-1.));
#10805 = ORIENTED_EDGE('',*,*,#10806,.T.);
#10806 = EDGE_CURVE('',#10799,#10807,#10809,.T.);
#10807 = VERTEX_POINT('',#10808);
#10808 = CARTESIAN_POINT('',(-6.8,5.,-1.3));
#10809 = LINE('',#10810,#10811);
#10810 = CARTESIAN_POINT('',(-6.8,5.55,-1.3));
#10811 = VECTOR('',#10812,1.);
#10812 = DIRECTION('',(0.,-1.,0.));
#10813 = ORIENTED_EDGE('',*,*,#10814,.F.);
#10814 = EDGE_CURVE('',#10815,#10807,#10817,.T.);
#10815 = VERTEX_POINT('',#10816);
#10816 = CARTESIAN_POINT('',(-6.8,4.75,-1.05));
#10817 = LINE('',#10818,#10819);
#10818 = CARTESIAN_POINT('',(-6.8,4.75,-1.05));
#10819 = VECTOR('',#10820,1.);
#10820 = DIRECTION('',(4.329780281177E-17,0.707106781187,-0.707106781187
    ));
#10821 = ORIENTED_EDGE('',*,*,#10822,.F.);
#10822 = EDGE_CURVE('',#10823,#10815,#10825,.T.);
#10823 = VERTEX_POINT('',#10824);
#10824 = CARTESIAN_POINT('',(-6.8,3.25,-1.05));
#10825 = LINE('',#10826,#10827);
#10826 = CARTESIAN_POINT('',(-6.8,3.25,-1.05));
#10827 = VECTOR('',#10828,1.);
#10828 = DIRECTION('',(-6.638823600815E-33,1.,1.084202172486E-16));
#10829 = ORIENTED_EDGE('',*,*,#10830,.F.);
#10830 = EDGE_CURVE('',#10831,#10823,#10833,.T.);
#10831 = VERTEX_POINT('',#10832);
#10832 = CARTESIAN_POINT('',(-6.8,3.,-1.3));
#10833 = LINE('',#10834,#10835);
#10834 = CARTESIAN_POINT('',(-6.8,3.,-1.3));
#10835 = VECTOR('',#10836,1.);
#10836 = DIRECTION('',(-4.329780281177E-17,0.707106781187,0.707106781187
    ));
#10837 = ORIENTED_EDGE('',*,*,#10838,.T.);
#10838 = EDGE_CURVE('',#10831,#10839,#10841,.T.);
#10839 = VERTEX_POINT('',#10840);
#10840 = CARTESIAN_POINT('',(-6.8,-1.448,-1.3));
#10841 = LINE('',#10842,#10843);
#10842 = CARTESIAN_POINT('',(-6.8,5.55,-1.3));
#10843 = VECTOR('',#10844,1.);
#10844 = DIRECTION('',(0.,-1.,0.));
#10845 = ORIENTED_EDGE('',*,*,#10846,.F.);
#10846 = EDGE_CURVE('',#10637,#10839,#10847,.T.);
#10847 = LINE('',#10848,#10849);
#10848 = CARTESIAN_POINT('',(-6.8,-1.448,-1.3));
#10849 = VECTOR('',#10850,1.);
#10850 = DIRECTION('',(0.,0.,-1.));
#10851 = ORIENTED_EDGE('',*,*,#10636,.F.);
#10852 = ORIENTED_EDGE('',*,*,#10853,.T.);
#10853 = EDGE_CURVE('',#10629,#10669,#10854,.T.);
#10854 = LINE('',#10855,#10856);
#10855 = CARTESIAN_POINT('',(-6.8,-1.45,-1.29));
#10856 = VECTOR('',#10857,1.);
#10857 = DIRECTION('',(0.,-1.,0.));
#10858 = PLANE('',#10859);
#10859 = AXIS2_PLACEMENT_3D('',#10860,#10861,#10862);
#10860 = CARTESIAN_POINT('',(-6.8,0.,-4.041334437186E-16));
#10861 = DIRECTION('',(-1.,0.,-6.123233995737E-17));
#10862 = DIRECTION('',(-6.123233995737E-17,0.,1.));
#10863 = ADVANCED_FACE('',(#10864),#10889,.F.);
#10864 = FACE_BOUND('',#10865,.T.);
#10865 = EDGE_LOOP('',(#10866,#10867,#10875,#10883));
#10866 = ORIENTED_EDGE('',*,*,#10726,.F.);
#10867 = ORIENTED_EDGE('',*,*,#10868,.F.);
#10868 = EDGE_CURVE('',#10869,#10719,#10871,.T.);
#10869 = VERTEX_POINT('',#10870);
#10870 = CARTESIAN_POINT('',(-6.6,-2.352,-1.3));
#10871 = LINE('',#10872,#10873);
#10872 = CARTESIAN_POINT('',(-6.8,-2.352,-1.3));
#10873 = VECTOR('',#10874,1.);
#10874 = DIRECTION('',(-1.,0.,0.));
#10875 = ORIENTED_EDGE('',*,*,#10876,.T.);
#10876 = EDGE_CURVE('',#10869,#10877,#10879,.T.);
#10877 = VERTEX_POINT('',#10878);
#10878 = CARTESIAN_POINT('',(-6.6,-3.35,-1.3));
#10879 = LINE('',#10880,#10881);
#10880 = CARTESIAN_POINT('',(-6.6,5.55,-1.3));
#10881 = VECTOR('',#10882,1.);
#10882 = DIRECTION('',(0.,-1.,0.));
#10883 = ORIENTED_EDGE('',*,*,#10884,.F.);
#10884 = EDGE_CURVE('',#10727,#10877,#10885,.T.);
#10885 = LINE('',#10886,#10887);
#10886 = CARTESIAN_POINT('',(-6.8,-3.35,-1.3));
#10887 = VECTOR('',#10888,1.);
#10888 = DIRECTION('',(1.,6.123233995737E-17,0.));
#10889 = PLANE('',#10890);
#10890 = AXIS2_PLACEMENT_3D('',#10891,#10892,#10893);
#10891 = CARTESIAN_POINT('',(-6.8,5.55,-1.3));
#10892 = DIRECTION('',(0.,0.,1.));
#10893 = DIRECTION('',(1.,0.,-0.));
#10894 = ADVANCED_FACE('',(#10895),#10920,.F.);
#10895 = FACE_BOUND('',#10896,.T.);
#10896 = EDGE_LOOP('',(#10897,#10907,#10913,#10914));
#10897 = ORIENTED_EDGE('',*,*,#10898,.T.);
#10898 = EDGE_CURVE('',#10899,#10901,#10903,.T.);
#10899 = VERTEX_POINT('',#10900);
#10900 = CARTESIAN_POINT('',(-6.6,3.,-1.3));
#10901 = VERTEX_POINT('',#10902);
#10902 = CARTESIAN_POINT('',(-6.6,-1.448,-1.3));
#10903 = LINE('',#10904,#10905);
#10904 = CARTESIAN_POINT('',(-6.6,5.55,-1.3));
#10905 = VECTOR('',#10906,1.);
#10906 = DIRECTION('',(0.,-1.,0.));
#10907 = ORIENTED_EDGE('',*,*,#10908,.T.);
#10908 = EDGE_CURVE('',#10901,#10839,#10909,.T.);
#10909 = LINE('',#10910,#10911);
#10910 = CARTESIAN_POINT('',(-6.8,-1.448,-1.3));
#10911 = VECTOR('',#10912,1.);
#10912 = DIRECTION('',(-1.,0.,0.));
#10913 = ORIENTED_EDGE('',*,*,#10838,.F.);
#10914 = ORIENTED_EDGE('',*,*,#10915,.F.);
#10915 = EDGE_CURVE('',#10899,#10831,#10916,.T.);
#10916 = LINE('',#10917,#10918);
#10917 = CARTESIAN_POINT('',(12.056099808815,3.,-1.3));
#10918 = VECTOR('',#10919,1.);
#10919 = DIRECTION('',(-1.,0.,-6.123233995737E-17));
#10920 = PLANE('',#10921);
#10921 = AXIS2_PLACEMENT_3D('',#10922,#10923,#10924);
#10922 = CARTESIAN_POINT('',(-6.8,5.55,-1.3));
#10923 = DIRECTION('',(0.,0.,1.));
#10924 = DIRECTION('',(1.,0.,-0.));
#10925 = ADVANCED_FACE('',(#10926),#10951,.F.);
#10926 = FACE_BOUND('',#10927,.T.);
#10927 = EDGE_LOOP('',(#10928,#10938,#10944,#10945));
#10928 = ORIENTED_EDGE('',*,*,#10929,.T.);
#10929 = EDGE_CURVE('',#10930,#10932,#10934,.T.);
#10930 = VERTEX_POINT('',#10931);
#10931 = CARTESIAN_POINT('',(-6.6,5.55,-1.3));
#10932 = VERTEX_POINT('',#10933);
#10933 = CARTESIAN_POINT('',(-6.6,5.,-1.3));
#10934 = LINE('',#10935,#10936);
#10935 = CARTESIAN_POINT('',(-6.6,5.55,-1.3));
#10936 = VECTOR('',#10937,1.);
#10937 = DIRECTION('',(0.,-1.,0.));
#10938 = ORIENTED_EDGE('',*,*,#10939,.T.);
#10939 = EDGE_CURVE('',#10932,#10807,#10940,.T.);
#10940 = LINE('',#10941,#10942);
#10941 = CARTESIAN_POINT('',(12.056099808815,5.,-1.3));
#10942 = VECTOR('',#10943,1.);
#10943 = DIRECTION('',(-1.,0.,-6.123233995737E-17));
#10944 = ORIENTED_EDGE('',*,*,#10806,.F.);
#10945 = ORIENTED_EDGE('',*,*,#10946,.T.);
#10946 = EDGE_CURVE('',#10799,#10930,#10947,.T.);
#10947 = LINE('',#10948,#10949);
#10948 = CARTESIAN_POINT('',(-6.8,5.55,-1.3));
#10949 = VECTOR('',#10950,1.);
#10950 = DIRECTION('',(1.,0.,0.));
#10951 = PLANE('',#10952);
#10952 = AXIS2_PLACEMENT_3D('',#10953,#10954,#10955);
#10953 = CARTESIAN_POINT('',(-6.8,5.55,-1.3));
#10954 = DIRECTION('',(0.,0.,1.));
#10955 = DIRECTION('',(1.,0.,-0.));
#10956 = ADVANCED_FACE('',(#10957,#11074),#11085,.F.);
#10957 = FACE_BOUND('',#10958,.T.);
#10958 = EDGE_LOOP('',(#10959,#10965,#10966,#10972,#10973,#10979,#10980,
    #10988,#10996,#11002,#11003,#11011,#11019,#11025,#11026,#11034,
    #11043,#11051,#11059,#11067,#11073));
#10959 = ORIENTED_EDGE('',*,*,#10960,.F.);
#10960 = EDGE_CURVE('',#10677,#10869,#10961,.T.);
#10961 = LINE('',#10962,#10963);
#10962 = CARTESIAN_POINT('',(-6.6,-2.352,-1.29));
#10963 = VECTOR('',#10964,1.);
#10964 = DIRECTION('',(0.,0.,-1.));
#10965 = ORIENTED_EDGE('',*,*,#10676,.T.);
#10966 = ORIENTED_EDGE('',*,*,#10967,.F.);
#10967 = EDGE_CURVE('',#10627,#10667,#10968,.T.);
#10968 = LINE('',#10969,#10970);
#10969 = CARTESIAN_POINT('',(-6.6,-1.45,-1.29));
#10970 = VECTOR('',#10971,1.);
#10971 = DIRECTION('',(0.,-1.,0.));
#10972 = ORIENTED_EDGE('',*,*,#10652,.T.);
#10973 = ORIENTED_EDGE('',*,*,#10974,.F.);
#10974 = EDGE_CURVE('',#10901,#10645,#10975,.T.);
#10975 = LINE('',#10976,#10977);
#10976 = CARTESIAN_POINT('',(-6.6,-1.448,-1.29));
#10977 = VECTOR('',#10978,1.);
#10978 = DIRECTION('',(0.,0.,1.));
#10979 = ORIENTED_EDGE('',*,*,#10898,.F.);
#10980 = ORIENTED_EDGE('',*,*,#10981,.T.);
#10981 = EDGE_CURVE('',#10899,#10982,#10984,.T.);
#10982 = VERTEX_POINT('',#10983);
#10983 = CARTESIAN_POINT('',(-6.6,3.25,-1.05));
#10984 = LINE('',#10985,#10986);
#10985 = CARTESIAN_POINT('',(-6.6,2.15,-2.15));
#10986 = VECTOR('',#10987,1.);
#10987 = DIRECTION('',(-4.329780281177E-17,0.707106781187,0.707106781187
    ));
#10988 = ORIENTED_EDGE('',*,*,#10989,.T.);
#10989 = EDGE_CURVE('',#10982,#10990,#10992,.T.);
#10990 = VERTEX_POINT('',#10991);
#10991 = CARTESIAN_POINT('',(-6.6,4.75,-1.05));
#10992 = LINE('',#10993,#10994);
#10993 = CARTESIAN_POINT('',(-6.6,1.13841228111E-16,-1.05));
#10994 = VECTOR('',#10995,1.);
#10995 = DIRECTION('',(-6.638823600815E-33,1.,1.084202172486E-16));
#10996 = ORIENTED_EDGE('',*,*,#10997,.T.);
#10997 = EDGE_CURVE('',#10990,#10932,#10998,.T.);
#10998 = LINE('',#10999,#11000);
#10999 = CARTESIAN_POINT('',(-6.6,1.85,1.85));
#11000 = VECTOR('',#11001,1.);
#11001 = DIRECTION('',(4.329780281177E-17,0.707106781187,-0.707106781187
    ));
#11002 = ORIENTED_EDGE('',*,*,#10929,.F.);
#11003 = ORIENTED_EDGE('',*,*,#11004,.F.);
#11004 = EDGE_CURVE('',#11005,#10930,#11007,.T.);
#11005 = VERTEX_POINT('',#11006);
#11006 = CARTESIAN_POINT('',(-6.6,5.55,-1.E-02));
#11007 = LINE('',#11008,#11009);
#11008 = CARTESIAN_POINT('',(-6.6,5.55,4.969026041821E-02));
#11009 = VECTOR('',#11010,1.);
#11010 = DIRECTION('',(6.123233995737E-17,0.,-1.));
#11011 = ORIENTED_EDGE('',*,*,#11012,.F.);
#11012 = EDGE_CURVE('',#11013,#11005,#11015,.T.);
#11013 = VERTEX_POINT('',#11014);
#11014 = CARTESIAN_POINT('',(-6.6,-1.95,-1.E-02));
#11015 = LINE('',#11016,#11017);
#11016 = CARTESIAN_POINT('',(-6.6,-5.55,-1.E-02));
#11017 = VECTOR('',#11018,1.);
#11018 = DIRECTION('',(0.,1.,2.441896784877E-18));
#11019 = ORIENTED_EDGE('',*,*,#11020,.F.);
#11020 = EDGE_CURVE('',#10604,#11013,#11021,.T.);
#11021 = LINE('',#11022,#11023);
#11022 = CARTESIAN_POINT('',(-6.6,-5.55,-1.E-02));
#11023 = VECTOR('',#11024,1.);
#11024 = DIRECTION('',(0.,1.,2.441896784877E-18));
#11025 = ORIENTED_EDGE('',*,*,#10612,.F.);
#11026 = ORIENTED_EDGE('',*,*,#11027,.F.);
#11027 = EDGE_CURVE('',#11028,#10594,#11030,.T.);
#11028 = VERTEX_POINT('',#11029);
#11029 = CARTESIAN_POINT('',(-6.6,-6.755,-1.E-02));
#11030 = LINE('',#11031,#11032);
#11031 = CARTESIAN_POINT('',(-6.6,-6.755,-1.E-02));
#11032 = VECTOR('',#11033,1.);
#11033 = DIRECTION('',(2.20375887164E-32,1.,-3.599011360948E-16));
#11034 = ORIENTED_EDGE('',*,*,#11035,.F.);
#11035 = EDGE_CURVE('',#11036,#11028,#11038,.T.);
#11036 = VERTEX_POINT('',#11037);
#11037 = CARTESIAN_POINT('',(-6.6,-6.755,-1.3));
#11038 = CIRCLE('',#11039,0.645);
#11039 = AXIS2_PLACEMENT_3D('',#11040,#11041,#11042);
#11040 = CARTESIAN_POINT('',(-6.6,-6.755,-0.655));
#11041 = DIRECTION('',(-1.,0.,-6.123233995737E-17));
#11042 = DIRECTION('',(0.,1.,0.));
#11043 = ORIENTED_EDGE('',*,*,#11044,.F.);
#11044 = EDGE_CURVE('',#11045,#11036,#11047,.T.);
#11045 = VERTEX_POINT('',#11046);
#11046 = CARTESIAN_POINT('',(-6.6,-5.35,-1.3));
#11047 = LINE('',#11048,#11049);
#11048 = CARTESIAN_POINT('',(-6.6,5.55,-1.3));
#11049 = VECTOR('',#11050,1.);
#11050 = DIRECTION('',(0.,-1.,0.));
#11051 = ORIENTED_EDGE('',*,*,#11052,.F.);
#11052 = EDGE_CURVE('',#11053,#11045,#11055,.T.);
#11053 = VERTEX_POINT('',#11054);
#11054 = CARTESIAN_POINT('',(-6.6,-5.1,-1.05));
#11055 = LINE('',#11056,#11057);
#11056 = CARTESIAN_POINT('',(-6.6,-2.025,2.025));
#11057 = VECTOR('',#11058,1.);
#11058 = DIRECTION('',(4.329780281177E-17,-0.707106781187,
    -0.707106781187));
#11059 = ORIENTED_EDGE('',*,*,#11060,.F.);
#11060 = EDGE_CURVE('',#11061,#11053,#11063,.T.);
#11061 = VERTEX_POINT('',#11062);
#11062 = CARTESIAN_POINT('',(-6.6,-3.6,-1.05));
#11063 = LINE('',#11064,#11065);
#11064 = CARTESIAN_POINT('',(-6.6,0.,-1.05));
#11065 = VECTOR('',#11066,1.);
#11066 = DIRECTION('',(0.,-1.,0.));
#11067 = ORIENTED_EDGE('',*,*,#11068,.F.);
#11068 = EDGE_CURVE('',#10877,#11061,#11069,.T.);
#11069 = LINE('',#11070,#11071);
#11070 = CARTESIAN_POINT('',(-6.6,-2.325,-2.325));
#11071 = VECTOR('',#11072,1.);
#11072 = DIRECTION('',(-4.329780281177E-17,-0.707106781187,
    0.707106781187));
#11073 = ORIENTED_EDGE('',*,*,#10876,.F.);
#11074 = FACE_BOUND('',#11075,.T.);
#11075 = EDGE_LOOP('',(#11076));
#11076 = ORIENTED_EDGE('',*,*,#11077,.T.);
#11077 = EDGE_CURVE('',#11078,#11078,#11080,.T.);
#11078 = VERTEX_POINT('',#11079);
#11079 = CARTESIAN_POINT('',(-6.6,-6.755,-0.305));
#11080 = CIRCLE('',#11081,0.35);
#11081 = AXIS2_PLACEMENT_3D('',#11082,#11083,#11084);
#11082 = CARTESIAN_POINT('',(-6.6,-6.755,-0.655));
#11083 = DIRECTION('',(-1.,0.,-6.123233995737E-17));
#11084 = DIRECTION('',(-6.123233995737E-17,0.,1.));
#11085 = PLANE('',#11086);
#11086 = AXIS2_PLACEMENT_3D('',#11087,#11088,#11089);
#11087 = CARTESIAN_POINT('',(-6.6,0.,-4.041334437186E-16));
#11088 = DIRECTION('',(-1.,0.,-6.123233995737E-17));
#11089 = DIRECTION('',(-6.123233995737E-17,0.,1.));
#11090 = ADVANCED_FACE('',(#11091),#11107,.F.);
#11091 = FACE_BOUND('',#11092,.T.);
#11092 = EDGE_LOOP('',(#11093,#11099,#11100,#11106));
#11093 = ORIENTED_EDGE('',*,*,#11094,.F.);
#11094 = EDGE_CURVE('',#11045,#10751,#11095,.T.);
#11095 = LINE('',#11096,#11097);
#11096 = CARTESIAN_POINT('',(-6.8,-5.35,-1.3));
#11097 = VECTOR('',#11098,1.);
#11098 = DIRECTION('',(-1.,6.123233995737E-17,0.));
#11099 = ORIENTED_EDGE('',*,*,#11044,.T.);
#11100 = ORIENTED_EDGE('',*,*,#11101,.T.);
#11101 = EDGE_CURVE('',#11036,#10759,#11102,.T.);
#11102 = LINE('',#11103,#11104);
#11103 = CARTESIAN_POINT('',(-6.6,-6.755,-1.3));
#11104 = VECTOR('',#11105,1.);
#11105 = DIRECTION('',(-1.,0.,-6.123233995737E-17));
#11106 = ORIENTED_EDGE('',*,*,#10758,.F.);
#11107 = PLANE('',#11108);
#11108 = AXIS2_PLACEMENT_3D('',#11109,#11110,#11111);
#11109 = CARTESIAN_POINT('',(-6.8,5.55,-1.3));
#11110 = DIRECTION('',(0.,0.,1.));
#11111 = DIRECTION('',(1.,0.,-0.));
#11112 = ADVANCED_FACE('',(#11113),#11131,.T.);
#11113 = FACE_BOUND('',#11114,.T.);
#11114 = EDGE_LOOP('',(#11115,#11121,#11122,#11123,#11129,#11130));
#11115 = ORIENTED_EDGE('',*,*,#11116,.F.);
#11116 = EDGE_CURVE('',#10594,#10570,#11117,.T.);
#11117 = LINE('',#11118,#11119);
#11118 = CARTESIAN_POINT('',(-6.6,-5.55,-1.E-02));
#11119 = VECTOR('',#11120,1.);
#11120 = DIRECTION('',(-1.,0.,-6.123233995737E-17));
#11121 = ORIENTED_EDGE('',*,*,#10593,.F.);
#11122 = ORIENTED_EDGE('',*,*,#10378,.F.);
#11123 = ORIENTED_EDGE('',*,*,#11124,.F.);
#11124 = EDGE_CURVE('',#9943,#10370,#11125,.T.);
#11125 = LINE('',#11126,#11127);
#11126 = CARTESIAN_POINT('',(-4.2,-5.55,0.2));
#11127 = VECTOR('',#11128,1.);
#11128 = DIRECTION('',(0.,0.,-1.));
#11129 = ORIENTED_EDGE('',*,*,#9942,.T.);
#11130 = ORIENTED_EDGE('',*,*,#10577,.T.);
#11131 = PLANE('',#11132);
#11132 = AXIS2_PLACEMENT_3D('',#11133,#11134,#11135);
#11133 = CARTESIAN_POINT('',(-4.1,-5.55,0.2));
#11134 = DIRECTION('',(0.,-1.,0.));
#11135 = DIRECTION('',(0.,0.,-1.));
#11136 = ADVANCED_FACE('',(#11137),#11164,.T.);
#11137 = FACE_BOUND('',#11138,.T.);
#11138 = EDGE_LOOP('',(#11139,#11146,#11147,#11148,#11149,#11156,#11157,
    #11163));
#11139 = ORIENTED_EDGE('',*,*,#11140,.T.);
#11140 = EDGE_CURVE('',#10235,#11005,#11141,.T.);
#11141 = CIRCLE('',#11142,1.E-02);
#11142 = AXIS2_PLACEMENT_3D('',#11143,#11144,#11145);
#11143 = CARTESIAN_POINT('',(-6.59,5.55,-1.E-02));
#11144 = DIRECTION('',(0.,-1.,0.));
#11145 = DIRECTION('',(0.,0.,-1.));
#11146 = ORIENTED_EDGE('',*,*,#11004,.T.);
#11147 = ORIENTED_EDGE('',*,*,#10946,.F.);
#11148 = ORIENTED_EDGE('',*,*,#10798,.F.);
#11149 = ORIENTED_EDGE('',*,*,#11150,.T.);
#11150 = EDGE_CURVE('',#10791,#10079,#11151,.T.);
#11151 = CIRCLE('',#11152,0.21);
#11152 = AXIS2_PLACEMENT_3D('',#11153,#11154,#11155);
#11153 = CARTESIAN_POINT('',(-6.59,5.55,-1.E-02));
#11154 = DIRECTION('',(0.,1.,0.));
#11155 = DIRECTION('',(0.,0.,-1.));
#11156 = ORIENTED_EDGE('',*,*,#10078,.T.);
#11157 = ORIENTED_EDGE('',*,*,#11158,.T.);
#11158 = EDGE_CURVE('',#10070,#10243,#11159,.T.);
#11159 = LINE('',#11160,#11161);
#11160 = CARTESIAN_POINT('',(-5.9,5.55,0.2));
#11161 = VECTOR('',#11162,1.);
#11162 = DIRECTION('',(0.,0.,-1.));
#11163 = ORIENTED_EDGE('',*,*,#10242,.F.);
#11164 = PLANE('',#11165);
#11165 = AXIS2_PLACEMENT_3D('',#11166,#11167,#11168);
#11166 = CARTESIAN_POINT('',(-6.6,5.55,0.2));
#11167 = DIRECTION('',(8.673617379884E-16,1.,0.));
#11168 = DIRECTION('',(-1.,8.673617379884E-16,0.));
#11169 = ADVANCED_FACE('',(#11170),#11204,.F.);
#11170 = FACE_BOUND('',#11171,.T.);
#11171 = EDGE_LOOP('',(#11172,#11182,#11190,#11198));
#11172 = ORIENTED_EDGE('',*,*,#11173,.T.);
#11173 = EDGE_CURVE('',#11174,#11176,#11178,.T.);
#11174 = VERTEX_POINT('',#11175);
#11175 = CARTESIAN_POINT('',(6.6,-2.35,-1.29));
#11176 = VERTEX_POINT('',#11177);
#11177 = CARTESIAN_POINT('',(6.8,-2.35,-1.29));
#11178 = LINE('',#11179,#11180);
#11179 = CARTESIAN_POINT('',(6.8,-2.35,-1.29));
#11180 = VECTOR('',#11181,1.);
#11181 = DIRECTION('',(1.,0.,0.));
#11182 = ORIENTED_EDGE('',*,*,#11183,.T.);
#11183 = EDGE_CURVE('',#11176,#11184,#11186,.T.);
#11184 = VERTEX_POINT('',#11185);
#11185 = CARTESIAN_POINT('',(6.8,-2.352,-1.29));
#11186 = LINE('',#11187,#11188);
#11187 = CARTESIAN_POINT('',(6.8,-2.352,-1.29));
#11188 = VECTOR('',#11189,1.);
#11189 = DIRECTION('',(0.,-1.,0.));
#11190 = ORIENTED_EDGE('',*,*,#11191,.F.);
#11191 = EDGE_CURVE('',#11192,#11184,#11194,.T.);
#11192 = VERTEX_POINT('',#11193);
#11193 = CARTESIAN_POINT('',(6.6,-2.352,-1.29));
#11194 = LINE('',#11195,#11196);
#11195 = CARTESIAN_POINT('',(6.8,-2.352,-1.29));
#11196 = VECTOR('',#11197,1.);
#11197 = DIRECTION('',(1.,0.,0.));
#11198 = ORIENTED_EDGE('',*,*,#11199,.T.);
#11199 = EDGE_CURVE('',#11192,#11174,#11200,.T.);
#11200 = LINE('',#11201,#11202);
#11201 = CARTESIAN_POINT('',(6.6,-2.35,-1.29));
#11202 = VECTOR('',#11203,1.);
#11203 = DIRECTION('',(0.,1.,0.));
#11204 = PLANE('',#11205);
#11205 = AXIS2_PLACEMENT_3D('',#11206,#11207,#11208);
#11206 = CARTESIAN_POINT('',(6.8,-2.352,-1.29));
#11207 = DIRECTION('',(0.,0.,1.));
#11208 = DIRECTION('',(0.,-1.,0.));
#11209 = ADVANCED_FACE('',(#11210),#11244,.F.);
#11210 = FACE_BOUND('',#11211,.T.);
#11211 = EDGE_LOOP('',(#11212,#11222,#11230,#11238));
#11212 = ORIENTED_EDGE('',*,*,#11213,.F.);
#11213 = EDGE_CURVE('',#11214,#11216,#11218,.T.);
#11214 = VERTEX_POINT('',#11215);
#11215 = CARTESIAN_POINT('',(6.6,-1.45,-1.29));
#11216 = VERTEX_POINT('',#11217);
#11217 = CARTESIAN_POINT('',(6.8,-1.45,-1.29));
#11218 = LINE('',#11219,#11220);
#11219 = CARTESIAN_POINT('',(6.8,-1.45,-1.29));
#11220 = VECTOR('',#11221,1.);
#11221 = DIRECTION('',(1.,0.,0.));
#11222 = ORIENTED_EDGE('',*,*,#11223,.T.);
#11223 = EDGE_CURVE('',#11214,#11224,#11226,.T.);
#11224 = VERTEX_POINT('',#11225);
#11225 = CARTESIAN_POINT('',(6.6,-1.448,-1.29));
#11226 = LINE('',#11227,#11228);
#11227 = CARTESIAN_POINT('',(6.6,-2.35,-1.29));
#11228 = VECTOR('',#11229,1.);
#11229 = DIRECTION('',(0.,1.,0.));
#11230 = ORIENTED_EDGE('',*,*,#11231,.T.);
#11231 = EDGE_CURVE('',#11224,#11232,#11234,.T.);
#11232 = VERTEX_POINT('',#11233);
#11233 = CARTESIAN_POINT('',(6.8,-1.448,-1.29));
#11234 = LINE('',#11235,#11236);
#11235 = CARTESIAN_POINT('',(6.8,-1.448,-1.29));
#11236 = VECTOR('',#11237,1.);
#11237 = DIRECTION('',(1.,0.,0.));
#11238 = ORIENTED_EDGE('',*,*,#11239,.T.);
#11239 = EDGE_CURVE('',#11232,#11216,#11240,.T.);
#11240 = LINE('',#11241,#11242);
#11241 = CARTESIAN_POINT('',(6.8,-2.352,-1.29));
#11242 = VECTOR('',#11243,1.);
#11243 = DIRECTION('',(0.,-1.,0.));
#11244 = PLANE('',#11245);
#11245 = AXIS2_PLACEMENT_3D('',#11246,#11247,#11248);
#11246 = CARTESIAN_POINT('',(6.8,-2.352,-1.29));
#11247 = DIRECTION('',(0.,0.,1.));
#11248 = DIRECTION('',(0.,-1.,0.));
#11249 = ADVANCED_FACE('',(#11250,#11261),#11398,.T.);
#11250 = FACE_BOUND('',#11251,.T.);
#11251 = EDGE_LOOP('',(#11252));
#11252 = ORIENTED_EDGE('',*,*,#11253,.F.);
#11253 = EDGE_CURVE('',#11254,#11254,#11256,.T.);
#11254 = VERTEX_POINT('',#11255);
#11255 = CARTESIAN_POINT('',(6.8,-6.755,-1.005));
#11256 = CIRCLE('',#11257,0.35);
#11257 = AXIS2_PLACEMENT_3D('',#11258,#11259,#11260);
#11258 = CARTESIAN_POINT('',(6.8,-6.755,-0.655));
#11259 = DIRECTION('',(1.,0.,-6.123233995737E-17));
#11260 = DIRECTION('',(-6.123233995737E-17,0.,-1.));
#11261 = FACE_BOUND('',#11262,.T.);
#11262 = EDGE_LOOP('',(#11263,#11264,#11272,#11280,#11288,#11296,#11304,
    #11312,#11320,#11328,#11336,#11345,#11353,#11361,#11369,#11377,
    #11385,#11391,#11392));
#11263 = ORIENTED_EDGE('',*,*,#11239,.F.);
#11264 = ORIENTED_EDGE('',*,*,#11265,.T.);
#11265 = EDGE_CURVE('',#11232,#11266,#11268,.T.);
#11266 = VERTEX_POINT('',#11267);
#11267 = CARTESIAN_POINT('',(6.8,-1.448,-1.3));
#11268 = LINE('',#11269,#11270);
#11269 = CARTESIAN_POINT('',(6.8,-1.448,-1.3));
#11270 = VECTOR('',#11271,1.);
#11271 = DIRECTION('',(0.,0.,-1.));
#11272 = ORIENTED_EDGE('',*,*,#11273,.T.);
#11273 = EDGE_CURVE('',#11266,#11274,#11276,.T.);
#11274 = VERTEX_POINT('',#11275);
#11275 = CARTESIAN_POINT('',(6.8,3.,-1.3));
#11276 = LINE('',#11277,#11278);
#11277 = CARTESIAN_POINT('',(6.8,-5.55,-1.3));
#11278 = VECTOR('',#11279,1.);
#11279 = DIRECTION('',(0.,1.,0.));
#11280 = ORIENTED_EDGE('',*,*,#11281,.F.);
#11281 = EDGE_CURVE('',#11282,#11274,#11284,.T.);
#11282 = VERTEX_POINT('',#11283);
#11283 = CARTESIAN_POINT('',(6.8,3.25,-1.05));
#11284 = LINE('',#11285,#11286);
#11285 = CARTESIAN_POINT('',(6.8,3.25,-1.05));
#11286 = VECTOR('',#11287,1.);
#11287 = DIRECTION('',(-4.329780281177E-17,-0.707106781187,
    -0.707106781187));
#11288 = ORIENTED_EDGE('',*,*,#11289,.F.);
#11289 = EDGE_CURVE('',#11290,#11282,#11292,.T.);
#11290 = VERTEX_POINT('',#11291);
#11291 = CARTESIAN_POINT('',(6.8,4.75,-1.05));
#11292 = LINE('',#11293,#11294);
#11293 = CARTESIAN_POINT('',(6.8,4.75,-1.05));
#11294 = VECTOR('',#11295,1.);
#11295 = DIRECTION('',(-6.638823600815E-33,-1.,-1.084202172486E-16));
#11296 = ORIENTED_EDGE('',*,*,#11297,.F.);
#11297 = EDGE_CURVE('',#11298,#11290,#11300,.T.);
#11298 = VERTEX_POINT('',#11299);
#11299 = CARTESIAN_POINT('',(6.8,5.,-1.3));
#11300 = LINE('',#11301,#11302);
#11301 = CARTESIAN_POINT('',(6.8,5.,-1.3));
#11302 = VECTOR('',#11303,1.);
#11303 = DIRECTION('',(4.329780281177E-17,-0.707106781187,0.707106781187
    ));
#11304 = ORIENTED_EDGE('',*,*,#11305,.T.);
#11305 = EDGE_CURVE('',#11298,#11306,#11308,.T.);
#11306 = VERTEX_POINT('',#11307);
#11307 = CARTESIAN_POINT('',(6.8,5.55,-1.3));
#11308 = LINE('',#11309,#11310);
#11309 = CARTESIAN_POINT('',(6.8,-5.55,-1.3));
#11310 = VECTOR('',#11311,1.);
#11311 = DIRECTION('',(0.,1.,0.));
#11312 = ORIENTED_EDGE('',*,*,#11313,.T.);
#11313 = EDGE_CURVE('',#11306,#11314,#11316,.T.);
#11314 = VERTEX_POINT('',#11315);
#11315 = CARTESIAN_POINT('',(6.8,5.55,-1.E-02));
#11316 = LINE('',#11317,#11318);
#11317 = CARTESIAN_POINT('',(6.8,5.55,4.969026041821E-02));
#11318 = VECTOR('',#11319,1.);
#11319 = DIRECTION('',(6.123233995737E-17,0.,1.));
#11320 = ORIENTED_EDGE('',*,*,#11321,.T.);
#11321 = EDGE_CURVE('',#11314,#11322,#11324,.T.);
#11322 = VERTEX_POINT('',#11323);
#11323 = CARTESIAN_POINT('',(6.8,-5.55,-1.E-02));
#11324 = LINE('',#11325,#11326);
#11325 = CARTESIAN_POINT('',(6.8,5.55,-1.E-02));
#11326 = VECTOR('',#11327,1.);
#11327 = DIRECTION('',(0.,-1.,0.));
#11328 = ORIENTED_EDGE('',*,*,#11329,.T.);
#11329 = EDGE_CURVE('',#11322,#11330,#11332,.T.);
#11330 = VERTEX_POINT('',#11331);
#11331 = CARTESIAN_POINT('',(6.8,-6.755,-1.E-02));
#11332 = LINE('',#11333,#11334);
#11333 = CARTESIAN_POINT('',(6.8,-5.55,-1.E-02));
#11334 = VECTOR('',#11335,1.);
#11335 = DIRECTION('',(2.20375887164E-32,-1.,3.599011360948E-16));
#11336 = ORIENTED_EDGE('',*,*,#11337,.T.);
#11337 = EDGE_CURVE('',#11330,#11338,#11340,.T.);
#11338 = VERTEX_POINT('',#11339);
#11339 = CARTESIAN_POINT('',(6.8,-6.755,-1.3));
#11340 = CIRCLE('',#11341,0.645);
#11341 = AXIS2_PLACEMENT_3D('',#11342,#11343,#11344);
#11342 = CARTESIAN_POINT('',(6.8,-6.755,-0.655));
#11343 = DIRECTION('',(1.,0.,-6.123233995737E-17));
#11344 = DIRECTION('',(0.,1.,0.));
#11345 = ORIENTED_EDGE('',*,*,#11346,.T.);
#11346 = EDGE_CURVE('',#11338,#11347,#11349,.T.);
#11347 = VERTEX_POINT('',#11348);
#11348 = CARTESIAN_POINT('',(6.8,-5.35,-1.3));
#11349 = LINE('',#11350,#11351);
#11350 = CARTESIAN_POINT('',(6.8,-5.55,-1.3));
#11351 = VECTOR('',#11352,1.);
#11352 = DIRECTION('',(0.,1.,0.));
#11353 = ORIENTED_EDGE('',*,*,#11354,.T.);
#11354 = EDGE_CURVE('',#11347,#11355,#11357,.T.);
#11355 = VERTEX_POINT('',#11356);
#11356 = CARTESIAN_POINT('',(6.8,-5.1,-1.05));
#11357 = LINE('',#11358,#11359);
#11358 = CARTESIAN_POINT('',(6.8,-5.35,-1.3));
#11359 = VECTOR('',#11360,1.);
#11360 = DIRECTION('',(4.329780281177E-17,0.707106781187,0.707106781187)
  );
#11361 = ORIENTED_EDGE('',*,*,#11362,.T.);
#11362 = EDGE_CURVE('',#11355,#11363,#11365,.T.);
#11363 = VERTEX_POINT('',#11364);
#11364 = CARTESIAN_POINT('',(6.8,-3.6,-1.05));
#11365 = LINE('',#11366,#11367);
#11366 = CARTESIAN_POINT('',(6.8,-5.1,-1.05));
#11367 = VECTOR('',#11368,1.);
#11368 = DIRECTION('',(0.,1.,0.));
#11369 = ORIENTED_EDGE('',*,*,#11370,.T.);
#11370 = EDGE_CURVE('',#11363,#11371,#11373,.T.);
#11371 = VERTEX_POINT('',#11372);
#11372 = CARTESIAN_POINT('',(6.8,-3.35,-1.3));
#11373 = LINE('',#11374,#11375);
#11374 = CARTESIAN_POINT('',(6.8,-3.6,-1.05));
#11375 = VECTOR('',#11376,1.);
#11376 = DIRECTION('',(-4.329780281177E-17,0.707106781187,
    -0.707106781187));
#11377 = ORIENTED_EDGE('',*,*,#11378,.T.);
#11378 = EDGE_CURVE('',#11371,#11379,#11381,.T.);
#11379 = VERTEX_POINT('',#11380);
#11380 = CARTESIAN_POINT('',(6.8,-2.352,-1.3));
#11381 = LINE('',#11382,#11383);
#11382 = CARTESIAN_POINT('',(6.8,-5.55,-1.3));
#11383 = VECTOR('',#11384,1.);
#11384 = DIRECTION('',(0.,1.,0.));
#11385 = ORIENTED_EDGE('',*,*,#11386,.F.);
#11386 = EDGE_CURVE('',#11184,#11379,#11387,.T.);
#11387 = LINE('',#11388,#11389);
#11388 = CARTESIAN_POINT('',(6.8,-2.352,-1.3));
#11389 = VECTOR('',#11390,1.);
#11390 = DIRECTION('',(0.,0.,-1.));
#11391 = ORIENTED_EDGE('',*,*,#11183,.F.);
#11392 = ORIENTED_EDGE('',*,*,#11393,.T.);
#11393 = EDGE_CURVE('',#11176,#11216,#11394,.T.);
#11394 = LINE('',#11395,#11396);
#11395 = CARTESIAN_POINT('',(6.8,-2.35,-1.29));
#11396 = VECTOR('',#11397,1.);
#11397 = DIRECTION('',(0.,1.,0.));
#11398 = PLANE('',#11399);
#11399 = AXIS2_PLACEMENT_3D('',#11400,#11401,#11402);
#11400 = CARTESIAN_POINT('',(6.8,0.,-4.041334437186E-16));
#11401 = DIRECTION('',(1.,0.,-6.123233995737E-17));
#11402 = DIRECTION('',(-6.123233995737E-17,0.,-1.));
#11403 = ADVANCED_FACE('',(#11404),#11429,.F.);
#11404 = FACE_BOUND('',#11405,.T.);
#11405 = EDGE_LOOP('',(#11406,#11407,#11415,#11423));
#11406 = ORIENTED_EDGE('',*,*,#11273,.F.);
#11407 = ORIENTED_EDGE('',*,*,#11408,.F.);
#11408 = EDGE_CURVE('',#11409,#11266,#11411,.T.);
#11409 = VERTEX_POINT('',#11410);
#11410 = CARTESIAN_POINT('',(6.6,-1.448,-1.3));
#11411 = LINE('',#11412,#11413);
#11412 = CARTESIAN_POINT('',(6.8,-1.448,-1.3));
#11413 = VECTOR('',#11414,1.);
#11414 = DIRECTION('',(1.,0.,0.));
#11415 = ORIENTED_EDGE('',*,*,#11416,.T.);
#11416 = EDGE_CURVE('',#11409,#11417,#11419,.T.);
#11417 = VERTEX_POINT('',#11418);
#11418 = CARTESIAN_POINT('',(6.6,3.,-1.3));
#11419 = LINE('',#11420,#11421);
#11420 = CARTESIAN_POINT('',(6.6,-5.55,-1.3));
#11421 = VECTOR('',#11422,1.);
#11422 = DIRECTION('',(0.,1.,0.));
#11423 = ORIENTED_EDGE('',*,*,#11424,.T.);
#11424 = EDGE_CURVE('',#11417,#11274,#11425,.T.);
#11425 = LINE('',#11426,#11427);
#11426 = CARTESIAN_POINT('',(6.8,3.,-1.3));
#11427 = VECTOR('',#11428,1.);
#11428 = DIRECTION('',(1.,6.123233995737E-17,0.));
#11429 = PLANE('',#11430);
#11430 = AXIS2_PLACEMENT_3D('',#11431,#11432,#11433);
#11431 = CARTESIAN_POINT('',(6.8,-5.55,-1.3));
#11432 = DIRECTION('',(0.,0.,1.));
#11433 = DIRECTION('',(1.,0.,-0.));
#11434 = ADVANCED_FACE('',(#11435),#11460,.F.);
#11435 = FACE_BOUND('',#11436,.T.);
#11436 = EDGE_LOOP('',(#11437,#11447,#11453,#11454));
#11437 = ORIENTED_EDGE('',*,*,#11438,.T.);
#11438 = EDGE_CURVE('',#11439,#11441,#11443,.T.);
#11439 = VERTEX_POINT('',#11440);
#11440 = CARTESIAN_POINT('',(6.6,-3.35,-1.3));
#11441 = VERTEX_POINT('',#11442);
#11442 = CARTESIAN_POINT('',(6.6,-2.352,-1.3));
#11443 = LINE('',#11444,#11445);
#11444 = CARTESIAN_POINT('',(6.6,-5.55,-1.3));
#11445 = VECTOR('',#11446,1.);
#11446 = DIRECTION('',(0.,1.,0.));
#11447 = ORIENTED_EDGE('',*,*,#11448,.T.);
#11448 = EDGE_CURVE('',#11441,#11379,#11449,.T.);
#11449 = LINE('',#11450,#11451);
#11450 = CARTESIAN_POINT('',(6.8,-2.352,-1.3));
#11451 = VECTOR('',#11452,1.);
#11452 = DIRECTION('',(1.,0.,0.));
#11453 = ORIENTED_EDGE('',*,*,#11378,.F.);
#11454 = ORIENTED_EDGE('',*,*,#11455,.F.);
#11455 = EDGE_CURVE('',#11439,#11371,#11456,.T.);
#11456 = LINE('',#11457,#11458);
#11457 = CARTESIAN_POINT('',(6.8,-3.35,-1.3));
#11458 = VECTOR('',#11459,1.);
#11459 = DIRECTION('',(1.,-6.123233995737E-17,0.));
#11460 = PLANE('',#11461);
#11461 = AXIS2_PLACEMENT_3D('',#11462,#11463,#11464);
#11462 = CARTESIAN_POINT('',(6.8,-5.55,-1.3));
#11463 = DIRECTION('',(0.,0.,1.));
#11464 = DIRECTION('',(1.,0.,-0.));
#11465 = ADVANCED_FACE('',(#11466),#11491,.F.);
#11466 = FACE_BOUND('',#11467,.T.);
#11467 = EDGE_LOOP('',(#11468,#11469,#11477,#11485));
#11468 = ORIENTED_EDGE('',*,*,#11305,.F.);
#11469 = ORIENTED_EDGE('',*,*,#11470,.T.);
#11470 = EDGE_CURVE('',#11298,#11471,#11473,.T.);
#11471 = VERTEX_POINT('',#11472);
#11472 = CARTESIAN_POINT('',(6.6,5.,-1.3));
#11473 = LINE('',#11474,#11475);
#11474 = CARTESIAN_POINT('',(6.8,5.,-1.3));
#11475 = VECTOR('',#11476,1.);
#11476 = DIRECTION('',(-1.,6.123233995737E-17,0.));
#11477 = ORIENTED_EDGE('',*,*,#11478,.T.);
#11478 = EDGE_CURVE('',#11471,#11479,#11481,.T.);
#11479 = VERTEX_POINT('',#11480);
#11480 = CARTESIAN_POINT('',(6.6,5.55,-1.3));
#11481 = LINE('',#11482,#11483);
#11482 = CARTESIAN_POINT('',(6.6,-5.55,-1.3));
#11483 = VECTOR('',#11484,1.);
#11484 = DIRECTION('',(0.,1.,0.));
#11485 = ORIENTED_EDGE('',*,*,#11486,.F.);
#11486 = EDGE_CURVE('',#11306,#11479,#11487,.T.);
#11487 = LINE('',#11488,#11489);
#11488 = CARTESIAN_POINT('',(6.8,5.55,-1.3));
#11489 = VECTOR('',#11490,1.);
#11490 = DIRECTION('',(-1.,0.,0.));
#11491 = PLANE('',#11492);
#11492 = AXIS2_PLACEMENT_3D('',#11493,#11494,#11495);
#11493 = CARTESIAN_POINT('',(6.8,-5.55,-1.3));
#11494 = DIRECTION('',(0.,0.,1.));
#11495 = DIRECTION('',(1.,0.,-0.));
#11496 = ADVANCED_FACE('',(#11497,#11607),#11618,.F.);
#11497 = FACE_BOUND('',#11498,.T.);
#11498 = EDGE_LOOP('',(#11499,#11505,#11506,#11512,#11513,#11519,#11520,
    #11528,#11536,#11544,#11552,#11561,#11569,#11577,#11583,#11584,
    #11592,#11600,#11606));
#11499 = ORIENTED_EDGE('',*,*,#11500,.T.);
#11500 = EDGE_CURVE('',#11409,#11224,#11501,.T.);
#11501 = LINE('',#11502,#11503);
#11502 = CARTESIAN_POINT('',(6.6,-1.448,-1.29));
#11503 = VECTOR('',#11504,1.);
#11504 = DIRECTION('',(0.,0.,1.));
#11505 = ORIENTED_EDGE('',*,*,#11223,.F.);
#11506 = ORIENTED_EDGE('',*,*,#11507,.F.);
#11507 = EDGE_CURVE('',#11174,#11214,#11508,.T.);
#11508 = LINE('',#11509,#11510);
#11509 = CARTESIAN_POINT('',(6.6,-2.35,-1.29));
#11510 = VECTOR('',#11511,1.);
#11511 = DIRECTION('',(0.,1.,0.));
#11512 = ORIENTED_EDGE('',*,*,#11199,.F.);
#11513 = ORIENTED_EDGE('',*,*,#11514,.T.);
#11514 = EDGE_CURVE('',#11192,#11441,#11515,.T.);
#11515 = LINE('',#11516,#11517);
#11516 = CARTESIAN_POINT('',(6.6,-2.352,-1.29));
#11517 = VECTOR('',#11518,1.);
#11518 = DIRECTION('',(0.,0.,-1.));
#11519 = ORIENTED_EDGE('',*,*,#11438,.F.);
#11520 = ORIENTED_EDGE('',*,*,#11521,.F.);
#11521 = EDGE_CURVE('',#11522,#11439,#11524,.T.);
#11522 = VERTEX_POINT('',#11523);
#11523 = CARTESIAN_POINT('',(6.6,-3.6,-1.05));
#11524 = LINE('',#11525,#11526);
#11525 = CARTESIAN_POINT('',(6.6,-2.325,-2.325));
#11526 = VECTOR('',#11527,1.);
#11527 = DIRECTION('',(-4.329780281177E-17,0.707106781187,
    -0.707106781187));
#11528 = ORIENTED_EDGE('',*,*,#11529,.F.);
#11529 = EDGE_CURVE('',#11530,#11522,#11532,.T.);
#11530 = VERTEX_POINT('',#11531);
#11531 = CARTESIAN_POINT('',(6.6,-5.1,-1.05));
#11532 = LINE('',#11533,#11534);
#11533 = CARTESIAN_POINT('',(6.6,0.,-1.05));
#11534 = VECTOR('',#11535,1.);
#11535 = DIRECTION('',(0.,1.,0.));
#11536 = ORIENTED_EDGE('',*,*,#11537,.F.);
#11537 = EDGE_CURVE('',#11538,#11530,#11540,.T.);
#11538 = VERTEX_POINT('',#11539);
#11539 = CARTESIAN_POINT('',(6.6,-5.35,-1.3));
#11540 = LINE('',#11541,#11542);
#11541 = CARTESIAN_POINT('',(6.6,-2.025,2.025));
#11542 = VECTOR('',#11543,1.);
#11543 = DIRECTION('',(4.329780281177E-17,0.707106781187,0.707106781187)
  );
#11544 = ORIENTED_EDGE('',*,*,#11545,.F.);
#11545 = EDGE_CURVE('',#11546,#11538,#11548,.T.);
#11546 = VERTEX_POINT('',#11547);
#11547 = CARTESIAN_POINT('',(6.6,-6.755,-1.3));
#11548 = LINE('',#11549,#11550);
#11549 = CARTESIAN_POINT('',(6.6,-5.55,-1.3));
#11550 = VECTOR('',#11551,1.);
#11551 = DIRECTION('',(0.,1.,0.));
#11552 = ORIENTED_EDGE('',*,*,#11553,.F.);
#11553 = EDGE_CURVE('',#11554,#11546,#11556,.T.);
#11554 = VERTEX_POINT('',#11555);
#11555 = CARTESIAN_POINT('',(6.6,-6.755,-1.E-02));
#11556 = CIRCLE('',#11557,0.645);
#11557 = AXIS2_PLACEMENT_3D('',#11558,#11559,#11560);
#11558 = CARTESIAN_POINT('',(6.6,-6.755,-0.655));
#11559 = DIRECTION('',(1.,0.,-6.123233995737E-17));
#11560 = DIRECTION('',(0.,1.,0.));
#11561 = ORIENTED_EDGE('',*,*,#11562,.F.);
#11562 = EDGE_CURVE('',#11563,#11554,#11565,.T.);
#11563 = VERTEX_POINT('',#11564);
#11564 = CARTESIAN_POINT('',(6.6,-5.55,-1.E-02));
#11565 = LINE('',#11566,#11567);
#11566 = CARTESIAN_POINT('',(6.6,-5.55,-1.E-02));
#11567 = VECTOR('',#11568,1.);
#11568 = DIRECTION('',(2.20375887164E-32,-1.,3.599011360948E-16));
#11569 = ORIENTED_EDGE('',*,*,#11570,.F.);
#11570 = EDGE_CURVE('',#11571,#11563,#11573,.T.);
#11571 = VERTEX_POINT('',#11572);
#11572 = CARTESIAN_POINT('',(6.6,5.55,-1.E-02));
#11573 = LINE('',#11574,#11575);
#11574 = CARTESIAN_POINT('',(6.6,5.55,-1.E-02));
#11575 = VECTOR('',#11576,1.);
#11576 = DIRECTION('',(0.,-1.,0.));
#11577 = ORIENTED_EDGE('',*,*,#11578,.F.);
#11578 = EDGE_CURVE('',#11479,#11571,#11579,.T.);
#11579 = LINE('',#11580,#11581);
#11580 = CARTESIAN_POINT('',(6.6,5.55,4.969026041821E-02));
#11581 = VECTOR('',#11582,1.);
#11582 = DIRECTION('',(6.123233995737E-17,0.,1.));
#11583 = ORIENTED_EDGE('',*,*,#11478,.F.);
#11584 = ORIENTED_EDGE('',*,*,#11585,.T.);
#11585 = EDGE_CURVE('',#11471,#11586,#11588,.T.);
#11586 = VERTEX_POINT('',#11587);
#11587 = CARTESIAN_POINT('',(6.6,4.75,-1.05));
#11588 = LINE('',#11589,#11590);
#11589 = CARTESIAN_POINT('',(6.6,1.85,1.85));
#11590 = VECTOR('',#11591,1.);
#11591 = DIRECTION('',(4.329780281177E-17,-0.707106781187,0.707106781187
    ));
#11592 = ORIENTED_EDGE('',*,*,#11593,.T.);
#11593 = EDGE_CURVE('',#11586,#11594,#11596,.T.);
#11594 = VERTEX_POINT('',#11595);
#11595 = CARTESIAN_POINT('',(6.6,3.25,-1.05));
#11596 = LINE('',#11597,#11598);
#11597 = CARTESIAN_POINT('',(6.6,1.13841228111E-16,-1.05));
#11598 = VECTOR('',#11599,1.);
#11599 = DIRECTION('',(-6.638823600815E-33,-1.,-1.084202172486E-16));
#11600 = ORIENTED_EDGE('',*,*,#11601,.T.);
#11601 = EDGE_CURVE('',#11594,#11417,#11602,.T.);
#11602 = LINE('',#11603,#11604);
#11603 = CARTESIAN_POINT('',(6.6,2.15,-2.15));
#11604 = VECTOR('',#11605,1.);
#11605 = DIRECTION('',(-4.329780281177E-17,-0.707106781187,
    -0.707106781187));
#11606 = ORIENTED_EDGE('',*,*,#11416,.F.);
#11607 = FACE_BOUND('',#11608,.T.);
#11608 = EDGE_LOOP('',(#11609));
#11609 = ORIENTED_EDGE('',*,*,#11610,.T.);
#11610 = EDGE_CURVE('',#11611,#11611,#11613,.T.);
#11611 = VERTEX_POINT('',#11612);
#11612 = CARTESIAN_POINT('',(6.6,-6.755,-1.005));
#11613 = CIRCLE('',#11614,0.35);
#11614 = AXIS2_PLACEMENT_3D('',#11615,#11616,#11617);
#11615 = CARTESIAN_POINT('',(6.6,-6.755,-0.655));
#11616 = DIRECTION('',(1.,0.,-6.123233995737E-17));
#11617 = DIRECTION('',(-6.123233995737E-17,0.,-1.));
#11618 = PLANE('',#11619);
#11619 = AXIS2_PLACEMENT_3D('',#11620,#11621,#11622);
#11620 = CARTESIAN_POINT('',(6.6,0.,-4.041334437186E-16));
#11621 = DIRECTION('',(1.,0.,-6.123233995737E-17));
#11622 = DIRECTION('',(-6.123233995737E-17,0.,-1.));
#11623 = ADVANCED_FACE('',(#11624),#11640,.F.);
#11624 = FACE_BOUND('',#11625,.T.);
#11625 = EDGE_LOOP('',(#11626,#11632,#11633,#11639));
#11626 = ORIENTED_EDGE('',*,*,#11627,.F.);
#11627 = EDGE_CURVE('',#11347,#11538,#11628,.T.);
#11628 = LINE('',#11629,#11630);
#11629 = CARTESIAN_POINT('',(6.8,-5.35,-1.3));
#11630 = VECTOR('',#11631,1.);
#11631 = DIRECTION('',(-1.,-6.123233995737E-17,0.));
#11632 = ORIENTED_EDGE('',*,*,#11346,.F.);
#11633 = ORIENTED_EDGE('',*,*,#11634,.F.);
#11634 = EDGE_CURVE('',#11546,#11338,#11635,.T.);
#11635 = LINE('',#11636,#11637);
#11636 = CARTESIAN_POINT('',(6.6,-6.755,-1.3));
#11637 = VECTOR('',#11638,1.);
#11638 = DIRECTION('',(1.,0.,-6.123233995737E-17));
#11639 = ORIENTED_EDGE('',*,*,#11545,.T.);
#11640 = PLANE('',#11641);
#11641 = AXIS2_PLACEMENT_3D('',#11642,#11643,#11644);
#11642 = CARTESIAN_POINT('',(6.8,-5.55,-1.3));
#11643 = DIRECTION('',(0.,0.,1.));
#11644 = DIRECTION('',(1.,0.,-0.));
#11645 = ADVANCED_FACE('',(#11646),#11673,.T.);
#11646 = FACE_BOUND('',#11647,.T.);
#11647 = EDGE_LOOP('',(#11648,#11649,#11656,#11657,#11663,#11664,#11671,
    #11672));
#11648 = ORIENTED_EDGE('',*,*,#11578,.T.);
#11649 = ORIENTED_EDGE('',*,*,#11650,.F.);
#11650 = EDGE_CURVE('',#10311,#11571,#11651,.T.);
#11651 = CIRCLE('',#11652,1.E-02);
#11652 = AXIS2_PLACEMENT_3D('',#11653,#11654,#11655);
#11653 = CARTESIAN_POINT('',(6.59,5.55,-1.E-02));
#11654 = DIRECTION('',(0.,1.,0.));
#11655 = DIRECTION('',(0.,-0.,1.));
#11656 = ORIENTED_EDGE('',*,*,#10310,.F.);
#11657 = ORIENTED_EDGE('',*,*,#11658,.F.);
#11658 = EDGE_CURVE('',#10011,#10302,#11659,.T.);
#11659 = LINE('',#11660,#11661);
#11660 = CARTESIAN_POINT('',(5.9,5.55,0.2));
#11661 = VECTOR('',#11662,1.);
#11662 = DIRECTION('',(0.,0.,-1.));
#11663 = ORIENTED_EDGE('',*,*,#10010,.T.);
#11664 = ORIENTED_EDGE('',*,*,#11665,.T.);
#11665 = EDGE_CURVE('',#10003,#11314,#11666,.T.);
#11666 = CIRCLE('',#11667,0.21);
#11667 = AXIS2_PLACEMENT_3D('',#11668,#11669,#11670);
#11668 = CARTESIAN_POINT('',(6.59,5.55,-1.E-02));
#11669 = DIRECTION('',(0.,1.,0.));
#11670 = DIRECTION('',(0.,0.,-1.));
#11671 = ORIENTED_EDGE('',*,*,#11313,.F.);
#11672 = ORIENTED_EDGE('',*,*,#11486,.T.);
#11673 = PLANE('',#11674);
#11674 = AXIS2_PLACEMENT_3D('',#11675,#11676,#11677);
#11675 = CARTESIAN_POINT('',(5.6,5.55,0.2));
#11676 = DIRECTION('',(-8.673617379884E-16,1.,0.));
#11677 = DIRECTION('',(-1.,-8.673617379884E-16,0.));
#11678 = ADVANCED_FACE('',(#11679),#11709,.T.);
#11679 = FACE_BOUND('',#11680,.T.);
#11680 = EDGE_LOOP('',(#11681,#11687,#11694,#11695,#11701,#11702));
#11681 = ORIENTED_EDGE('',*,*,#11682,.T.);
#11682 = EDGE_CURVE('',#11563,#11322,#11683,.T.);
#11683 = LINE('',#11684,#11685);
#11684 = CARTESIAN_POINT('',(6.6,-5.55,-1.E-02));
#11685 = VECTOR('',#11686,1.);
#11686 = DIRECTION('',(1.,0.,-6.123233995737E-17));
#11687 = ORIENTED_EDGE('',*,*,#11688,.T.);
#11688 = EDGE_CURVE('',#11322,#9995,#11689,.T.);
#11689 = CIRCLE('',#11690,0.21);
#11690 = AXIS2_PLACEMENT_3D('',#11691,#11692,#11693);
#11691 = CARTESIAN_POINT('',(6.59,-5.55,-1.E-02));
#11692 = DIRECTION('',(0.,-1.,0.));
#11693 = DIRECTION('',(0.,0.,-1.));
#11694 = ORIENTED_EDGE('',*,*,#9994,.T.);
#11695 = ORIENTED_EDGE('',*,*,#11696,.T.);
#11696 = EDGE_CURVE('',#9986,#10327,#11697,.T.);
#11697 = LINE('',#11698,#11699);
#11698 = CARTESIAN_POINT('',(5.5,-5.55,0.2));
#11699 = VECTOR('',#11700,1.);
#11700 = DIRECTION('',(0.,0.,-1.));
#11701 = ORIENTED_EDGE('',*,*,#10326,.F.);
#11702 = ORIENTED_EDGE('',*,*,#11703,.T.);
#11703 = EDGE_CURVE('',#10319,#11563,#11704,.T.);
#11704 = CIRCLE('',#11705,1.E-02);
#11705 = AXIS2_PLACEMENT_3D('',#11706,#11707,#11708);
#11706 = CARTESIAN_POINT('',(6.59,-5.55,-1.E-02));
#11707 = DIRECTION('',(0.,1.,0.));
#11708 = DIRECTION('',(0.,-0.,1.));
#11709 = PLANE('',#11710);
#11710 = AXIS2_PLACEMENT_3D('',#11711,#11712,#11713);
#11711 = CARTESIAN_POINT('',(6.6,-5.55,0.2));
#11712 = DIRECTION('',(0.,-1.,0.));
#11713 = DIRECTION('',(0.,0.,-1.));
#11714 = ADVANCED_FACE('',(#11715),#11731,.T.);
#11715 = FACE_BOUND('',#11716,.T.);
#11716 = EDGE_LOOP('',(#11717,#11718,#11724,#11725));
#11717 = ORIENTED_EDGE('',*,*,#10293,.F.);
#11718 = ORIENTED_EDGE('',*,*,#11719,.F.);
#11719 = EDGE_CURVE('',#10028,#10285,#11720,.T.);
#11720 = LINE('',#11721,#11722);
#11721 = CARTESIAN_POINT('',(5.6,4.85,0.2));
#11722 = VECTOR('',#11723,1.);
#11723 = DIRECTION('',(0.,0.,-1.));
#11724 = ORIENTED_EDGE('',*,*,#10027,.T.);
#11725 = ORIENTED_EDGE('',*,*,#11726,.T.);
#11726 = EDGE_CURVE('',#10019,#10294,#11727,.T.);
#11727 = LINE('',#11728,#11729);
#11728 = CARTESIAN_POINT('',(5.6,5.25,0.2));
#11729 = VECTOR('',#11730,1.);
#11730 = DIRECTION('',(0.,0.,-1.));
#11731 = PLANE('',#11732);
#11732 = AXIS2_PLACEMENT_3D('',#11733,#11734,#11735);
#11733 = CARTESIAN_POINT('',(5.6,5.55,0.2));
#11734 = DIRECTION('',(-1.,5.10212787052E-16,0.));
#11735 = DIRECTION('',(-5.10212787052E-16,-1.,0.));
#11736 = ADVANCED_FACE('',(#11737),#11753,.T.);
#11737 = FACE_BOUND('',#11738,.T.);
#11738 = EDGE_LOOP('',(#11739,#11740,#11746,#11747));
#11739 = ORIENTED_EDGE('',*,*,#10352,.F.);
#11740 = ORIENTED_EDGE('',*,*,#11741,.F.);
#11741 = EDGE_CURVE('',#9969,#10344,#11742,.T.);
#11742 = LINE('',#11743,#11744);
#11743 = CARTESIAN_POINT('',(5.3,-5.35,0.2));
#11744 = VECTOR('',#11745,1.);
#11745 = DIRECTION('',(0.,0.,-1.));
#11746 = ORIENTED_EDGE('',*,*,#9968,.T.);
#11747 = ORIENTED_EDGE('',*,*,#11748,.T.);
#11748 = EDGE_CURVE('',#9960,#10353,#11749,.T.);
#11749 = LINE('',#11750,#11751);
#11750 = CARTESIAN_POINT('',(-4.,-5.35,0.));
#11751 = VECTOR('',#11752,1.);
#11752 = DIRECTION('',(0.,0.,-1.));
#11753 = PLANE('',#11754);
#11754 = AXIS2_PLACEMENT_3D('',#11755,#11756,#11757);
#11755 = CARTESIAN_POINT('',(-4.1,-5.35,0.2));
#11756 = DIRECTION('',(0.,-1.,0.));
#11757 = DIRECTION('',(0.,0.,-1.));
#11758 = ADVANCED_FACE('',(#11759),#11775,.T.);
#11759 = FACE_BOUND('',#11760,.T.);
#11760 = EDGE_LOOP('',(#11761,#11762,#11768,#11769));
#11761 = ORIENTED_EDGE('',*,*,#10061,.T.);
#11762 = ORIENTED_EDGE('',*,*,#11763,.T.);
#11763 = EDGE_CURVE('',#10053,#10260,#11764,.T.);
#11764 = LINE('',#11765,#11766);
#11765 = CARTESIAN_POINT('',(-5.6,4.85,0.));
#11766 = VECTOR('',#11767,1.);
#11767 = DIRECTION('',(0.,0.,-1.));
#11768 = ORIENTED_EDGE('',*,*,#10259,.F.);
#11769 = ORIENTED_EDGE('',*,*,#11770,.F.);
#11770 = EDGE_CURVE('',#10062,#10251,#11771,.T.);
#11771 = LINE('',#11772,#11773);
#11772 = CARTESIAN_POINT('',(-5.6,5.25,0.2));
#11773 = VECTOR('',#11774,1.);
#11774 = DIRECTION('',(0.,0.,-1.));
#11775 = PLANE('',#11776);
#11776 = AXIS2_PLACEMENT_3D('',#11777,#11778,#11779);
#11777 = CARTESIAN_POINT('',(-5.6,3.85,0.2));
#11778 = DIRECTION('',(1.,0.,0.));
#11779 = DIRECTION('',(0.,0.,-1.));
#11780 = ADVANCED_FACE('',(#11781),#11797,.T.);
#11781 = FACE_BOUND('',#11782,.T.);
#11782 = EDGE_LOOP('',(#11783,#11784,#11790,#11791));
#11783 = ORIENTED_EDGE('',*,*,#10276,.F.);
#11784 = ORIENTED_EDGE('',*,*,#11785,.F.);
#11785 = EDGE_CURVE('',#10045,#10268,#11786,.T.);
#11786 = LINE('',#11787,#11788);
#11787 = CARTESIAN_POINT('',(-4.6,3.85,0.2));
#11788 = VECTOR('',#11789,1.);
#11789 = DIRECTION('',(0.,0.,-1.));
#11790 = ORIENTED_EDGE('',*,*,#10044,.T.);
#11791 = ORIENTED_EDGE('',*,*,#11792,.T.);
#11792 = EDGE_CURVE('',#10036,#10277,#11793,.T.);
#11793 = LINE('',#11794,#11795);
#11794 = CARTESIAN_POINT('',(4.6,3.85,0.));
#11795 = VECTOR('',#11796,1.);
#11796 = DIRECTION('',(0.,0.,-1.));
#11797 = PLANE('',#11798);
#11798 = AXIS2_PLACEMENT_3D('',#11799,#11800,#11801);
#11799 = CARTESIAN_POINT('',(5.6,3.85,0.2));
#11800 = DIRECTION('',(0.,1.,0.));
#11801 = DIRECTION('',(0.,-0.,1.));
#11802 = ADVANCED_FACE('',(#11803),#11819,.T.);
#11803 = FACE_BOUND('',#11804,.T.);
#11804 = EDGE_LOOP('',(#11805,#11806,#11812,#11813));
#11805 = ORIENTED_EDGE('',*,*,#9865,.F.);
#11806 = ORIENTED_EDGE('',*,*,#11807,.F.);
#11807 = EDGE_CURVE('',#10431,#9857,#11808,.T.);
#11808 = LINE('',#11809,#11810);
#11809 = CARTESIAN_POINT('',(-4.6,0.15,0.));
#11810 = VECTOR('',#11811,1.);
#11811 = DIRECTION('',(0.,0.,1.));
#11812 = ORIENTED_EDGE('',*,*,#10430,.F.);
#11813 = ORIENTED_EDGE('',*,*,#11814,.T.);
#11814 = EDGE_CURVE('',#10422,#9866,#11815,.T.);
#11815 = LINE('',#11816,#11817);
#11816 = CARTESIAN_POINT('',(-4.6,0.95,0.2));
#11817 = VECTOR('',#11818,1.);
#11818 = DIRECTION('',(0.,0.,1.));
#11819 = PLANE('',#11820);
#11820 = AXIS2_PLACEMENT_3D('',#11821,#11822,#11823);
#11821 = CARTESIAN_POINT('',(-4.6,-0.55,-17.0478984227));
#11822 = DIRECTION('',(1.,0.,0.));
#11823 = DIRECTION('',(0.,0.,-1.));
#11824 = ADVANCED_FACE('',(#11825),#11841,.T.);
#11825 = FACE_BOUND('',#11826,.T.);
#11826 = EDGE_LOOP('',(#11827,#11828,#11834,#11835));
#11827 = ORIENTED_EDGE('',*,*,#10413,.F.);
#11828 = ORIENTED_EDGE('',*,*,#11829,.T.);
#11829 = EDGE_CURVE('',#10405,#9883,#11830,.T.);
#11830 = LINE('',#11831,#11832);
#11831 = CARTESIAN_POINT('',(3.9,1.65,0.2));
#11832 = VECTOR('',#11833,1.);
#11833 = DIRECTION('',(0.,0.,1.));
#11834 = ORIENTED_EDGE('',*,*,#9882,.F.);
#11835 = ORIENTED_EDGE('',*,*,#11836,.F.);
#11836 = EDGE_CURVE('',#10414,#9874,#11837,.T.);
#11837 = LINE('',#11838,#11839);
#11838 = CARTESIAN_POINT('',(-3.9,1.65,0.));
#11839 = VECTOR('',#11840,1.);
#11840 = DIRECTION('',(0.,0.,1.));
#11841 = PLANE('',#11842);
#11842 = AXIS2_PLACEMENT_3D('',#11843,#11844,#11845);
#11843 = CARTESIAN_POINT('',(-4.6,1.65,-17.0478984227));
#11844 = DIRECTION('',(0.,-1.,0.));
#11845 = DIRECTION('',(0.,0.,-1.));
#11846 = ADVANCED_FACE('',(#11847),#11863,.T.);
#11847 = FACE_BOUND('',#11848,.T.);
#11848 = EDGE_LOOP('',(#11849,#11850,#11856,#11857));
#11849 = ORIENTED_EDGE('',*,*,#10394,.F.);
#11850 = ORIENTED_EDGE('',*,*,#11851,.T.);
#11851 = EDGE_CURVE('',#10395,#9900,#11852,.T.);
#11852 = LINE('',#11853,#11854);
#11853 = CARTESIAN_POINT('',(4.6,0.15,0.2));
#11854 = VECTOR('',#11855,1.);
#11855 = DIRECTION('',(0.,0.,1.));
#11856 = ORIENTED_EDGE('',*,*,#9899,.F.);
#11857 = ORIENTED_EDGE('',*,*,#11858,.F.);
#11858 = EDGE_CURVE('',#10397,#9891,#11859,.T.);
#11859 = LINE('',#11860,#11861);
#11860 = CARTESIAN_POINT('',(4.6,0.95,0.));
#11861 = VECTOR('',#11862,1.);
#11862 = DIRECTION('',(0.,0.,1.));
#11863 = PLANE('',#11864);
#11864 = AXIS2_PLACEMENT_3D('',#11865,#11866,#11867);
#11865 = CARTESIAN_POINT('',(4.6,1.65,-17.0478984227));
#11866 = DIRECTION('',(-1.,0.,0.));
#11867 = DIRECTION('',(0.,0.,1.));
#11868 = ADVANCED_FACE('',(#11869),#11885,.T.);
#11869 = FACE_BOUND('',#11870,.T.);
#11870 = EDGE_LOOP('',(#11871,#11872,#11878,#11879));
#11871 = ORIENTED_EDGE('',*,*,#10447,.F.);
#11872 = ORIENTED_EDGE('',*,*,#11873,.T.);
#11873 = EDGE_CURVE('',#10439,#9849,#11874,.T.);
#11874 = LINE('',#11875,#11876);
#11875 = CARTESIAN_POINT('',(-3.9,-0.55,0.2));
#11876 = VECTOR('',#11877,1.);
#11877 = DIRECTION('',(0.,0.,1.));
#11878 = ORIENTED_EDGE('',*,*,#9846,.F.);
#11879 = ORIENTED_EDGE('',*,*,#11880,.F.);
#11880 = EDGE_CURVE('',#10448,#9847,#11881,.T.);
#11881 = LINE('',#11882,#11883);
#11882 = CARTESIAN_POINT('',(3.9,-0.55,0.));
#11883 = VECTOR('',#11884,1.);
#11884 = DIRECTION('',(0.,0.,1.));
#11885 = PLANE('',#11886);
#11886 = AXIS2_PLACEMENT_3D('',#11887,#11888,#11889);
#11887 = CARTESIAN_POINT('',(4.6,-0.55,-17.0478984227));
#11888 = DIRECTION('',(0.,1.,0.));
#11889 = DIRECTION('',(0.,-0.,1.));
#11890 = ADVANCED_FACE('',(#11891),#11897,.T.);
#11891 = FACE_BOUND('',#11892,.T.);
#11892 = EDGE_LOOP('',(#11893,#11894,#11895,#11896));
#11893 = ORIENTED_EDGE('',*,*,#10069,.T.);
#11894 = ORIENTED_EDGE('',*,*,#11770,.T.);
#11895 = ORIENTED_EDGE('',*,*,#10250,.F.);
#11896 = ORIENTED_EDGE('',*,*,#11158,.F.);
#11897 = CYLINDRICAL_SURFACE('',#11898,0.3);
#11898 = AXIS2_PLACEMENT_3D('',#11899,#11900,#11901);
#11899 = CARTESIAN_POINT('',(-5.9,5.25,0.2));
#11900 = DIRECTION('',(0.,0.,-1.));
#11901 = DIRECTION('',(-1.,0.,0.));
#11902 = ADVANCED_FACE('',(#11903),#11909,.T.);
#11903 = FACE_BOUND('',#11904,.T.);
#11904 = EDGE_LOOP('',(#11905,#11906,#11907,#11908));
#11905 = ORIENTED_EDGE('',*,*,#10018,.T.);
#11906 = ORIENTED_EDGE('',*,*,#11658,.T.);
#11907 = ORIENTED_EDGE('',*,*,#10301,.F.);
#11908 = ORIENTED_EDGE('',*,*,#11726,.F.);
#11909 = CYLINDRICAL_SURFACE('',#11910,0.3);
#11910 = AXIS2_PLACEMENT_3D('',#11911,#11912,#11913);
#11911 = CARTESIAN_POINT('',(5.9,5.25,0.2));
#11912 = DIRECTION('',(0.,0.,-1.));
#11913 = DIRECTION('',(-1.,0.,0.));
#11914 = ADVANCED_FACE('',(#11915),#11921,.F.);
#11915 = FACE_BOUND('',#11916,.F.);
#11916 = EDGE_LOOP('',(#11917,#11918,#11919,#11920));
#11917 = ORIENTED_EDGE('',*,*,#11763,.T.);
#11918 = ORIENTED_EDGE('',*,*,#10267,.F.);
#11919 = ORIENTED_EDGE('',*,*,#11785,.F.);
#11920 = ORIENTED_EDGE('',*,*,#10052,.T.);
#11921 = CYLINDRICAL_SURFACE('',#11922,1.);
#11922 = AXIS2_PLACEMENT_3D('',#11923,#11924,#11925);
#11923 = CARTESIAN_POINT('',(-4.6,4.85,0.2));
#11924 = DIRECTION('',(0.,0.,1.));
#11925 = DIRECTION('',(1.,0.,-0.));
#11926 = ADVANCED_FACE('',(#11927),#11933,.F.);
#11927 = FACE_BOUND('',#11928,.F.);
#11928 = EDGE_LOOP('',(#11929,#11930,#11931,#11932));
#11929 = ORIENTED_EDGE('',*,*,#11792,.T.);
#11930 = ORIENTED_EDGE('',*,*,#10284,.F.);
#11931 = ORIENTED_EDGE('',*,*,#11719,.F.);
#11932 = ORIENTED_EDGE('',*,*,#10035,.T.);
#11933 = CYLINDRICAL_SURFACE('',#11934,1.);
#11934 = AXIS2_PLACEMENT_3D('',#11935,#11936,#11937);
#11935 = CARTESIAN_POINT('',(4.6,4.85,0.2));
#11936 = DIRECTION('',(0.,0.,1.));
#11937 = DIRECTION('',(1.,0.,-0.));
#11938 = ADVANCED_FACE('',(#11939),#11945,.F.);
#11939 = FACE_BOUND('',#11940,.F.);
#11940 = EDGE_LOOP('',(#11941,#11942,#11943,#11944));
#11941 = ORIENTED_EDGE('',*,*,#11873,.T.);
#11942 = ORIENTED_EDGE('',*,*,#9856,.T.);
#11943 = ORIENTED_EDGE('',*,*,#11807,.F.);
#11944 = ORIENTED_EDGE('',*,*,#10438,.F.);
#11945 = CYLINDRICAL_SURFACE('',#11946,0.7);
#11946 = AXIS2_PLACEMENT_3D('',#11947,#11948,#11949);
#11947 = CARTESIAN_POINT('',(-3.9,0.15,-17.0478984227));
#11948 = DIRECTION('',(0.,0.,-1.));
#11949 = DIRECTION('',(-1.,0.,0.));
#11950 = ADVANCED_FACE('',(#11951),#11957,.F.);
#11951 = FACE_BOUND('',#11952,.F.);
#11952 = EDGE_LOOP('',(#11953,#11954,#11955,#11956));
#11953 = ORIENTED_EDGE('',*,*,#11851,.T.);
#11954 = ORIENTED_EDGE('',*,*,#9907,.T.);
#11955 = ORIENTED_EDGE('',*,*,#11880,.F.);
#11956 = ORIENTED_EDGE('',*,*,#10455,.F.);
#11957 = CYLINDRICAL_SURFACE('',#11958,0.7);
#11958 = AXIS2_PLACEMENT_3D('',#11959,#11960,#11961);
#11959 = CARTESIAN_POINT('',(3.9,0.15,-17.0478984227));
#11960 = DIRECTION('',(0.,0.,-1.));
#11961 = DIRECTION('',(-1.,0.,0.));
#11962 = ADVANCED_FACE('',(#11963),#11969,.F.);
#11963 = FACE_BOUND('',#11964,.F.);
#11964 = EDGE_LOOP('',(#11965,#11966,#11967,#11968));
#11965 = ORIENTED_EDGE('',*,*,#11829,.T.);
#11966 = ORIENTED_EDGE('',*,*,#9890,.T.);
#11967 = ORIENTED_EDGE('',*,*,#11858,.F.);
#11968 = ORIENTED_EDGE('',*,*,#10404,.F.);
#11969 = CYLINDRICAL_SURFACE('',#11970,0.7);
#11970 = AXIS2_PLACEMENT_3D('',#11971,#11972,#11973);
#11971 = CARTESIAN_POINT('',(3.9,0.95,-17.0478984227));
#11972 = DIRECTION('',(0.,0.,-1.));
#11973 = DIRECTION('',(-1.,0.,0.));
#11974 = ADVANCED_FACE('',(#11975),#11981,.F.);
#11975 = FACE_BOUND('',#11976,.F.);
#11976 = EDGE_LOOP('',(#11977,#11978,#11979,#11980));
#11977 = ORIENTED_EDGE('',*,*,#11814,.T.);
#11978 = ORIENTED_EDGE('',*,*,#9873,.T.);
#11979 = ORIENTED_EDGE('',*,*,#11836,.F.);
#11980 = ORIENTED_EDGE('',*,*,#10421,.F.);
#11981 = CYLINDRICAL_SURFACE('',#11982,0.7);
#11982 = AXIS2_PLACEMENT_3D('',#11983,#11984,#11985);
#11983 = CARTESIAN_POINT('',(-3.9,0.95,-17.0478984227));
#11984 = DIRECTION('',(0.,0.,-1.));
#11985 = DIRECTION('',(-1.,0.,0.));
#11986 = ADVANCED_FACE('',(#11987),#11998,.F.);
#11987 = FACE_BOUND('',#11988,.F.);
#11988 = EDGE_LOOP('',(#11989,#11990,#11991,#11992));
#11989 = ORIENTED_EDGE('',*,*,#10343,.F.);
#11990 = ORIENTED_EDGE('',*,*,#11741,.F.);
#11991 = ORIENTED_EDGE('',*,*,#9976,.T.);
#11992 = ORIENTED_EDGE('',*,*,#11993,.T.);
#11993 = EDGE_CURVE('',#9977,#10335,#11994,.T.);
#11994 = LINE('',#11995,#11996);
#11995 = CARTESIAN_POINT('',(5.4,-5.45,0.));
#11996 = VECTOR('',#11997,1.);
#11997 = DIRECTION('',(0.,0.,-1.));
#11998 = CYLINDRICAL_SURFACE('',#11999,0.1);
#11999 = AXIS2_PLACEMENT_3D('',#12000,#12001,#12002);
#12000 = CARTESIAN_POINT('',(5.3,-5.45,0.2));
#12001 = DIRECTION('',(0.,0.,1.));
#12002 = DIRECTION('',(1.,0.,-0.));
#12003 = ADVANCED_FACE('',(#12004),#12010,.T.);
#12004 = FACE_BOUND('',#12005,.T.);
#12005 = EDGE_LOOP('',(#12006,#12007,#12008,#12009));
#12006 = ORIENTED_EDGE('',*,*,#9985,.T.);
#12007 = ORIENTED_EDGE('',*,*,#11993,.T.);
#12008 = ORIENTED_EDGE('',*,*,#10334,.F.);
#12009 = ORIENTED_EDGE('',*,*,#11696,.F.);
#12010 = CYLINDRICAL_SURFACE('',#12011,0.1);
#12011 = AXIS2_PLACEMENT_3D('',#12012,#12013,#12014);
#12012 = CARTESIAN_POINT('',(5.5,-5.45,0.2));
#12013 = DIRECTION('',(0.,0.,-1.));
#12014 = DIRECTION('',(-1.,0.,0.));
#12015 = ADVANCED_FACE('',(#12016),#12027,.T.);
#12016 = FACE_BOUND('',#12017,.T.);
#12017 = EDGE_LOOP('',(#12018,#12024,#12025,#12026));
#12018 = ORIENTED_EDGE('',*,*,#12019,.F.);
#12019 = EDGE_CURVE('',#9951,#10361,#12020,.T.);
#12020 = LINE('',#12021,#12022);
#12021 = CARTESIAN_POINT('',(-4.1,-5.45,0.2));
#12022 = VECTOR('',#12023,1.);
#12023 = DIRECTION('',(0.,0.,-1.));
#12024 = ORIENTED_EDGE('',*,*,#9950,.T.);
#12025 = ORIENTED_EDGE('',*,*,#11124,.T.);
#12026 = ORIENTED_EDGE('',*,*,#10369,.F.);
#12027 = CYLINDRICAL_SURFACE('',#12028,0.1);
#12028 = AXIS2_PLACEMENT_3D('',#12029,#12030,#12031);
#12029 = CARTESIAN_POINT('',(-4.2,-5.45,0.2));
#12030 = DIRECTION('',(0.,0.,-1.));
#12031 = DIRECTION('',(-1.,0.,0.));
#12032 = ADVANCED_FACE('',(#12033),#12039,.F.);
#12033 = FACE_BOUND('',#12034,.F.);
#12034 = EDGE_LOOP('',(#12035,#12036,#12037,#12038));
#12035 = ORIENTED_EDGE('',*,*,#11748,.T.);
#12036 = ORIENTED_EDGE('',*,*,#10360,.F.);
#12037 = ORIENTED_EDGE('',*,*,#12019,.F.);
#12038 = ORIENTED_EDGE('',*,*,#9959,.T.);
#12039 = CYLINDRICAL_SURFACE('',#12040,0.1);
#12040 = AXIS2_PLACEMENT_3D('',#12041,#12042,#12043);
#12041 = CARTESIAN_POINT('',(-4.,-5.45,0.2));
#12042 = DIRECTION('',(0.,0.,1.));
#12043 = DIRECTION('',(1.,0.,-0.));
#12044 = ADVANCED_FACE('',(#12045),#12051,.T.);
#12045 = FACE_BOUND('',#12046,.T.);
#12046 = EDGE_LOOP('',(#12047,#12048,#12049,#12050));
#12047 = ORIENTED_EDGE('',*,*,#11665,.F.);
#12048 = ORIENTED_EDGE('',*,*,#10002,.F.);
#12049 = ORIENTED_EDGE('',*,*,#11688,.F.);
#12050 = ORIENTED_EDGE('',*,*,#11321,.F.);
#12051 = CYLINDRICAL_SURFACE('',#12052,0.21);
#12052 = AXIS2_PLACEMENT_3D('',#12053,#12054,#12055);
#12053 = CARTESIAN_POINT('',(6.59,-5.55,-1.E-02));
#12054 = DIRECTION('',(0.,1.,0.));
#12055 = DIRECTION('',(0.,0.,-1.));
#12056 = ADVANCED_FACE('',(#12057),#12063,.F.);
#12057 = FACE_BOUND('',#12058,.F.);
#12058 = EDGE_LOOP('',(#12059,#12060,#12061,#12062));
#12059 = ORIENTED_EDGE('',*,*,#10318,.F.);
#12060 = ORIENTED_EDGE('',*,*,#11703,.T.);
#12061 = ORIENTED_EDGE('',*,*,#11570,.F.);
#12062 = ORIENTED_EDGE('',*,*,#11650,.F.);
#12063 = CYLINDRICAL_SURFACE('',#12064,1.E-02);
#12064 = AXIS2_PLACEMENT_3D('',#12065,#12066,#12067);
#12065 = CARTESIAN_POINT('',(6.59,-5.55,-1.E-02));
#12066 = DIRECTION('',(0.,1.,0.));
#12067 = DIRECTION('',(0.,0.,-1.));
#12068 = ADVANCED_FACE('',(#12069),#12080,.T.);
#12069 = FACE_BOUND('',#12070,.T.);
#12070 = EDGE_LOOP('',(#12071,#12072,#12073,#12074));
#12071 = ORIENTED_EDGE('',*,*,#11329,.F.);
#12072 = ORIENTED_EDGE('',*,*,#11682,.F.);
#12073 = ORIENTED_EDGE('',*,*,#11562,.T.);
#12074 = ORIENTED_EDGE('',*,*,#12075,.T.);
#12075 = EDGE_CURVE('',#11554,#11330,#12076,.T.);
#12076 = LINE('',#12077,#12078);
#12077 = CARTESIAN_POINT('',(6.6,-6.755,-1.E-02));
#12078 = VECTOR('',#12079,1.);
#12079 = DIRECTION('',(1.,0.,-6.123233995737E-17));
#12080 = PLANE('',#12081);
#12081 = AXIS2_PLACEMENT_3D('',#12082,#12083,#12084);
#12082 = CARTESIAN_POINT('',(6.6,-5.55,-1.E-02));
#12083 = DIRECTION('',(6.123233995737E-17,3.599011360948E-16,1.));
#12084 = DIRECTION('',(0.,-1.,3.599011360948E-16));
#12085 = ADVANCED_FACE('',(#12086),#12092,.T.);
#12086 = FACE_BOUND('',#12087,.T.);
#12087 = EDGE_LOOP('',(#12088,#12089,#12090,#12091));
#12088 = ORIENTED_EDGE('',*,*,#11337,.F.);
#12089 = ORIENTED_EDGE('',*,*,#12075,.F.);
#12090 = ORIENTED_EDGE('',*,*,#11553,.T.);
#12091 = ORIENTED_EDGE('',*,*,#11634,.T.);
#12092 = CYLINDRICAL_SURFACE('',#12093,0.645);
#12093 = AXIS2_PLACEMENT_3D('',#12094,#12095,#12096);
#12094 = CARTESIAN_POINT('',(6.6,-6.755,-0.655));
#12095 = DIRECTION('',(1.,0.,-6.123233995737E-17));
#12096 = DIRECTION('',(-6.123233995737E-17,0.,-1.));
#12097 = ADVANCED_FACE('',(#12098),#12118,.F.);
#12098 = FACE_BOUND('',#12099,.T.);
#12099 = EDGE_LOOP('',(#12100,#12111));
#12100 = ORIENTED_EDGE('',*,*,#12101,.F.);
#12101 = EDGE_CURVE('',#12102,#12104,#12106,.T.);
#12102 = VERTEX_POINT('',#12103);
#12103 = CARTESIAN_POINT('',(6.2,-6.755,-0.505));
#12104 = VERTEX_POINT('',#12105);
#12105 = CARTESIAN_POINT('',(6.2,-6.755,-0.805));
#12106 = CIRCLE('',#12107,0.15);
#12107 = AXIS2_PLACEMENT_3D('',#12108,#12109,#12110);
#12108 = CARTESIAN_POINT('',(6.2,-6.755,-0.655));
#12109 = DIRECTION('',(-1.,0.,6.123233995737E-17));
#12110 = DIRECTION('',(6.123233995737E-17,0.,1.));
#12111 = ORIENTED_EDGE('',*,*,#12112,.F.);
#12112 = EDGE_CURVE('',#12104,#12102,#12113,.T.);
#12113 = CIRCLE('',#12114,0.15);
#12114 = AXIS2_PLACEMENT_3D('',#12115,#12116,#12117);
#12115 = CARTESIAN_POINT('',(6.2,-6.755,-0.655));
#12116 = DIRECTION('',(-1.,0.,6.123233995737E-17));
#12117 = DIRECTION('',(6.123233995737E-17,0.,1.));
#12118 = PLANE('',#12119);
#12119 = AXIS2_PLACEMENT_3D('',#12120,#12121,#12122);
#12120 = CARTESIAN_POINT('',(6.2,-6.755,-0.655));
#12121 = DIRECTION('',(-1.,0.,6.123233995737E-17));
#12122 = DIRECTION('',(6.123233995737E-17,0.,1.));
#12123 = ADVANCED_FACE('',(#12124),#12143,.F.);
#12124 = FACE_BOUND('',#12125,.F.);
#12125 = EDGE_LOOP('',(#12126,#12135,#12140,#12141,#12142));
#12126 = ORIENTED_EDGE('',*,*,#12127,.F.);
#12127 = EDGE_CURVE('',#12128,#12128,#12130,.T.);
#12128 = VERTEX_POINT('',#12129);
#12129 = CARTESIAN_POINT('',(6.6,-6.755,-0.805));
#12130 = CIRCLE('',#12131,0.15);
#12131 = AXIS2_PLACEMENT_3D('',#12132,#12133,#12134);
#12132 = CARTESIAN_POINT('',(6.6,-6.755,-0.655));
#12133 = DIRECTION('',(1.,0.,-6.123233995737E-17));
#12134 = DIRECTION('',(-6.123233995737E-17,0.,-1.));
#12135 = ORIENTED_EDGE('',*,*,#12136,.F.);
#12136 = EDGE_CURVE('',#12104,#12128,#12137,.T.);
#12137 = B_SPLINE_CURVE_WITH_KNOTS('',1,(#12138,#12139),.UNSPECIFIED.,
  .F.,.F.,(2,2),(0.2,0.6),.PIECEWISE_BEZIER_KNOTS.);
#12138 = CARTESIAN_POINT('',(6.2,-6.755,-0.805));
#12139 = CARTESIAN_POINT('',(6.6,-6.755,-0.805));
#12140 = ORIENTED_EDGE('',*,*,#12101,.F.);
#12141 = ORIENTED_EDGE('',*,*,#12112,.F.);
#12142 = ORIENTED_EDGE('',*,*,#12136,.T.);
#12143 = CYLINDRICAL_SURFACE('',#12144,0.15);
#12144 = AXIS2_PLACEMENT_3D('',#12145,#12146,#12147);
#12145 = CARTESIAN_POINT('',(6.,-6.755,-0.655));
#12146 = DIRECTION('',(1.,0.,-6.123233995737E-17));
#12147 = DIRECTION('',(-6.123233995737E-17,0.,-1.));
#12148 = ADVANCED_FACE('',(#12149),#12176,.T.);
#12149 = FACE_BOUND('',#12150,.T.);
#12150 = EDGE_LOOP('',(#12151,#12162,#12167,#12168,#12169));
#12151 = ORIENTED_EDGE('',*,*,#12152,.F.);
#12152 = EDGE_CURVE('',#12153,#12155,#12157,.T.);
#12153 = VERTEX_POINT('',#12154);
#12154 = CARTESIAN_POINT('',(6.2,-6.755,-1.005));
#12155 = VERTEX_POINT('',#12156);
#12156 = CARTESIAN_POINT('',(6.2,-6.755,-0.305));
#12157 = CIRCLE('',#12158,0.35);
#12158 = AXIS2_PLACEMENT_3D('',#12159,#12160,#12161);
#12159 = CARTESIAN_POINT('',(6.2,-6.755,-0.655));
#12160 = DIRECTION('',(-1.,0.,6.123233995737E-17));
#12161 = DIRECTION('',(6.123233995737E-17,0.,1.));
#12162 = ORIENTED_EDGE('',*,*,#12163,.T.);
#12163 = EDGE_CURVE('',#12153,#11611,#12164,.T.);
#12164 = B_SPLINE_CURVE_WITH_KNOTS('',1,(#12165,#12166),.UNSPECIFIED.,
  .F.,.F.,(2,2),(0.2,0.6),.PIECEWISE_BEZIER_KNOTS.);
#12165 = CARTESIAN_POINT('',(6.2,-6.755,-1.005));
#12166 = CARTESIAN_POINT('',(6.6,-6.755,-1.005));
#12167 = ORIENTED_EDGE('',*,*,#11610,.F.);
#12168 = ORIENTED_EDGE('',*,*,#12163,.F.);
#12169 = ORIENTED_EDGE('',*,*,#12170,.F.);
#12170 = EDGE_CURVE('',#12155,#12153,#12171,.T.);
#12171 = CIRCLE('',#12172,0.35);
#12172 = AXIS2_PLACEMENT_3D('',#12173,#12174,#12175);
#12173 = CARTESIAN_POINT('',(6.2,-6.755,-0.655));
#12174 = DIRECTION('',(-1.,0.,6.123233995737E-17));
#12175 = DIRECTION('',(6.123233995737E-17,0.,1.));
#12176 = CYLINDRICAL_SURFACE('',#12177,0.35);
#12177 = AXIS2_PLACEMENT_3D('',#12178,#12179,#12180);
#12178 = CARTESIAN_POINT('',(6.,-6.755,-0.655));
#12179 = DIRECTION('',(1.,0.,-6.123233995737E-17));
#12180 = DIRECTION('',(-6.123233995737E-17,0.,-1.));
#12181 = ADVANCED_FACE('',(#12182),#12193,.T.);
#12182 = FACE_BOUND('',#12183,.T.);
#12183 = EDGE_LOOP('',(#12184));
#12184 = ORIENTED_EDGE('',*,*,#12185,.T.);
#12185 = EDGE_CURVE('',#12186,#12186,#12188,.T.);
#12186 = VERTEX_POINT('',#12187);
#12187 = CARTESIAN_POINT('',(6.,-6.755,-0.505));
#12188 = CIRCLE('',#12189,0.15);
#12189 = AXIS2_PLACEMENT_3D('',#12190,#12191,#12192);
#12190 = CARTESIAN_POINT('',(6.,-6.755,-0.655));
#12191 = DIRECTION('',(-1.,0.,6.123233995737E-17));
#12192 = DIRECTION('',(6.123233995737E-17,0.,1.));
#12193 = PLANE('',#12194);
#12194 = AXIS2_PLACEMENT_3D('',#12195,#12196,#12197);
#12195 = CARTESIAN_POINT('',(6.,-6.755,-0.655));
#12196 = DIRECTION('',(-1.,0.,6.123233995737E-17));
#12197 = DIRECTION('',(6.123233995737E-17,0.,1.));
#12198 = ADVANCED_FACE('',(#12199),#12215,.T.);
#12199 = FACE_BOUND('',#12200,.T.);
#12200 = EDGE_LOOP('',(#12201,#12202,#12203,#12213,#12214));
#12201 = ORIENTED_EDGE('',*,*,#12170,.T.);
#12202 = ORIENTED_EDGE('',*,*,#12152,.T.);
#12203 = ORIENTED_EDGE('',*,*,#12204,.T.);
#12204 = EDGE_CURVE('',#12155,#12186,#12205,.T.);
#12205 = ( BOUNDED_CURVE() B_SPLINE_CURVE(6,(#12206,#12207,#12208,#12209
    ,#12210,#12211,#12212),.UNSPECIFIED.,.F.,.F.) 
B_SPLINE_CURVE_WITH_KNOTS((7,7),(0.,1.570796326795),
.PIECEWISE_BEZIER_KNOTS.) CURVE() GEOMETRIC_REPRESENTATION_ITEM() 
RATIONAL_B_SPLINE_CURVE((1.031393471788,1.010025407661,0.997924642725,
    0.993958444137,0.997924642725,1.010025407661,1.031393471788)) 
REPRESENTATION_ITEM('') );
#12206 = CARTESIAN_POINT('',(6.2,-6.755,-0.305));
#12207 = CARTESIAN_POINT('',(6.146532643369,-6.755,-0.305));
#12208 = CARTESIAN_POINT('',(6.094458285484,-6.755,-0.322000870127));
#12209 = CARTESIAN_POINT('',(6.04961609736,-6.755,-0.35461609736));
#12210 = CARTESIAN_POINT('',(6.017000870127,-6.755,-0.399458285484));
#12211 = CARTESIAN_POINT('',(6.,-6.755,-0.451532643369));
#12212 = CARTESIAN_POINT('',(6.,-6.755,-0.505));
#12213 = ORIENTED_EDGE('',*,*,#12185,.F.);
#12214 = ORIENTED_EDGE('',*,*,#12204,.F.);
#12215 = SURFACE_OF_REVOLUTION('',#12216,#12224);
#12216 = B_SPLINE_CURVE_WITH_KNOTS('',6,(#12217,#12218,#12219,#12220,
    #12221,#12222,#12223),.UNSPECIFIED.,.F.,.F.,(7,7),(0.,1.570796326795
    ),.PIECEWISE_BEZIER_KNOTS.);
#12217 = CARTESIAN_POINT('',(6.2,-6.755,-0.305));
#12218 = CARTESIAN_POINT('',(6.14764012244,-6.755,-0.305));
#12219 = CARTESIAN_POINT('',(6.095284699859,-6.755,-0.321445537204));
#12220 = CARTESIAN_POINT('',(6.049361970072,-6.755,-0.354361970072));
#12221 = CARTESIAN_POINT('',(6.016445537204,-6.755,-0.400284699859));
#12222 = CARTESIAN_POINT('',(6.,-6.755,-0.45264012244));
#12223 = CARTESIAN_POINT('',(6.,-6.755,-0.505));
#12224 = AXIS1_PLACEMENT('',#12225,#12226);
#12225 = CARTESIAN_POINT('',(6.2,-6.755,-0.655));
#12226 = DIRECTION('',(-1.,0.,6.123233995737E-17));
#12227 = ADVANCED_FACE('',(#12228),#12243,.T.);
#12228 = FACE_BOUND('',#12229,.T.);
#12229 = EDGE_LOOP('',(#12230,#12231,#12241,#12242));
#12230 = ORIENTED_EDGE('',*,*,#12127,.F.);
#12231 = ORIENTED_EDGE('',*,*,#12232,.F.);
#12232 = EDGE_CURVE('',#11254,#12128,#12233,.T.);
#12233 = ( BOUNDED_CURVE() B_SPLINE_CURVE(6,(#12234,#12235,#12236,#12237
    ,#12238,#12239,#12240),.UNSPECIFIED.,.F.,.F.) 
B_SPLINE_CURVE_WITH_KNOTS((7,7),(1.570796326795,3.14159265359),
.PIECEWISE_BEZIER_KNOTS.) CURVE() GEOMETRIC_REPRESENTATION_ITEM() 
RATIONAL_B_SPLINE_CURVE((1.031393471788,1.010025407661,0.997924642725,
    0.993958444137,0.997924642725,1.010025407661,1.031393471788)) 
REPRESENTATION_ITEM('') );
#12234 = CARTESIAN_POINT('',(6.8,-6.755,-1.005));
#12235 = CARTESIAN_POINT('',(6.8,-6.755,-0.951532643369));
#12236 = CARTESIAN_POINT('',(6.782999129873,-6.755,-0.899458285484));
#12237 = CARTESIAN_POINT('',(6.75038390264,-6.755,-0.85461609736));
#12238 = CARTESIAN_POINT('',(6.705541714516,-6.755,-0.822000870127));
#12239 = CARTESIAN_POINT('',(6.653467356631,-6.755,-0.805));
#12240 = CARTESIAN_POINT('',(6.6,-6.755,-0.805));
#12241 = ORIENTED_EDGE('',*,*,#11253,.T.);
#12242 = ORIENTED_EDGE('',*,*,#12232,.T.);
#12243 = TOROIDAL_SURFACE('',#12244,0.35,0.2);
#12244 = AXIS2_PLACEMENT_3D('',#12245,#12246,#12247);
#12245 = CARTESIAN_POINT('',(6.6,-6.755,-0.655));
#12246 = DIRECTION('',(1.,0.,-6.123233995737E-17));
#12247 = DIRECTION('',(-6.123233995737E-17,0.,-1.));
#12248 = ADVANCED_FACE('',(#12249),#12260,.T.);
#12249 = FACE_BOUND('',#12250,.T.);
#12250 = EDGE_LOOP('',(#12251,#12252,#12258,#12259));
#12251 = ORIENTED_EDGE('',*,*,#11537,.T.);
#12252 = ORIENTED_EDGE('',*,*,#12253,.T.);
#12253 = EDGE_CURVE('',#11530,#11355,#12254,.T.);
#12254 = LINE('',#12255,#12256);
#12255 = CARTESIAN_POINT('',(-11.89525340828,-5.1,-1.05));
#12256 = VECTOR('',#12257,1.);
#12257 = DIRECTION('',(1.,0.,-6.123233995737E-17));
#12258 = ORIENTED_EDGE('',*,*,#11354,.F.);
#12259 = ORIENTED_EDGE('',*,*,#11627,.T.);
#12260 = PLANE('',#12261);
#12261 = AXIS2_PLACEMENT_3D('',#12262,#12263,#12264);
#12262 = CARTESIAN_POINT('',(-11.89525340828,-5.35,-1.3));
#12263 = DIRECTION('',(-4.329780281177E-17,0.707106781187,
    -0.707106781187));
#12264 = DIRECTION('',(0.,0.707106781187,0.707106781187));
#12265 = ADVANCED_FACE('',(#12266),#12277,.T.);
#12266 = FACE_BOUND('',#12267,.T.);
#12267 = EDGE_LOOP('',(#12268,#12269,#12275,#12276));
#12268 = ORIENTED_EDGE('',*,*,#11529,.T.);
#12269 = ORIENTED_EDGE('',*,*,#12270,.T.);
#12270 = EDGE_CURVE('',#11522,#11363,#12271,.T.);
#12271 = LINE('',#12272,#12273);
#12272 = CARTESIAN_POINT('',(-11.89525340828,-3.6,-1.05));
#12273 = VECTOR('',#12274,1.);
#12274 = DIRECTION('',(1.,0.,-6.123233995737E-17));
#12275 = ORIENTED_EDGE('',*,*,#11362,.F.);
#12276 = ORIENTED_EDGE('',*,*,#12253,.F.);
#12277 = PLANE('',#12278);
#12278 = AXIS2_PLACEMENT_3D('',#12279,#12280,#12281);
#12279 = CARTESIAN_POINT('',(-11.89525340828,-5.1,-1.05));
#12280 = DIRECTION('',(-6.123233995737E-17,0.,-1.));
#12281 = DIRECTION('',(-1.,0.,6.123233995737E-17));
#12282 = ADVANCED_FACE('',(#12283),#12289,.T.);
#12283 = FACE_BOUND('',#12284,.T.);
#12284 = EDGE_LOOP('',(#12285,#12286,#12287,#12288));
#12285 = ORIENTED_EDGE('',*,*,#11521,.T.);
#12286 = ORIENTED_EDGE('',*,*,#11455,.T.);
#12287 = ORIENTED_EDGE('',*,*,#11370,.F.);
#12288 = ORIENTED_EDGE('',*,*,#12270,.F.);
#12289 = PLANE('',#12290);
#12290 = AXIS2_PLACEMENT_3D('',#12291,#12292,#12293);
#12291 = CARTESIAN_POINT('',(-11.89525340828,-3.6,-1.05));
#12292 = DIRECTION('',(-4.329780281177E-17,-0.707106781187,
    -0.707106781187));
#12293 = DIRECTION('',(0.,0.707106781187,-0.707106781187));
#12294 = ADVANCED_FACE('',(#12295),#12306,.F.);
#12295 = FACE_BOUND('',#12296,.T.);
#12296 = EDGE_LOOP('',(#12297,#12298,#12299,#12305));
#12297 = ORIENTED_EDGE('',*,*,#11470,.F.);
#12298 = ORIENTED_EDGE('',*,*,#11297,.T.);
#12299 = ORIENTED_EDGE('',*,*,#12300,.F.);
#12300 = EDGE_CURVE('',#11586,#11290,#12301,.T.);
#12301 = LINE('',#12302,#12303);
#12302 = CARTESIAN_POINT('',(-11.89525340828,4.75,-1.05));
#12303 = VECTOR('',#12304,1.);
#12304 = DIRECTION('',(1.,0.,-6.123233995737E-17));
#12305 = ORIENTED_EDGE('',*,*,#11585,.F.);
#12306 = PLANE('',#12307);
#12307 = AXIS2_PLACEMENT_3D('',#12308,#12309,#12310);
#12308 = CARTESIAN_POINT('',(-11.89525340828,5.,-1.3));
#12309 = DIRECTION('',(4.329780281177E-17,0.707106781187,0.707106781187)
  );
#12310 = DIRECTION('',(0.,-0.707106781187,0.707106781187));
#12311 = ADVANCED_FACE('',(#12312),#12323,.F.);
#12312 = FACE_BOUND('',#12313,.T.);
#12313 = EDGE_LOOP('',(#12314,#12315,#12316,#12322));
#12314 = ORIENTED_EDGE('',*,*,#12300,.T.);
#12315 = ORIENTED_EDGE('',*,*,#11289,.T.);
#12316 = ORIENTED_EDGE('',*,*,#12317,.F.);
#12317 = EDGE_CURVE('',#11594,#11282,#12318,.T.);
#12318 = LINE('',#12319,#12320);
#12319 = CARTESIAN_POINT('',(-11.89525340828,3.25,-1.05));
#12320 = VECTOR('',#12321,1.);
#12321 = DIRECTION('',(1.,0.,-6.123233995737E-17));
#12322 = ORIENTED_EDGE('',*,*,#11593,.F.);
#12323 = PLANE('',#12324);
#12324 = AXIS2_PLACEMENT_3D('',#12325,#12326,#12327);
#12325 = CARTESIAN_POINT('',(-11.89525340828,4.75,-1.05));
#12326 = DIRECTION('',(6.123233995737E-17,-1.084202172486E-16,1.));
#12327 = DIRECTION('',(0.,-1.,-1.084202172486E-16));
#12328 = ADVANCED_FACE('',(#12329),#12335,.F.);
#12329 = FACE_BOUND('',#12330,.T.);
#12330 = EDGE_LOOP('',(#12331,#12332,#12333,#12334));
#12331 = ORIENTED_EDGE('',*,*,#12317,.T.);
#12332 = ORIENTED_EDGE('',*,*,#11281,.T.);
#12333 = ORIENTED_EDGE('',*,*,#11424,.F.);
#12334 = ORIENTED_EDGE('',*,*,#11601,.F.);
#12335 = PLANE('',#12336);
#12336 = AXIS2_PLACEMENT_3D('',#12337,#12338,#12339);
#12337 = CARTESIAN_POINT('',(-11.89525340828,3.25,-1.05));
#12338 = DIRECTION('',(4.329780281177E-17,-0.707106781187,0.707106781187
    ));
#12339 = DIRECTION('',(0.,-0.707106781187,-0.707106781187));
#12340 = ADVANCED_FACE('',(#12341),#12347,.F.);
#12341 = FACE_BOUND('',#12342,.T.);
#12342 = EDGE_LOOP('',(#12343,#12344,#12345,#12346));
#12343 = ORIENTED_EDGE('',*,*,#11191,.T.);
#12344 = ORIENTED_EDGE('',*,*,#11386,.T.);
#12345 = ORIENTED_EDGE('',*,*,#11448,.F.);
#12346 = ORIENTED_EDGE('',*,*,#11514,.F.);
#12347 = PLANE('',#12348);
#12348 = AXIS2_PLACEMENT_3D('',#12349,#12350,#12351);
#12349 = CARTESIAN_POINT('',(6.8,-2.352,-1.3));
#12350 = DIRECTION('',(0.,-1.,0.));
#12351 = DIRECTION('',(0.,0.,-1.));
#12352 = ADVANCED_FACE('',(#12353),#12359,.F.);
#12353 = FACE_BOUND('',#12354,.T.);
#12354 = EDGE_LOOP('',(#12355,#12356,#12357,#12358));
#12355 = ORIENTED_EDGE('',*,*,#11408,.T.);
#12356 = ORIENTED_EDGE('',*,*,#11265,.F.);
#12357 = ORIENTED_EDGE('',*,*,#11231,.F.);
#12358 = ORIENTED_EDGE('',*,*,#11500,.F.);
#12359 = PLANE('',#12360);
#12360 = AXIS2_PLACEMENT_3D('',#12361,#12362,#12363);
#12361 = CARTESIAN_POINT('',(6.8,-1.448,-1.3));
#12362 = DIRECTION('',(0.,1.,0.));
#12363 = DIRECTION('',(0.,0.,-1.));
#12364 = ADVANCED_FACE('',(#12365),#12408,.F.);
#12365 = FACE_BOUND('',#12366,.T.);
#12366 = EDGE_LOOP('',(#12367,#12377,#12384,#12385,#12394,#12402));
#12367 = ORIENTED_EDGE('',*,*,#12368,.F.);
#12368 = EDGE_CURVE('',#12369,#12371,#12373,.T.);
#12369 = VERTEX_POINT('',#12370);
#12370 = CARTESIAN_POINT('',(6.59,-2.35,-1.5));
#12371 = VERTEX_POINT('',#12372);
#12372 = CARTESIAN_POINT('',(6.1,-2.35,-1.5));
#12373 = LINE('',#12374,#12375);
#12374 = CARTESIAN_POINT('',(6.649690260418,-2.35,-1.5));
#12375 = VECTOR('',#12376,1.);
#12376 = DIRECTION('',(-1.,0.,1.224646799147E-16));
#12377 = ORIENTED_EDGE('',*,*,#12378,.T.);
#12378 = EDGE_CURVE('',#12369,#11176,#12379,.T.);
#12379 = CIRCLE('',#12380,0.21);
#12380 = AXIS2_PLACEMENT_3D('',#12381,#12382,#12383);
#12381 = CARTESIAN_POINT('',(6.59,-2.35,-1.29));
#12382 = DIRECTION('',(0.,-1.,0.));
#12383 = DIRECTION('',(-1.,0.,6.123233995737E-17));
#12384 = ORIENTED_EDGE('',*,*,#11173,.F.);
#12385 = ORIENTED_EDGE('',*,*,#12386,.T.);
#12386 = EDGE_CURVE('',#11174,#12387,#12389,.T.);
#12387 = VERTEX_POINT('',#12388);
#12388 = CARTESIAN_POINT('',(6.59,-2.35,-1.3));
#12389 = CIRCLE('',#12390,1.E-02);
#12390 = AXIS2_PLACEMENT_3D('',#12391,#12392,#12393);
#12391 = CARTESIAN_POINT('',(6.59,-2.35,-1.29));
#12392 = DIRECTION('',(0.,1.,0.));
#12393 = DIRECTION('',(0.,-0.,1.));
#12394 = ORIENTED_EDGE('',*,*,#12395,.T.);
#12395 = EDGE_CURVE('',#12387,#12396,#12398,.T.);
#12396 = VERTEX_POINT('',#12397);
#12397 = CARTESIAN_POINT('',(6.1,-2.35,-1.3));
#12398 = LINE('',#12399,#12400);
#12399 = CARTESIAN_POINT('',(6.649690260418,-2.35,-1.3));
#12400 = VECTOR('',#12401,1.);
#12401 = DIRECTION('',(-1.,0.,1.224646799147E-16));
#12402 = ORIENTED_EDGE('',*,*,#12403,.F.);
#12403 = EDGE_CURVE('',#12371,#12396,#12404,.T.);
#12404 = LINE('',#12405,#12406);
#12405 = CARTESIAN_POINT('',(6.1,-2.35,-1.5));
#12406 = VECTOR('',#12407,1.);
#12407 = DIRECTION('',(0.,0.,1.));
#12408 = PLANE('',#12409);
#12409 = AXIS2_PLACEMENT_3D('',#12410,#12411,#12412);
#12410 = CARTESIAN_POINT('',(6.649690260418,-2.35,-1.5));
#12411 = DIRECTION('',(0.,1.,0.));
#12412 = DIRECTION('',(0.,-0.,1.));
#12413 = ADVANCED_FACE('',(#12414),#12457,.F.);
#12414 = FACE_BOUND('',#12415,.T.);
#12415 = EDGE_LOOP('',(#12416,#12426,#12433,#12434,#12443,#12451));
#12416 = ORIENTED_EDGE('',*,*,#12417,.T.);
#12417 = EDGE_CURVE('',#12418,#12420,#12422,.T.);
#12418 = VERTEX_POINT('',#12419);
#12419 = CARTESIAN_POINT('',(6.1,-1.45,-1.3));
#12420 = VERTEX_POINT('',#12421);
#12421 = CARTESIAN_POINT('',(6.59,-1.45,-1.3));
#12422 = LINE('',#12423,#12424);
#12423 = CARTESIAN_POINT('',(6.649690260418,-1.45,-1.3));
#12424 = VECTOR('',#12425,1.);
#12425 = DIRECTION('',(1.,0.,-1.224646799147E-16));
#12426 = ORIENTED_EDGE('',*,*,#12427,.F.);
#12427 = EDGE_CURVE('',#11214,#12420,#12428,.T.);
#12428 = CIRCLE('',#12429,1.E-02);
#12429 = AXIS2_PLACEMENT_3D('',#12430,#12431,#12432);
#12430 = CARTESIAN_POINT('',(6.59,-1.45,-1.29));
#12431 = DIRECTION('',(0.,1.,0.));
#12432 = DIRECTION('',(0.,-0.,1.));
#12433 = ORIENTED_EDGE('',*,*,#11213,.T.);
#12434 = ORIENTED_EDGE('',*,*,#12435,.F.);
#12435 = EDGE_CURVE('',#12436,#11216,#12438,.T.);
#12436 = VERTEX_POINT('',#12437);
#12437 = CARTESIAN_POINT('',(6.59,-1.45,-1.5));
#12438 = CIRCLE('',#12439,0.21);
#12439 = AXIS2_PLACEMENT_3D('',#12440,#12441,#12442);
#12440 = CARTESIAN_POINT('',(6.59,-1.45,-1.29));
#12441 = DIRECTION('',(0.,-1.,0.));
#12442 = DIRECTION('',(-1.,0.,6.123233995737E-17));
#12443 = ORIENTED_EDGE('',*,*,#12444,.F.);
#12444 = EDGE_CURVE('',#12445,#12436,#12447,.T.);
#12445 = VERTEX_POINT('',#12446);
#12446 = CARTESIAN_POINT('',(6.1,-1.45,-1.5));
#12447 = LINE('',#12448,#12449);
#12448 = CARTESIAN_POINT('',(6.649690260418,-1.45,-1.5));
#12449 = VECTOR('',#12450,1.);
#12450 = DIRECTION('',(1.,0.,-1.224646799147E-16));
#12451 = ORIENTED_EDGE('',*,*,#12452,.T.);
#12452 = EDGE_CURVE('',#12445,#12418,#12453,.T.);
#12453 = LINE('',#12454,#12455);
#12454 = CARTESIAN_POINT('',(6.1,-1.45,-1.5));
#12455 = VECTOR('',#12456,1.);
#12456 = DIRECTION('',(0.,0.,1.));
#12457 = PLANE('',#12458);
#12458 = AXIS2_PLACEMENT_3D('',#12459,#12460,#12461);
#12459 = CARTESIAN_POINT('',(6.649690260418,-1.45,-1.5));
#12460 = DIRECTION('',(0.,-1.,0.));
#12461 = DIRECTION('',(0.,0.,-1.));
#12462 = ADVANCED_FACE('',(#12463),#12479,.T.);
#12463 = FACE_BOUND('',#12464,.T.);
#12464 = EDGE_LOOP('',(#12465,#12466,#12472,#12473));
#12465 = ORIENTED_EDGE('',*,*,#12444,.T.);
#12466 = ORIENTED_EDGE('',*,*,#12467,.T.);
#12467 = EDGE_CURVE('',#12436,#12369,#12468,.T.);
#12468 = LINE('',#12469,#12470);
#12469 = CARTESIAN_POINT('',(6.59,-1.45,-1.5));
#12470 = VECTOR('',#12471,1.);
#12471 = DIRECTION('',(0.,-1.,0.));
#12472 = ORIENTED_EDGE('',*,*,#12368,.T.);
#12473 = ORIENTED_EDGE('',*,*,#12474,.T.);
#12474 = EDGE_CURVE('',#12371,#12445,#12475,.T.);
#12475 = LINE('',#12476,#12477);
#12476 = CARTESIAN_POINT('',(6.1,-2.35,-1.5));
#12477 = VECTOR('',#12478,1.);
#12478 = DIRECTION('',(0.,1.,0.));
#12479 = PLANE('',#12480);
#12480 = AXIS2_PLACEMENT_3D('',#12481,#12482,#12483);
#12481 = CARTESIAN_POINT('',(-1.592040838892E-16,0.,-1.5));
#12482 = DIRECTION('',(-1.224646799147E-16,0.,-1.));
#12483 = DIRECTION('',(-1.,0.,1.224646799147E-16));
#12484 = ADVANCED_FACE('',(#12485),#12501,.F.);
#12485 = FACE_BOUND('',#12486,.T.);
#12486 = EDGE_LOOP('',(#12487,#12493,#12494,#12500));
#12487 = ORIENTED_EDGE('',*,*,#12488,.F.);
#12488 = EDGE_CURVE('',#12420,#12387,#12489,.T.);
#12489 = LINE('',#12490,#12491);
#12490 = CARTESIAN_POINT('',(6.59,-1.45,-1.3));
#12491 = VECTOR('',#12492,1.);
#12492 = DIRECTION('',(0.,-1.,0.));
#12493 = ORIENTED_EDGE('',*,*,#12417,.F.);
#12494 = ORIENTED_EDGE('',*,*,#12495,.F.);
#12495 = EDGE_CURVE('',#12396,#12418,#12496,.T.);
#12496 = LINE('',#12497,#12498);
#12497 = CARTESIAN_POINT('',(6.1,-2.35,-1.3));
#12498 = VECTOR('',#12499,1.);
#12499 = DIRECTION('',(0.,1.,0.));
#12500 = ORIENTED_EDGE('',*,*,#12395,.F.);
#12501 = PLANE('',#12502);
#12502 = AXIS2_PLACEMENT_3D('',#12503,#12504,#12505);
#12503 = CARTESIAN_POINT('',(-1.592040838892E-16,0.,-1.3));
#12504 = DIRECTION('',(-1.224646799147E-16,0.,-1.));
#12505 = DIRECTION('',(-1.,0.,1.224646799147E-16));
#12506 = ADVANCED_FACE('',(#12507),#12513,.F.);
#12507 = FACE_BOUND('',#12508,.T.);
#12508 = EDGE_LOOP('',(#12509,#12510,#12511,#12512));
#12509 = ORIENTED_EDGE('',*,*,#12495,.T.);
#12510 = ORIENTED_EDGE('',*,*,#12452,.F.);
#12511 = ORIENTED_EDGE('',*,*,#12474,.F.);
#12512 = ORIENTED_EDGE('',*,*,#12403,.T.);
#12513 = PLANE('',#12514);
#12514 = AXIS2_PLACEMENT_3D('',#12515,#12516,#12517);
#12515 = CARTESIAN_POINT('',(6.1,-2.35,-1.5));
#12516 = DIRECTION('',(1.,0.,0.));
#12517 = DIRECTION('',(0.,0.,-1.));
#12518 = ADVANCED_FACE('',(#12519),#12525,.T.);
#12519 = FACE_BOUND('',#12520,.T.);
#12520 = EDGE_LOOP('',(#12521,#12522,#12523,#12524));
#12521 = ORIENTED_EDGE('',*,*,#12435,.T.);
#12522 = ORIENTED_EDGE('',*,*,#11393,.F.);
#12523 = ORIENTED_EDGE('',*,*,#12378,.F.);
#12524 = ORIENTED_EDGE('',*,*,#12467,.F.);
#12525 = CYLINDRICAL_SURFACE('',#12526,0.21);
#12526 = AXIS2_PLACEMENT_3D('',#12527,#12528,#12529);
#12527 = CARTESIAN_POINT('',(6.59,-2.35,-1.29));
#12528 = DIRECTION('',(0.,1.,0.));
#12529 = DIRECTION('',(-1.,0.,6.123233995737E-17));
#12530 = ADVANCED_FACE('',(#12531),#12537,.F.);
#12531 = FACE_BOUND('',#12532,.F.);
#12532 = EDGE_LOOP('',(#12533,#12534,#12535,#12536));
#12533 = ORIENTED_EDGE('',*,*,#11507,.F.);
#12534 = ORIENTED_EDGE('',*,*,#12386,.T.);
#12535 = ORIENTED_EDGE('',*,*,#12488,.F.);
#12536 = ORIENTED_EDGE('',*,*,#12427,.F.);
#12537 = CYLINDRICAL_SURFACE('',#12538,1.E-02);
#12538 = AXIS2_PLACEMENT_3D('',#12539,#12540,#12541);
#12539 = CARTESIAN_POINT('',(6.59,-2.35,-1.29));
#12540 = DIRECTION('',(0.,1.,0.));
#12541 = DIRECTION('',(-1.,0.,6.123233995737E-17));
#12542 = ADVANCED_FACE('',(#12543),#12555,.T.);
#12543 = FACE_BOUND('',#12544,.T.);
#12544 = EDGE_LOOP('',(#12545,#12552,#12553,#12554));
#12545 = ORIENTED_EDGE('',*,*,#12546,.T.);
#12546 = EDGE_CURVE('',#10783,#10087,#12547,.T.);
#12547 = CIRCLE('',#12548,0.21);
#12548 = AXIS2_PLACEMENT_3D('',#12549,#12550,#12551);
#12549 = CARTESIAN_POINT('',(-6.59,-1.95,-1.E-02));
#12550 = DIRECTION('',(0.,1.,0.));
#12551 = DIRECTION('',(0.,-0.,1.));
#12552 = ORIENTED_EDGE('',*,*,#10086,.F.);
#12553 = ORIENTED_EDGE('',*,*,#11150,.F.);
#12554 = ORIENTED_EDGE('',*,*,#10790,.F.);
#12555 = CYLINDRICAL_SURFACE('',#12556,0.21);
#12556 = AXIS2_PLACEMENT_3D('',#12557,#12558,#12559);
#12557 = CARTESIAN_POINT('',(-6.59,5.55,-1.E-02));
#12558 = DIRECTION('',(0.,-1.,0.));
#12559 = DIRECTION('',(0.,0.,-1.));
#12560 = ADVANCED_FACE('',(#12561),#12573,.F.);
#12561 = FACE_BOUND('',#12562,.F.);
#12562 = EDGE_LOOP('',(#12563,#12564,#12565,#12572));
#12563 = ORIENTED_EDGE('',*,*,#11140,.T.);
#12564 = ORIENTED_EDGE('',*,*,#11012,.F.);
#12565 = ORIENTED_EDGE('',*,*,#12566,.T.);
#12566 = EDGE_CURVE('',#11013,#10227,#12567,.T.);
#12567 = CIRCLE('',#12568,1.E-02);
#12568 = AXIS2_PLACEMENT_3D('',#12569,#12570,#12571);
#12569 = CARTESIAN_POINT('',(-6.59,-1.95,-1.E-02));
#12570 = DIRECTION('',(0.,1.,0.));
#12571 = DIRECTION('',(0.,-0.,1.));
#12572 = ORIENTED_EDGE('',*,*,#10234,.F.);
#12573 = CYLINDRICAL_SURFACE('',#12574,1.E-02);
#12574 = AXIS2_PLACEMENT_3D('',#12575,#12576,#12577);
#12575 = CARTESIAN_POINT('',(-6.59,5.55,-1.E-02));
#12576 = DIRECTION('',(0.,-1.,0.));
#12577 = DIRECTION('',(0.,0.,-1.));
#12578 = ADVANCED_FACE('',(#12579),#12590,.T.);
#12579 = FACE_BOUND('',#12580,.T.);
#12580 = EDGE_LOOP('',(#12581,#12582,#12583,#12584));
#12581 = ORIENTED_EDGE('',*,*,#10766,.F.);
#12582 = ORIENTED_EDGE('',*,*,#11101,.F.);
#12583 = ORIENTED_EDGE('',*,*,#11035,.T.);
#12584 = ORIENTED_EDGE('',*,*,#12585,.T.);
#12585 = EDGE_CURVE('',#11028,#10767,#12586,.T.);
#12586 = LINE('',#12587,#12588);
#12587 = CARTESIAN_POINT('',(-6.6,-6.755,-1.E-02));
#12588 = VECTOR('',#12589,1.);
#12589 = DIRECTION('',(-1.,0.,-6.123233995737E-17));
#12590 = CYLINDRICAL_SURFACE('',#12591,0.645);
#12591 = AXIS2_PLACEMENT_3D('',#12592,#12593,#12594);
#12592 = CARTESIAN_POINT('',(-6.6,-6.755,-0.655));
#12593 = DIRECTION('',(-1.,0.,-6.123233995737E-17));
#12594 = DIRECTION('',(-6.123233995737E-17,0.,1.));
#12595 = ADVANCED_FACE('',(#12596),#12602,.T.);
#12596 = FACE_BOUND('',#12597,.T.);
#12597 = EDGE_LOOP('',(#12598,#12599,#12600,#12601));
#12598 = ORIENTED_EDGE('',*,*,#10775,.F.);
#12599 = ORIENTED_EDGE('',*,*,#12585,.F.);
#12600 = ORIENTED_EDGE('',*,*,#11027,.T.);
#12601 = ORIENTED_EDGE('',*,*,#11116,.T.);
#12602 = PLANE('',#12603);
#12603 = AXIS2_PLACEMENT_3D('',#12604,#12605,#12606);
#12604 = CARTESIAN_POINT('',(-6.6,-6.755,-1.E-02));
#12605 = DIRECTION('',(-6.123233995737E-17,3.599011360948E-16,1.));
#12606 = DIRECTION('',(0.,-1.,3.599011360948E-16));
#12607 = ADVANCED_FACE('',(#12608),#12628,.F.);
#12608 = FACE_BOUND('',#12609,.T.);
#12609 = EDGE_LOOP('',(#12610,#12621));
#12610 = ORIENTED_EDGE('',*,*,#12611,.F.);
#12611 = EDGE_CURVE('',#12612,#12614,#12616,.T.);
#12612 = VERTEX_POINT('',#12613);
#12613 = CARTESIAN_POINT('',(-6.2,-6.755,-0.805));
#12614 = VERTEX_POINT('',#12615);
#12615 = CARTESIAN_POINT('',(-6.2,-6.755,-0.505));
#12616 = CIRCLE('',#12617,0.15);
#12617 = AXIS2_PLACEMENT_3D('',#12618,#12619,#12620);
#12618 = CARTESIAN_POINT('',(-6.2,-6.755,-0.655));
#12619 = DIRECTION('',(1.,0.,6.123233995737E-17));
#12620 = DIRECTION('',(6.123233995737E-17,0.,-1.));
#12621 = ORIENTED_EDGE('',*,*,#12622,.F.);
#12622 = EDGE_CURVE('',#12614,#12612,#12623,.T.);
#12623 = CIRCLE('',#12624,0.15);
#12624 = AXIS2_PLACEMENT_3D('',#12625,#12626,#12627);
#12625 = CARTESIAN_POINT('',(-6.2,-6.755,-0.655));
#12626 = DIRECTION('',(1.,0.,6.123233995737E-17));
#12627 = DIRECTION('',(6.123233995737E-17,0.,-1.));
#12628 = PLANE('',#12629);
#12629 = AXIS2_PLACEMENT_3D('',#12630,#12631,#12632);
#12630 = CARTESIAN_POINT('',(-6.2,-6.755,-0.655));
#12631 = DIRECTION('',(1.,0.,6.123233995737E-17));
#12632 = DIRECTION('',(6.123233995737E-17,0.,-1.));
#12633 = ADVANCED_FACE('',(#12634),#12653,.F.);
#12634 = FACE_BOUND('',#12635,.F.);
#12635 = EDGE_LOOP('',(#12636,#12645,#12650,#12651,#12652));
#12636 = ORIENTED_EDGE('',*,*,#12637,.F.);
#12637 = EDGE_CURVE('',#12638,#12638,#12640,.T.);
#12638 = VERTEX_POINT('',#12639);
#12639 = CARTESIAN_POINT('',(-6.6,-6.755,-0.505));
#12640 = CIRCLE('',#12641,0.15);
#12641 = AXIS2_PLACEMENT_3D('',#12642,#12643,#12644);
#12642 = CARTESIAN_POINT('',(-6.6,-6.755,-0.655));
#12643 = DIRECTION('',(-1.,0.,-6.123233995737E-17));
#12644 = DIRECTION('',(-6.123233995737E-17,0.,1.));
#12645 = ORIENTED_EDGE('',*,*,#12646,.F.);
#12646 = EDGE_CURVE('',#12614,#12638,#12647,.T.);
#12647 = B_SPLINE_CURVE_WITH_KNOTS('',1,(#12648,#12649),.UNSPECIFIED.,
  .F.,.F.,(2,2),(0.2,0.6),.PIECEWISE_BEZIER_KNOTS.);
#12648 = CARTESIAN_POINT('',(-6.2,-6.755,-0.505));
#12649 = CARTESIAN_POINT('',(-6.6,-6.755,-0.505));
#12650 = ORIENTED_EDGE('',*,*,#12611,.F.);
#12651 = ORIENTED_EDGE('',*,*,#12622,.F.);
#12652 = ORIENTED_EDGE('',*,*,#12646,.T.);
#12653 = CYLINDRICAL_SURFACE('',#12654,0.15);
#12654 = AXIS2_PLACEMENT_3D('',#12655,#12656,#12657);
#12655 = CARTESIAN_POINT('',(-6.,-6.755,-0.655));
#12656 = DIRECTION('',(-1.,0.,-6.123233995737E-17));
#12657 = DIRECTION('',(-6.123233995737E-17,0.,1.));
#12658 = ADVANCED_FACE('',(#12659),#12686,.T.);
#12659 = FACE_BOUND('',#12660,.T.);
#12660 = EDGE_LOOP('',(#12661,#12672,#12677,#12678,#12679));
#12661 = ORIENTED_EDGE('',*,*,#12662,.F.);
#12662 = EDGE_CURVE('',#12663,#12665,#12667,.T.);
#12663 = VERTEX_POINT('',#12664);
#12664 = CARTESIAN_POINT('',(-6.2,-6.755,-0.305));
#12665 = VERTEX_POINT('',#12666);
#12666 = CARTESIAN_POINT('',(-6.2,-6.755,-1.005));
#12667 = CIRCLE('',#12668,0.35);
#12668 = AXIS2_PLACEMENT_3D('',#12669,#12670,#12671);
#12669 = CARTESIAN_POINT('',(-6.2,-6.755,-0.655));
#12670 = DIRECTION('',(1.,0.,6.123233995737E-17));
#12671 = DIRECTION('',(6.123233995737E-17,0.,-1.));
#12672 = ORIENTED_EDGE('',*,*,#12673,.T.);
#12673 = EDGE_CURVE('',#12663,#11078,#12674,.T.);
#12674 = B_SPLINE_CURVE_WITH_KNOTS('',1,(#12675,#12676),.UNSPECIFIED.,
  .F.,.F.,(2,2),(0.2,0.6),.PIECEWISE_BEZIER_KNOTS.);
#12675 = CARTESIAN_POINT('',(-6.2,-6.755,-0.305));
#12676 = CARTESIAN_POINT('',(-6.6,-6.755,-0.305));
#12677 = ORIENTED_EDGE('',*,*,#11077,.F.);
#12678 = ORIENTED_EDGE('',*,*,#12673,.F.);
#12679 = ORIENTED_EDGE('',*,*,#12680,.F.);
#12680 = EDGE_CURVE('',#12665,#12663,#12681,.T.);
#12681 = CIRCLE('',#12682,0.35);
#12682 = AXIS2_PLACEMENT_3D('',#12683,#12684,#12685);
#12683 = CARTESIAN_POINT('',(-6.2,-6.755,-0.655));
#12684 = DIRECTION('',(1.,0.,6.123233995737E-17));
#12685 = DIRECTION('',(6.123233995737E-17,0.,-1.));
#12686 = CYLINDRICAL_SURFACE('',#12687,0.35);
#12687 = AXIS2_PLACEMENT_3D('',#12688,#12689,#12690);
#12688 = CARTESIAN_POINT('',(-6.,-6.755,-0.655));
#12689 = DIRECTION('',(-1.,0.,-6.123233995737E-17));
#12690 = DIRECTION('',(-6.123233995737E-17,0.,1.));
#12691 = ADVANCED_FACE('',(#12692),#12703,.T.);
#12692 = FACE_BOUND('',#12693,.T.);
#12693 = EDGE_LOOP('',(#12694));
#12694 = ORIENTED_EDGE('',*,*,#12695,.T.);
#12695 = EDGE_CURVE('',#12696,#12696,#12698,.T.);
#12696 = VERTEX_POINT('',#12697);
#12697 = CARTESIAN_POINT('',(-6.,-6.755,-0.805));
#12698 = CIRCLE('',#12699,0.15);
#12699 = AXIS2_PLACEMENT_3D('',#12700,#12701,#12702);
#12700 = CARTESIAN_POINT('',(-6.,-6.755,-0.655));
#12701 = DIRECTION('',(1.,0.,6.123233995737E-17));
#12702 = DIRECTION('',(6.123233995737E-17,0.,-1.));
#12703 = PLANE('',#12704);
#12704 = AXIS2_PLACEMENT_3D('',#12705,#12706,#12707);
#12705 = CARTESIAN_POINT('',(-6.,-6.755,-0.655));
#12706 = DIRECTION('',(1.,0.,6.123233995737E-17));
#12707 = DIRECTION('',(6.123233995737E-17,0.,-1.));
#12708 = ADVANCED_FACE('',(#12709),#12725,.T.);
#12709 = FACE_BOUND('',#12710,.T.);
#12710 = EDGE_LOOP('',(#12711,#12712,#12713,#12723,#12724));
#12711 = ORIENTED_EDGE('',*,*,#12680,.T.);
#12712 = ORIENTED_EDGE('',*,*,#12662,.T.);
#12713 = ORIENTED_EDGE('',*,*,#12714,.T.);
#12714 = EDGE_CURVE('',#12665,#12696,#12715,.T.);
#12715 = ( BOUNDED_CURVE() B_SPLINE_CURVE(6,(#12716,#12717,#12718,#12719
    ,#12720,#12721,#12722),.UNSPECIFIED.,.F.,.F.) 
B_SPLINE_CURVE_WITH_KNOTS((7,7),(0.,1.570796326795),
.PIECEWISE_BEZIER_KNOTS.) CURVE() GEOMETRIC_REPRESENTATION_ITEM() 
RATIONAL_B_SPLINE_CURVE((1.031393471788,1.010025407661,0.997924642725,
    0.993958444137,0.997924642725,1.010025407661,1.031393471788)) 
REPRESENTATION_ITEM('') );
#12716 = CARTESIAN_POINT('',(-6.2,-6.755,-1.005));
#12717 = CARTESIAN_POINT('',(-6.146532643369,-6.755,-1.005));
#12718 = CARTESIAN_POINT('',(-6.094458285484,-6.755,-0.987999129873));
#12719 = CARTESIAN_POINT('',(-6.04961609736,-6.755,-0.95538390264));
#12720 = CARTESIAN_POINT('',(-6.017000870127,-6.755,-0.910541714516));
#12721 = CARTESIAN_POINT('',(-6.,-6.755,-0.858467356631));
#12722 = CARTESIAN_POINT('',(-6.,-6.755,-0.805));
#12723 = ORIENTED_EDGE('',*,*,#12695,.F.);
#12724 = ORIENTED_EDGE('',*,*,#12714,.F.);
#12725 = SURFACE_OF_REVOLUTION('',#12726,#12734);
#12726 = B_SPLINE_CURVE_WITH_KNOTS('',6,(#12727,#12728,#12729,#12730,
    #12731,#12732,#12733),.UNSPECIFIED.,.F.,.F.,(7,7),(0.,1.570796326795
    ),.PIECEWISE_BEZIER_KNOTS.);
#12727 = CARTESIAN_POINT('',(-6.2,-6.755,-1.005));
#12728 = CARTESIAN_POINT('',(-6.14764012244,-6.755,-1.005));
#12729 = CARTESIAN_POINT('',(-6.095284699859,-6.755,-0.988554462796));
#12730 = CARTESIAN_POINT('',(-6.049361970072,-6.755,-0.955638029928));
#12731 = CARTESIAN_POINT('',(-6.016445537204,-6.755,-0.909715300141));
#12732 = CARTESIAN_POINT('',(-6.,-6.755,-0.85735987756));
#12733 = CARTESIAN_POINT('',(-6.,-6.755,-0.805));
#12734 = AXIS1_PLACEMENT('',#12735,#12736);
#12735 = CARTESIAN_POINT('',(-6.2,-6.755,-0.655));
#12736 = DIRECTION('',(1.,0.,6.123233995737E-17));
#12737 = ADVANCED_FACE('',(#12738),#12753,.T.);
#12738 = FACE_BOUND('',#12739,.T.);
#12739 = EDGE_LOOP('',(#12740,#12741,#12751,#12752));
#12740 = ORIENTED_EDGE('',*,*,#12637,.F.);
#12741 = ORIENTED_EDGE('',*,*,#12742,.F.);
#12742 = EDGE_CURVE('',#10707,#12638,#12743,.T.);
#12743 = ( BOUNDED_CURVE() B_SPLINE_CURVE(6,(#12744,#12745,#12746,#12747
    ,#12748,#12749,#12750),.UNSPECIFIED.,.F.,.F.) 
B_SPLINE_CURVE_WITH_KNOTS((7,7),(1.570796326795,3.14159265359),
.PIECEWISE_BEZIER_KNOTS.) CURVE() GEOMETRIC_REPRESENTATION_ITEM() 
RATIONAL_B_SPLINE_CURVE((1.031393471788,1.010025407661,0.997924642725,
    0.993958444137,0.997924642725,1.010025407661,1.031393471788)) 
REPRESENTATION_ITEM('') );
#12744 = CARTESIAN_POINT('',(-6.8,-6.755,-0.305));
#12745 = CARTESIAN_POINT('',(-6.8,-6.755,-0.358467356631));
#12746 = CARTESIAN_POINT('',(-6.782999129873,-6.755,-0.410541714516));
#12747 = CARTESIAN_POINT('',(-6.75038390264,-6.755,-0.45538390264));
#12748 = CARTESIAN_POINT('',(-6.705541714516,-6.755,-0.487999129873));
#12749 = CARTESIAN_POINT('',(-6.653467356631,-6.755,-0.505));
#12750 = CARTESIAN_POINT('',(-6.6,-6.755,-0.505));
#12751 = ORIENTED_EDGE('',*,*,#10706,.T.);
#12752 = ORIENTED_EDGE('',*,*,#12742,.T.);
#12753 = TOROIDAL_SURFACE('',#12754,0.35,0.2);
#12754 = AXIS2_PLACEMENT_3D('',#12755,#12756,#12757);
#12755 = CARTESIAN_POINT('',(-6.6,-6.755,-0.655));
#12756 = DIRECTION('',(-1.,0.,-6.123233995737E-17));
#12757 = DIRECTION('',(-6.123233995737E-17,0.,1.));
#12758 = ADVANCED_FACE('',(#12759),#12775,.T.);
#12759 = FACE_BOUND('',#12760,.T.);
#12760 = EDGE_LOOP('',(#12761,#12762,#12768,#12769));
#12761 = ORIENTED_EDGE('',*,*,#11060,.T.);
#12762 = ORIENTED_EDGE('',*,*,#12763,.T.);
#12763 = EDGE_CURVE('',#11053,#10743,#12764,.T.);
#12764 = LINE('',#12765,#12766);
#12765 = CARTESIAN_POINT('',(12.056099808815,-5.1,-1.05));
#12766 = VECTOR('',#12767,1.);
#12767 = DIRECTION('',(-1.,0.,-6.123233995737E-17));
#12768 = ORIENTED_EDGE('',*,*,#10742,.F.);
#12769 = ORIENTED_EDGE('',*,*,#12770,.F.);
#12770 = EDGE_CURVE('',#11061,#10735,#12771,.T.);
#12771 = LINE('',#12772,#12773);
#12772 = CARTESIAN_POINT('',(12.056099808815,-3.6,-1.05));
#12773 = VECTOR('',#12774,1.);
#12774 = DIRECTION('',(-1.,0.,-6.123233995737E-17));
#12775 = PLANE('',#12776);
#12776 = AXIS2_PLACEMENT_3D('',#12777,#12778,#12779);
#12777 = CARTESIAN_POINT('',(12.056099808815,-3.6,-1.05));
#12778 = DIRECTION('',(6.123233995737E-17,0.,-1.));
#12779 = DIRECTION('',(-1.,0.,-6.123233995737E-17));
#12780 = ADVANCED_FACE('',(#12781),#12787,.T.);
#12781 = FACE_BOUND('',#12782,.T.);
#12782 = EDGE_LOOP('',(#12783,#12784,#12785,#12786));
#12783 = ORIENTED_EDGE('',*,*,#11052,.T.);
#12784 = ORIENTED_EDGE('',*,*,#11094,.T.);
#12785 = ORIENTED_EDGE('',*,*,#10750,.F.);
#12786 = ORIENTED_EDGE('',*,*,#12763,.F.);
#12787 = PLANE('',#12788);
#12788 = AXIS2_PLACEMENT_3D('',#12789,#12790,#12791);
#12789 = CARTESIAN_POINT('',(12.056099808815,-5.1,-1.05));
#12790 = DIRECTION('',(4.329780281177E-17,0.707106781187,-0.707106781187
    ));
#12791 = DIRECTION('',(0.,0.707106781187,0.707106781187));
#12792 = ADVANCED_FACE('',(#12793),#12799,.T.);
#12793 = FACE_BOUND('',#12794,.T.);
#12794 = EDGE_LOOP('',(#12795,#12796,#12797,#12798));
#12795 = ORIENTED_EDGE('',*,*,#11068,.T.);
#12796 = ORIENTED_EDGE('',*,*,#12770,.T.);
#12797 = ORIENTED_EDGE('',*,*,#10734,.F.);
#12798 = ORIENTED_EDGE('',*,*,#10884,.T.);
#12799 = PLANE('',#12800);
#12800 = AXIS2_PLACEMENT_3D('',#12801,#12802,#12803);
#12801 = CARTESIAN_POINT('',(12.056099808815,-3.35,-1.3));
#12802 = DIRECTION('',(4.329780281177E-17,-0.707106781187,
    -0.707106781187));
#12803 = DIRECTION('',(0.,0.707106781187,-0.707106781187));
#12804 = ADVANCED_FACE('',(#12805),#12816,.F.);
#12805 = FACE_BOUND('',#12806,.T.);
#12806 = EDGE_LOOP('',(#12807,#12813,#12814,#12815));
#12807 = ORIENTED_EDGE('',*,*,#12808,.T.);
#12808 = EDGE_CURVE('',#10990,#10815,#12809,.T.);
#12809 = LINE('',#12810,#12811);
#12810 = CARTESIAN_POINT('',(12.056099808815,4.75,-1.05));
#12811 = VECTOR('',#12812,1.);
#12812 = DIRECTION('',(-1.,0.,-6.123233995737E-17));
#12813 = ORIENTED_EDGE('',*,*,#10814,.T.);
#12814 = ORIENTED_EDGE('',*,*,#10939,.F.);
#12815 = ORIENTED_EDGE('',*,*,#10997,.F.);
#12816 = PLANE('',#12817);
#12817 = AXIS2_PLACEMENT_3D('',#12818,#12819,#12820);
#12818 = CARTESIAN_POINT('',(12.056099808815,4.75,-1.05));
#12819 = DIRECTION('',(-4.329780281177E-17,0.707106781187,0.707106781187
    ));
#12820 = DIRECTION('',(0.,-0.707106781187,0.707106781187));
#12821 = ADVANCED_FACE('',(#12822),#12833,.F.);
#12822 = FACE_BOUND('',#12823,.T.);
#12823 = EDGE_LOOP('',(#12824,#12825,#12826,#12832));
#12824 = ORIENTED_EDGE('',*,*,#10915,.T.);
#12825 = ORIENTED_EDGE('',*,*,#10830,.T.);
#12826 = ORIENTED_EDGE('',*,*,#12827,.F.);
#12827 = EDGE_CURVE('',#10982,#10823,#12828,.T.);
#12828 = LINE('',#12829,#12830);
#12829 = CARTESIAN_POINT('',(12.056099808815,3.25,-1.05));
#12830 = VECTOR('',#12831,1.);
#12831 = DIRECTION('',(-1.,0.,-6.123233995737E-17));
#12832 = ORIENTED_EDGE('',*,*,#10981,.F.);
#12833 = PLANE('',#12834);
#12834 = AXIS2_PLACEMENT_3D('',#12835,#12836,#12837);
#12835 = CARTESIAN_POINT('',(12.056099808815,3.,-1.3));
#12836 = DIRECTION('',(-4.329780281177E-17,-0.707106781187,
    0.707106781187));
#12837 = DIRECTION('',(0.,-0.707106781187,-0.707106781187));
#12838 = ADVANCED_FACE('',(#12839),#12845,.F.);
#12839 = FACE_BOUND('',#12840,.T.);
#12840 = EDGE_LOOP('',(#12841,#12842,#12843,#12844));
#12841 = ORIENTED_EDGE('',*,*,#12827,.T.);
#12842 = ORIENTED_EDGE('',*,*,#10822,.T.);
#12843 = ORIENTED_EDGE('',*,*,#12808,.F.);
#12844 = ORIENTED_EDGE('',*,*,#10989,.F.);
#12845 = PLANE('',#12846);
#12846 = AXIS2_PLACEMENT_3D('',#12847,#12848,#12849);
#12847 = CARTESIAN_POINT('',(12.056099808815,3.25,-1.05));
#12848 = DIRECTION('',(-6.123233995737E-17,-1.084202172486E-16,1.));
#12849 = DIRECTION('',(0.,-1.,-1.084202172486E-16));
#12850 = ADVANCED_FACE('',(#12851),#12857,.F.);
#12851 = FACE_BOUND('',#12852,.T.);
#12852 = EDGE_LOOP('',(#12853,#12854,#12855,#12856));
#12853 = ORIENTED_EDGE('',*,*,#10644,.T.);
#12854 = ORIENTED_EDGE('',*,*,#10846,.T.);
#12855 = ORIENTED_EDGE('',*,*,#10908,.F.);
#12856 = ORIENTED_EDGE('',*,*,#10974,.T.);
#12857 = PLANE('',#12858);
#12858 = AXIS2_PLACEMENT_3D('',#12859,#12860,#12861);
#12859 = CARTESIAN_POINT('',(-6.8,-1.448,-1.3));
#12860 = DIRECTION('',(0.,1.,0.));
#12861 = DIRECTION('',(0.,0.,-1.));
#12862 = ADVANCED_FACE('',(#12863),#12869,.F.);
#12863 = FACE_BOUND('',#12864,.T.);
#12864 = EDGE_LOOP('',(#12865,#12866,#12867,#12868));
#12865 = ORIENTED_EDGE('',*,*,#10868,.T.);
#12866 = ORIENTED_EDGE('',*,*,#10718,.F.);
#12867 = ORIENTED_EDGE('',*,*,#10684,.F.);
#12868 = ORIENTED_EDGE('',*,*,#10960,.T.);
#12869 = PLANE('',#12870);
#12870 = AXIS2_PLACEMENT_3D('',#12871,#12872,#12873);
#12871 = CARTESIAN_POINT('',(-6.8,-2.352,-1.3));
#12872 = DIRECTION('',(0.,-1.,4.336808689939E-14));
#12873 = DIRECTION('',(0.,-4.336808689939E-14,-1.));
#12874 = ADVANCED_FACE('',(#12875),#12918,.F.);
#12875 = FACE_BOUND('',#12876,.T.);
#12876 = EDGE_LOOP('',(#12877,#12887,#12894,#12895,#12904,#12912));
#12877 = ORIENTED_EDGE('',*,*,#12878,.F.);
#12878 = EDGE_CURVE('',#12879,#12881,#12883,.T.);
#12879 = VERTEX_POINT('',#12880);
#12880 = CARTESIAN_POINT('',(-6.59,-1.45,-1.5));
#12881 = VERTEX_POINT('',#12882);
#12882 = CARTESIAN_POINT('',(-6.1,-1.45,-1.5));
#12883 = LINE('',#12884,#12885);
#12884 = CARTESIAN_POINT('',(-6.649690260418,-1.45,-1.5));
#12885 = VECTOR('',#12886,1.);
#12886 = DIRECTION('',(1.,0.,1.224646799147E-16));
#12887 = ORIENTED_EDGE('',*,*,#12888,.T.);
#12888 = EDGE_CURVE('',#12879,#10629,#12889,.T.);
#12889 = CIRCLE('',#12890,0.21);
#12890 = AXIS2_PLACEMENT_3D('',#12891,#12892,#12893);
#12891 = CARTESIAN_POINT('',(-6.59,-1.45,-1.29));
#12892 = DIRECTION('',(0.,1.,0.));
#12893 = DIRECTION('',(1.,-0.,6.123233995737E-17));
#12894 = ORIENTED_EDGE('',*,*,#10626,.F.);
#12895 = ORIENTED_EDGE('',*,*,#12896,.T.);
#12896 = EDGE_CURVE('',#10627,#12897,#12899,.T.);
#12897 = VERTEX_POINT('',#12898);
#12898 = CARTESIAN_POINT('',(-6.59,-1.45,-1.3));
#12899 = CIRCLE('',#12900,1.E-02);
#12900 = AXIS2_PLACEMENT_3D('',#12901,#12902,#12903);
#12901 = CARTESIAN_POINT('',(-6.59,-1.45,-1.29));
#12902 = DIRECTION('',(0.,-1.,0.));
#12903 = DIRECTION('',(0.,0.,-1.));
#12904 = ORIENTED_EDGE('',*,*,#12905,.T.);
#12905 = EDGE_CURVE('',#12897,#12906,#12908,.T.);
#12906 = VERTEX_POINT('',#12907);
#12907 = CARTESIAN_POINT('',(-6.1,-1.45,-1.3));
#12908 = LINE('',#12909,#12910);
#12909 = CARTESIAN_POINT('',(-6.649690260418,-1.45,-1.3));
#12910 = VECTOR('',#12911,1.);
#12911 = DIRECTION('',(1.,0.,1.224646799147E-16));
#12912 = ORIENTED_EDGE('',*,*,#12913,.F.);
#12913 = EDGE_CURVE('',#12881,#12906,#12914,.T.);
#12914 = LINE('',#12915,#12916);
#12915 = CARTESIAN_POINT('',(-6.1,-1.45,-1.5));
#12916 = VECTOR('',#12917,1.);
#12917 = DIRECTION('',(0.,0.,1.));
#12918 = PLANE('',#12919);
#12919 = AXIS2_PLACEMENT_3D('',#12920,#12921,#12922);
#12920 = CARTESIAN_POINT('',(-6.649690260418,-1.45,-1.5));
#12921 = DIRECTION('',(0.,-1.,0.));
#12922 = DIRECTION('',(0.,0.,-1.));
#12923 = ADVANCED_FACE('',(#12924),#12967,.F.);
#12924 = FACE_BOUND('',#12925,.T.);
#12925 = EDGE_LOOP('',(#12926,#12936,#12943,#12944,#12953,#12961));
#12926 = ORIENTED_EDGE('',*,*,#12927,.T.);
#12927 = EDGE_CURVE('',#12928,#12930,#12932,.T.);
#12928 = VERTEX_POINT('',#12929);
#12929 = CARTESIAN_POINT('',(-6.1,-2.35,-1.3));
#12930 = VERTEX_POINT('',#12931);
#12931 = CARTESIAN_POINT('',(-6.59,-2.35,-1.3));
#12932 = LINE('',#12933,#12934);
#12933 = CARTESIAN_POINT('',(-6.1,-2.35,-1.3));
#12934 = VECTOR('',#12935,1.);
#12935 = DIRECTION('',(-1.,0.,-1.224646799147E-16));
#12936 = ORIENTED_EDGE('',*,*,#12937,.F.);
#12937 = EDGE_CURVE('',#10667,#12930,#12938,.T.);
#12938 = CIRCLE('',#12939,1.E-02);
#12939 = AXIS2_PLACEMENT_3D('',#12940,#12941,#12942);
#12940 = CARTESIAN_POINT('',(-6.59,-2.35,-1.29));
#12941 = DIRECTION('',(0.,-1.,0.));
#12942 = DIRECTION('',(0.,0.,-1.));
#12943 = ORIENTED_EDGE('',*,*,#10666,.T.);
#12944 = ORIENTED_EDGE('',*,*,#12945,.F.);
#12945 = EDGE_CURVE('',#12946,#10669,#12948,.T.);
#12946 = VERTEX_POINT('',#12947);
#12947 = CARTESIAN_POINT('',(-6.59,-2.35,-1.5));
#12948 = CIRCLE('',#12949,0.21);
#12949 = AXIS2_PLACEMENT_3D('',#12950,#12951,#12952);
#12950 = CARTESIAN_POINT('',(-6.59,-2.35,-1.29));
#12951 = DIRECTION('',(0.,1.,0.));
#12952 = DIRECTION('',(1.,-0.,6.123233995737E-17));
#12953 = ORIENTED_EDGE('',*,*,#12954,.F.);
#12954 = EDGE_CURVE('',#12955,#12946,#12957,.T.);
#12955 = VERTEX_POINT('',#12956);
#12956 = CARTESIAN_POINT('',(-6.1,-2.35,-1.5));
#12957 = LINE('',#12958,#12959);
#12958 = CARTESIAN_POINT('',(-6.1,-2.35,-1.5));
#12959 = VECTOR('',#12960,1.);
#12960 = DIRECTION('',(-1.,0.,-1.224646799147E-16));
#12961 = ORIENTED_EDGE('',*,*,#12962,.T.);
#12962 = EDGE_CURVE('',#12955,#12928,#12963,.T.);
#12963 = LINE('',#12964,#12965);
#12964 = CARTESIAN_POINT('',(-6.1,-2.35,-1.5));
#12965 = VECTOR('',#12966,1.);
#12966 = DIRECTION('',(0.,0.,1.));
#12967 = PLANE('',#12968);
#12968 = AXIS2_PLACEMENT_3D('',#12969,#12970,#12971);
#12969 = CARTESIAN_POINT('',(-6.1,-2.35,-1.5));
#12970 = DIRECTION('',(0.,1.,0.));
#12971 = DIRECTION('',(0.,-0.,1.));
#12972 = ADVANCED_FACE('',(#12973),#12989,.T.);
#12973 = FACE_BOUND('',#12974,.T.);
#12974 = EDGE_LOOP('',(#12975,#12976,#12982,#12983));
#12975 = ORIENTED_EDGE('',*,*,#12954,.T.);
#12976 = ORIENTED_EDGE('',*,*,#12977,.T.);
#12977 = EDGE_CURVE('',#12946,#12879,#12978,.T.);
#12978 = LINE('',#12979,#12980);
#12979 = CARTESIAN_POINT('',(-6.59,-2.35,-1.5));
#12980 = VECTOR('',#12981,1.);
#12981 = DIRECTION('',(0.,1.,0.));
#12982 = ORIENTED_EDGE('',*,*,#12878,.T.);
#12983 = ORIENTED_EDGE('',*,*,#12984,.T.);
#12984 = EDGE_CURVE('',#12881,#12955,#12985,.T.);
#12985 = LINE('',#12986,#12987);
#12986 = CARTESIAN_POINT('',(-6.1,-1.45,-1.5));
#12987 = VECTOR('',#12988,1.);
#12988 = DIRECTION('',(0.,-1.,0.));
#12989 = PLANE('',#12990);
#12990 = AXIS2_PLACEMENT_3D('',#12991,#12992,#12993);
#12991 = CARTESIAN_POINT('',(1.592040838892E-16,0.,-1.5));
#12992 = DIRECTION('',(1.224646799147E-16,0.,-1.));
#12993 = DIRECTION('',(-1.,0.,-1.224646799147E-16));
#12994 = ADVANCED_FACE('',(#12995),#13011,.F.);
#12995 = FACE_BOUND('',#12996,.T.);
#12996 = EDGE_LOOP('',(#12997,#13003,#13004,#13010));
#12997 = ORIENTED_EDGE('',*,*,#12998,.F.);
#12998 = EDGE_CURVE('',#12930,#12897,#12999,.T.);
#12999 = LINE('',#13000,#13001);
#13000 = CARTESIAN_POINT('',(-6.59,-2.35,-1.3));
#13001 = VECTOR('',#13002,1.);
#13002 = DIRECTION('',(0.,1.,0.));
#13003 = ORIENTED_EDGE('',*,*,#12927,.F.);
#13004 = ORIENTED_EDGE('',*,*,#13005,.F.);
#13005 = EDGE_CURVE('',#12906,#12928,#13006,.T.);
#13006 = LINE('',#13007,#13008);
#13007 = CARTESIAN_POINT('',(-6.1,-1.45,-1.3));
#13008 = VECTOR('',#13009,1.);
#13009 = DIRECTION('',(0.,-1.,0.));
#13010 = ORIENTED_EDGE('',*,*,#12905,.F.);
#13011 = PLANE('',#13012);
#13012 = AXIS2_PLACEMENT_3D('',#13013,#13014,#13015);
#13013 = CARTESIAN_POINT('',(1.592040838892E-16,0.,-1.3));
#13014 = DIRECTION('',(1.224646799147E-16,0.,-1.));
#13015 = DIRECTION('',(-1.,0.,-1.224646799147E-16));
#13016 = ADVANCED_FACE('',(#13017),#13023,.F.);
#13017 = FACE_BOUND('',#13018,.T.);
#13018 = EDGE_LOOP('',(#13019,#13020,#13021,#13022));
#13019 = ORIENTED_EDGE('',*,*,#13005,.T.);
#13020 = ORIENTED_EDGE('',*,*,#12962,.F.);
#13021 = ORIENTED_EDGE('',*,*,#12984,.F.);
#13022 = ORIENTED_EDGE('',*,*,#12913,.T.);
#13023 = PLANE('',#13024);
#13024 = AXIS2_PLACEMENT_3D('',#13025,#13026,#13027);
#13025 = CARTESIAN_POINT('',(-6.1,-1.45,-1.5));
#13026 = DIRECTION('',(-1.,0.,0.));
#13027 = DIRECTION('',(0.,0.,1.));
#13028 = ADVANCED_FACE('',(#13029),#13035,.T.);
#13029 = FACE_BOUND('',#13030,.T.);
#13030 = EDGE_LOOP('',(#13031,#13032,#13033,#13034));
#13031 = ORIENTED_EDGE('',*,*,#12945,.T.);
#13032 = ORIENTED_EDGE('',*,*,#10853,.F.);
#13033 = ORIENTED_EDGE('',*,*,#12888,.F.);
#13034 = ORIENTED_EDGE('',*,*,#12977,.F.);
#13035 = CYLINDRICAL_SURFACE('',#13036,0.21);
#13036 = AXIS2_PLACEMENT_3D('',#13037,#13038,#13039);
#13037 = CARTESIAN_POINT('',(-6.59,-1.45,-1.29));
#13038 = DIRECTION('',(0.,-1.,0.));
#13039 = DIRECTION('',(1.,0.,6.123233995737E-17));
#13040 = ADVANCED_FACE('',(#13041),#13047,.F.);
#13041 = FACE_BOUND('',#13042,.F.);
#13042 = EDGE_LOOP('',(#13043,#13044,#13045,#13046));
#13043 = ORIENTED_EDGE('',*,*,#10967,.F.);
#13044 = ORIENTED_EDGE('',*,*,#12896,.T.);
#13045 = ORIENTED_EDGE('',*,*,#12998,.F.);
#13046 = ORIENTED_EDGE('',*,*,#12937,.F.);
#13047 = CYLINDRICAL_SURFACE('',#13048,1.E-02);
#13048 = AXIS2_PLACEMENT_3D('',#13049,#13050,#13051);
#13049 = CARTESIAN_POINT('',(-6.59,-1.45,-1.29));
#13050 = DIRECTION('',(0.,-1.,0.));
#13051 = DIRECTION('',(1.,0.,6.123233995737E-17));
#13052 = ADVANCED_FACE('',(#13053),#13069,.T.);
#13053 = FACE_BOUND('',#13054,.T.);
#13054 = EDGE_LOOP('',(#13055,#13056,#13062,#13063));
#13055 = ORIENTED_EDGE('',*,*,#11020,.T.);
#13056 = ORIENTED_EDGE('',*,*,#13057,.T.);
#13057 = EDGE_CURVE('',#11013,#10783,#13058,.T.);
#13058 = LINE('',#13059,#13060);
#13059 = CARTESIAN_POINT('',(-5.2,-1.95,-1.E-02));
#13060 = VECTOR('',#13061,1.);
#13061 = DIRECTION('',(-1.,0.,0.));
#13062 = ORIENTED_EDGE('',*,*,#10782,.T.);
#13063 = ORIENTED_EDGE('',*,*,#13064,.T.);
#13064 = EDGE_CURVE('',#10561,#10604,#13065,.T.);
#13065 = LINE('',#13066,#13067);
#13066 = CARTESIAN_POINT('',(-6.8,-4.8525,-1.E-02));
#13067 = VECTOR('',#13068,1.);
#13068 = DIRECTION('',(1.,0.,0.));
#13069 = PLANE('',#13070);
#13070 = AXIS2_PLACEMENT_3D('',#13071,#13072,#13073);
#13071 = CARTESIAN_POINT('',(0.,0.,-1.E-02));
#13072 = DIRECTION('',(0.,0.,1.));
#13073 = DIRECTION('',(1.,0.,-0.));
#13074 = ADVANCED_FACE('',(#13075),#13088,.F.);
#13075 = FACE_BOUND('',#13076,.T.);
#13076 = EDGE_LOOP('',(#13077,#13078,#13079,#13085,#13086,#13087));
#13077 = ORIENTED_EDGE('',*,*,#10560,.F.);
#13078 = ORIENTED_EDGE('',*,*,#9926,.T.);
#13079 = ORIENTED_EDGE('',*,*,#13080,.F.);
#13080 = EDGE_CURVE('',#10159,#9917,#13081,.T.);
#13081 = LINE('',#13082,#13083);
#13082 = CARTESIAN_POINT('',(-5.2,-4.8525,-1.E-02));
#13083 = VECTOR('',#13084,1.);
#13084 = DIRECTION('',(0.,0.,1.));
#13085 = ORIENTED_EDGE('',*,*,#10158,.T.);
#13086 = ORIENTED_EDGE('',*,*,#10603,.T.);
#13087 = ORIENTED_EDGE('',*,*,#13064,.F.);
#13088 = PLANE('',#13089);
#13089 = AXIS2_PLACEMENT_3D('',#13090,#13091,#13092);
#13090 = CARTESIAN_POINT('',(-6.8,-4.8525,-1.E-02));
#13091 = DIRECTION('',(0.,-1.,0.));
#13092 = DIRECTION('',(0.,0.,-1.));
#13093 = ADVANCED_FACE('',(#13094),#13100,.F.);
#13094 = FACE_BOUND('',#13095,.T.);
#13095 = EDGE_LOOP('',(#13096,#13097,#13098,#13099));
#13096 = ORIENTED_EDGE('',*,*,#10168,.T.);
#13097 = ORIENTED_EDGE('',*,*,#13080,.T.);
#13098 = ORIENTED_EDGE('',*,*,#9916,.T.);
#13099 = ORIENTED_EDGE('',*,*,#10546,.F.);
#13100 = PLANE('',#13101);
#13101 = AXIS2_PLACEMENT_3D('',#13102,#13103,#13104);
#13102 = CARTESIAN_POINT('',(-5.2,-4.8525,-1.E-02));
#13103 = DIRECTION('',(1.,0.,0.));
#13104 = DIRECTION('',(0.,0.,-1.));
#13105 = ADVANCED_FACE('',(#13106),#13119,.F.);
#13106 = FACE_BOUND('',#13107,.T.);
#13107 = EDGE_LOOP('',(#13108,#13109,#13115,#13116,#13117,#13118));
#13108 = ORIENTED_EDGE('',*,*,#10226,.T.);
#13109 = ORIENTED_EDGE('',*,*,#13110,.T.);
#13110 = EDGE_CURVE('',#10218,#10095,#13111,.T.);
#13111 = LINE('',#13112,#13113);
#13112 = CARTESIAN_POINT('',(-6.295,-1.95,-1.E-02));
#13113 = VECTOR('',#13114,1.);
#13114 = DIRECTION('',(0.,0.,1.));
#13115 = ORIENTED_EDGE('',*,*,#10094,.T.);
#13116 = ORIENTED_EDGE('',*,*,#12546,.F.);
#13117 = ORIENTED_EDGE('',*,*,#13057,.F.);
#13118 = ORIENTED_EDGE('',*,*,#12566,.T.);
#13119 = PLANE('',#13120);
#13120 = AXIS2_PLACEMENT_3D('',#13121,#13122,#13123);
#13121 = CARTESIAN_POINT('',(-5.2,-1.95,-1.E-02));
#13122 = DIRECTION('',(0.,1.,0.));
#13123 = DIRECTION('',(0.,-0.,1.));
#13124 = ADVANCED_FACE('',(#13125),#13209,.T.);
#13125 = FACE_BOUND('',#13126,.T.);
#13126 = EDGE_LOOP('',(#13127,#13128,#13134,#13135,#13144,#13152,#13161,
    #13169,#13177,#13185,#13194,#13202));
#13127 = ORIENTED_EDGE('',*,*,#10193,.T.);
#13128 = ORIENTED_EDGE('',*,*,#13129,.F.);
#13129 = EDGE_CURVE('',#10128,#10185,#13130,.T.);
#13130 = LINE('',#13131,#13132);
#13131 = CARTESIAN_POINT('',(-5.595,-2.05,9.305580477951E-02));
#13132 = VECTOR('',#13133,1.);
#13133 = DIRECTION('',(0.,0.,-1.));
#13134 = ORIENTED_EDGE('',*,*,#10127,.T.);
#13135 = ORIENTED_EDGE('',*,*,#13136,.T.);
#13136 = EDGE_CURVE('',#10120,#13137,#13139,.T.);
#13137 = VERTEX_POINT('',#13138);
#13138 = CARTESIAN_POINT('',(-5.595,-3.214066562402,9.603315118807E-02)
  );
#13139 = CIRCLE('',#13140,1.670907642952);
#13140 = AXIS2_PLACEMENT_3D('',#13141,#13142,#13143);
#13141 = CARTESIAN_POINT('',(-5.595,-2.63386926929,-1.470907642952));
#13142 = DIRECTION('',(1.,0.,0.));
#13143 = DIRECTION('',(0.,-1.,1.560003125878E-16));
#13144 = ORIENTED_EDGE('',*,*,#13145,.T.);
#13145 = EDGE_CURVE('',#13137,#13146,#13148,.T.);
#13146 = VERTEX_POINT('',#13147);
#13147 = CARTESIAN_POINT('',(-5.595,-3.34359886716,4.807071835581E-02));
#13148 = LINE('',#13149,#13150);
#13149 = CARTESIAN_POINT('',(-5.595,-3.214066562402,9.603315118807E-02)
  );
#13150 = VECTOR('',#13151,1.);
#13151 = DIRECTION('',(0.,-0.93777821937,-0.347234807118));
#13152 = ORIENTED_EDGE('',*,*,#13153,.T.);
#13153 = EDGE_CURVE('',#13146,#13154,#13156,.T.);
#13154 = VERTEX_POINT('',#13155);
#13155 = CARTESIAN_POINT('',(-5.595,-4.022014605773,9.305580477951E-02)
  );
#13156 = CIRCLE('',#13157,0.832155292401);
#13157 = AXIS2_PLACEMENT_3D('',#13158,#13159,#13160);
#13158 = CARTESIAN_POINT('',(-5.595,-3.632552149609,0.828447826703));
#13159 = DIRECTION('',(-1.,0.,0.));
#13160 = DIRECTION('',(0.,-1.,1.560003125878E-16));
#13161 = ORIENTED_EDGE('',*,*,#13162,.T.);
#13162 = EDGE_CURVE('',#13154,#13163,#13165,.T.);
#13163 = VERTEX_POINT('',#13164);
#13164 = CARTESIAN_POINT('',(-5.595,-4.144387343906,0.15786421409));
#13165 = LINE('',#13166,#13167);
#13166 = CARTESIAN_POINT('',(-5.595,-4.022014605773,9.305580477951E-02)
  );
#13167 = VECTOR('',#13168,1.);
#13168 = DIRECTION('',(0.,-0.883719695878,0.468016558593));
#13169 = ORIENTED_EDGE('',*,*,#13170,.T.);
#13170 = EDGE_CURVE('',#13163,#13171,#13173,.T.);
#13171 = VERTEX_POINT('',#13172);
#13172 = CARTESIAN_POINT('',(-5.595,-4.237990655625,-1.88797250851E-02)
  );
#13173 = LINE('',#13174,#13175);
#13174 = CARTESIAN_POINT('',(-5.595,-4.144387343906,0.15786421409));
#13175 = VECTOR('',#13176,1.);
#13176 = DIRECTION('',(0.,-0.468016558593,-0.883719695878));
#13177 = ORIENTED_EDGE('',*,*,#13178,.T.);
#13178 = EDGE_CURVE('',#13171,#13179,#13181,.T.);
#13179 = VERTEX_POINT('',#13180);
#13180 = CARTESIAN_POINT('',(-5.595,-4.115617917492,-8.368813439608E-02)
  );
#13181 = LINE('',#13182,#13183);
#13182 = CARTESIAN_POINT('',(-5.595,-4.115617917492,-8.368813439608E-02)
  );
#13183 = VECTOR('',#13184,1.);
#13184 = DIRECTION('',(0.,0.883719695878,-0.468016558593));
#13185 = ORIENTED_EDGE('',*,*,#13186,.F.);
#13186 = EDGE_CURVE('',#13187,#13179,#13189,.T.);
#13187 = VERTEX_POINT('',#13188);
#13188 = CARTESIAN_POINT('',(-5.595,-3.274151905736,-0.139484925518));
#13189 = CIRCLE('',#13190,1.032155292401);
#13190 = AXIS2_PLACEMENT_3D('',#13191,#13192,#13193);
#13191 = CARTESIAN_POINT('',(-5.595,-3.632552149609,0.828447826703));
#13192 = DIRECTION('',(-1.,0.,0.));
#13193 = DIRECTION('',(0.,0.,1.));
#13194 = ORIENTED_EDGE('',*,*,#13195,.T.);
#13195 = EDGE_CURVE('',#13187,#13196,#13198,.T.);
#13196 = VERTEX_POINT('',#13197);
#13197 = CARTESIAN_POINT('',(-5.595,-3.144619600979,-9.152249268603E-02)
  );
#13198 = LINE('',#13199,#13200);
#13199 = CARTESIAN_POINT('',(-5.595,-3.144619600979,-9.152249268603E-02)
  );
#13200 = VECTOR('',#13201,1.);
#13201 = DIRECTION('',(0.,0.93777821937,0.347234807118));
#13202 = ORIENTED_EDGE('',*,*,#13203,.T.);
#13203 = EDGE_CURVE('',#13196,#10194,#13204,.T.);
#13204 = CIRCLE('',#13205,1.470907642952);
#13205 = AXIS2_PLACEMENT_3D('',#13206,#13207,#13208);
#13206 = CARTESIAN_POINT('',(-5.595,-2.63386926929,-1.470907642952));
#13207 = DIRECTION('',(-1.,0.,0.));
#13208 = DIRECTION('',(0.,0.,1.));
#13209 = PLANE('',#13210);
#13210 = AXIS2_PLACEMENT_3D('',#13211,#13212,#13213);
#13211 = CARTESIAN_POINT('',(-5.595,-4.022014605773,9.305580477951E-02)
  );
#13212 = DIRECTION('',(1.,0.,0.));
#13213 = DIRECTION('',(0.,-0.883719695878,0.468016558593));
#13214 = ADVANCED_FACE('',(#13215),#13249,.T.);
#13215 = FACE_BOUND('',#13216,.T.);
#13216 = EDGE_LOOP('',(#13217,#13227,#13235,#13243));
#13217 = ORIENTED_EDGE('',*,*,#13218,.T.);
#13218 = EDGE_CURVE('',#13219,#13221,#13223,.T.);
#13219 = VERTEX_POINT('',#13220);
#13220 = CARTESIAN_POINT('',(-6.095,-4.326362625213,2.792193077421E-02)
  );
#13221 = VERTEX_POINT('',#13222);
#13222 = CARTESIAN_POINT('',(-5.695,-4.326362625213,2.792193077421E-02)
  );
#13223 = LINE('',#13224,#13225);
#13224 = CARTESIAN_POINT('',(-5.595,-4.326362625213,2.792193077421E-02)
  );
#13225 = VECTOR('',#13226,1.);
#13226 = DIRECTION('',(1.,0.,0.));
#13227 = ORIENTED_EDGE('',*,*,#13228,.F.);
#13228 = EDGE_CURVE('',#13229,#13221,#13231,.T.);
#13229 = VERTEX_POINT('',#13230);
#13230 = CARTESIAN_POINT('',(-5.695,-4.232759313494,0.20466586995));
#13231 = LINE('',#13232,#13233);
#13232 = CARTESIAN_POINT('',(-5.695,-4.232759313494,0.20466586995));
#13233 = VECTOR('',#13234,1.);
#13234 = DIRECTION('',(0.,-0.468016558593,-0.883719695878));
#13235 = ORIENTED_EDGE('',*,*,#13236,.T.);
#13236 = EDGE_CURVE('',#13229,#13237,#13239,.T.);
#13237 = VERTEX_POINT('',#13238);
#13238 = CARTESIAN_POINT('',(-6.095,-4.232759313494,0.20466586995));
#13239 = LINE('',#13240,#13241);
#13240 = CARTESIAN_POINT('',(-5.595,-4.232759313494,0.20466586995));
#13241 = VECTOR('',#13242,1.);
#13242 = DIRECTION('',(-1.,0.,0.));
#13243 = ORIENTED_EDGE('',*,*,#13244,.F.);
#13244 = EDGE_CURVE('',#13219,#13237,#13245,.T.);
#13245 = LINE('',#13246,#13247);
#13246 = CARTESIAN_POINT('',(-6.095,-4.232759313494,0.20466586995));
#13247 = VECTOR('',#13248,1.);
#13248 = DIRECTION('',(0.,0.468016558593,0.883719695878));
#13249 = PLANE('',#13250);
#13250 = AXIS2_PLACEMENT_3D('',#13251,#13252,#13253);
#13251 = CARTESIAN_POINT('',(-5.595,-4.232759313494,0.20466586995));
#13252 = DIRECTION('',(0.,-0.883719695878,0.468016558593));
#13253 = DIRECTION('',(-1.,0.,0.));
#13254 = ADVANCED_FACE('',(#13255),#13339,.F.);
#13255 = FACE_BOUND('',#13256,.T.);
#13256 = EDGE_LOOP('',(#13257,#13258,#13264,#13265,#13274,#13282,#13291,
    #13299,#13307,#13315,#13324,#13332));
#13257 = ORIENTED_EDGE('',*,*,#10111,.F.);
#13258 = ORIENTED_EDGE('',*,*,#13259,.T.);
#13259 = EDGE_CURVE('',#10103,#10210,#13260,.T.);
#13260 = LINE('',#13261,#13262);
#13261 = CARTESIAN_POINT('',(-6.195,-2.05,0.2));
#13262 = VECTOR('',#13263,1.);
#13263 = DIRECTION('',(0.,0.,-1.));
#13264 = ORIENTED_EDGE('',*,*,#10209,.F.);
#13265 = ORIENTED_EDGE('',*,*,#13266,.F.);
#13266 = EDGE_CURVE('',#13267,#10202,#13269,.T.);
#13267 = VERTEX_POINT('',#13268);
#13268 = CARTESIAN_POINT('',(-6.195,-3.144619600979,-9.152249268603E-02)
  );
#13269 = CIRCLE('',#13270,1.470907642952);
#13270 = AXIS2_PLACEMENT_3D('',#13271,#13272,#13273);
#13271 = CARTESIAN_POINT('',(-6.195,-2.63386926929,-1.470907642952));
#13272 = DIRECTION('',(-1.,0.,0.));
#13273 = DIRECTION('',(0.,0.,1.));
#13274 = ORIENTED_EDGE('',*,*,#13275,.F.);
#13275 = EDGE_CURVE('',#13276,#13267,#13278,.T.);
#13276 = VERTEX_POINT('',#13277);
#13277 = CARTESIAN_POINT('',(-6.195,-3.274151905736,-0.139484925518));
#13278 = LINE('',#13279,#13280);
#13279 = CARTESIAN_POINT('',(-6.195,-3.144619600979,-9.152249268603E-02)
  );
#13280 = VECTOR('',#13281,1.);
#13281 = DIRECTION('',(0.,0.93777821937,0.347234807118));
#13282 = ORIENTED_EDGE('',*,*,#13283,.T.);
#13283 = EDGE_CURVE('',#13276,#13284,#13286,.T.);
#13284 = VERTEX_POINT('',#13285);
#13285 = CARTESIAN_POINT('',(-6.195,-4.115617917492,-8.368813439608E-02)
  );
#13286 = CIRCLE('',#13287,1.032155292401);
#13287 = AXIS2_PLACEMENT_3D('',#13288,#13289,#13290);
#13288 = CARTESIAN_POINT('',(-6.195,-3.632552149609,0.828447826703));
#13289 = DIRECTION('',(-1.,0.,0.));
#13290 = DIRECTION('',(0.,0.,1.));
#13291 = ORIENTED_EDGE('',*,*,#13292,.F.);
#13292 = EDGE_CURVE('',#13293,#13284,#13295,.T.);
#13293 = VERTEX_POINT('',#13294);
#13294 = CARTESIAN_POINT('',(-6.195,-4.237990655625,-1.88797250851E-02)
  );
#13295 = LINE('',#13296,#13297);
#13296 = CARTESIAN_POINT('',(-6.195,-4.115617917492,-8.368813439608E-02)
  );
#13297 = VECTOR('',#13298,1.);
#13298 = DIRECTION('',(0.,0.883719695878,-0.468016558593));
#13299 = ORIENTED_EDGE('',*,*,#13300,.F.);
#13300 = EDGE_CURVE('',#13301,#13293,#13303,.T.);
#13301 = VERTEX_POINT('',#13302);
#13302 = CARTESIAN_POINT('',(-6.195,-4.144387343906,0.15786421409));
#13303 = LINE('',#13304,#13305);
#13304 = CARTESIAN_POINT('',(-6.195,-3.646302669858,1.098359221349));
#13305 = VECTOR('',#13306,1.);
#13306 = DIRECTION('',(0.,-0.468016558593,-0.883719695878));
#13307 = ORIENTED_EDGE('',*,*,#13308,.F.);
#13308 = EDGE_CURVE('',#13309,#13301,#13311,.T.);
#13309 = VERTEX_POINT('',#13310);
#13310 = CARTESIAN_POINT('',(-6.195,-4.022014605773,9.305580477951E-02)
  );
#13311 = LINE('',#13312,#13313);
#13312 = CARTESIAN_POINT('',(-6.195,-4.022014605773,9.305580477951E-02)
  );
#13313 = VECTOR('',#13314,1.);
#13314 = DIRECTION('',(0.,-0.883719695878,0.468016558593));
#13315 = ORIENTED_EDGE('',*,*,#13316,.F.);
#13316 = EDGE_CURVE('',#13317,#13309,#13319,.T.);
#13317 = VERTEX_POINT('',#13318);
#13318 = CARTESIAN_POINT('',(-6.195,-3.34359886716,4.807071835581E-02));
#13319 = CIRCLE('',#13320,0.832155292401);
#13320 = AXIS2_PLACEMENT_3D('',#13321,#13322,#13323);
#13321 = CARTESIAN_POINT('',(-6.195,-3.632552149609,0.828447826703));
#13322 = DIRECTION('',(-1.,0.,0.));
#13323 = DIRECTION('',(0.,-1.,1.560003125878E-16));
#13324 = ORIENTED_EDGE('',*,*,#13325,.F.);
#13325 = EDGE_CURVE('',#13326,#13317,#13328,.T.);
#13326 = VERTEX_POINT('',#13327);
#13327 = CARTESIAN_POINT('',(-6.195,-3.214066562402,9.603315118807E-02)
  );
#13328 = LINE('',#13329,#13330);
#13329 = CARTESIAN_POINT('',(-6.195,-3.214066562402,9.603315118807E-02)
  );
#13330 = VECTOR('',#13331,1.);
#13331 = DIRECTION('',(0.,-0.93777821937,-0.347234807118));
#13332 = ORIENTED_EDGE('',*,*,#13333,.F.);
#13333 = EDGE_CURVE('',#10112,#13326,#13334,.T.);
#13334 = CIRCLE('',#13335,1.670907642952);
#13335 = AXIS2_PLACEMENT_3D('',#13336,#13337,#13338);
#13336 = CARTESIAN_POINT('',(-6.195,-2.63386926929,-1.470907642952));
#13337 = DIRECTION('',(1.,0.,0.));
#13338 = DIRECTION('',(0.,-1.,1.560003125878E-16));
#13339 = PLANE('',#13340);
#13340 = AXIS2_PLACEMENT_3D('',#13341,#13342,#13343);
#13341 = CARTESIAN_POINT('',(-6.195,-1.95,0.2));
#13342 = DIRECTION('',(1.,0.,0.));
#13343 = DIRECTION('',(0.,-1.,-5.132570201424E-18));
#13344 = ADVANCED_FACE('',(#13345),#13356,.F.);
#13345 = FACE_BOUND('',#13346,.F.);
#13346 = EDGE_LOOP('',(#13347,#13353,#13354,#13355));
#13347 = ORIENTED_EDGE('',*,*,#13348,.F.);
#13348 = EDGE_CURVE('',#13196,#13267,#13349,.T.);
#13349 = LINE('',#13350,#13351);
#13350 = CARTESIAN_POINT('',(-5.595,-3.144619600979,-9.152249268603E-02)
  );
#13351 = VECTOR('',#13352,1.);
#13352 = DIRECTION('',(-1.,0.,0.));
#13353 = ORIENTED_EDGE('',*,*,#13203,.T.);
#13354 = ORIENTED_EDGE('',*,*,#10201,.F.);
#13355 = ORIENTED_EDGE('',*,*,#13266,.F.);
#13356 = CYLINDRICAL_SURFACE('',#13357,1.470907642952);
#13357 = AXIS2_PLACEMENT_3D('',#13358,#13359,#13360);
#13358 = CARTESIAN_POINT('',(-5.595,-2.63386926929,-1.470907642952));
#13359 = DIRECTION('',(-1.,0.,0.));
#13360 = DIRECTION('',(0.,0.,1.));
#13361 = ADVANCED_FACE('',(#13362),#13373,.T.);
#13362 = FACE_BOUND('',#13363,.T.);
#13363 = EDGE_LOOP('',(#13364,#13365,#13366,#13367));
#13364 = ORIENTED_EDGE('',*,*,#13275,.T.);
#13365 = ORIENTED_EDGE('',*,*,#13348,.F.);
#13366 = ORIENTED_EDGE('',*,*,#13195,.F.);
#13367 = ORIENTED_EDGE('',*,*,#13368,.F.);
#13368 = EDGE_CURVE('',#13276,#13187,#13369,.T.);
#13369 = LINE('',#13370,#13371);
#13370 = CARTESIAN_POINT('',(-5.595,-3.274151905736,-0.139484925518));
#13371 = VECTOR('',#13372,1.);
#13372 = DIRECTION('',(1.,0.,0.));
#13373 = PLANE('',#13374);
#13374 = AXIS2_PLACEMENT_3D('',#13375,#13376,#13377);
#13375 = CARTESIAN_POINT('',(-5.595,-3.144619600979,-9.152249268603E-02)
  );
#13376 = DIRECTION('',(0.,0.347234807118,-0.93777821937));
#13377 = DIRECTION('',(0.,0.93777821937,0.347234807118));
#13378 = ADVANCED_FACE('',(#13379),#13390,.T.);
#13379 = FACE_BOUND('',#13380,.T.);
#13380 = EDGE_LOOP('',(#13381,#13382,#13383,#13384));
#13381 = ORIENTED_EDGE('',*,*,#13283,.F.);
#13382 = ORIENTED_EDGE('',*,*,#13368,.T.);
#13383 = ORIENTED_EDGE('',*,*,#13186,.T.);
#13384 = ORIENTED_EDGE('',*,*,#13385,.T.);
#13385 = EDGE_CURVE('',#13179,#13284,#13386,.T.);
#13386 = LINE('',#13387,#13388);
#13387 = CARTESIAN_POINT('',(-5.595,-4.115617917492,-8.368813439608E-02)
  );
#13388 = VECTOR('',#13389,1.);
#13389 = DIRECTION('',(-1.,0.,0.));
#13390 = CYLINDRICAL_SURFACE('',#13391,1.032155292401);
#13391 = AXIS2_PLACEMENT_3D('',#13392,#13393,#13394);
#13392 = CARTESIAN_POINT('',(-5.595,-3.632552149609,0.828447826703));
#13393 = DIRECTION('',(-1.,0.,0.));
#13394 = DIRECTION('',(0.,0.,1.));
#13395 = ADVANCED_FACE('',(#13396),#13416,.T.);
#13396 = FACE_BOUND('',#13397,.T.);
#13397 = EDGE_LOOP('',(#13398,#13399,#13406,#13407,#13414,#13415));
#13398 = ORIENTED_EDGE('',*,*,#13178,.F.);
#13399 = ORIENTED_EDGE('',*,*,#13400,.T.);
#13400 = EDGE_CURVE('',#13171,#13221,#13401,.T.);
#13401 = CIRCLE('',#13402,0.1);
#13402 = AXIS2_PLACEMENT_3D('',#13403,#13404,#13405);
#13403 = CARTESIAN_POINT('',(-5.695,-4.237990655625,-1.88797250851E-02)
  );
#13404 = DIRECTION('',(0.,-0.468016558593,-0.883719695878));
#13405 = DIRECTION('',(0.,0.883719695878,-0.468016558593));
#13406 = ORIENTED_EDGE('',*,*,#13218,.F.);
#13407 = ORIENTED_EDGE('',*,*,#13408,.T.);
#13408 = EDGE_CURVE('',#13219,#13293,#13409,.T.);
#13409 = CIRCLE('',#13410,0.1);
#13410 = AXIS2_PLACEMENT_3D('',#13411,#13412,#13413);
#13411 = CARTESIAN_POINT('',(-6.095,-4.237990655625,-1.88797250851E-02)
  );
#13412 = DIRECTION('',(0.,-0.468016558593,-0.883719695878));
#13413 = DIRECTION('',(0.,0.883719695878,-0.468016558593));
#13414 = ORIENTED_EDGE('',*,*,#13292,.T.);
#13415 = ORIENTED_EDGE('',*,*,#13385,.F.);
#13416 = PLANE('',#13417);
#13417 = AXIS2_PLACEMENT_3D('',#13418,#13419,#13420);
#13418 = CARTESIAN_POINT('',(-5.595,-4.115617917492,-8.368813439608E-02)
  );
#13419 = DIRECTION('',(0.,-0.468016558593,-0.883719695878));
#13420 = DIRECTION('',(0.,0.883719695878,-0.468016558593));
#13421 = ADVANCED_FACE('',(#13422),#13433,.T.);
#13422 = FACE_BOUND('',#13423,.T.);
#13423 = EDGE_LOOP('',(#13424,#13425,#13431,#13432));
#13424 = ORIENTED_EDGE('',*,*,#13333,.T.);
#13425 = ORIENTED_EDGE('',*,*,#13426,.F.);
#13426 = EDGE_CURVE('',#13137,#13326,#13427,.T.);
#13427 = LINE('',#13428,#13429);
#13428 = CARTESIAN_POINT('',(-5.595,-3.214066562402,9.603315118807E-02)
  );
#13429 = VECTOR('',#13430,1.);
#13430 = DIRECTION('',(-1.,0.,0.));
#13431 = ORIENTED_EDGE('',*,*,#13136,.F.);
#13432 = ORIENTED_EDGE('',*,*,#10119,.T.);
#13433 = CYLINDRICAL_SURFACE('',#13434,1.670907642952);
#13434 = AXIS2_PLACEMENT_3D('',#13435,#13436,#13437);
#13435 = CARTESIAN_POINT('',(-5.595,-2.63386926929,-1.470907642952));
#13436 = DIRECTION('',(-1.,0.,0.));
#13437 = DIRECTION('',(0.,0.,1.));
#13438 = ADVANCED_FACE('',(#13439),#13450,.F.);
#13439 = FACE_BOUND('',#13440,.T.);
#13440 = EDGE_LOOP('',(#13441,#13442,#13448,#13449));
#13441 = ORIENTED_EDGE('',*,*,#13325,.T.);
#13442 = ORIENTED_EDGE('',*,*,#13443,.F.);
#13443 = EDGE_CURVE('',#13146,#13317,#13444,.T.);
#13444 = LINE('',#13445,#13446);
#13445 = CARTESIAN_POINT('',(-5.595,-3.34359886716,4.807071835581E-02));
#13446 = VECTOR('',#13447,1.);
#13447 = DIRECTION('',(-1.,0.,0.));
#13448 = ORIENTED_EDGE('',*,*,#13145,.F.);
#13449 = ORIENTED_EDGE('',*,*,#13426,.T.);
#13450 = PLANE('',#13451);
#13451 = AXIS2_PLACEMENT_3D('',#13452,#13453,#13454);
#13452 = CARTESIAN_POINT('',(-5.595,-3.214066562402,9.603315118807E-02)
  );
#13453 = DIRECTION('',(0.,0.347234807118,-0.93777821937));
#13454 = DIRECTION('',(0.,0.93777821937,0.347234807118));
#13455 = ADVANCED_FACE('',(#13456),#13467,.F.);
#13456 = FACE_BOUND('',#13457,.F.);
#13457 = EDGE_LOOP('',(#13458,#13459,#13460,#13466));
#13458 = ORIENTED_EDGE('',*,*,#13443,.F.);
#13459 = ORIENTED_EDGE('',*,*,#13153,.T.);
#13460 = ORIENTED_EDGE('',*,*,#13461,.T.);
#13461 = EDGE_CURVE('',#13154,#13309,#13462,.T.);
#13462 = LINE('',#13463,#13464);
#13463 = CARTESIAN_POINT('',(-5.595,-4.022014605773,9.305580477951E-02)
  );
#13464 = VECTOR('',#13465,1.);
#13465 = DIRECTION('',(-1.,0.,0.));
#13466 = ORIENTED_EDGE('',*,*,#13316,.F.);
#13467 = CYLINDRICAL_SURFACE('',#13468,0.832155292401);
#13468 = AXIS2_PLACEMENT_3D('',#13469,#13470,#13471);
#13469 = CARTESIAN_POINT('',(-5.595,-3.632552149609,0.828447826703));
#13470 = DIRECTION('',(-1.,0.,0.));
#13471 = DIRECTION('',(0.,0.,1.));
#13472 = ADVANCED_FACE('',(#13473),#13493,.F.);
#13473 = FACE_BOUND('',#13474,.T.);
#13474 = EDGE_LOOP('',(#13475,#13476,#13483,#13484,#13485,#13486));
#13475 = ORIENTED_EDGE('',*,*,#13236,.F.);
#13476 = ORIENTED_EDGE('',*,*,#13477,.F.);
#13477 = EDGE_CURVE('',#13163,#13229,#13478,.T.);
#13478 = CIRCLE('',#13479,0.1);
#13479 = AXIS2_PLACEMENT_3D('',#13480,#13481,#13482);
#13480 = CARTESIAN_POINT('',(-5.695,-4.144387343906,0.15786421409));
#13481 = DIRECTION('',(0.,-0.468016558593,-0.883719695878));
#13482 = DIRECTION('',(0.,0.883719695878,-0.468016558593));
#13483 = ORIENTED_EDGE('',*,*,#13162,.F.);
#13484 = ORIENTED_EDGE('',*,*,#13461,.T.);
#13485 = ORIENTED_EDGE('',*,*,#13308,.T.);
#13486 = ORIENTED_EDGE('',*,*,#13487,.F.);
#13487 = EDGE_CURVE('',#13237,#13301,#13488,.T.);
#13488 = CIRCLE('',#13489,0.1);
#13489 = AXIS2_PLACEMENT_3D('',#13490,#13491,#13492);
#13490 = CARTESIAN_POINT('',(-6.095,-4.144387343906,0.15786421409));
#13491 = DIRECTION('',(0.,-0.468016558593,-0.883719695878));
#13492 = DIRECTION('',(0.,0.883719695878,-0.468016558593));
#13493 = PLANE('',#13494);
#13494 = AXIS2_PLACEMENT_3D('',#13495,#13496,#13497);
#13495 = CARTESIAN_POINT('',(-5.595,-4.022014605773,9.305580477951E-02)
  );
#13496 = DIRECTION('',(0.,-0.468016558593,-0.883719695878));
#13497 = DIRECTION('',(0.,0.883719695878,-0.468016558593));
#13498 = ADVANCED_FACE('',(#13499),#13505,.F.);
#13499 = FACE_BOUND('',#13500,.F.);
#13500 = EDGE_LOOP('',(#13501,#13502,#13503,#13504));
#13501 = ORIENTED_EDGE('',*,*,#10539,.T.);
#13502 = ORIENTED_EDGE('',*,*,#10184,.F.);
#13503 = ORIENTED_EDGE('',*,*,#13129,.F.);
#13504 = ORIENTED_EDGE('',*,*,#10135,.T.);
#13505 = CYLINDRICAL_SURFACE('',#13506,0.1);
#13506 = AXIS2_PLACEMENT_3D('',#13507,#13508,#13509);
#13507 = CARTESIAN_POINT('',(-5.495,-2.05,-1.E-02));
#13508 = DIRECTION('',(0.,0.,-1.));
#13509 = DIRECTION('',(-1.,0.,0.));
#13510 = ADVANCED_FACE('',(#13511),#13517,.F.);
#13511 = FACE_BOUND('',#13512,.F.);
#13512 = EDGE_LOOP('',(#13513,#13514,#13515,#13516));
#13513 = ORIENTED_EDGE('',*,*,#13259,.T.);
#13514 = ORIENTED_EDGE('',*,*,#10217,.F.);
#13515 = ORIENTED_EDGE('',*,*,#13110,.T.);
#13516 = ORIENTED_EDGE('',*,*,#10102,.T.);
#13517 = CYLINDRICAL_SURFACE('',#13518,0.1);
#13518 = AXIS2_PLACEMENT_3D('',#13519,#13520,#13521);
#13519 = CARTESIAN_POINT('',(-6.295,-2.05,0.2));
#13520 = DIRECTION('',(0.,0.,1.));
#13521 = DIRECTION('',(1.,0.,-0.));
#13522 = ADVANCED_FACE('',(#13523),#13529,.T.);
#13523 = FACE_BOUND('',#13524,.T.);
#13524 = EDGE_LOOP('',(#13525,#13526,#13527,#13528));
#13525 = ORIENTED_EDGE('',*,*,#13477,.T.);
#13526 = ORIENTED_EDGE('',*,*,#13228,.T.);
#13527 = ORIENTED_EDGE('',*,*,#13400,.F.);
#13528 = ORIENTED_EDGE('',*,*,#13170,.F.);
#13529 = CYLINDRICAL_SURFACE('',#13530,0.1);
#13530 = AXIS2_PLACEMENT_3D('',#13531,#13532,#13533);
#13531 = CARTESIAN_POINT('',(-5.695,-4.144387343906,0.15786421409));
#13532 = DIRECTION('',(0.,-0.468016558593,-0.883719695878));
#13533 = DIRECTION('',(0.,0.883719695878,-0.468016558593));
#13534 = ADVANCED_FACE('',(#13535),#13541,.T.);
#13535 = FACE_BOUND('',#13536,.T.);
#13536 = EDGE_LOOP('',(#13537,#13538,#13539,#13540));
#13537 = ORIENTED_EDGE('',*,*,#13487,.T.);
#13538 = ORIENTED_EDGE('',*,*,#13300,.T.);
#13539 = ORIENTED_EDGE('',*,*,#13408,.F.);
#13540 = ORIENTED_EDGE('',*,*,#13244,.T.);
#13541 = CYLINDRICAL_SURFACE('',#13542,0.1);
#13542 = AXIS2_PLACEMENT_3D('',#13543,#13544,#13545);
#13543 = CARTESIAN_POINT('',(-6.095,-4.144387343906,0.15786421409));
#13544 = DIRECTION('',(0.,0.468016558593,0.883719695878));
#13545 = DIRECTION('',(0.,-0.883719695878,0.468016558593));
#13546 = ADVANCED_FACE('',(#13547),#13572,.F.);
#13547 = FACE_BOUND('',#13548,.T.);
#13548 = EDGE_LOOP('',(#13549,#13550,#13558,#13566));
#13549 = ORIENTED_EDGE('',*,*,#9798,.T.);
#13550 = ORIENTED_EDGE('',*,*,#13551,.F.);
#13551 = EDGE_CURVE('',#13552,#9789,#13554,.T.);
#13552 = VERTEX_POINT('',#13553);
#13553 = CARTESIAN_POINT('',(-3.8,-1.55,0.19));
#13554 = LINE('',#13555,#13556);
#13555 = CARTESIAN_POINT('',(-3.8,-1.55,0.19));
#13556 = VECTOR('',#13557,1.);
#13557 = DIRECTION('',(0.,0.,1.));
#13558 = ORIENTED_EDGE('',*,*,#13559,.F.);
#13559 = EDGE_CURVE('',#13560,#13552,#13562,.T.);
#13560 = VERTEX_POINT('',#13561);
#13561 = CARTESIAN_POINT('',(-3.5,-2.35,0.19));
#13562 = LINE('',#13563,#13564);
#13563 = CARTESIAN_POINT('',(-3.5,-2.35,0.19));
#13564 = VECTOR('',#13565,1.);
#13565 = DIRECTION('',(-0.351123441588,0.936329177569,0.));
#13566 = ORIENTED_EDGE('',*,*,#13567,.T.);
#13567 = EDGE_CURVE('',#13560,#9799,#13568,.T.);
#13568 = LINE('',#13569,#13570);
#13569 = CARTESIAN_POINT('',(-3.5,-2.35,0.19));
#13570 = VECTOR('',#13571,1.);
#13571 = DIRECTION('',(0.,0.,1.));
#13572 = PLANE('',#13573);
#13573 = AXIS2_PLACEMENT_3D('',#13574,#13575,#13576);
#13574 = CARTESIAN_POINT('',(-3.5,-2.35,0.19));
#13575 = DIRECTION('',(0.936329177569,0.351123441588,0.));
#13576 = DIRECTION('',(-0.351123441588,0.936329177569,0.));
#13577 = ADVANCED_FACE('',(#13578),#13596,.F.);
#13578 = FACE_BOUND('',#13579,.T.);
#13579 = EDGE_LOOP('',(#13580,#13581,#13589,#13595));
#13580 = ORIENTED_EDGE('',*,*,#9788,.T.);
#13581 = ORIENTED_EDGE('',*,*,#13582,.F.);
#13582 = EDGE_CURVE('',#13583,#9791,#13585,.T.);
#13583 = VERTEX_POINT('',#13584);
#13584 = CARTESIAN_POINT('',(-4.1,-2.35,0.19));
#13585 = LINE('',#13586,#13587);
#13586 = CARTESIAN_POINT('',(-4.1,-2.35,0.19));
#13587 = VECTOR('',#13588,1.);
#13588 = DIRECTION('',(0.,0.,1.));
#13589 = ORIENTED_EDGE('',*,*,#13590,.F.);
#13590 = EDGE_CURVE('',#13552,#13583,#13591,.T.);
#13591 = LINE('',#13592,#13593);
#13592 = CARTESIAN_POINT('',(-3.8,-1.55,0.19));
#13593 = VECTOR('',#13594,1.);
#13594 = DIRECTION('',(-0.351123441588,-0.936329177569,0.));
#13595 = ORIENTED_EDGE('',*,*,#13551,.T.);
#13596 = PLANE('',#13597);
#13597 = AXIS2_PLACEMENT_3D('',#13598,#13599,#13600);
#13598 = CARTESIAN_POINT('',(-3.8,-1.55,0.19));
#13599 = DIRECTION('',(-0.936329177569,0.351123441588,0.));
#13600 = DIRECTION('',(-0.351123441588,-0.936329177569,0.));
#13601 = ADVANCED_FACE('',(#13602),#13620,.F.);
#13602 = FACE_BOUND('',#13603,.T.);
#13603 = EDGE_LOOP('',(#13604,#13605,#13613,#13619));
#13604 = ORIENTED_EDGE('',*,*,#9838,.T.);
#13605 = ORIENTED_EDGE('',*,*,#13606,.F.);
#13606 = EDGE_CURVE('',#13607,#9831,#13609,.T.);
#13607 = VERTEX_POINT('',#13608);
#13608 = CARTESIAN_POINT('',(-3.925,-2.35,0.19));
#13609 = LINE('',#13610,#13611);
#13610 = CARTESIAN_POINT('',(-3.925,-2.35,0.19));
#13611 = VECTOR('',#13612,1.);
#13612 = DIRECTION('',(0.,0.,1.));
#13613 = ORIENTED_EDGE('',*,*,#13614,.F.);
#13614 = EDGE_CURVE('',#13583,#13607,#13615,.T.);
#13615 = LINE('',#13616,#13617);
#13616 = CARTESIAN_POINT('',(-4.1,-2.35,0.19));
#13617 = VECTOR('',#13618,1.);
#13618 = DIRECTION('',(1.,0.,0.));
#13619 = ORIENTED_EDGE('',*,*,#13582,.T.);
#13620 = PLANE('',#13621);
#13621 = AXIS2_PLACEMENT_3D('',#13622,#13623,#13624);
#13622 = CARTESIAN_POINT('',(-4.1,-2.35,0.19));
#13623 = DIRECTION('',(0.,-1.,0.));
#13624 = DIRECTION('',(0.,0.,-1.));
#13625 = ADVANCED_FACE('',(#13626),#13644,.F.);
#13626 = FACE_BOUND('',#13627,.T.);
#13627 = EDGE_LOOP('',(#13628,#13629,#13637,#13643));
#13628 = ORIENTED_EDGE('',*,*,#9830,.T.);
#13629 = ORIENTED_EDGE('',*,*,#13630,.F.);
#13630 = EDGE_CURVE('',#13631,#9823,#13633,.T.);
#13631 = VERTEX_POINT('',#13632);
#13632 = CARTESIAN_POINT('',(-3.925,-3.85,0.19));
#13633 = LINE('',#13634,#13635);
#13634 = CARTESIAN_POINT('',(-3.925,-3.85,0.19));
#13635 = VECTOR('',#13636,1.);
#13636 = DIRECTION('',(0.,0.,1.));
#13637 = ORIENTED_EDGE('',*,*,#13638,.F.);
#13638 = EDGE_CURVE('',#13607,#13631,#13639,.T.);
#13639 = LINE('',#13640,#13641);
#13640 = CARTESIAN_POINT('',(-3.925,-2.35,0.19));
#13641 = VECTOR('',#13642,1.);
#13642 = DIRECTION('',(0.,-1.,0.));
#13643 = ORIENTED_EDGE('',*,*,#13606,.T.);
#13644 = PLANE('',#13645);
#13645 = AXIS2_PLACEMENT_3D('',#13646,#13647,#13648);
#13646 = CARTESIAN_POINT('',(-3.925,-2.35,0.19));
#13647 = DIRECTION('',(-1.,0.,0.));
#13648 = DIRECTION('',(0.,0.,1.));
#13649 = ADVANCED_FACE('',(#13650),#13668,.F.);
#13650 = FACE_BOUND('',#13651,.T.);
#13651 = EDGE_LOOP('',(#13652,#13653,#13661,#13667));
#13652 = ORIENTED_EDGE('',*,*,#9822,.T.);
#13653 = ORIENTED_EDGE('',*,*,#13654,.F.);
#13654 = EDGE_CURVE('',#13655,#9815,#13657,.T.);
#13655 = VERTEX_POINT('',#13656);
#13656 = CARTESIAN_POINT('',(-3.675,-3.85,0.19));
#13657 = LINE('',#13658,#13659);
#13658 = CARTESIAN_POINT('',(-3.675,-3.85,0.19));
#13659 = VECTOR('',#13660,1.);
#13660 = DIRECTION('',(0.,0.,1.));
#13661 = ORIENTED_EDGE('',*,*,#13662,.F.);
#13662 = EDGE_CURVE('',#13631,#13655,#13663,.T.);
#13663 = LINE('',#13664,#13665);
#13664 = CARTESIAN_POINT('',(-3.925,-3.85,0.19));
#13665 = VECTOR('',#13666,1.);
#13666 = DIRECTION('',(1.,0.,0.));
#13667 = ORIENTED_EDGE('',*,*,#13630,.T.);
#13668 = PLANE('',#13669);
#13669 = AXIS2_PLACEMENT_3D('',#13670,#13671,#13672);
#13670 = CARTESIAN_POINT('',(-3.925,-3.85,0.19));
#13671 = DIRECTION('',(0.,-1.,0.));
#13672 = DIRECTION('',(0.,0.,-1.));
#13673 = ADVANCED_FACE('',(#13674),#13692,.F.);
#13674 = FACE_BOUND('',#13675,.T.);
#13675 = EDGE_LOOP('',(#13676,#13677,#13685,#13691));
#13676 = ORIENTED_EDGE('',*,*,#9814,.T.);
#13677 = ORIENTED_EDGE('',*,*,#13678,.F.);
#13678 = EDGE_CURVE('',#13679,#9807,#13681,.T.);
#13679 = VERTEX_POINT('',#13680);
#13680 = CARTESIAN_POINT('',(-3.675,-2.35,0.19));
#13681 = LINE('',#13682,#13683);
#13682 = CARTESIAN_POINT('',(-3.675,-2.35,0.19));
#13683 = VECTOR('',#13684,1.);
#13684 = DIRECTION('',(0.,0.,1.));
#13685 = ORIENTED_EDGE('',*,*,#13686,.F.);
#13686 = EDGE_CURVE('',#13655,#13679,#13687,.T.);
#13687 = LINE('',#13688,#13689);
#13688 = CARTESIAN_POINT('',(-3.675,-3.85,0.19));
#13689 = VECTOR('',#13690,1.);
#13690 = DIRECTION('',(0.,1.,0.));
#13691 = ORIENTED_EDGE('',*,*,#13654,.T.);
#13692 = PLANE('',#13693);
#13693 = AXIS2_PLACEMENT_3D('',#13694,#13695,#13696);
#13694 = CARTESIAN_POINT('',(-3.675,-3.85,0.19));
#13695 = DIRECTION('',(1.,0.,0.));
#13696 = DIRECTION('',(0.,0.,-1.));
#13697 = ADVANCED_FACE('',(#13698),#13709,.F.);
#13698 = FACE_BOUND('',#13699,.T.);
#13699 = EDGE_LOOP('',(#13700,#13701,#13702,#13708));
#13700 = ORIENTED_EDGE('',*,*,#9806,.T.);
#13701 = ORIENTED_EDGE('',*,*,#13567,.F.);
#13702 = ORIENTED_EDGE('',*,*,#13703,.F.);
#13703 = EDGE_CURVE('',#13679,#13560,#13704,.T.);
#13704 = LINE('',#13705,#13706);
#13705 = CARTESIAN_POINT('',(-3.675,-2.35,0.19));
#13706 = VECTOR('',#13707,1.);
#13707 = DIRECTION('',(1.,0.,0.));
#13708 = ORIENTED_EDGE('',*,*,#13678,.T.);
#13709 = PLANE('',#13710);
#13710 = AXIS2_PLACEMENT_3D('',#13711,#13712,#13713);
#13711 = CARTESIAN_POINT('',(-3.675,-2.35,0.19));
#13712 = DIRECTION('',(0.,-1.,0.));
#13713 = DIRECTION('',(0.,0.,-1.));
#13714 = ADVANCED_FACE('',(#13715),#13724,.F.);
#13715 = FACE_BOUND('',#13716,.T.);
#13716 = EDGE_LOOP('',(#13717,#13718,#13719,#13720,#13721,#13722,#13723)
  );
#13717 = ORIENTED_EDGE('',*,*,#13559,.T.);
#13718 = ORIENTED_EDGE('',*,*,#13590,.T.);
#13719 = ORIENTED_EDGE('',*,*,#13614,.T.);
#13720 = ORIENTED_EDGE('',*,*,#13638,.T.);
#13721 = ORIENTED_EDGE('',*,*,#13662,.T.);
#13722 = ORIENTED_EDGE('',*,*,#13686,.T.);
#13723 = ORIENTED_EDGE('',*,*,#13703,.T.);
#13724 = PLANE('',#13725);
#13725 = AXIS2_PLACEMENT_3D('',#13726,#13727,#13728);
#13726 = CARTESIAN_POINT('',(0.,0.,0.19));
#13727 = DIRECTION('',(0.,0.,-1.));
#13728 = DIRECTION('',(-1.,0.,0.));
#13729 = ADVANCED_FACE('',(#13730),#13755,.F.);
#13730 = FACE_BOUND('',#13731,.T.);
#13731 = EDGE_LOOP('',(#13732,#13733,#13741,#13749));
#13732 = ORIENTED_EDGE('',*,*,#9740,.T.);
#13733 = ORIENTED_EDGE('',*,*,#13734,.F.);
#13734 = EDGE_CURVE('',#13735,#9731,#13737,.T.);
#13735 = VERTEX_POINT('',#13736);
#13736 = CARTESIAN_POINT('',(3.675,-1.55,0.19));
#13737 = LINE('',#13738,#13739);
#13738 = CARTESIAN_POINT('',(3.675,-1.55,0.19));
#13739 = VECTOR('',#13740,1.);
#13740 = DIRECTION('',(0.,0.,1.));
#13741 = ORIENTED_EDGE('',*,*,#13742,.F.);
#13742 = EDGE_CURVE('',#13743,#13735,#13745,.T.);
#13743 = VERTEX_POINT('',#13744);
#13744 = CARTESIAN_POINT('',(3.925,-1.55,0.19));
#13745 = LINE('',#13746,#13747);
#13746 = CARTESIAN_POINT('',(3.925,-1.55,0.19));
#13747 = VECTOR('',#13748,1.);
#13748 = DIRECTION('',(-1.,0.,0.));
#13749 = ORIENTED_EDGE('',*,*,#13750,.T.);
#13750 = EDGE_CURVE('',#13743,#9741,#13751,.T.);
#13751 = LINE('',#13752,#13753);
#13752 = CARTESIAN_POINT('',(3.925,-1.55,0.19));
#13753 = VECTOR('',#13754,1.);
#13754 = DIRECTION('',(0.,0.,1.));
#13755 = PLANE('',#13756);
#13756 = AXIS2_PLACEMENT_3D('',#13757,#13758,#13759);
#13757 = CARTESIAN_POINT('',(3.925,-1.55,0.19));
#13758 = DIRECTION('',(0.,1.,0.));
#13759 = DIRECTION('',(0.,-0.,1.));
#13760 = ADVANCED_FACE('',(#13761),#13779,.F.);
#13761 = FACE_BOUND('',#13762,.T.);
#13762 = EDGE_LOOP('',(#13763,#13764,#13772,#13778));
#13763 = ORIENTED_EDGE('',*,*,#9730,.T.);
#13764 = ORIENTED_EDGE('',*,*,#13765,.F.);
#13765 = EDGE_CURVE('',#13766,#9733,#13768,.T.);
#13766 = VERTEX_POINT('',#13767);
#13767 = CARTESIAN_POINT('',(3.675,-3.05,0.19));
#13768 = LINE('',#13769,#13770);
#13769 = CARTESIAN_POINT('',(3.675,-3.05,0.19));
#13770 = VECTOR('',#13771,1.);
#13771 = DIRECTION('',(0.,0.,1.));
#13772 = ORIENTED_EDGE('',*,*,#13773,.F.);
#13773 = EDGE_CURVE('',#13735,#13766,#13774,.T.);
#13774 = LINE('',#13775,#13776);
#13775 = CARTESIAN_POINT('',(3.675,-1.55,0.19));
#13776 = VECTOR('',#13777,1.);
#13777 = DIRECTION('',(0.,-1.,0.));
#13778 = ORIENTED_EDGE('',*,*,#13734,.T.);
#13779 = PLANE('',#13780);
#13780 = AXIS2_PLACEMENT_3D('',#13781,#13782,#13783);
#13781 = CARTESIAN_POINT('',(3.675,-1.55,0.19));
#13782 = DIRECTION('',(-1.,0.,0.));
#13783 = DIRECTION('',(0.,0.,1.));
#13784 = ADVANCED_FACE('',(#13785),#13803,.F.);
#13785 = FACE_BOUND('',#13786,.T.);
#13786 = EDGE_LOOP('',(#13787,#13788,#13796,#13802));
#13787 = ORIENTED_EDGE('',*,*,#9780,.T.);
#13788 = ORIENTED_EDGE('',*,*,#13789,.F.);
#13789 = EDGE_CURVE('',#13790,#9773,#13792,.T.);
#13790 = VERTEX_POINT('',#13791);
#13791 = CARTESIAN_POINT('',(3.5,-3.05,0.19));
#13792 = LINE('',#13793,#13794);
#13793 = CARTESIAN_POINT('',(3.5,-3.05,0.19));
#13794 = VECTOR('',#13795,1.);
#13795 = DIRECTION('',(0.,0.,1.));
#13796 = ORIENTED_EDGE('',*,*,#13797,.F.);
#13797 = EDGE_CURVE('',#13766,#13790,#13798,.T.);
#13798 = LINE('',#13799,#13800);
#13799 = CARTESIAN_POINT('',(3.675,-3.05,0.19));
#13800 = VECTOR('',#13801,1.);
#13801 = DIRECTION('',(-1.,2.478176394253E-15,0.));
#13802 = ORIENTED_EDGE('',*,*,#13765,.T.);
#13803 = PLANE('',#13804);
#13804 = AXIS2_PLACEMENT_3D('',#13805,#13806,#13807);
#13805 = CARTESIAN_POINT('',(3.675,-3.05,0.19));
#13806 = DIRECTION('',(2.478176394253E-15,1.,0.));
#13807 = DIRECTION('',(-1.,2.478176394253E-15,0.));
#13808 = ADVANCED_FACE('',(#13809),#13827,.F.);
#13809 = FACE_BOUND('',#13810,.T.);
#13810 = EDGE_LOOP('',(#13811,#13812,#13820,#13826));
#13811 = ORIENTED_EDGE('',*,*,#9772,.T.);
#13812 = ORIENTED_EDGE('',*,*,#13813,.F.);
#13813 = EDGE_CURVE('',#13814,#9765,#13816,.T.);
#13814 = VERTEX_POINT('',#13815);
#13815 = CARTESIAN_POINT('',(3.8,-3.85,0.19));
#13816 = LINE('',#13817,#13818);
#13817 = CARTESIAN_POINT('',(3.8,-3.85,0.19));
#13818 = VECTOR('',#13819,1.);
#13819 = DIRECTION('',(0.,0.,1.));
#13820 = ORIENTED_EDGE('',*,*,#13821,.F.);
#13821 = EDGE_CURVE('',#13790,#13814,#13822,.T.);
#13822 = LINE('',#13823,#13824);
#13823 = CARTESIAN_POINT('',(3.5,-3.05,0.19));
#13824 = VECTOR('',#13825,1.);
#13825 = DIRECTION('',(0.351123441588,-0.936329177569,0.));
#13826 = ORIENTED_EDGE('',*,*,#13789,.T.);
#13827 = PLANE('',#13828);
#13828 = AXIS2_PLACEMENT_3D('',#13829,#13830,#13831);
#13829 = CARTESIAN_POINT('',(3.5,-3.05,0.19));
#13830 = DIRECTION('',(-0.936329177569,-0.351123441588,0.));
#13831 = DIRECTION('',(0.351123441588,-0.936329177569,0.));
#13832 = ADVANCED_FACE('',(#13833),#13851,.F.);
#13833 = FACE_BOUND('',#13834,.T.);
#13834 = EDGE_LOOP('',(#13835,#13836,#13844,#13850));
#13835 = ORIENTED_EDGE('',*,*,#9764,.T.);
#13836 = ORIENTED_EDGE('',*,*,#13837,.F.);
#13837 = EDGE_CURVE('',#13838,#9757,#13840,.T.);
#13838 = VERTEX_POINT('',#13839);
#13839 = CARTESIAN_POINT('',(4.1,-3.05,0.19));
#13840 = LINE('',#13841,#13842);
#13841 = CARTESIAN_POINT('',(4.1,-3.05,0.19));
#13842 = VECTOR('',#13843,1.);
#13843 = DIRECTION('',(0.,0.,1.));
#13844 = ORIENTED_EDGE('',*,*,#13845,.F.);
#13845 = EDGE_CURVE('',#13814,#13838,#13846,.T.);
#13846 = LINE('',#13847,#13848);
#13847 = CARTESIAN_POINT('',(3.8,-3.85,0.19));
#13848 = VECTOR('',#13849,1.);
#13849 = DIRECTION('',(0.351123441588,0.936329177569,0.));
#13850 = ORIENTED_EDGE('',*,*,#13813,.T.);
#13851 = PLANE('',#13852);
#13852 = AXIS2_PLACEMENT_3D('',#13853,#13854,#13855);
#13853 = CARTESIAN_POINT('',(3.8,-3.85,0.19));
#13854 = DIRECTION('',(0.936329177569,-0.351123441588,0.));
#13855 = DIRECTION('',(0.351123441588,0.936329177569,0.));
#13856 = ADVANCED_FACE('',(#13857),#13875,.F.);
#13857 = FACE_BOUND('',#13858,.T.);
#13858 = EDGE_LOOP('',(#13859,#13860,#13868,#13874));
#13859 = ORIENTED_EDGE('',*,*,#9756,.T.);
#13860 = ORIENTED_EDGE('',*,*,#13861,.F.);
#13861 = EDGE_CURVE('',#13862,#9749,#13864,.T.);
#13862 = VERTEX_POINT('',#13863);
#13863 = CARTESIAN_POINT('',(3.925,-3.05,0.19));
#13864 = LINE('',#13865,#13866);
#13865 = CARTESIAN_POINT('',(3.925,-3.05,0.19));
#13866 = VECTOR('',#13867,1.);
#13867 = DIRECTION('',(0.,0.,1.));
#13868 = ORIENTED_EDGE('',*,*,#13869,.F.);
#13869 = EDGE_CURVE('',#13838,#13862,#13870,.T.);
#13870 = LINE('',#13871,#13872);
#13871 = CARTESIAN_POINT('',(4.1,-3.05,0.19));
#13872 = VECTOR('',#13873,1.);
#13873 = DIRECTION('',(-1.,-2.478176394253E-15,0.));
#13874 = ORIENTED_EDGE('',*,*,#13837,.T.);
#13875 = PLANE('',#13876);
#13876 = AXIS2_PLACEMENT_3D('',#13877,#13878,#13879);
#13877 = CARTESIAN_POINT('',(4.1,-3.05,0.19));
#13878 = DIRECTION('',(-2.478176394253E-15,1.,0.));
#13879 = DIRECTION('',(-1.,-2.478176394253E-15,0.));
#13880 = ADVANCED_FACE('',(#13881),#13892,.F.);
#13881 = FACE_BOUND('',#13882,.T.);
#13882 = EDGE_LOOP('',(#13883,#13884,#13885,#13891));
#13883 = ORIENTED_EDGE('',*,*,#9748,.T.);
#13884 = ORIENTED_EDGE('',*,*,#13750,.F.);
#13885 = ORIENTED_EDGE('',*,*,#13886,.F.);
#13886 = EDGE_CURVE('',#13862,#13743,#13887,.T.);
#13887 = LINE('',#13888,#13889);
#13888 = CARTESIAN_POINT('',(3.925,-3.05,0.19));
#13889 = VECTOR('',#13890,1.);
#13890 = DIRECTION('',(0.,1.,0.));
#13891 = ORIENTED_EDGE('',*,*,#13861,.T.);
#13892 = PLANE('',#13893);
#13893 = AXIS2_PLACEMENT_3D('',#13894,#13895,#13896);
#13894 = CARTESIAN_POINT('',(3.925,-3.05,0.19));
#13895 = DIRECTION('',(1.,0.,0.));
#13896 = DIRECTION('',(0.,0.,-1.));
#13897 = ADVANCED_FACE('',(#13898),#13907,.T.);
#13898 = FACE_BOUND('',#13899,.T.);
#13899 = EDGE_LOOP('',(#13900,#13901,#13902,#13903,#13904,#13905,#13906)
  );
#13900 = ORIENTED_EDGE('',*,*,#13742,.T.);
#13901 = ORIENTED_EDGE('',*,*,#13773,.T.);
#13902 = ORIENTED_EDGE('',*,*,#13797,.T.);
#13903 = ORIENTED_EDGE('',*,*,#13821,.T.);
#13904 = ORIENTED_EDGE('',*,*,#13845,.T.);
#13905 = ORIENTED_EDGE('',*,*,#13869,.T.);
#13906 = ORIENTED_EDGE('',*,*,#13886,.T.);
#13907 = PLANE('',#13908);
#13908 = AXIS2_PLACEMENT_3D('',#13909,#13910,#13911);
#13909 = CARTESIAN_POINT('',(0.,0.,0.19));
#13910 = DIRECTION('',(0.,0.,1.));
#13911 = DIRECTION('',(1.,0.,-0.));
#13912 = ADVANCED_FACE('',(#13913),#13947,.F.);
#13913 = FACE_BOUND('',#13914,.T.);
#13914 = EDGE_LOOP('',(#13915,#13925,#13933,#13941));
#13915 = ORIENTED_EDGE('',*,*,#13916,.F.);
#13916 = EDGE_CURVE('',#13917,#13919,#13921,.T.);
#13917 = VERTEX_POINT('',#13918);
#13918 = CARTESIAN_POINT('',(3.8,2.75,2.E-02));
#13919 = VERTEX_POINT('',#13920);
#13920 = CARTESIAN_POINT('',(3.8,3.,2.E-02));
#13921 = LINE('',#13922,#13923);
#13922 = CARTESIAN_POINT('',(3.8,2.55,2.E-02));
#13923 = VECTOR('',#13924,1.);
#13924 = DIRECTION('',(0.,1.,0.));
#13925 = ORIENTED_EDGE('',*,*,#13926,.F.);
#13926 = EDGE_CURVE('',#13927,#13917,#13929,.T.);
#13927 = VERTEX_POINT('',#13928);
#13928 = CARTESIAN_POINT('',(-3.8,2.75,2.E-02));
#13929 = LINE('',#13930,#13931);
#13930 = CARTESIAN_POINT('',(-4.,2.75,2.E-02));
#13931 = VECTOR('',#13932,1.);
#13932 = DIRECTION('',(1.,-1.084202172485E-16,0.));
#13933 = ORIENTED_EDGE('',*,*,#13934,.F.);
#13934 = EDGE_CURVE('',#13935,#13927,#13937,.T.);
#13935 = VERTEX_POINT('',#13936);
#13936 = CARTESIAN_POINT('',(-3.8,3.,2.E-02));
#13937 = LINE('',#13938,#13939);
#13938 = CARTESIAN_POINT('',(-3.8,3.2,2.E-02));
#13939 = VECTOR('',#13940,1.);
#13940 = DIRECTION('',(0.,-1.,0.));
#13941 = ORIENTED_EDGE('',*,*,#13942,.F.);
#13942 = EDGE_CURVE('',#13919,#13935,#13943,.T.);
#13943 = LINE('',#13944,#13945);
#13944 = CARTESIAN_POINT('',(4.,3.,2.E-02));
#13945 = VECTOR('',#13946,1.);
#13946 = DIRECTION('',(-1.,1.084202172485E-16,0.));
#13947 = PLANE('',#13948);
#13948 = AXIS2_PLACEMENT_3D('',#13949,#13950,#13951);
#13949 = CARTESIAN_POINT('',(0.,0.,2.E-02));
#13950 = DIRECTION('',(0.,0.,1.));
#13951 = DIRECTION('',(1.,0.,-0.));
#13952 = ADVANCED_FACE('',(#13953),#13987,.T.);
#13953 = FACE_BOUND('',#13954,.T.);
#13954 = EDGE_LOOP('',(#13955,#13965,#13973,#13981));
#13955 = ORIENTED_EDGE('',*,*,#13956,.T.);
#13956 = EDGE_CURVE('',#13957,#13959,#13961,.T.);
#13957 = VERTEX_POINT('',#13958);
#13958 = CARTESIAN_POINT('',(-3.912822021129,3.112822021129,0.22));
#13959 = VERTEX_POINT('',#13960);
#13960 = CARTESIAN_POINT('',(-3.912822021129,2.637177978871,0.22));
#13961 = LINE('',#13962,#13963);
#13962 = CARTESIAN_POINT('',(-3.912822021129,2.55,0.22));
#13963 = VECTOR('',#13964,1.);
#13964 = DIRECTION('',(0.,-1.,0.));
#13965 = ORIENTED_EDGE('',*,*,#13966,.T.);
#13966 = EDGE_CURVE('',#13959,#13967,#13969,.T.);
#13967 = VERTEX_POINT('',#13968);
#13968 = CARTESIAN_POINT('',(3.912822021129,2.637177978871,0.22));
#13969 = LINE('',#13970,#13971);
#13970 = CARTESIAN_POINT('',(4.,2.637177978871,0.22));
#13971 = VECTOR('',#13972,1.);
#13972 = DIRECTION('',(1.,-1.084202172485E-16,0.));
#13973 = ORIENTED_EDGE('',*,*,#13974,.T.);
#13974 = EDGE_CURVE('',#13967,#13975,#13977,.T.);
#13975 = VERTEX_POINT('',#13976);
#13976 = CARTESIAN_POINT('',(3.912822021129,3.112822021129,0.22));
#13977 = LINE('',#13978,#13979);
#13978 = CARTESIAN_POINT('',(3.912822021129,3.2,0.22));
#13979 = VECTOR('',#13980,1.);
#13980 = DIRECTION('',(0.,1.,0.));
#13981 = ORIENTED_EDGE('',*,*,#13982,.T.);
#13982 = EDGE_CURVE('',#13975,#13957,#13983,.T.);
#13983 = LINE('',#13984,#13985);
#13984 = CARTESIAN_POINT('',(-4.,3.112822021129,0.22));
#13985 = VECTOR('',#13986,1.);
#13986 = DIRECTION('',(-1.,1.084202172485E-16,0.));
#13987 = PLANE('',#13988);
#13988 = AXIS2_PLACEMENT_3D('',#13989,#13990,#13991);
#13989 = CARTESIAN_POINT('',(0.,0.,0.22));
#13990 = DIRECTION('',(0.,0.,1.));
#13991 = DIRECTION('',(1.,0.,-0.));
#13992 = ADVANCED_FACE('',(#13993),#14011,.T.);
#13993 = FACE_BOUND('',#13994,.T.);
#13994 = EDGE_LOOP('',(#13995,#14002,#14003,#14010));
#13995 = ORIENTED_EDGE('',*,*,#13996,.F.);
#13996 = EDGE_CURVE('',#9699,#13975,#13997,.T.);
#13997 = ELLIPSE('',#13998,0.282842712475,0.2);
#13998 = AXIS2_PLACEMENT_3D('',#13999,#14000,#14001);
#13999 = CARTESIAN_POINT('',(3.912822021129,3.112822021129,2.E-02));
#14000 = DIRECTION('',(0.707106781187,-0.707106781187,0.));
#14001 = DIRECTION('',(0.707106781187,0.707106781187,0.));
#14002 = ORIENTED_EDGE('',*,*,#9722,.T.);
#14003 = ORIENTED_EDGE('',*,*,#14004,.T.);
#14004 = EDGE_CURVE('',#9715,#13957,#14005,.T.);
#14005 = ELLIPSE('',#14006,0.282842712475,0.2);
#14006 = AXIS2_PLACEMENT_3D('',#14007,#14008,#14009);
#14007 = CARTESIAN_POINT('',(-3.912822021129,3.112822021129,2.E-02));
#14008 = DIRECTION('',(0.707106781187,0.707106781187,0.));
#14009 = DIRECTION('',(0.707106781187,-0.707106781187,0.));
#14010 = ORIENTED_EDGE('',*,*,#13982,.F.);
#14011 = CYLINDRICAL_SURFACE('',#14012,0.2);
#14012 = AXIS2_PLACEMENT_3D('',#14013,#14014,#14015);
#14013 = CARTESIAN_POINT('',(4.,3.112822021129,2.E-02));
#14014 = DIRECTION('',(1.,-1.084202172485E-16,0.));
#14015 = DIRECTION('',(1.084202172485E-16,1.,0.));
#14016 = ADVANCED_FACE('',(#14017),#14029,.T.);
#14017 = FACE_BOUND('',#14018,.T.);
#14018 = EDGE_LOOP('',(#14019,#14020,#14021,#14028));
#14019 = ORIENTED_EDGE('',*,*,#14004,.F.);
#14020 = ORIENTED_EDGE('',*,*,#9714,.T.);
#14021 = ORIENTED_EDGE('',*,*,#14022,.T.);
#14022 = EDGE_CURVE('',#9707,#13959,#14023,.T.);
#14023 = ELLIPSE('',#14024,0.282842712475,0.2);
#14024 = AXIS2_PLACEMENT_3D('',#14025,#14026,#14027);
#14025 = CARTESIAN_POINT('',(-3.912822021129,2.637177978871,2.E-02));
#14026 = DIRECTION('',(-0.707106781187,0.707106781187,0.));
#14027 = DIRECTION('',(0.707106781187,0.707106781187,0.));
#14028 = ORIENTED_EDGE('',*,*,#13956,.F.);
#14029 = CYLINDRICAL_SURFACE('',#14030,0.2);
#14030 = AXIS2_PLACEMENT_3D('',#14031,#14032,#14033);
#14031 = CARTESIAN_POINT('',(-3.912822021129,3.2,2.E-02));
#14032 = DIRECTION('',(0.,1.,0.));
#14033 = DIRECTION('',(0.,-0.,1.));
#14034 = ADVANCED_FACE('',(#14035),#14047,.T.);
#14035 = FACE_BOUND('',#14036,.T.);
#14036 = EDGE_LOOP('',(#14037,#14038,#14039,#14046));
#14037 = ORIENTED_EDGE('',*,*,#13996,.T.);
#14038 = ORIENTED_EDGE('',*,*,#13974,.F.);
#14039 = ORIENTED_EDGE('',*,*,#14040,.F.);
#14040 = EDGE_CURVE('',#9697,#13967,#14041,.T.);
#14041 = ELLIPSE('',#14042,0.282842712475,0.2);
#14042 = AXIS2_PLACEMENT_3D('',#14043,#14044,#14045);
#14043 = CARTESIAN_POINT('',(3.912822021129,2.637177978871,2.E-02));
#14044 = DIRECTION('',(-0.707106781187,-0.707106781187,0.));
#14045 = DIRECTION('',(0.707106781187,-0.707106781187,0.));
#14046 = ORIENTED_EDGE('',*,*,#9696,.T.);
#14047 = CYLINDRICAL_SURFACE('',#14048,0.2);
#14048 = AXIS2_PLACEMENT_3D('',#14049,#14050,#14051);
#14049 = CARTESIAN_POINT('',(3.912822021129,2.55,2.E-02));
#14050 = DIRECTION('',(0.,-1.,0.));
#14051 = DIRECTION('',(0.,0.,-1.));
#14052 = ADVANCED_FACE('',(#14053),#14059,.T.);
#14053 = FACE_BOUND('',#14054,.T.);
#14054 = EDGE_LOOP('',(#14055,#14056,#14057,#14058));
#14055 = ORIENTED_EDGE('',*,*,#14022,.F.);
#14056 = ORIENTED_EDGE('',*,*,#9706,.T.);
#14057 = ORIENTED_EDGE('',*,*,#14040,.T.);
#14058 = ORIENTED_EDGE('',*,*,#13966,.F.);
#14059 = CYLINDRICAL_SURFACE('',#14060,0.2);
#14060 = AXIS2_PLACEMENT_3D('',#14061,#14062,#14063);
#14061 = CARTESIAN_POINT('',(-4.,2.637177978871,2.E-02));
#14062 = DIRECTION('',(-1.,1.084202172485E-16,0.));
#14063 = DIRECTION('',(-1.084202172485E-16,-1.,0.));
#14064 = ADVANCED_FACE('',(#14065),#14083,.T.);
#14065 = FACE_BOUND('',#14066,.T.);
#14066 = EDGE_LOOP('',(#14067,#14074,#14075,#14082));
#14067 = ORIENTED_EDGE('',*,*,#14068,.T.);
#14068 = EDGE_CURVE('',#10483,#13919,#14069,.T.);
#14069 = ELLIPSE('',#14070,0.282842712475,0.2);
#14070 = AXIS2_PLACEMENT_3D('',#14071,#14072,#14073);
#14071 = CARTESIAN_POINT('',(3.887177978871,3.087177978871,0.2));
#14072 = DIRECTION('',(-0.707106781187,0.707106781187,0.));
#14073 = DIRECTION('',(0.707106781187,0.707106781187,0.));
#14074 = ORIENTED_EDGE('',*,*,#13942,.T.);
#14075 = ORIENTED_EDGE('',*,*,#14076,.F.);
#14076 = EDGE_CURVE('',#10467,#13935,#14077,.T.);
#14077 = ELLIPSE('',#14078,0.282842712475,0.2);
#14078 = AXIS2_PLACEMENT_3D('',#14079,#14080,#14081);
#14079 = CARTESIAN_POINT('',(-3.887177978871,3.087177978871,0.2));
#14080 = DIRECTION('',(-0.707106781187,-0.707106781187,0.));
#14081 = DIRECTION('',(0.707106781187,-0.707106781187,0.));
#14082 = ORIENTED_EDGE('',*,*,#10490,.T.);
#14083 = CYLINDRICAL_SURFACE('',#14084,0.2);
#14084 = AXIS2_PLACEMENT_3D('',#14085,#14086,#14087);
#14085 = CARTESIAN_POINT('',(4.,3.087177978871,0.2));
#14086 = DIRECTION('',(-1.,1.084202172485E-16,0.));
#14087 = DIRECTION('',(-1.084202172485E-16,-1.,0.));
#14088 = ADVANCED_FACE('',(#14089),#14101,.T.);
#14089 = FACE_BOUND('',#14090,.T.);
#14090 = EDGE_LOOP('',(#14091,#14092,#14093,#14100));
#14091 = ORIENTED_EDGE('',*,*,#14076,.T.);
#14092 = ORIENTED_EDGE('',*,*,#13934,.T.);
#14093 = ORIENTED_EDGE('',*,*,#14094,.F.);
#14094 = EDGE_CURVE('',#10465,#13927,#14095,.T.);
#14095 = ELLIPSE('',#14096,0.282842712475,0.2);
#14096 = AXIS2_PLACEMENT_3D('',#14097,#14098,#14099);
#14097 = CARTESIAN_POINT('',(-3.887177978871,2.662822021129,0.2));
#14098 = DIRECTION('',(0.707106781187,-0.707106781187,0.));
#14099 = DIRECTION('',(0.707106781187,0.707106781187,0.));
#14100 = ORIENTED_EDGE('',*,*,#10464,.T.);
#14101 = CYLINDRICAL_SURFACE('',#14102,0.2);
#14102 = AXIS2_PLACEMENT_3D('',#14103,#14104,#14105);
#14103 = CARTESIAN_POINT('',(-3.887177978871,3.2,0.2));
#14104 = DIRECTION('',(0.,-1.,0.));
#14105 = DIRECTION('',(0.,0.,-1.));
#14106 = ADVANCED_FACE('',(#14107),#14119,.T.);
#14107 = FACE_BOUND('',#14108,.T.);
#14108 = EDGE_LOOP('',(#14109,#14110,#14111,#14118));
#14109 = ORIENTED_EDGE('',*,*,#14068,.F.);
#14110 = ORIENTED_EDGE('',*,*,#10482,.T.);
#14111 = ORIENTED_EDGE('',*,*,#14112,.T.);
#14112 = EDGE_CURVE('',#10475,#13917,#14113,.T.);
#14113 = ELLIPSE('',#14114,0.282842712475,0.2);
#14114 = AXIS2_PLACEMENT_3D('',#14115,#14116,#14117);
#14115 = CARTESIAN_POINT('',(3.887177978871,2.662822021129,0.2));
#14116 = DIRECTION('',(0.707106781187,0.707106781187,0.));
#14117 = DIRECTION('',(0.707106781187,-0.707106781187,0.));
#14118 = ORIENTED_EDGE('',*,*,#13916,.T.);
#14119 = CYLINDRICAL_SURFACE('',#14120,0.2);
#14120 = AXIS2_PLACEMENT_3D('',#14121,#14122,#14123);
#14121 = CARTESIAN_POINT('',(3.887177978871,2.55,0.2));
#14122 = DIRECTION('',(0.,1.,0.));
#14123 = DIRECTION('',(0.,-0.,1.));
#14124 = ADVANCED_FACE('',(#14125),#14131,.T.);
#14125 = FACE_BOUND('',#14126,.T.);
#14126 = EDGE_LOOP('',(#14127,#14128,#14129,#14130));
#14127 = ORIENTED_EDGE('',*,*,#14094,.T.);
#14128 = ORIENTED_EDGE('',*,*,#13926,.T.);
#14129 = ORIENTED_EDGE('',*,*,#14112,.F.);
#14130 = ORIENTED_EDGE('',*,*,#10474,.T.);
#14131 = CYLINDRICAL_SURFACE('',#14132,0.2);
#14132 = AXIS2_PLACEMENT_3D('',#14133,#14134,#14135);
#14133 = CARTESIAN_POINT('',(-4.,2.662822021129,0.2));
#14134 = DIRECTION('',(1.,-1.084202172485E-16,0.));
#14135 = DIRECTION('',(1.084202172485E-16,1.,0.));
#14136 = ADVANCED_FACE('',(#14137),#14171,.F.);
#14137 = FACE_BOUND('',#14138,.T.);
#14138 = EDGE_LOOP('',(#14139,#14149,#14157,#14165));
#14139 = ORIENTED_EDGE('',*,*,#14140,.F.);
#14140 = EDGE_CURVE('',#14141,#14143,#14145,.T.);
#14141 = VERTEX_POINT('',#14142);
#14142 = CARTESIAN_POINT('',(-2.5,-4.45,0.1));
#14143 = VERTEX_POINT('',#14144);
#14144 = CARTESIAN_POINT('',(-2.5,-4.25,0.1));
#14145 = LINE('',#14146,#14147);
#14146 = CARTESIAN_POINT('',(-2.5,-4.65,0.1));
#14147 = VECTOR('',#14148,1.);
#14148 = DIRECTION('',(0.,1.,0.));
#14149 = ORIENTED_EDGE('',*,*,#14150,.F.);
#14150 = EDGE_CURVE('',#14151,#14141,#14153,.T.);
#14151 = VERTEX_POINT('',#14152);
#14152 = CARTESIAN_POINT('',(2.5,-4.45,0.1));
#14153 = LINE('',#14154,#14155);
#14154 = CARTESIAN_POINT('',(2.7,-4.45,0.1));
#14155 = VECTOR('',#14156,1.);
#14156 = DIRECTION('',(-1.,0.,0.));
#14157 = ORIENTED_EDGE('',*,*,#14158,.F.);
#14158 = EDGE_CURVE('',#14159,#14151,#14161,.T.);
#14159 = VERTEX_POINT('',#14160);
#14160 = CARTESIAN_POINT('',(2.5,-4.25,0.1));
#14161 = LINE('',#14162,#14163);
#14162 = CARTESIAN_POINT('',(2.5,-4.05,0.1));
#14163 = VECTOR('',#14164,1.);
#14164 = DIRECTION('',(0.,-1.,0.));
#14165 = ORIENTED_EDGE('',*,*,#14166,.F.);
#14166 = EDGE_CURVE('',#14143,#14159,#14167,.T.);
#14167 = LINE('',#14168,#14169);
#14168 = CARTESIAN_POINT('',(-2.7,-4.25,0.1));
#14169 = VECTOR('',#14170,1.);
#14170 = DIRECTION('',(1.,0.,0.));
#14171 = PLANE('',#14172);
#14172 = AXIS2_PLACEMENT_3D('',#14173,#14174,#14175);
#14173 = CARTESIAN_POINT('',(0.,0.,0.1));
#14174 = DIRECTION('',(0.,0.,-1.));
#14175 = DIRECTION('',(-1.,0.,0.));
#14176 = ADVANCED_FACE('',(#14177),#14211,.T.);
#14177 = FACE_BOUND('',#14178,.T.);
#14178 = EDGE_LOOP('',(#14179,#14189,#14197,#14205));
#14179 = ORIENTED_EDGE('',*,*,#14180,.F.);
#14180 = EDGE_CURVE('',#14181,#14183,#14185,.T.);
#14181 = VERTEX_POINT('',#14182);
#14182 = CARTESIAN_POINT('',(2.526794919243,-4.223205080757,-0.1));
#14183 = VERTEX_POINT('',#14184);
#14184 = CARTESIAN_POINT('',(-2.526794919243,-4.223205080757,-0.1));
#14185 = LINE('',#14186,#14187);
#14186 = CARTESIAN_POINT('',(2.7,-4.223205080757,-0.1));
#14187 = VECTOR('',#14188,1.);
#14188 = DIRECTION('',(-1.,0.,0.));
#14189 = ORIENTED_EDGE('',*,*,#14190,.F.);
#14190 = EDGE_CURVE('',#14191,#14181,#14193,.T.);
#14191 = VERTEX_POINT('',#14192);
#14192 = CARTESIAN_POINT('',(2.526794919243,-4.476794919243,-0.1));
#14193 = LINE('',#14194,#14195);
#14194 = CARTESIAN_POINT('',(2.526794919243,-4.65,-0.1));
#14195 = VECTOR('',#14196,1.);
#14196 = DIRECTION('',(0.,1.,0.));
#14197 = ORIENTED_EDGE('',*,*,#14198,.F.);
#14198 = EDGE_CURVE('',#14199,#14191,#14201,.T.);
#14199 = VERTEX_POINT('',#14200);
#14200 = CARTESIAN_POINT('',(-2.526794919243,-4.476794919243,-0.1));
#14201 = LINE('',#14202,#14203);
#14202 = CARTESIAN_POINT('',(-2.7,-4.476794919243,-0.1));
#14203 = VECTOR('',#14204,1.);
#14204 = DIRECTION('',(1.,0.,0.));
#14205 = ORIENTED_EDGE('',*,*,#14206,.F.);
#14206 = EDGE_CURVE('',#14183,#14199,#14207,.T.);
#14207 = LINE('',#14208,#14209);
#14208 = CARTESIAN_POINT('',(-2.526794919243,-4.05,-0.1));
#14209 = VECTOR('',#14210,1.);
#14210 = DIRECTION('',(0.,-1.,0.));
#14211 = PLANE('',#14212);
#14212 = AXIS2_PLACEMENT_3D('',#14213,#14214,#14215);
#14213 = CARTESIAN_POINT('',(0.,0.,-0.1));
#14214 = DIRECTION('',(0.,0.,-1.));
#14215 = DIRECTION('',(-1.,0.,0.));
#14216 = ADVANCED_FACE('',(#14217),#14235,.T.);
#14217 = FACE_BOUND('',#14218,.T.);
#14218 = EDGE_LOOP('',(#14219,#14226,#14227,#14234));
#14219 = ORIENTED_EDGE('',*,*,#14220,.T.);
#14220 = EDGE_CURVE('',#14199,#10509,#14221,.T.);
#14221 = ELLIPSE('',#14222,0.282842712475,0.2);
#14222 = AXIS2_PLACEMENT_3D('',#14223,#14224,#14225);
#14223 = CARTESIAN_POINT('',(-2.526794919243,-4.476794919243,0.1));
#14224 = DIRECTION('',(-0.707106781187,0.707106781187,0.));
#14225 = DIRECTION('',(0.707106781187,0.707106781187,0.));
#14226 = ORIENTED_EDGE('',*,*,#10508,.F.);
#14227 = ORIENTED_EDGE('',*,*,#14228,.F.);
#14228 = EDGE_CURVE('',#14183,#10501,#14229,.T.);
#14229 = ELLIPSE('',#14230,0.282842712475,0.2);
#14230 = AXIS2_PLACEMENT_3D('',#14231,#14232,#14233);
#14231 = CARTESIAN_POINT('',(-2.526794919243,-4.223205080757,0.1));
#14232 = DIRECTION('',(0.707106781187,0.707106781187,0.));
#14233 = DIRECTION('',(-0.707106781187,0.707106781187,0.));
#14234 = ORIENTED_EDGE('',*,*,#14206,.T.);
#14235 = CYLINDRICAL_SURFACE('',#14236,0.2);
#14236 = AXIS2_PLACEMENT_3D('',#14237,#14238,#14239);
#14237 = CARTESIAN_POINT('',(-2.526794919243,-4.65,0.1));
#14238 = DIRECTION('',(0.,1.,0.));
#14239 = DIRECTION('',(0.,-0.,1.));
#14240 = ADVANCED_FACE('',(#14241),#14253,.T.);
#14241 = FACE_BOUND('',#14242,.T.);
#14242 = EDGE_LOOP('',(#14243,#14244,#14245,#14252));
#14243 = ORIENTED_EDGE('',*,*,#14228,.T.);
#14244 = ORIENTED_EDGE('',*,*,#10498,.F.);
#14245 = ORIENTED_EDGE('',*,*,#14246,.F.);
#14246 = EDGE_CURVE('',#14181,#10499,#14247,.T.);
#14247 = ELLIPSE('',#14248,0.282842712475,0.2);
#14248 = AXIS2_PLACEMENT_3D('',#14249,#14250,#14251);
#14249 = CARTESIAN_POINT('',(2.526794919243,-4.223205080757,0.1));
#14250 = DIRECTION('',(0.707106781187,-0.707106781187,0.));
#14251 = DIRECTION('',(0.707106781187,0.707106781187,0.));
#14252 = ORIENTED_EDGE('',*,*,#14180,.T.);
#14253 = CYLINDRICAL_SURFACE('',#14254,0.2);
#14254 = AXIS2_PLACEMENT_3D('',#14255,#14256,#14257);
#14255 = CARTESIAN_POINT('',(-2.7,-4.223205080757,0.1));
#14256 = DIRECTION('',(1.,0.,0.));
#14257 = DIRECTION('',(0.,0.,-1.));
#14258 = ADVANCED_FACE('',(#14259),#14271,.T.);
#14259 = FACE_BOUND('',#14260,.T.);
#14260 = EDGE_LOOP('',(#14261,#14262,#14263,#14270));
#14261 = ORIENTED_EDGE('',*,*,#14220,.F.);
#14262 = ORIENTED_EDGE('',*,*,#14198,.T.);
#14263 = ORIENTED_EDGE('',*,*,#14264,.T.);
#14264 = EDGE_CURVE('',#14191,#10517,#14265,.T.);
#14265 = ELLIPSE('',#14266,0.282842712475,0.2);
#14266 = AXIS2_PLACEMENT_3D('',#14267,#14268,#14269);
#14267 = CARTESIAN_POINT('',(2.526794919243,-4.476794919243,0.1));
#14268 = DIRECTION('',(-0.707106781187,-0.707106781187,0.));
#14269 = DIRECTION('',(-0.707106781187,0.707106781187,0.));
#14270 = ORIENTED_EDGE('',*,*,#10516,.F.);
#14271 = CYLINDRICAL_SURFACE('',#14272,0.2);
#14272 = AXIS2_PLACEMENT_3D('',#14273,#14274,#14275);
#14273 = CARTESIAN_POINT('',(2.7,-4.476794919243,0.1));
#14274 = DIRECTION('',(-1.,0.,0.));
#14275 = DIRECTION('',(0.,0.,1.));
#14276 = ADVANCED_FACE('',(#14277),#14283,.T.);
#14277 = FACE_BOUND('',#14278,.T.);
#14278 = EDGE_LOOP('',(#14279,#14280,#14281,#14282));
#14279 = ORIENTED_EDGE('',*,*,#14246,.T.);
#14280 = ORIENTED_EDGE('',*,*,#10524,.F.);
#14281 = ORIENTED_EDGE('',*,*,#14264,.F.);
#14282 = ORIENTED_EDGE('',*,*,#14190,.T.);
#14283 = CYLINDRICAL_SURFACE('',#14284,0.2);
#14284 = AXIS2_PLACEMENT_3D('',#14285,#14286,#14287);
#14285 = CARTESIAN_POINT('',(2.526794919243,-4.05,0.1));
#14286 = DIRECTION('',(0.,-1.,0.));
#14287 = DIRECTION('',(0.,0.,-1.));
#14288 = ADVANCED_FACE('',(#14289),#14307,.T.);
#14289 = FACE_BOUND('',#14290,.T.);
#14290 = EDGE_LOOP('',(#14291,#14298,#14299,#14306));
#14291 = ORIENTED_EDGE('',*,*,#14292,.T.);
#14292 = EDGE_CURVE('',#9681,#14141,#14293,.T.);
#14293 = ELLIPSE('',#14294,0.282842712475,0.2);
#14294 = AXIS2_PLACEMENT_3D('',#14295,#14296,#14297);
#14295 = CARTESIAN_POINT('',(-2.673205080757,-4.623205080757,0.));
#14296 = DIRECTION('',(-0.707106781187,0.707106781187,0.));
#14297 = DIRECTION('',(-0.707106781187,-0.707106781187,0.));
#14298 = ORIENTED_EDGE('',*,*,#14140,.T.);
#14299 = ORIENTED_EDGE('',*,*,#14300,.F.);
#14300 = EDGE_CURVE('',#9663,#14143,#14301,.T.);
#14301 = ELLIPSE('',#14302,0.282842712475,0.2);
#14302 = AXIS2_PLACEMENT_3D('',#14303,#14304,#14305);
#14303 = CARTESIAN_POINT('',(-2.673205080757,-4.076794919243,0.));
#14304 = DIRECTION('',(0.707106781187,0.707106781187,0.));
#14305 = DIRECTION('',(0.707106781187,-0.707106781187,0.));
#14306 = ORIENTED_EDGE('',*,*,#9688,.F.);
#14307 = CYLINDRICAL_SURFACE('',#14308,0.2);
#14308 = AXIS2_PLACEMENT_3D('',#14309,#14310,#14311);
#14309 = CARTESIAN_POINT('',(-2.673205080757,-4.65,0.));
#14310 = DIRECTION('',(0.,1.,0.));
#14311 = DIRECTION('',(0.,-0.,1.));
#14312 = ADVANCED_FACE('',(#14313),#14325,.T.);
#14313 = FACE_BOUND('',#14314,.T.);
#14314 = EDGE_LOOP('',(#14315,#14316,#14317,#14324));
#14315 = ORIENTED_EDGE('',*,*,#14300,.T.);
#14316 = ORIENTED_EDGE('',*,*,#14166,.T.);
#14317 = ORIENTED_EDGE('',*,*,#14318,.F.);
#14318 = EDGE_CURVE('',#9665,#14159,#14319,.T.);
#14319 = ELLIPSE('',#14320,0.282842712475,0.2);
#14320 = AXIS2_PLACEMENT_3D('',#14321,#14322,#14323);
#14321 = CARTESIAN_POINT('',(2.673205080757,-4.076794919243,0.));
#14322 = DIRECTION('',(0.707106781187,-0.707106781187,0.));
#14323 = DIRECTION('',(-0.707106781187,-0.707106781187,0.));
#14324 = ORIENTED_EDGE('',*,*,#9662,.F.);
#14325 = CYLINDRICAL_SURFACE('',#14326,0.2);
#14326 = AXIS2_PLACEMENT_3D('',#14327,#14328,#14329);
#14327 = CARTESIAN_POINT('',(-2.7,-4.076794919243,0.));
#14328 = DIRECTION('',(1.,0.,0.));
#14329 = DIRECTION('',(0.,0.,-1.));
#14330 = ADVANCED_FACE('',(#14331),#14343,.T.);
#14331 = FACE_BOUND('',#14332,.T.);
#14332 = EDGE_LOOP('',(#14333,#14334,#14335,#14342));
#14333 = ORIENTED_EDGE('',*,*,#14292,.F.);
#14334 = ORIENTED_EDGE('',*,*,#9680,.F.);
#14335 = ORIENTED_EDGE('',*,*,#14336,.T.);
#14336 = EDGE_CURVE('',#9673,#14151,#14337,.T.);
#14337 = ELLIPSE('',#14338,0.282842712475,0.2);
#14338 = AXIS2_PLACEMENT_3D('',#14339,#14340,#14341);
#14339 = CARTESIAN_POINT('',(2.673205080757,-4.623205080757,0.));
#14340 = DIRECTION('',(-0.707106781187,-0.707106781187,0.));
#14341 = DIRECTION('',(0.707106781187,-0.707106781187,0.));
#14342 = ORIENTED_EDGE('',*,*,#14150,.T.);
#14343 = CYLINDRICAL_SURFACE('',#14344,0.2);
#14344 = AXIS2_PLACEMENT_3D('',#14345,#14346,#14347);
#14345 = CARTESIAN_POINT('',(2.7,-4.623205080757,0.));
#14346 = DIRECTION('',(-1.,0.,0.));
#14347 = DIRECTION('',(0.,0.,1.));
#14348 = ADVANCED_FACE('',(#14349),#14355,.T.);
#14349 = FACE_BOUND('',#14350,.T.);
#14350 = EDGE_LOOP('',(#14351,#14352,#14353,#14354));
#14351 = ORIENTED_EDGE('',*,*,#14318,.T.);
#14352 = ORIENTED_EDGE('',*,*,#14158,.T.);
#14353 = ORIENTED_EDGE('',*,*,#14336,.F.);
#14354 = ORIENTED_EDGE('',*,*,#9672,.F.);
#14355 = CYLINDRICAL_SURFACE('',#14356,0.2);
#14356 = AXIS2_PLACEMENT_3D('',#14357,#14358,#14359);
#14357 = CARTESIAN_POINT('',(2.673205080757,-4.05,0.));
#14358 = DIRECTION('',(0.,-1.,0.));
#14359 = DIRECTION('',(0.,0.,-1.));
#14360 = ( GEOMETRIC_REPRESENTATION_CONTEXT(3) 
GLOBAL_UNCERTAINTY_ASSIGNED_CONTEXT((#14364)) 
GLOBAL_UNIT_ASSIGNED_CONTEXT((#14361,#14362,#14363)) 
REPRESENTATION_CONTEXT('Context #1',
  '3D Context with UNIT and UNCERTAINTY') );
#14361 = ( LENGTH_UNIT() NAMED_UNIT(*) SI_UNIT(.MILLI.,.METRE.) );
#14362 = ( NAMED_UNIT(*) PLANE_ANGLE_UNIT() SI_UNIT($,.RADIAN.) );
#14363 = ( NAMED_UNIT(*) SI_UNIT($,.STERADIAN.) SOLID_ANGLE_UNIT() );
#14364 = UNCERTAINTY_MEASURE_WITH_UNIT(LENGTH_MEASURE(5.E-05),#14361,
  'distance_accuracy_value','confusion accuracy');
#14365 = CONTEXT_DEPENDENT_SHAPE_REPRESENTATION(#14366,#14368);
#14366 = ( REPRESENTATION_RELATIONSHIP('','',#9655,#36) 
REPRESENTATION_RELATIONSHIP_WITH_TRANSFORMATION(#14367) 
SHAPE_REPRESENTATION_RELATIONSHIP() );
#14367 = ITEM_DEFINED_TRANSFORMATION('','',#11,#81);
#14368 = PRODUCT_DEFINITION_SHAPE('Placement','Placement of an item',
  #14369);
#14369 = NEXT_ASSEMBLY_USAGE_OCCURRENCE('12','693072010801_CACHE','',#31
  ,#9650,$);
#14370 = PRODUCT_RELATED_PRODUCT_CATEGORY('part',$,(#9652));
#14371 = SHAPE_DEFINITION_REPRESENTATION(#14372,#14378);
#14372 = PRODUCT_DEFINITION_SHAPE('','',#14373);
#14373 = PRODUCT_DEFINITION('design','',#14374,#14377);
#14374 = PRODUCT_DEFINITION_FORMATION('','',#14375);
#14375 = PRODUCT('693072010801_PATTE_SPE','693072010801_PATTE_SPE','',(
    #14376));
#14376 = PRODUCT_CONTEXT('',#2,'mechanical');
#14377 = PRODUCT_DEFINITION_CONTEXT('part definition',#2,'design');
#14378 = ADVANCED_BREP_SHAPE_REPRESENTATION('',(#11,#14379),#16023);
#14379 = MANIFOLD_SOLID_BREP('',#14380);
#14380 = CLOSED_SHELL('',(#14381,#14489,#14597,#14619,#14727,#14835,
    #14857,#15011,#15035,#15052,#15092,#15157,#15222,#15346,#15368,
    #15390,#15412,#15434,#15451,#15517,#15583,#15605,#15617,#15629,
    #15651,#15663,#15675,#15687,#15699,#15711,#15723,#15735,#15747,
    #15759,#15771,#15793,#15805,#15817,#15839,#15851,#15863,#15885,
    #15907,#15919,#15931,#15943,#15965,#15987,#15999,#16011));
#14381 = ADVANCED_FACE('',(#14382),#14484,.F.);
#14382 = FACE_BOUND('',#14383,.T.);
#14383 = EDGE_LOOP('',(#14384,#14394,#14403,#14411,#14419,#14427,#14436,
    #14444,#14453,#14461,#14469,#14477));
#14384 = ORIENTED_EDGE('',*,*,#14385,.T.);
#14385 = EDGE_CURVE('',#14386,#14388,#14390,.T.);
#14386 = VERTEX_POINT('',#14387);
#14387 = CARTESIAN_POINT('',(-1.E-02,0.55,0.35));
#14388 = VERTEX_POINT('',#14389);
#14389 = CARTESIAN_POINT('',(-0.49,0.55,0.35));
#14390 = LINE('',#14391,#14392);
#14391 = CARTESIAN_POINT('',(3.673119072215E-02,0.55,0.35));
#14392 = VECTOR('',#14393,1.);
#14393 = DIRECTION('',(-1.,0.,-6.123233995737E-17));
#14394 = ORIENTED_EDGE('',*,*,#14395,.T.);
#14395 = EDGE_CURVE('',#14388,#14396,#14398,.T.);
#14396 = VERTEX_POINT('',#14397);
#14397 = CARTESIAN_POINT('',(-0.5,0.55,0.34));
#14398 = CIRCLE('',#14399,1.E-02);
#14399 = AXIS2_PLACEMENT_3D('',#14400,#14401,#14402);
#14400 = CARTESIAN_POINT('',(-0.49,0.55,0.34));
#14401 = DIRECTION('',(0.,-1.,0.));
#14402 = DIRECTION('',(0.,0.,-1.));
#14403 = ORIENTED_EDGE('',*,*,#14404,.T.);
#14404 = EDGE_CURVE('',#14396,#14405,#14407,.T.);
#14405 = VERTEX_POINT('',#14406);
#14406 = CARTESIAN_POINT('',(-0.5,0.55,0.25));
#14407 = LINE('',#14408,#14409);
#14408 = CARTESIAN_POINT('',(-0.5,0.55,0.386731190722));
#14409 = VECTOR('',#14410,1.);
#14410 = DIRECTION('',(1.224646799147E-16,0.,-1.));
#14411 = ORIENTED_EDGE('',*,*,#14412,.F.);
#14412 = EDGE_CURVE('',#14413,#14405,#14415,.T.);
#14413 = VERTEX_POINT('',#14414);
#14414 = CARTESIAN_POINT('',(-0.65,0.55,0.25));
#14415 = LINE('',#14416,#14417);
#14416 = CARTESIAN_POINT('',(-0.65,0.55,0.25));
#14417 = VECTOR('',#14418,1.);
#14418 = DIRECTION('',(1.,0.,0.));
#14419 = ORIENTED_EDGE('',*,*,#14420,.F.);
#14420 = EDGE_CURVE('',#14421,#14413,#14423,.T.);
#14421 = VERTEX_POINT('',#14422);
#14422 = CARTESIAN_POINT('',(-0.65,0.55,0.34));
#14423 = LINE('',#14424,#14425);
#14424 = CARTESIAN_POINT('',(-0.65,0.55,0.386731190722));
#14425 = VECTOR('',#14426,1.);
#14426 = DIRECTION('',(1.224646799147E-16,0.,-1.));
#14427 = ORIENTED_EDGE('',*,*,#14428,.F.);
#14428 = EDGE_CURVE('',#14429,#14421,#14431,.T.);
#14429 = VERTEX_POINT('',#14430);
#14430 = CARTESIAN_POINT('',(-0.49,0.55,0.5));
#14431 = CIRCLE('',#14432,0.16);
#14432 = AXIS2_PLACEMENT_3D('',#14433,#14434,#14435);
#14433 = CARTESIAN_POINT('',(-0.49,0.55,0.34));
#14434 = DIRECTION('',(0.,-1.,0.));
#14435 = DIRECTION('',(6.123233995737E-17,0.,-1.));
#14436 = ORIENTED_EDGE('',*,*,#14437,.F.);
#14437 = EDGE_CURVE('',#14438,#14429,#14440,.T.);
#14438 = VERTEX_POINT('',#14439);
#14439 = CARTESIAN_POINT('',(-1.E-02,0.55,0.5));
#14440 = LINE('',#14441,#14442);
#14441 = CARTESIAN_POINT('',(3.673119072215E-02,0.55,0.5));
#14442 = VECTOR('',#14443,1.);
#14443 = DIRECTION('',(-1.,0.,-6.123233995737E-17));
#14444 = ORIENTED_EDGE('',*,*,#14445,.T.);
#14445 = EDGE_CURVE('',#14438,#14446,#14448,.T.);
#14446 = VERTEX_POINT('',#14447);
#14447 = CARTESIAN_POINT('',(0.15,0.55,0.34));
#14448 = CIRCLE('',#14449,0.16);
#14449 = AXIS2_PLACEMENT_3D('',#14450,#14451,#14452);
#14450 = CARTESIAN_POINT('',(-1.E-02,0.55,0.34));
#14451 = DIRECTION('',(0.,1.,0.));
#14452 = DIRECTION('',(-1.,0.,0.));
#14453 = ORIENTED_EDGE('',*,*,#14454,.T.);
#14454 = EDGE_CURVE('',#14446,#14455,#14457,.T.);
#14455 = VERTEX_POINT('',#14456);
#14456 = CARTESIAN_POINT('',(0.15,0.55,0.25));
#14457 = LINE('',#14458,#14459);
#14458 = CARTESIAN_POINT('',(0.15,0.55,0.35));
#14459 = VECTOR('',#14460,1.);
#14460 = DIRECTION('',(0.,0.,-1.));
#14461 = ORIENTED_EDGE('',*,*,#14462,.F.);
#14462 = EDGE_CURVE('',#14463,#14455,#14465,.T.);
#14463 = VERTEX_POINT('',#14464);
#14464 = CARTESIAN_POINT('',(0.,0.55,0.25));
#14465 = LINE('',#14466,#14467);
#14466 = CARTESIAN_POINT('',(0.,0.55,0.25));
#14467 = VECTOR('',#14468,1.);
#14468 = DIRECTION('',(1.,0.,0.));
#14469 = ORIENTED_EDGE('',*,*,#14470,.F.);
#14470 = EDGE_CURVE('',#14471,#14463,#14473,.T.);
#14471 = VERTEX_POINT('',#14472);
#14472 = CARTESIAN_POINT('',(0.,0.55,0.34));
#14473 = LINE('',#14474,#14475);
#14474 = CARTESIAN_POINT('',(0.,0.55,0.35));
#14475 = VECTOR('',#14476,1.);
#14476 = DIRECTION('',(0.,0.,-1.));
#14477 = ORIENTED_EDGE('',*,*,#14478,.T.);
#14478 = EDGE_CURVE('',#14471,#14386,#14479,.T.);
#14479 = CIRCLE('',#14480,1.E-02);
#14480 = AXIS2_PLACEMENT_3D('',#14481,#14482,#14483);
#14481 = CARTESIAN_POINT('',(-1.E-02,0.55,0.34));
#14482 = DIRECTION('',(0.,-1.,0.));
#14483 = DIRECTION('',(0.,0.,-1.));
#14484 = PLANE('',#14485);
#14485 = AXIS2_PLACEMENT_3D('',#14486,#14487,#14488);
#14486 = CARTESIAN_POINT('',(0.,0.55,0.35));
#14487 = DIRECTION('',(0.,-1.,0.));
#14488 = DIRECTION('',(0.,0.,-1.));
#14489 = ADVANCED_FACE('',(#14490),#14592,.F.);
#14490 = FACE_BOUND('',#14491,.T.);
#14491 = EDGE_LOOP('',(#14492,#14502,#14511,#14519,#14527,#14535,#14544,
    #14552,#14561,#14569,#14577,#14585));
#14492 = ORIENTED_EDGE('',*,*,#14493,.F.);
#14493 = EDGE_CURVE('',#14494,#14496,#14498,.T.);
#14494 = VERTEX_POINT('',#14495);
#14495 = CARTESIAN_POINT('',(-0.49,0.2,0.5));
#14496 = VERTEX_POINT('',#14497);
#14497 = CARTESIAN_POINT('',(-1.E-02,0.2,0.5));
#14498 = LINE('',#14499,#14500);
#14499 = CARTESIAN_POINT('',(3.673119072215E-02,0.2,0.5));
#14500 = VECTOR('',#14501,1.);
#14501 = DIRECTION('',(1.,1.010004813608E-16,6.123233995737E-17));
#14502 = ORIENTED_EDGE('',*,*,#14503,.F.);
#14503 = EDGE_CURVE('',#14504,#14494,#14506,.T.);
#14504 = VERTEX_POINT('',#14505);
#14505 = CARTESIAN_POINT('',(-0.65,0.2,0.34));
#14506 = CIRCLE('',#14507,0.16);
#14507 = AXIS2_PLACEMENT_3D('',#14508,#14509,#14510);
#14508 = CARTESIAN_POINT('',(-0.49,0.2,0.34));
#14509 = DIRECTION('',(0.,1.,0.));
#14510 = DIRECTION('',(6.123233995737E-17,0.,-1.));
#14511 = ORIENTED_EDGE('',*,*,#14512,.F.);
#14512 = EDGE_CURVE('',#14513,#14504,#14515,.T.);
#14513 = VERTEX_POINT('',#14514);
#14514 = CARTESIAN_POINT('',(-0.65,0.2,0.25));
#14515 = LINE('',#14516,#14517);
#14516 = CARTESIAN_POINT('',(-0.65,0.2,0.386731190722));
#14517 = VECTOR('',#14518,1.);
#14518 = DIRECTION('',(-1.224646799147E-16,0.,1.));
#14519 = ORIENTED_EDGE('',*,*,#14520,.T.);
#14520 = EDGE_CURVE('',#14513,#14521,#14523,.T.);
#14521 = VERTEX_POINT('',#14522);
#14522 = CARTESIAN_POINT('',(-0.5,0.2,0.25));
#14523 = LINE('',#14524,#14525);
#14524 = CARTESIAN_POINT('',(-0.65,0.2,0.25));
#14525 = VECTOR('',#14526,1.);
#14526 = DIRECTION('',(1.,0.,0.));
#14527 = ORIENTED_EDGE('',*,*,#14528,.T.);
#14528 = EDGE_CURVE('',#14521,#14529,#14531,.T.);
#14529 = VERTEX_POINT('',#14530);
#14530 = CARTESIAN_POINT('',(-0.5,0.2,0.34));
#14531 = LINE('',#14532,#14533);
#14532 = CARTESIAN_POINT('',(-0.5,0.2,0.386731190722));
#14533 = VECTOR('',#14534,1.);
#14534 = DIRECTION('',(-1.224646799147E-16,0.,1.));
#14535 = ORIENTED_EDGE('',*,*,#14536,.F.);
#14536 = EDGE_CURVE('',#14537,#14529,#14539,.T.);
#14537 = VERTEX_POINT('',#14538);
#14538 = CARTESIAN_POINT('',(-0.49,0.2,0.35));
#14539 = CIRCLE('',#14540,1.E-02);
#14540 = AXIS2_PLACEMENT_3D('',#14541,#14542,#14543);
#14541 = CARTESIAN_POINT('',(-0.49,0.2,0.34));
#14542 = DIRECTION('',(0.,-1.,0.));
#14543 = DIRECTION('',(0.,0.,-1.));
#14544 = ORIENTED_EDGE('',*,*,#14545,.T.);
#14545 = EDGE_CURVE('',#14537,#14546,#14548,.T.);
#14546 = VERTEX_POINT('',#14547);
#14547 = CARTESIAN_POINT('',(-1.E-02,0.2,0.35));
#14548 = LINE('',#14549,#14550);
#14549 = CARTESIAN_POINT('',(3.673119072215E-02,0.2,0.35));
#14550 = VECTOR('',#14551,1.);
#14551 = DIRECTION('',(1.,1.010004813608E-16,6.123233995737E-17));
#14552 = ORIENTED_EDGE('',*,*,#14553,.F.);
#14553 = EDGE_CURVE('',#14554,#14546,#14556,.T.);
#14554 = VERTEX_POINT('',#14555);
#14555 = CARTESIAN_POINT('',(0.,0.2,0.34));
#14556 = CIRCLE('',#14557,1.E-02);
#14557 = AXIS2_PLACEMENT_3D('',#14558,#14559,#14560);
#14558 = CARTESIAN_POINT('',(-1.E-02,0.2,0.34));
#14559 = DIRECTION('',(0.,-1.,0.));
#14560 = DIRECTION('',(0.,0.,-1.));
#14561 = ORIENTED_EDGE('',*,*,#14562,.F.);
#14562 = EDGE_CURVE('',#14563,#14554,#14565,.T.);
#14563 = VERTEX_POINT('',#14564);
#14564 = CARTESIAN_POINT('',(0.,0.2,0.25));
#14565 = LINE('',#14566,#14567);
#14566 = CARTESIAN_POINT('',(0.,0.2,0.25));
#14567 = VECTOR('',#14568,1.);
#14568 = DIRECTION('',(0.,2.710505431214E-16,1.));
#14569 = ORIENTED_EDGE('',*,*,#14570,.T.);
#14570 = EDGE_CURVE('',#14563,#14571,#14573,.T.);
#14571 = VERTEX_POINT('',#14572);
#14572 = CARTESIAN_POINT('',(0.15,0.2,0.25));
#14573 = LINE('',#14574,#14575);
#14574 = CARTESIAN_POINT('',(0.,0.2,0.25));
#14575 = VECTOR('',#14576,1.);
#14576 = DIRECTION('',(1.,0.,0.));
#14577 = ORIENTED_EDGE('',*,*,#14578,.T.);
#14578 = EDGE_CURVE('',#14571,#14579,#14581,.T.);
#14579 = VERTEX_POINT('',#14580);
#14580 = CARTESIAN_POINT('',(0.15,0.2,0.34));
#14581 = LINE('',#14582,#14583);
#14582 = CARTESIAN_POINT('',(0.15,0.2,0.25));
#14583 = VECTOR('',#14584,1.);
#14584 = DIRECTION('',(0.,2.710505431214E-16,1.));
#14585 = ORIENTED_EDGE('',*,*,#14586,.T.);
#14586 = EDGE_CURVE('',#14579,#14496,#14587,.T.);
#14587 = CIRCLE('',#14588,0.16);
#14588 = AXIS2_PLACEMENT_3D('',#14589,#14590,#14591);
#14589 = CARTESIAN_POINT('',(-1.E-02,0.2,0.34));
#14590 = DIRECTION('',(0.,-1.,0.));
#14591 = DIRECTION('',(-1.,0.,0.));
#14592 = PLANE('',#14593);
#14593 = AXIS2_PLACEMENT_3D('',#14594,#14595,#14596);
#14594 = CARTESIAN_POINT('',(0.,0.2,0.25));
#14595 = DIRECTION('',(0.,1.,-2.710505431214E-16));
#14596 = DIRECTION('',(0.,2.710505431214E-16,1.));
#14597 = ADVANCED_FACE('',(#14598),#14614,.T.);
#14598 = FACE_BOUND('',#14599,.T.);
#14599 = EDGE_LOOP('',(#14600,#14601,#14607,#14608));
#14600 = ORIENTED_EDGE('',*,*,#14437,.T.);
#14601 = ORIENTED_EDGE('',*,*,#14602,.T.);
#14602 = EDGE_CURVE('',#14429,#14494,#14603,.T.);
#14603 = LINE('',#14604,#14605);
#14604 = CARTESIAN_POINT('',(-0.49,0.55,0.5));
#14605 = VECTOR('',#14606,1.);
#14606 = DIRECTION('',(0.,-1.,0.));
#14607 = ORIENTED_EDGE('',*,*,#14493,.T.);
#14608 = ORIENTED_EDGE('',*,*,#14609,.T.);
#14609 = EDGE_CURVE('',#14496,#14438,#14610,.T.);
#14610 = LINE('',#14611,#14612);
#14611 = CARTESIAN_POINT('',(-1.E-02,0.2,0.5));
#14612 = VECTOR('',#14613,1.);
#14613 = DIRECTION('',(0.,1.,0.));
#14614 = PLANE('',#14615);
#14615 = AXIS2_PLACEMENT_3D('',#14616,#14617,#14618);
#14616 = CARTESIAN_POINT('',(-3.658139118919E-17,0.,0.5));
#14617 = DIRECTION('',(-6.123233995737E-17,0.,1.));
#14618 = DIRECTION('',(1.,0.,6.123233995737E-17));
#14619 = ADVANCED_FACE('',(#14620),#14722,.F.);
#14620 = FACE_BOUND('',#14621,.T.);
#14621 = EDGE_LOOP('',(#14622,#14632,#14641,#14649,#14657,#14665,#14674,
    #14682,#14691,#14699,#14707,#14715));
#14622 = ORIENTED_EDGE('',*,*,#14623,.T.);
#14623 = EDGE_CURVE('',#14624,#14626,#14628,.T.);
#14624 = VERTEX_POINT('',#14625);
#14625 = CARTESIAN_POINT('',(-1.E-02,-0.2,0.35));
#14626 = VERTEX_POINT('',#14627);
#14627 = CARTESIAN_POINT('',(-0.49,-0.2,0.35));
#14628 = LINE('',#14629,#14630);
#14629 = CARTESIAN_POINT('',(3.673119072215E-02,-0.2,0.35));
#14630 = VECTOR('',#14631,1.);
#14631 = DIRECTION('',(-1.,-5.050024068038E-17,-6.123233995737E-17));
#14632 = ORIENTED_EDGE('',*,*,#14633,.T.);
#14633 = EDGE_CURVE('',#14626,#14634,#14636,.T.);
#14634 = VERTEX_POINT('',#14635);
#14635 = CARTESIAN_POINT('',(-0.5,-0.2,0.34));
#14636 = CIRCLE('',#14637,1.E-02);
#14637 = AXIS2_PLACEMENT_3D('',#14638,#14639,#14640);
#14638 = CARTESIAN_POINT('',(-0.49,-0.2,0.34));
#14639 = DIRECTION('',(0.,-1.,0.));
#14640 = DIRECTION('',(0.,0.,-1.));
#14641 = ORIENTED_EDGE('',*,*,#14642,.T.);
#14642 = EDGE_CURVE('',#14634,#14643,#14645,.T.);
#14643 = VERTEX_POINT('',#14644);
#14644 = CARTESIAN_POINT('',(-0.5,-0.2,0.25));
#14645 = LINE('',#14646,#14647);
#14646 = CARTESIAN_POINT('',(-0.5,-0.2,0.386731190722));
#14647 = VECTOR('',#14648,1.);
#14648 = DIRECTION('',(1.224646799147E-16,0.,-1.));
#14649 = ORIENTED_EDGE('',*,*,#14650,.F.);
#14650 = EDGE_CURVE('',#14651,#14643,#14653,.T.);
#14651 = VERTEX_POINT('',#14652);
#14652 = CARTESIAN_POINT('',(-0.65,-0.2,0.25));
#14653 = LINE('',#14654,#14655);
#14654 = CARTESIAN_POINT('',(-0.65,-0.2,0.25));
#14655 = VECTOR('',#14656,1.);
#14656 = DIRECTION('',(1.,0.,0.));
#14657 = ORIENTED_EDGE('',*,*,#14658,.F.);
#14658 = EDGE_CURVE('',#14659,#14651,#14661,.T.);
#14659 = VERTEX_POINT('',#14660);
#14660 = CARTESIAN_POINT('',(-0.65,-0.2,0.34));
#14661 = LINE('',#14662,#14663);
#14662 = CARTESIAN_POINT('',(-0.65,-0.2,0.386731190722));
#14663 = VECTOR('',#14664,1.);
#14664 = DIRECTION('',(1.224646799147E-16,0.,-1.));
#14665 = ORIENTED_EDGE('',*,*,#14666,.F.);
#14666 = EDGE_CURVE('',#14667,#14659,#14669,.T.);
#14667 = VERTEX_POINT('',#14668);
#14668 = CARTESIAN_POINT('',(-0.49,-0.2,0.5));
#14669 = CIRCLE('',#14670,0.16);
#14670 = AXIS2_PLACEMENT_3D('',#14671,#14672,#14673);
#14671 = CARTESIAN_POINT('',(-0.49,-0.2,0.34));
#14672 = DIRECTION('',(0.,-1.,0.));
#14673 = DIRECTION('',(6.123233995737E-17,0.,-1.));
#14674 = ORIENTED_EDGE('',*,*,#14675,.F.);
#14675 = EDGE_CURVE('',#14676,#14667,#14678,.T.);
#14676 = VERTEX_POINT('',#14677);
#14677 = CARTESIAN_POINT('',(-1.E-02,-0.2,0.5));
#14678 = LINE('',#14679,#14680);
#14679 = CARTESIAN_POINT('',(3.673119072215E-02,-0.2,0.5));
#14680 = VECTOR('',#14681,1.);
#14681 = DIRECTION('',(-1.,-5.050024068038E-17,-6.123233995737E-17));
#14682 = ORIENTED_EDGE('',*,*,#14683,.T.);
#14683 = EDGE_CURVE('',#14676,#14684,#14686,.T.);
#14684 = VERTEX_POINT('',#14685);
#14685 = CARTESIAN_POINT('',(0.15,-0.2,0.34));
#14686 = CIRCLE('',#14687,0.16);
#14687 = AXIS2_PLACEMENT_3D('',#14688,#14689,#14690);
#14688 = CARTESIAN_POINT('',(-1.E-02,-0.2,0.34));
#14689 = DIRECTION('',(0.,1.,0.));
#14690 = DIRECTION('',(-1.,0.,0.));
#14691 = ORIENTED_EDGE('',*,*,#14692,.T.);
#14692 = EDGE_CURVE('',#14684,#14693,#14695,.T.);
#14693 = VERTEX_POINT('',#14694);
#14694 = CARTESIAN_POINT('',(0.15,-0.2,0.25));
#14695 = LINE('',#14696,#14697);
#14696 = CARTESIAN_POINT('',(0.15,-0.2,0.35));
#14697 = VECTOR('',#14698,1.);
#14698 = DIRECTION('',(0.,1.626303258728E-15,-1.));
#14699 = ORIENTED_EDGE('',*,*,#14700,.F.);
#14700 = EDGE_CURVE('',#14701,#14693,#14703,.T.);
#14701 = VERTEX_POINT('',#14702);
#14702 = CARTESIAN_POINT('',(0.,-0.2,0.25));
#14703 = LINE('',#14704,#14705);
#14704 = CARTESIAN_POINT('',(0.,-0.2,0.25));
#14705 = VECTOR('',#14706,1.);
#14706 = DIRECTION('',(1.,0.,0.));
#14707 = ORIENTED_EDGE('',*,*,#14708,.F.);
#14708 = EDGE_CURVE('',#14709,#14701,#14711,.T.);
#14709 = VERTEX_POINT('',#14710);
#14710 = CARTESIAN_POINT('',(0.,-0.2,0.34));
#14711 = LINE('',#14712,#14713);
#14712 = CARTESIAN_POINT('',(0.,-0.2,0.35));
#14713 = VECTOR('',#14714,1.);
#14714 = DIRECTION('',(0.,1.626303258728E-15,-1.));
#14715 = ORIENTED_EDGE('',*,*,#14716,.T.);
#14716 = EDGE_CURVE('',#14709,#14624,#14717,.T.);
#14717 = CIRCLE('',#14718,1.E-02);
#14718 = AXIS2_PLACEMENT_3D('',#14719,#14720,#14721);
#14719 = CARTESIAN_POINT('',(-1.E-02,-0.2,0.34));
#14720 = DIRECTION('',(0.,-1.,0.));
#14721 = DIRECTION('',(0.,0.,-1.));
#14722 = PLANE('',#14723);
#14723 = AXIS2_PLACEMENT_3D('',#14724,#14725,#14726);
#14724 = CARTESIAN_POINT('',(0.,-0.2,0.35));
#14725 = DIRECTION('',(0.,-1.,-1.626303258728E-15));
#14726 = DIRECTION('',(0.,1.626303258728E-15,-1.));
#14727 = ADVANCED_FACE('',(#14728),#14830,.F.);
#14728 = FACE_BOUND('',#14729,.T.);
#14729 = EDGE_LOOP('',(#14730,#14740,#14749,#14757,#14765,#14773,#14782,
    #14790,#14799,#14807,#14815,#14823));
#14730 = ORIENTED_EDGE('',*,*,#14731,.F.);
#14731 = EDGE_CURVE('',#14732,#14734,#14736,.T.);
#14732 = VERTEX_POINT('',#14733);
#14733 = CARTESIAN_POINT('',(-0.49,-0.55,0.5));
#14734 = VERTEX_POINT('',#14735);
#14735 = CARTESIAN_POINT('',(-1.E-02,-0.55,0.5));
#14736 = LINE('',#14737,#14738);
#14737 = CARTESIAN_POINT('',(3.673119072215E-02,-0.55,0.5));
#14738 = VECTOR('',#14739,1.);
#14739 = DIRECTION('',(1.,2.020009627215E-16,6.123233995737E-17));
#14740 = ORIENTED_EDGE('',*,*,#14741,.F.);
#14741 = EDGE_CURVE('',#14742,#14732,#14744,.T.);
#14742 = VERTEX_POINT('',#14743);
#14743 = CARTESIAN_POINT('',(-0.65,-0.55,0.34));
#14744 = CIRCLE('',#14745,0.16);
#14745 = AXIS2_PLACEMENT_3D('',#14746,#14747,#14748);
#14746 = CARTESIAN_POINT('',(-0.49,-0.55,0.34));
#14747 = DIRECTION('',(0.,1.,0.));
#14748 = DIRECTION('',(6.123233995737E-17,0.,-1.));
#14749 = ORIENTED_EDGE('',*,*,#14750,.F.);
#14750 = EDGE_CURVE('',#14751,#14742,#14753,.T.);
#14751 = VERTEX_POINT('',#14752);
#14752 = CARTESIAN_POINT('',(-0.65,-0.55,0.25));
#14753 = LINE('',#14754,#14755);
#14754 = CARTESIAN_POINT('',(-0.65,-0.55,0.386731190722));
#14755 = VECTOR('',#14756,1.);
#14756 = DIRECTION('',(-1.224646799147E-16,0.,1.));
#14757 = ORIENTED_EDGE('',*,*,#14758,.T.);
#14758 = EDGE_CURVE('',#14751,#14759,#14761,.T.);
#14759 = VERTEX_POINT('',#14760);
#14760 = CARTESIAN_POINT('',(-0.5,-0.55,0.25));
#14761 = LINE('',#14762,#14763);
#14762 = CARTESIAN_POINT('',(-0.65,-0.55,0.25));
#14763 = VECTOR('',#14764,1.);
#14764 = DIRECTION('',(1.,0.,0.));
#14765 = ORIENTED_EDGE('',*,*,#14766,.T.);
#14766 = EDGE_CURVE('',#14759,#14767,#14769,.T.);
#14767 = VERTEX_POINT('',#14768);
#14768 = CARTESIAN_POINT('',(-0.5,-0.55,0.34));
#14769 = LINE('',#14770,#14771);
#14770 = CARTESIAN_POINT('',(-0.5,-0.55,0.386731190722));
#14771 = VECTOR('',#14772,1.);
#14772 = DIRECTION('',(-1.224646799147E-16,0.,1.));
#14773 = ORIENTED_EDGE('',*,*,#14774,.F.);
#14774 = EDGE_CURVE('',#14775,#14767,#14777,.T.);
#14775 = VERTEX_POINT('',#14776);
#14776 = CARTESIAN_POINT('',(-0.49,-0.55,0.35));
#14777 = CIRCLE('',#14778,1.E-02);
#14778 = AXIS2_PLACEMENT_3D('',#14779,#14780,#14781);
#14779 = CARTESIAN_POINT('',(-0.49,-0.55,0.34));
#14780 = DIRECTION('',(0.,-1.,0.));
#14781 = DIRECTION('',(0.,0.,-1.));
#14782 = ORIENTED_EDGE('',*,*,#14783,.T.);
#14783 = EDGE_CURVE('',#14775,#14784,#14786,.T.);
#14784 = VERTEX_POINT('',#14785);
#14785 = CARTESIAN_POINT('',(-1.E-02,-0.55,0.35));
#14786 = LINE('',#14787,#14788);
#14787 = CARTESIAN_POINT('',(3.673119072215E-02,-0.55,0.35));
#14788 = VECTOR('',#14789,1.);
#14789 = DIRECTION('',(1.,2.020009627215E-16,6.123233995737E-17));
#14790 = ORIENTED_EDGE('',*,*,#14791,.F.);
#14791 = EDGE_CURVE('',#14792,#14784,#14794,.T.);
#14792 = VERTEX_POINT('',#14793);
#14793 = CARTESIAN_POINT('',(0.,-0.55,0.34));
#14794 = CIRCLE('',#14795,1.E-02);
#14795 = AXIS2_PLACEMENT_3D('',#14796,#14797,#14798);
#14796 = CARTESIAN_POINT('',(-1.E-02,-0.55,0.34));
#14797 = DIRECTION('',(0.,-1.,0.));
#14798 = DIRECTION('',(0.,0.,-1.));
#14799 = ORIENTED_EDGE('',*,*,#14800,.F.);
#14800 = EDGE_CURVE('',#14801,#14792,#14803,.T.);
#14801 = VERTEX_POINT('',#14802);
#14802 = CARTESIAN_POINT('',(0.,-0.55,0.25));
#14803 = LINE('',#14804,#14805);
#14804 = CARTESIAN_POINT('',(0.,-0.55,0.25));
#14805 = VECTOR('',#14806,1.);
#14806 = DIRECTION('',(0.,-1.084202172486E-15,1.));
#14807 = ORIENTED_EDGE('',*,*,#14808,.T.);
#14808 = EDGE_CURVE('',#14801,#14809,#14811,.T.);
#14809 = VERTEX_POINT('',#14810);
#14810 = CARTESIAN_POINT('',(0.15,-0.55,0.25));
#14811 = LINE('',#14812,#14813);
#14812 = CARTESIAN_POINT('',(0.,-0.55,0.25));
#14813 = VECTOR('',#14814,1.);
#14814 = DIRECTION('',(1.,0.,0.));
#14815 = ORIENTED_EDGE('',*,*,#14816,.T.);
#14816 = EDGE_CURVE('',#14809,#14817,#14819,.T.);
#14817 = VERTEX_POINT('',#14818);
#14818 = CARTESIAN_POINT('',(0.15,-0.55,0.34));
#14819 = LINE('',#14820,#14821);
#14820 = CARTESIAN_POINT('',(0.15,-0.55,0.25));
#14821 = VECTOR('',#14822,1.);
#14822 = DIRECTION('',(0.,-1.084202172486E-15,1.));
#14823 = ORIENTED_EDGE('',*,*,#14824,.T.);
#14824 = EDGE_CURVE('',#14817,#14734,#14825,.T.);
#14825 = CIRCLE('',#14826,0.16);
#14826 = AXIS2_PLACEMENT_3D('',#14827,#14828,#14829);
#14827 = CARTESIAN_POINT('',(-1.E-02,-0.55,0.34));
#14828 = DIRECTION('',(0.,-1.,0.));
#14829 = DIRECTION('',(-1.,0.,0.));
#14830 = PLANE('',#14831);
#14831 = AXIS2_PLACEMENT_3D('',#14832,#14833,#14834);
#14832 = CARTESIAN_POINT('',(0.,-0.55,0.25));
#14833 = DIRECTION('',(0.,1.,1.084202172486E-15));
#14834 = DIRECTION('',(0.,-1.084202172486E-15,1.));
#14835 = ADVANCED_FACE('',(#14836),#14852,.T.);
#14836 = FACE_BOUND('',#14837,.T.);
#14837 = EDGE_LOOP('',(#14838,#14839,#14845,#14846));
#14838 = ORIENTED_EDGE('',*,*,#14675,.T.);
#14839 = ORIENTED_EDGE('',*,*,#14840,.T.);
#14840 = EDGE_CURVE('',#14667,#14732,#14841,.T.);
#14841 = LINE('',#14842,#14843);
#14842 = CARTESIAN_POINT('',(-0.49,-0.2,0.5));
#14843 = VECTOR('',#14844,1.);
#14844 = DIRECTION('',(0.,-1.,0.));
#14845 = ORIENTED_EDGE('',*,*,#14731,.T.);
#14846 = ORIENTED_EDGE('',*,*,#14847,.T.);
#14847 = EDGE_CURVE('',#14734,#14676,#14848,.T.);
#14848 = LINE('',#14849,#14850);
#14849 = CARTESIAN_POINT('',(-1.E-02,-0.55,0.5));
#14850 = VECTOR('',#14851,1.);
#14851 = DIRECTION('',(0.,1.,0.));
#14852 = PLANE('',#14853);
#14853 = AXIS2_PLACEMENT_3D('',#14854,#14855,#14856);
#14854 = CARTESIAN_POINT('',(-3.658139118919E-17,0.,0.5));
#14855 = DIRECTION('',(-6.123233995737E-17,0.,1.));
#14856 = DIRECTION('',(1.,0.,6.123233995737E-17));
#14857 = ADVANCED_FACE('',(#14858),#15006,.T.);
#14858 = FACE_BOUND('',#14859,.T.);
#14859 = EDGE_LOOP('',(#14860,#14861,#14867,#14868,#14874,#14875,#14881,
    #14882,#14890,#14899,#14907,#14916,#14924,#14933,#14941,#14949,
    #14957,#14966,#14974,#14983,#14991,#15000));
#14860 = ORIENTED_EDGE('',*,*,#14454,.F.);
#14861 = ORIENTED_EDGE('',*,*,#14862,.T.);
#14862 = EDGE_CURVE('',#14446,#14579,#14863,.T.);
#14863 = LINE('',#14864,#14865);
#14864 = CARTESIAN_POINT('',(0.15,0.55,0.34));
#14865 = VECTOR('',#14866,1.);
#14866 = DIRECTION('',(0.,-1.,0.));
#14867 = ORIENTED_EDGE('',*,*,#14578,.F.);
#14868 = ORIENTED_EDGE('',*,*,#14869,.T.);
#14869 = EDGE_CURVE('',#14571,#14693,#14870,.T.);
#14870 = LINE('',#14871,#14872);
#14871 = CARTESIAN_POINT('',(0.15,1.,0.25));
#14872 = VECTOR('',#14873,1.);
#14873 = DIRECTION('',(0.,-1.,0.));
#14874 = ORIENTED_EDGE('',*,*,#14692,.F.);
#14875 = ORIENTED_EDGE('',*,*,#14876,.T.);
#14876 = EDGE_CURVE('',#14684,#14817,#14877,.T.);
#14877 = LINE('',#14878,#14879);
#14878 = CARTESIAN_POINT('',(0.15,-0.2,0.34));
#14879 = VECTOR('',#14880,1.);
#14880 = DIRECTION('',(0.,-1.,0.));
#14881 = ORIENTED_EDGE('',*,*,#14816,.F.);
#14882 = ORIENTED_EDGE('',*,*,#14883,.T.);
#14883 = EDGE_CURVE('',#14809,#14884,#14886,.T.);
#14884 = VERTEX_POINT('',#14885);
#14885 = CARTESIAN_POINT('',(0.15,-0.9,0.25));
#14886 = LINE('',#14887,#14888);
#14887 = CARTESIAN_POINT('',(0.15,1.,0.25));
#14888 = VECTOR('',#14889,1.);
#14889 = DIRECTION('',(0.,-1.,0.));
#14890 = ORIENTED_EDGE('',*,*,#14891,.T.);
#14891 = EDGE_CURVE('',#14884,#14892,#14894,.T.);
#14892 = VERTEX_POINT('',#14893);
#14893 = CARTESIAN_POINT('',(0.15,-1.,0.15));
#14894 = CIRCLE('',#14895,0.1);
#14895 = AXIS2_PLACEMENT_3D('',#14896,#14897,#14898);
#14896 = CARTESIAN_POINT('',(0.15,-0.9,0.15));
#14897 = DIRECTION('',(1.,0.,0.));
#14898 = DIRECTION('',(0.,0.,-1.));
#14899 = ORIENTED_EDGE('',*,*,#14900,.T.);
#14900 = EDGE_CURVE('',#14892,#14901,#14903,.T.);
#14901 = VERTEX_POINT('',#14902);
#14902 = CARTESIAN_POINT('',(0.15,-1.,-0.15));
#14903 = LINE('',#14904,#14905);
#14904 = CARTESIAN_POINT('',(0.15,-1.,0.25));
#14905 = VECTOR('',#14906,1.);
#14906 = DIRECTION('',(0.,0.,-1.));
#14907 = ORIENTED_EDGE('',*,*,#14908,.T.);
#14908 = EDGE_CURVE('',#14901,#14909,#14911,.T.);
#14909 = VERTEX_POINT('',#14910);
#14910 = CARTESIAN_POINT('',(0.15,-0.9,-0.25));
#14911 = CIRCLE('',#14912,0.1);
#14912 = AXIS2_PLACEMENT_3D('',#14913,#14914,#14915);
#14913 = CARTESIAN_POINT('',(0.15,-0.9,-0.15));
#14914 = DIRECTION('',(1.,0.,0.));
#14915 = DIRECTION('',(0.,0.,-1.));
#14916 = ORIENTED_EDGE('',*,*,#14917,.T.);
#14917 = EDGE_CURVE('',#14909,#14918,#14920,.T.);
#14918 = VERTEX_POINT('',#14919);
#14919 = CARTESIAN_POINT('',(0.15,-0.8,-0.25));
#14920 = LINE('',#14921,#14922);
#14921 = CARTESIAN_POINT('',(0.15,-1.,-0.25));
#14922 = VECTOR('',#14923,1.);
#14923 = DIRECTION('',(0.,1.,0.));
#14924 = ORIENTED_EDGE('',*,*,#14925,.F.);
#14925 = EDGE_CURVE('',#14926,#14918,#14928,.T.);
#14926 = VERTEX_POINT('',#14927);
#14927 = CARTESIAN_POINT('',(0.15,-0.7,-0.35));
#14928 = CIRCLE('',#14929,0.1);
#14929 = AXIS2_PLACEMENT_3D('',#14930,#14931,#14932);
#14930 = CARTESIAN_POINT('',(0.15,-0.8,-0.35));
#14931 = DIRECTION('',(1.,0.,0.));
#14932 = DIRECTION('',(0.,0.,-1.));
#14933 = ORIENTED_EDGE('',*,*,#14934,.T.);
#14934 = EDGE_CURVE('',#14926,#14935,#14937,.T.);
#14935 = VERTEX_POINT('',#14936);
#14936 = CARTESIAN_POINT('',(0.15,-0.7,-0.69));
#14937 = LINE('',#14938,#14939);
#14938 = CARTESIAN_POINT('',(0.15,-0.7,-0.25));
#14939 = VECTOR('',#14940,1.);
#14940 = DIRECTION('',(0.,2.409338161079E-16,-1.));
#14941 = ORIENTED_EDGE('',*,*,#14942,.F.);
#14942 = EDGE_CURVE('',#14943,#14935,#14945,.T.);
#14943 = VERTEX_POINT('',#14944);
#14944 = CARTESIAN_POINT('',(0.15,0.7,-0.69));
#14945 = LINE('',#14946,#14947);
#14946 = CARTESIAN_POINT('',(0.15,0.7,-0.69));
#14947 = VECTOR('',#14948,1.);
#14948 = DIRECTION('',(0.,-1.,0.));
#14949 = ORIENTED_EDGE('',*,*,#14950,.T.);
#14950 = EDGE_CURVE('',#14943,#14951,#14953,.T.);
#14951 = VERTEX_POINT('',#14952);
#14952 = CARTESIAN_POINT('',(0.15,0.7,-0.35));
#14953 = LINE('',#14954,#14955);
#14954 = CARTESIAN_POINT('',(0.15,0.7,-0.7));
#14955 = VECTOR('',#14956,1.);
#14956 = DIRECTION('',(0.,2.409338161079E-16,1.));
#14957 = ORIENTED_EDGE('',*,*,#14958,.F.);
#14958 = EDGE_CURVE('',#14959,#14951,#14961,.T.);
#14959 = VERTEX_POINT('',#14960);
#14960 = CARTESIAN_POINT('',(0.15,0.8,-0.25));
#14961 = CIRCLE('',#14962,0.1);
#14962 = AXIS2_PLACEMENT_3D('',#14963,#14964,#14965);
#14963 = CARTESIAN_POINT('',(0.15,0.8,-0.35));
#14964 = DIRECTION('',(1.,0.,0.));
#14965 = DIRECTION('',(0.,0.,-1.));
#14966 = ORIENTED_EDGE('',*,*,#14967,.T.);
#14967 = EDGE_CURVE('',#14959,#14968,#14970,.T.);
#14968 = VERTEX_POINT('',#14969);
#14969 = CARTESIAN_POINT('',(0.15,0.9,-0.25));
#14970 = LINE('',#14971,#14972);
#14971 = CARTESIAN_POINT('',(0.15,-1.,-0.25));
#14972 = VECTOR('',#14973,1.);
#14973 = DIRECTION('',(0.,1.,0.));
#14974 = ORIENTED_EDGE('',*,*,#14975,.T.);
#14975 = EDGE_CURVE('',#14968,#14976,#14978,.T.);
#14976 = VERTEX_POINT('',#14977);
#14977 = CARTESIAN_POINT('',(0.15,1.,-0.15));
#14978 = CIRCLE('',#14979,0.1);
#14979 = AXIS2_PLACEMENT_3D('',#14980,#14981,#14982);
#14980 = CARTESIAN_POINT('',(0.15,0.9,-0.15));
#14981 = DIRECTION('',(1.,0.,0.));
#14982 = DIRECTION('',(0.,0.,-1.));
#14983 = ORIENTED_EDGE('',*,*,#14984,.T.);
#14984 = EDGE_CURVE('',#14976,#14985,#14987,.T.);
#14985 = VERTEX_POINT('',#14986);
#14986 = CARTESIAN_POINT('',(0.15,1.,0.15));
#14987 = LINE('',#14988,#14989);
#14988 = CARTESIAN_POINT('',(0.15,1.,-0.25));
#14989 = VECTOR('',#14990,1.);
#14990 = DIRECTION('',(0.,0.,1.));
#14991 = ORIENTED_EDGE('',*,*,#14992,.T.);
#14992 = EDGE_CURVE('',#14985,#14993,#14995,.T.);
#14993 = VERTEX_POINT('',#14994);
#14994 = CARTESIAN_POINT('',(0.15,0.9,0.25));
#14995 = CIRCLE('',#14996,0.1);
#14996 = AXIS2_PLACEMENT_3D('',#14997,#14998,#14999);
#14997 = CARTESIAN_POINT('',(0.15,0.9,0.15));
#14998 = DIRECTION('',(1.,0.,0.));
#14999 = DIRECTION('',(0.,0.,-1.));
#15000 = ORIENTED_EDGE('',*,*,#15001,.T.);
#15001 = EDGE_CURVE('',#14993,#14455,#15002,.T.);
#15002 = LINE('',#15003,#15004);
#15003 = CARTESIAN_POINT('',(0.15,1.,0.25));
#15004 = VECTOR('',#15005,1.);
#15005 = DIRECTION('',(0.,-1.,0.));
#15006 = PLANE('',#15007);
#15007 = AXIS2_PLACEMENT_3D('',#15008,#15009,#15010);
#15008 = CARTESIAN_POINT('',(0.15,0.,0.));
#15009 = DIRECTION('',(1.,0.,0.));
#15010 = DIRECTION('',(0.,0.,-1.));
#15011 = ADVANCED_FACE('',(#15012),#15030,.F.);
#15012 = FACE_BOUND('',#15013,.T.);
#15013 = EDGE_LOOP('',(#15014,#15015,#15016,#15024));
#15014 = ORIENTED_EDGE('',*,*,#14462,.T.);
#15015 = ORIENTED_EDGE('',*,*,#15001,.F.);
#15016 = ORIENTED_EDGE('',*,*,#15017,.T.);
#15017 = EDGE_CURVE('',#14993,#15018,#15020,.T.);
#15018 = VERTEX_POINT('',#15019);
#15019 = CARTESIAN_POINT('',(0.,0.9,0.25));
#15020 = LINE('',#15021,#15022);
#15021 = CARTESIAN_POINT('',(0.15,0.9,0.25));
#15022 = VECTOR('',#15023,1.);
#15023 = DIRECTION('',(-1.,0.,0.));
#15024 = ORIENTED_EDGE('',*,*,#15025,.T.);
#15025 = EDGE_CURVE('',#15018,#14463,#15026,.T.);
#15026 = LINE('',#15027,#15028);
#15027 = CARTESIAN_POINT('',(0.,1.,0.25));
#15028 = VECTOR('',#15029,1.);
#15029 = DIRECTION('',(0.,-1.,0.));
#15030 = PLANE('',#15031);
#15031 = AXIS2_PLACEMENT_3D('',#15032,#15033,#15034);
#15032 = CARTESIAN_POINT('',(0.15,1.,0.25));
#15033 = DIRECTION('',(0.,0.,-1.));
#15034 = DIRECTION('',(-1.,0.,0.));
#15035 = ADVANCED_FACE('',(#15036),#15047,.F.);
#15036 = FACE_BOUND('',#15037,.T.);
#15037 = EDGE_LOOP('',(#15038,#15039,#15040,#15046));
#15038 = ORIENTED_EDGE('',*,*,#14869,.F.);
#15039 = ORIENTED_EDGE('',*,*,#14570,.F.);
#15040 = ORIENTED_EDGE('',*,*,#15041,.T.);
#15041 = EDGE_CURVE('',#14563,#14701,#15042,.T.);
#15042 = LINE('',#15043,#15044);
#15043 = CARTESIAN_POINT('',(0.,1.,0.25));
#15044 = VECTOR('',#15045,1.);
#15045 = DIRECTION('',(0.,-1.,0.));
#15046 = ORIENTED_EDGE('',*,*,#14700,.T.);
#15047 = PLANE('',#15048);
#15048 = AXIS2_PLACEMENT_3D('',#15049,#15050,#15051);
#15049 = CARTESIAN_POINT('',(0.15,1.,0.25));
#15050 = DIRECTION('',(0.,0.,-1.));
#15051 = DIRECTION('',(-1.,0.,0.));
#15052 = ADVANCED_FACE('',(#15053),#15087,.F.);
#15053 = FACE_BOUND('',#15054,.T.);
#15054 = EDGE_LOOP('',(#15055,#15065,#15073,#15081));
#15055 = ORIENTED_EDGE('',*,*,#15056,.T.);
#15056 = EDGE_CURVE('',#15057,#15059,#15061,.T.);
#15057 = VERTEX_POINT('',#15058);
#15058 = CARTESIAN_POINT('',(1.,0.6,-0.7));
#15059 = VERTEX_POINT('',#15060);
#15060 = CARTESIAN_POINT('',(1.,0.346410161514,-0.7));
#15061 = LINE('',#15062,#15063);
#15062 = CARTESIAN_POINT('',(1.,0.7,-0.7));
#15063 = VECTOR('',#15064,1.);
#15064 = DIRECTION('',(0.,-1.,0.));
#15065 = ORIENTED_EDGE('',*,*,#15066,.F.);
#15066 = EDGE_CURVE('',#15067,#15059,#15069,.T.);
#15067 = VERTEX_POINT('',#15068);
#15068 = CARTESIAN_POINT('',(1.,0.346410161514,-0.85));
#15069 = LINE('',#15070,#15071);
#15070 = CARTESIAN_POINT('',(1.,0.346410161514,-0.85));
#15071 = VECTOR('',#15072,1.);
#15072 = DIRECTION('',(0.,0.,1.));
#15073 = ORIENTED_EDGE('',*,*,#15074,.F.);
#15074 = EDGE_CURVE('',#15075,#15067,#15077,.T.);
#15075 = VERTEX_POINT('',#15076);
#15076 = CARTESIAN_POINT('',(1.,0.6,-0.85));
#15077 = LINE('',#15078,#15079);
#15078 = CARTESIAN_POINT('',(1.,0.7,-0.85));
#15079 = VECTOR('',#15080,1.);
#15080 = DIRECTION('',(0.,-1.,0.));
#15081 = ORIENTED_EDGE('',*,*,#15082,.T.);
#15082 = EDGE_CURVE('',#15075,#15057,#15083,.T.);
#15083 = LINE('',#15084,#15085);
#15084 = CARTESIAN_POINT('',(1.,0.6,-0.7));
#15085 = VECTOR('',#15086,1.);
#15086 = DIRECTION('',(0.,2.409338161079E-16,1.));
#15087 = PLANE('',#15088);
#15088 = AXIS2_PLACEMENT_3D('',#15089,#15090,#15091);
#15089 = CARTESIAN_POINT('',(1.,0.7,-0.85));
#15090 = DIRECTION('',(-1.,0.,0.));
#15091 = DIRECTION('',(0.,0.,1.));
#15092 = ADVANCED_FACE('',(#15093),#15152,.T.);
#15093 = FACE_BOUND('',#15094,.T.);
#15094 = EDGE_LOOP('',(#15095,#15096,#15104,#15112,#15121,#15129,#15137,
    #15145));
#15095 = ORIENTED_EDGE('',*,*,#14934,.F.);
#15096 = ORIENTED_EDGE('',*,*,#15097,.F.);
#15097 = EDGE_CURVE('',#15098,#14926,#15100,.T.);
#15098 = VERTEX_POINT('',#15099);
#15099 = CARTESIAN_POINT('',(0.,-0.7,-0.35));
#15100 = LINE('',#15101,#15102);
#15101 = CARTESIAN_POINT('',(0.,-0.7,-0.35));
#15102 = VECTOR('',#15103,1.);
#15103 = DIRECTION('',(1.,0.,0.));
#15104 = ORIENTED_EDGE('',*,*,#15105,.T.);
#15105 = EDGE_CURVE('',#15098,#15106,#15108,.T.);
#15106 = VERTEX_POINT('',#15107);
#15107 = CARTESIAN_POINT('',(0.,-0.7,-0.69));
#15108 = LINE('',#15109,#15110);
#15109 = CARTESIAN_POINT('',(0.,-0.7,-0.25));
#15110 = VECTOR('',#15111,1.);
#15111 = DIRECTION('',(0.,2.409338161079E-16,-1.));
#15112 = ORIENTED_EDGE('',*,*,#15113,.T.);
#15113 = EDGE_CURVE('',#15106,#15114,#15116,.T.);
#15114 = VERTEX_POINT('',#15115);
#15115 = CARTESIAN_POINT('',(0.16,-0.7,-0.85));
#15116 = CIRCLE('',#15117,0.16);
#15117 = AXIS2_PLACEMENT_3D('',#15118,#15119,#15120);
#15118 = CARTESIAN_POINT('',(0.16,-0.7,-0.69));
#15119 = DIRECTION('',(0.,-1.,0.));
#15120 = DIRECTION('',(1.,0.,0.));
#15121 = ORIENTED_EDGE('',*,*,#15122,.F.);
#15122 = EDGE_CURVE('',#15123,#15114,#15125,.T.);
#15123 = VERTEX_POINT('',#15124);
#15124 = CARTESIAN_POINT('',(0.9,-0.7,-0.85));
#15125 = LINE('',#15126,#15127);
#15126 = CARTESIAN_POINT('',(0.113268809278,-0.7,-0.85));
#15127 = VECTOR('',#15128,1.);
#15128 = DIRECTION('',(-1.,1.222695427689E-16,-6.123233995737E-17));
#15129 = ORIENTED_EDGE('',*,*,#15130,.T.);
#15130 = EDGE_CURVE('',#15123,#15131,#15133,.T.);
#15131 = VERTEX_POINT('',#15132);
#15132 = CARTESIAN_POINT('',(0.9,-0.7,-0.7));
#15133 = LINE('',#15134,#15135);
#15134 = CARTESIAN_POINT('',(0.9,-0.7,-0.7));
#15135 = VECTOR('',#15136,1.);
#15136 = DIRECTION('',(0.,-2.409338161079E-16,1.));
#15137 = ORIENTED_EDGE('',*,*,#15138,.T.);
#15138 = EDGE_CURVE('',#15131,#15139,#15141,.T.);
#15139 = VERTEX_POINT('',#15140);
#15140 = CARTESIAN_POINT('',(0.16,-0.7,-0.7));
#15141 = LINE('',#15142,#15143);
#15142 = CARTESIAN_POINT('',(0.113268809278,-0.7,-0.7));
#15143 = VECTOR('',#15144,1.);
#15144 = DIRECTION('',(-1.,1.222695427689E-16,-6.123233995737E-17));
#15145 = ORIENTED_EDGE('',*,*,#15146,.F.);
#15146 = EDGE_CURVE('',#14935,#15139,#15147,.T.);
#15147 = CIRCLE('',#15148,1.E-02);
#15148 = AXIS2_PLACEMENT_3D('',#15149,#15150,#15151);
#15149 = CARTESIAN_POINT('',(0.16,-0.7,-0.69));
#15150 = DIRECTION('',(0.,-1.,0.));
#15151 = DIRECTION('',(0.,0.,-1.));
#15152 = PLANE('',#15153);
#15153 = AXIS2_PLACEMENT_3D('',#15154,#15155,#15156);
#15154 = CARTESIAN_POINT('',(0.,-0.7,-0.25));
#15155 = DIRECTION('',(0.,-1.,-2.409338161079E-16));
#15156 = DIRECTION('',(0.,2.409338161079E-16,-1.));
#15157 = ADVANCED_FACE('',(#15158),#15217,.T.);
#15158 = FACE_BOUND('',#15159,.T.);
#15159 = EDGE_LOOP('',(#15160,#15170,#15176,#15177,#15186,#15194,#15202,
    #15210));
#15160 = ORIENTED_EDGE('',*,*,#15161,.T.);
#15161 = EDGE_CURVE('',#15162,#15164,#15166,.T.);
#15162 = VERTEX_POINT('',#15163);
#15163 = CARTESIAN_POINT('',(0.,0.7,-0.69));
#15164 = VERTEX_POINT('',#15165);
#15165 = CARTESIAN_POINT('',(0.,0.7,-0.35));
#15166 = LINE('',#15167,#15168);
#15167 = CARTESIAN_POINT('',(0.,0.7,-0.7));
#15168 = VECTOR('',#15169,1.);
#15169 = DIRECTION('',(0.,2.409338161079E-16,1.));
#15170 = ORIENTED_EDGE('',*,*,#15171,.T.);
#15171 = EDGE_CURVE('',#15164,#14951,#15172,.T.);
#15172 = LINE('',#15173,#15174);
#15173 = CARTESIAN_POINT('',(0.,0.7,-0.35));
#15174 = VECTOR('',#15175,1.);
#15175 = DIRECTION('',(1.,0.,0.));
#15176 = ORIENTED_EDGE('',*,*,#14950,.F.);
#15177 = ORIENTED_EDGE('',*,*,#15178,.T.);
#15178 = EDGE_CURVE('',#14943,#15179,#15181,.T.);
#15179 = VERTEX_POINT('',#15180);
#15180 = CARTESIAN_POINT('',(0.16,0.7,-0.7));
#15181 = CIRCLE('',#15182,1.E-02);
#15182 = AXIS2_PLACEMENT_3D('',#15183,#15184,#15185);
#15183 = CARTESIAN_POINT('',(0.16,0.7,-0.69));
#15184 = DIRECTION('',(0.,-1.,0.));
#15185 = DIRECTION('',(0.,0.,-1.));
#15186 = ORIENTED_EDGE('',*,*,#15187,.T.);
#15187 = EDGE_CURVE('',#15179,#15188,#15190,.T.);
#15188 = VERTEX_POINT('',#15189);
#15189 = CARTESIAN_POINT('',(0.9,0.7,-0.7));
#15190 = LINE('',#15191,#15192);
#15191 = CARTESIAN_POINT('',(0.113268809278,0.7,-0.7));
#15192 = VECTOR('',#15193,1.);
#15193 = DIRECTION('',(1.,-1.222695427689E-16,6.123233995737E-17));
#15194 = ORIENTED_EDGE('',*,*,#15195,.F.);
#15195 = EDGE_CURVE('',#15196,#15188,#15198,.T.);
#15196 = VERTEX_POINT('',#15197);
#15197 = CARTESIAN_POINT('',(0.9,0.7,-0.85));
#15198 = LINE('',#15199,#15200);
#15199 = CARTESIAN_POINT('',(0.9,0.7,-0.85));
#15200 = VECTOR('',#15201,1.);
#15201 = DIRECTION('',(0.,2.409338161079E-16,1.));
#15202 = ORIENTED_EDGE('',*,*,#15203,.F.);
#15203 = EDGE_CURVE('',#15204,#15196,#15206,.T.);
#15204 = VERTEX_POINT('',#15205);
#15205 = CARTESIAN_POINT('',(0.16,0.7,-0.85));
#15206 = LINE('',#15207,#15208);
#15207 = CARTESIAN_POINT('',(0.113268809278,0.7,-0.85));
#15208 = VECTOR('',#15209,1.);
#15209 = DIRECTION('',(1.,-1.222695427689E-16,6.123233995737E-17));
#15210 = ORIENTED_EDGE('',*,*,#15211,.T.);
#15211 = EDGE_CURVE('',#15204,#15162,#15212,.T.);
#15212 = CIRCLE('',#15213,0.16);
#15213 = AXIS2_PLACEMENT_3D('',#15214,#15215,#15216);
#15214 = CARTESIAN_POINT('',(0.16,0.7,-0.69));
#15215 = DIRECTION('',(-0.,1.,0.));
#15216 = DIRECTION('',(1.,0.,0.));
#15217 = PLANE('',#15218);
#15218 = AXIS2_PLACEMENT_3D('',#15219,#15220,#15221);
#15219 = CARTESIAN_POINT('',(0.,0.7,-0.7));
#15220 = DIRECTION('',(0.,1.,-2.409338161079E-16));
#15221 = DIRECTION('',(0.,2.409338161079E-16,1.));
#15222 = ADVANCED_FACE('',(#15223),#15341,.F.);
#15223 = FACE_BOUND('',#15224,.T.);
#15224 = EDGE_LOOP('',(#15225,#15231,#15232,#15233,#15242,#15250,#15259,
    #15267,#15274,#15275,#15281,#15282,#15291,#15299,#15308,#15316,
    #15325,#15331,#15332,#15338,#15339,#15340));
#15225 = ORIENTED_EDGE('',*,*,#15226,.F.);
#15226 = EDGE_CURVE('',#14471,#14554,#15227,.T.);
#15227 = LINE('',#15228,#15229);
#15228 = CARTESIAN_POINT('',(0.,0.55,0.34));
#15229 = VECTOR('',#15230,1.);
#15230 = DIRECTION('',(0.,-1.,0.));
#15231 = ORIENTED_EDGE('',*,*,#14470,.T.);
#15232 = ORIENTED_EDGE('',*,*,#15025,.F.);
#15233 = ORIENTED_EDGE('',*,*,#15234,.F.);
#15234 = EDGE_CURVE('',#15235,#15018,#15237,.T.);
#15235 = VERTEX_POINT('',#15236);
#15236 = CARTESIAN_POINT('',(0.,1.,0.15));
#15237 = CIRCLE('',#15238,0.1);
#15238 = AXIS2_PLACEMENT_3D('',#15239,#15240,#15241);
#15239 = CARTESIAN_POINT('',(0.,0.9,0.15));
#15240 = DIRECTION('',(1.,0.,0.));
#15241 = DIRECTION('',(0.,0.,-1.));
#15242 = ORIENTED_EDGE('',*,*,#15243,.F.);
#15243 = EDGE_CURVE('',#15244,#15235,#15246,.T.);
#15244 = VERTEX_POINT('',#15245);
#15245 = CARTESIAN_POINT('',(0.,1.,-0.15));
#15246 = LINE('',#15247,#15248);
#15247 = CARTESIAN_POINT('',(0.,1.,-0.25));
#15248 = VECTOR('',#15249,1.);
#15249 = DIRECTION('',(0.,0.,1.));
#15250 = ORIENTED_EDGE('',*,*,#15251,.F.);
#15251 = EDGE_CURVE('',#15252,#15244,#15254,.T.);
#15252 = VERTEX_POINT('',#15253);
#15253 = CARTESIAN_POINT('',(0.,0.9,-0.25));
#15254 = CIRCLE('',#15255,0.1);
#15255 = AXIS2_PLACEMENT_3D('',#15256,#15257,#15258);
#15256 = CARTESIAN_POINT('',(0.,0.9,-0.15));
#15257 = DIRECTION('',(1.,0.,0.));
#15258 = DIRECTION('',(0.,0.,-1.));
#15259 = ORIENTED_EDGE('',*,*,#15260,.F.);
#15260 = EDGE_CURVE('',#15261,#15252,#15263,.T.);
#15261 = VERTEX_POINT('',#15262);
#15262 = CARTESIAN_POINT('',(0.,0.8,-0.25));
#15263 = LINE('',#15264,#15265);
#15264 = CARTESIAN_POINT('',(0.,-1.,-0.25));
#15265 = VECTOR('',#15266,1.);
#15266 = DIRECTION('',(0.,1.,0.));
#15267 = ORIENTED_EDGE('',*,*,#15268,.T.);
#15268 = EDGE_CURVE('',#15261,#15164,#15269,.T.);
#15269 = CIRCLE('',#15270,0.1);
#15270 = AXIS2_PLACEMENT_3D('',#15271,#15272,#15273);
#15271 = CARTESIAN_POINT('',(0.,0.8,-0.35));
#15272 = DIRECTION('',(1.,0.,0.));
#15273 = DIRECTION('',(0.,0.,-1.));
#15274 = ORIENTED_EDGE('',*,*,#15161,.F.);
#15275 = ORIENTED_EDGE('',*,*,#15276,.T.);
#15276 = EDGE_CURVE('',#15162,#15106,#15277,.T.);
#15277 = LINE('',#15278,#15279);
#15278 = CARTESIAN_POINT('',(0.,0.7,-0.69));
#15279 = VECTOR('',#15280,1.);
#15280 = DIRECTION('',(0.,-1.,0.));
#15281 = ORIENTED_EDGE('',*,*,#15105,.F.);
#15282 = ORIENTED_EDGE('',*,*,#15283,.T.);
#15283 = EDGE_CURVE('',#15098,#15284,#15286,.T.);
#15284 = VERTEX_POINT('',#15285);
#15285 = CARTESIAN_POINT('',(0.,-0.8,-0.25));
#15286 = CIRCLE('',#15287,0.1);
#15287 = AXIS2_PLACEMENT_3D('',#15288,#15289,#15290);
#15288 = CARTESIAN_POINT('',(0.,-0.8,-0.35));
#15289 = DIRECTION('',(1.,0.,0.));
#15290 = DIRECTION('',(0.,0.,-1.));
#15291 = ORIENTED_EDGE('',*,*,#15292,.F.);
#15292 = EDGE_CURVE('',#15293,#15284,#15295,.T.);
#15293 = VERTEX_POINT('',#15294);
#15294 = CARTESIAN_POINT('',(0.,-0.9,-0.25));
#15295 = LINE('',#15296,#15297);
#15296 = CARTESIAN_POINT('',(0.,-1.,-0.25));
#15297 = VECTOR('',#15298,1.);
#15298 = DIRECTION('',(0.,1.,0.));
#15299 = ORIENTED_EDGE('',*,*,#15300,.F.);
#15300 = EDGE_CURVE('',#15301,#15293,#15303,.T.);
#15301 = VERTEX_POINT('',#15302);
#15302 = CARTESIAN_POINT('',(0.,-1.,-0.15));
#15303 = CIRCLE('',#15304,0.1);
#15304 = AXIS2_PLACEMENT_3D('',#15305,#15306,#15307);
#15305 = CARTESIAN_POINT('',(0.,-0.9,-0.15));
#15306 = DIRECTION('',(1.,0.,0.));
#15307 = DIRECTION('',(0.,0.,-1.));
#15308 = ORIENTED_EDGE('',*,*,#15309,.F.);
#15309 = EDGE_CURVE('',#15310,#15301,#15312,.T.);
#15310 = VERTEX_POINT('',#15311);
#15311 = CARTESIAN_POINT('',(0.,-1.,0.15));
#15312 = LINE('',#15313,#15314);
#15313 = CARTESIAN_POINT('',(0.,-1.,0.25));
#15314 = VECTOR('',#15315,1.);
#15315 = DIRECTION('',(0.,0.,-1.));
#15316 = ORIENTED_EDGE('',*,*,#15317,.F.);
#15317 = EDGE_CURVE('',#15318,#15310,#15320,.T.);
#15318 = VERTEX_POINT('',#15319);
#15319 = CARTESIAN_POINT('',(0.,-0.9,0.25));
#15320 = CIRCLE('',#15321,0.1);
#15321 = AXIS2_PLACEMENT_3D('',#15322,#15323,#15324);
#15322 = CARTESIAN_POINT('',(0.,-0.9,0.15));
#15323 = DIRECTION('',(1.,0.,0.));
#15324 = DIRECTION('',(0.,0.,-1.));
#15325 = ORIENTED_EDGE('',*,*,#15326,.F.);
#15326 = EDGE_CURVE('',#14801,#15318,#15327,.T.);
#15327 = LINE('',#15328,#15329);
#15328 = CARTESIAN_POINT('',(0.,1.,0.25));
#15329 = VECTOR('',#15330,1.);
#15330 = DIRECTION('',(0.,-1.,0.));
#15331 = ORIENTED_EDGE('',*,*,#14800,.T.);
#15332 = ORIENTED_EDGE('',*,*,#15333,.F.);
#15333 = EDGE_CURVE('',#14709,#14792,#15334,.T.);
#15334 = LINE('',#15335,#15336);
#15335 = CARTESIAN_POINT('',(0.,-0.2,0.34));
#15336 = VECTOR('',#15337,1.);
#15337 = DIRECTION('',(0.,-1.,0.));
#15338 = ORIENTED_EDGE('',*,*,#14708,.T.);
#15339 = ORIENTED_EDGE('',*,*,#15041,.F.);
#15340 = ORIENTED_EDGE('',*,*,#14562,.T.);
#15341 = PLANE('',#15342);
#15342 = AXIS2_PLACEMENT_3D('',#15343,#15344,#15345);
#15343 = CARTESIAN_POINT('',(0.,0.,0.));
#15344 = DIRECTION('',(1.,0.,0.));
#15345 = DIRECTION('',(0.,0.,-1.));
#15346 = ADVANCED_FACE('',(#15347),#15363,.F.);
#15347 = FACE_BOUND('',#15348,.T.);
#15348 = EDGE_LOOP('',(#15349,#15350,#15356,#15357));
#15349 = ORIENTED_EDGE('',*,*,#14917,.F.);
#15350 = ORIENTED_EDGE('',*,*,#15351,.T.);
#15351 = EDGE_CURVE('',#14909,#15293,#15352,.T.);
#15352 = LINE('',#15353,#15354);
#15353 = CARTESIAN_POINT('',(0.15,-0.9,-0.25));
#15354 = VECTOR('',#15355,1.);
#15355 = DIRECTION('',(-1.,0.,0.));
#15356 = ORIENTED_EDGE('',*,*,#15292,.T.);
#15357 = ORIENTED_EDGE('',*,*,#15358,.T.);
#15358 = EDGE_CURVE('',#15284,#14918,#15359,.T.);
#15359 = LINE('',#15360,#15361);
#15360 = CARTESIAN_POINT('',(0.15,-0.8,-0.25));
#15361 = VECTOR('',#15362,1.);
#15362 = DIRECTION('',(1.,0.,0.));
#15363 = PLANE('',#15364);
#15364 = AXIS2_PLACEMENT_3D('',#15365,#15366,#15367);
#15365 = CARTESIAN_POINT('',(0.15,-1.,-0.25));
#15366 = DIRECTION('',(0.,0.,1.));
#15367 = DIRECTION('',(1.,0.,-0.));
#15368 = ADVANCED_FACE('',(#15369),#15385,.F.);
#15369 = FACE_BOUND('',#15370,.T.);
#15370 = EDGE_LOOP('',(#15371,#15372,#15378,#15379));
#15371 = ORIENTED_EDGE('',*,*,#14900,.F.);
#15372 = ORIENTED_EDGE('',*,*,#15373,.T.);
#15373 = EDGE_CURVE('',#14892,#15310,#15374,.T.);
#15374 = LINE('',#15375,#15376);
#15375 = CARTESIAN_POINT('',(0.15,-1.,0.15));
#15376 = VECTOR('',#15377,1.);
#15377 = DIRECTION('',(-1.,0.,0.));
#15378 = ORIENTED_EDGE('',*,*,#15309,.T.);
#15379 = ORIENTED_EDGE('',*,*,#15380,.F.);
#15380 = EDGE_CURVE('',#14901,#15301,#15381,.T.);
#15381 = LINE('',#15382,#15383);
#15382 = CARTESIAN_POINT('',(0.15,-1.,-0.15));
#15383 = VECTOR('',#15384,1.);
#15384 = DIRECTION('',(-1.,0.,0.));
#15385 = PLANE('',#15386);
#15386 = AXIS2_PLACEMENT_3D('',#15387,#15388,#15389);
#15387 = CARTESIAN_POINT('',(0.15,-1.,0.25));
#15388 = DIRECTION('',(0.,1.,0.));
#15389 = DIRECTION('',(0.,-0.,1.));
#15390 = ADVANCED_FACE('',(#15391),#15407,.F.);
#15391 = FACE_BOUND('',#15392,.T.);
#15392 = EDGE_LOOP('',(#15393,#15394,#15400,#15401));
#15393 = ORIENTED_EDGE('',*,*,#15260,.T.);
#15394 = ORIENTED_EDGE('',*,*,#15395,.F.);
#15395 = EDGE_CURVE('',#14968,#15252,#15396,.T.);
#15396 = LINE('',#15397,#15398);
#15397 = CARTESIAN_POINT('',(0.15,0.9,-0.25));
#15398 = VECTOR('',#15399,1.);
#15399 = DIRECTION('',(-1.,0.,0.));
#15400 = ORIENTED_EDGE('',*,*,#14967,.F.);
#15401 = ORIENTED_EDGE('',*,*,#15402,.F.);
#15402 = EDGE_CURVE('',#15261,#14959,#15403,.T.);
#15403 = LINE('',#15404,#15405);
#15404 = CARTESIAN_POINT('',(0.15,0.8,-0.25));
#15405 = VECTOR('',#15406,1.);
#15406 = DIRECTION('',(1.,0.,0.));
#15407 = PLANE('',#15408);
#15408 = AXIS2_PLACEMENT_3D('',#15409,#15410,#15411);
#15409 = CARTESIAN_POINT('',(0.15,-1.,-0.25));
#15410 = DIRECTION('',(0.,0.,1.));
#15411 = DIRECTION('',(1.,0.,-0.));
#15412 = ADVANCED_FACE('',(#15413),#15429,.F.);
#15413 = FACE_BOUND('',#15414,.T.);
#15414 = EDGE_LOOP('',(#15415,#15416,#15422,#15423));
#15415 = ORIENTED_EDGE('',*,*,#15243,.T.);
#15416 = ORIENTED_EDGE('',*,*,#15417,.F.);
#15417 = EDGE_CURVE('',#14985,#15235,#15418,.T.);
#15418 = LINE('',#15419,#15420);
#15419 = CARTESIAN_POINT('',(0.15,1.,0.15));
#15420 = VECTOR('',#15421,1.);
#15421 = DIRECTION('',(-1.,0.,0.));
#15422 = ORIENTED_EDGE('',*,*,#14984,.F.);
#15423 = ORIENTED_EDGE('',*,*,#15424,.T.);
#15424 = EDGE_CURVE('',#14976,#15244,#15425,.T.);
#15425 = LINE('',#15426,#15427);
#15426 = CARTESIAN_POINT('',(0.15,1.,-0.15));
#15427 = VECTOR('',#15428,1.);
#15428 = DIRECTION('',(-1.,0.,0.));
#15429 = PLANE('',#15430);
#15430 = AXIS2_PLACEMENT_3D('',#15431,#15432,#15433);
#15431 = CARTESIAN_POINT('',(0.15,1.,-0.25));
#15432 = DIRECTION('',(0.,-1.,0.));
#15433 = DIRECTION('',(0.,0.,-1.));
#15434 = ADVANCED_FACE('',(#15435),#15446,.F.);
#15435 = FACE_BOUND('',#15436,.T.);
#15436 = EDGE_LOOP('',(#15437,#15438,#15439,#15440));
#15437 = ORIENTED_EDGE('',*,*,#14883,.F.);
#15438 = ORIENTED_EDGE('',*,*,#14808,.F.);
#15439 = ORIENTED_EDGE('',*,*,#15326,.T.);
#15440 = ORIENTED_EDGE('',*,*,#15441,.F.);
#15441 = EDGE_CURVE('',#14884,#15318,#15442,.T.);
#15442 = LINE('',#15443,#15444);
#15443 = CARTESIAN_POINT('',(0.15,-0.9,0.25));
#15444 = VECTOR('',#15445,1.);
#15445 = DIRECTION('',(-1.,0.,0.));
#15446 = PLANE('',#15447);
#15447 = AXIS2_PLACEMENT_3D('',#15448,#15449,#15450);
#15448 = CARTESIAN_POINT('',(0.15,1.,0.25));
#15449 = DIRECTION('',(0.,0.,-1.));
#15450 = DIRECTION('',(-1.,0.,0.));
#15451 = ADVANCED_FACE('',(#15452),#15512,.T.);
#15452 = FACE_BOUND('',#15453,.T.);
#15453 = EDGE_LOOP('',(#15454,#15465,#15474,#15482,#15489,#15490,#15496,
    #15497,#15504,#15505));
#15454 = ORIENTED_EDGE('',*,*,#15455,.F.);
#15455 = EDGE_CURVE('',#15456,#15458,#15460,.T.);
#15456 = VERTEX_POINT('',#15457);
#15457 = CARTESIAN_POINT('',(0.914285714286,-0.247435829653,-0.85));
#15458 = VERTEX_POINT('',#15459);
#15459 = CARTESIAN_POINT('',(0.914285714286,0.247435829653,-0.85));
#15460 = CIRCLE('',#15461,0.25);
#15461 = AXIS2_PLACEMENT_3D('',#15462,#15463,#15464);
#15462 = CARTESIAN_POINT('',(0.95,-6.033334262001E-17,-0.85));
#15463 = DIRECTION('',(6.123233995737E-17,0.,-1.));
#15464 = DIRECTION('',(-1.,0.,-6.123233995737E-17));
#15465 = ORIENTED_EDGE('',*,*,#15466,.T.);
#15466 = EDGE_CURVE('',#15456,#15467,#15469,.T.);
#15467 = VERTEX_POINT('',#15468);
#15468 = CARTESIAN_POINT('',(1.,-0.346410161514,-0.85));
#15469 = CIRCLE('',#15470,0.1);
#15470 = AXIS2_PLACEMENT_3D('',#15471,#15472,#15473);
#15471 = CARTESIAN_POINT('',(0.9,-0.346410161514,-0.85));
#15472 = DIRECTION('',(6.123233995737E-17,0.,-1.));
#15473 = DIRECTION('',(-1.,0.,-6.123233995737E-17));
#15474 = ORIENTED_EDGE('',*,*,#15475,.T.);
#15475 = EDGE_CURVE('',#15467,#15476,#15478,.T.);
#15476 = VERTEX_POINT('',#15477);
#15477 = CARTESIAN_POINT('',(1.,-0.6,-0.85));
#15478 = LINE('',#15479,#15480);
#15479 = CARTESIAN_POINT('',(1.,0.7,-0.85));
#15480 = VECTOR('',#15481,1.);
#15481 = DIRECTION('',(0.,-1.,0.));
#15482 = ORIENTED_EDGE('',*,*,#15483,.T.);
#15483 = EDGE_CURVE('',#15476,#15123,#15484,.T.);
#15484 = CIRCLE('',#15485,0.1);
#15485 = AXIS2_PLACEMENT_3D('',#15486,#15487,#15488);
#15486 = CARTESIAN_POINT('',(0.9,-0.6,-0.85));
#15487 = DIRECTION('',(6.123233995737E-17,0.,-1.));
#15488 = DIRECTION('',(-1.,0.,-6.123233995737E-17));
#15489 = ORIENTED_EDGE('',*,*,#15122,.T.);
#15490 = ORIENTED_EDGE('',*,*,#15491,.T.);
#15491 = EDGE_CURVE('',#15114,#15204,#15492,.T.);
#15492 = LINE('',#15493,#15494);
#15493 = CARTESIAN_POINT('',(0.16,-0.7,-0.85));
#15494 = VECTOR('',#15495,1.);
#15495 = DIRECTION('',(0.,1.,0.));
#15496 = ORIENTED_EDGE('',*,*,#15203,.T.);
#15497 = ORIENTED_EDGE('',*,*,#15498,.T.);
#15498 = EDGE_CURVE('',#15196,#15075,#15499,.T.);
#15499 = CIRCLE('',#15500,0.1);
#15500 = AXIS2_PLACEMENT_3D('',#15501,#15502,#15503);
#15501 = CARTESIAN_POINT('',(0.9,0.6,-0.85));
#15502 = DIRECTION('',(6.123233995737E-17,0.,-1.));
#15503 = DIRECTION('',(-1.,0.,-6.123233995737E-17));
#15504 = ORIENTED_EDGE('',*,*,#15074,.T.);
#15505 = ORIENTED_EDGE('',*,*,#15506,.T.);
#15506 = EDGE_CURVE('',#15067,#15458,#15507,.T.);
#15507 = CIRCLE('',#15508,0.1);
#15508 = AXIS2_PLACEMENT_3D('',#15509,#15510,#15511);
#15509 = CARTESIAN_POINT('',(0.9,0.346410161514,-0.85));
#15510 = DIRECTION('',(6.123233995737E-17,0.,-1.));
#15511 = DIRECTION('',(-1.,0.,-6.123233995737E-17));
#15512 = PLANE('',#15513);
#15513 = AXIS2_PLACEMENT_3D('',#15514,#15515,#15516);
#15514 = CARTESIAN_POINT('',(4.286263797016E-17,0.,-0.85));
#15515 = DIRECTION('',(6.123233995737E-17,0.,-1.));
#15516 = DIRECTION('',(-1.,0.,-6.123233995737E-17));
#15517 = ADVANCED_FACE('',(#15518),#15578,.F.);
#15518 = FACE_BOUND('',#15519,.T.);
#15519 = EDGE_LOOP('',(#15520,#15530,#15539,#15548,#15555,#15556,#15563,
    #15564,#15570,#15571));
#15520 = ORIENTED_EDGE('',*,*,#15521,.F.);
#15521 = EDGE_CURVE('',#15522,#15524,#15526,.T.);
#15522 = VERTEX_POINT('',#15523);
#15523 = CARTESIAN_POINT('',(1.,-0.346410161514,-0.7));
#15524 = VERTEX_POINT('',#15525);
#15525 = CARTESIAN_POINT('',(1.,-0.6,-0.7));
#15526 = LINE('',#15527,#15528);
#15527 = CARTESIAN_POINT('',(1.,0.7,-0.7));
#15528 = VECTOR('',#15529,1.);
#15529 = DIRECTION('',(0.,-1.,0.));
#15530 = ORIENTED_EDGE('',*,*,#15531,.F.);
#15531 = EDGE_CURVE('',#15532,#15522,#15534,.T.);
#15532 = VERTEX_POINT('',#15533);
#15533 = CARTESIAN_POINT('',(0.914285714286,-0.247435829653,-0.7));
#15534 = CIRCLE('',#15535,0.1);
#15535 = AXIS2_PLACEMENT_3D('',#15536,#15537,#15538);
#15536 = CARTESIAN_POINT('',(0.9,-0.346410161514,-0.7));
#15537 = DIRECTION('',(6.123233995737E-17,0.,-1.));
#15538 = DIRECTION('',(-1.,0.,-6.123233995737E-17));
#15539 = ORIENTED_EDGE('',*,*,#15540,.F.);
#15540 = EDGE_CURVE('',#15541,#15532,#15543,.T.);
#15541 = VERTEX_POINT('',#15542);
#15542 = CARTESIAN_POINT('',(0.914285714286,0.247435829653,-0.7));
#15543 = CIRCLE('',#15544,0.25);
#15544 = AXIS2_PLACEMENT_3D('',#15545,#15546,#15547);
#15545 = CARTESIAN_POINT('',(0.95,-6.033334262001E-17,-0.7));
#15546 = DIRECTION('',(-6.123233995737E-17,0.,1.));
#15547 = DIRECTION('',(0.,1.,0.));
#15548 = ORIENTED_EDGE('',*,*,#15549,.F.);
#15549 = EDGE_CURVE('',#15059,#15541,#15550,.T.);
#15550 = CIRCLE('',#15551,0.1);
#15551 = AXIS2_PLACEMENT_3D('',#15552,#15553,#15554);
#15552 = CARTESIAN_POINT('',(0.9,0.346410161514,-0.7));
#15553 = DIRECTION('',(6.123233995737E-17,0.,-1.));
#15554 = DIRECTION('',(-1.,0.,-6.123233995737E-17));
#15555 = ORIENTED_EDGE('',*,*,#15056,.F.);
#15556 = ORIENTED_EDGE('',*,*,#15557,.F.);
#15557 = EDGE_CURVE('',#15188,#15057,#15558,.T.);
#15558 = CIRCLE('',#15559,0.1);
#15559 = AXIS2_PLACEMENT_3D('',#15560,#15561,#15562);
#15560 = CARTESIAN_POINT('',(0.9,0.6,-0.7));
#15561 = DIRECTION('',(6.123233995737E-17,0.,-1.));
#15562 = DIRECTION('',(-1.,0.,-6.123233995737E-17));
#15563 = ORIENTED_EDGE('',*,*,#15187,.F.);
#15564 = ORIENTED_EDGE('',*,*,#15565,.F.);
#15565 = EDGE_CURVE('',#15139,#15179,#15566,.T.);
#15566 = LINE('',#15567,#15568);
#15567 = CARTESIAN_POINT('',(0.16,-0.7,-0.7));
#15568 = VECTOR('',#15569,1.);
#15569 = DIRECTION('',(0.,1.,0.));
#15570 = ORIENTED_EDGE('',*,*,#15138,.F.);
#15571 = ORIENTED_EDGE('',*,*,#15572,.F.);
#15572 = EDGE_CURVE('',#15524,#15131,#15573,.T.);
#15573 = CIRCLE('',#15574,0.1);
#15574 = AXIS2_PLACEMENT_3D('',#15575,#15576,#15577);
#15575 = CARTESIAN_POINT('',(0.9,-0.6,-0.7));
#15576 = DIRECTION('',(6.123233995737E-17,0.,-1.));
#15577 = DIRECTION('',(-1.,0.,-6.123233995737E-17));
#15578 = PLANE('',#15579);
#15579 = AXIS2_PLACEMENT_3D('',#15580,#15581,#15582);
#15580 = CARTESIAN_POINT('',(4.286263797016E-17,0.,-0.7));
#15581 = DIRECTION('',(6.123233995737E-17,0.,-1.));
#15582 = DIRECTION('',(-1.,0.,-6.123233995737E-17));
#15583 = ADVANCED_FACE('',(#15584),#15600,.F.);
#15584 = FACE_BOUND('',#15585,.T.);
#15585 = EDGE_LOOP('',(#15586,#15587,#15593,#15594));
#15586 = ORIENTED_EDGE('',*,*,#15475,.F.);
#15587 = ORIENTED_EDGE('',*,*,#15588,.T.);
#15588 = EDGE_CURVE('',#15467,#15522,#15589,.T.);
#15589 = LINE('',#15590,#15591);
#15590 = CARTESIAN_POINT('',(1.,-0.346410161514,-0.85));
#15591 = VECTOR('',#15592,1.);
#15592 = DIRECTION('',(0.,0.,1.));
#15593 = ORIENTED_EDGE('',*,*,#15521,.T.);
#15594 = ORIENTED_EDGE('',*,*,#15595,.F.);
#15595 = EDGE_CURVE('',#15476,#15524,#15596,.T.);
#15596 = LINE('',#15597,#15598);
#15597 = CARTESIAN_POINT('',(1.,-0.6,-0.85));
#15598 = VECTOR('',#15599,1.);
#15599 = DIRECTION('',(0.,-2.409338161079E-16,1.));
#15600 = PLANE('',#15601);
#15601 = AXIS2_PLACEMENT_3D('',#15602,#15603,#15604);
#15602 = CARTESIAN_POINT('',(1.,0.7,-0.85));
#15603 = DIRECTION('',(-1.,0.,0.));
#15604 = DIRECTION('',(0.,0.,1.));
#15605 = ADVANCED_FACE('',(#15606),#15612,.T.);
#15606 = FACE_BOUND('',#15607,.T.);
#15607 = EDGE_LOOP('',(#15608,#15609,#15610,#15611));
#15608 = ORIENTED_EDGE('',*,*,#15113,.F.);
#15609 = ORIENTED_EDGE('',*,*,#15276,.F.);
#15610 = ORIENTED_EDGE('',*,*,#15211,.F.);
#15611 = ORIENTED_EDGE('',*,*,#15491,.F.);
#15612 = CYLINDRICAL_SURFACE('',#15613,0.16);
#15613 = AXIS2_PLACEMENT_3D('',#15614,#15615,#15616);
#15614 = CARTESIAN_POINT('',(0.16,0.7,-0.69));
#15615 = DIRECTION('',(0.,-1.,0.));
#15616 = DIRECTION('',(1.,0.,0.));
#15617 = ADVANCED_FACE('',(#15618),#15624,.F.);
#15618 = FACE_BOUND('',#15619,.F.);
#15619 = EDGE_LOOP('',(#15620,#15621,#15622,#15623));
#15620 = ORIENTED_EDGE('',*,*,#14942,.F.);
#15621 = ORIENTED_EDGE('',*,*,#15178,.T.);
#15622 = ORIENTED_EDGE('',*,*,#15565,.F.);
#15623 = ORIENTED_EDGE('',*,*,#15146,.F.);
#15624 = CYLINDRICAL_SURFACE('',#15625,1.E-02);
#15625 = AXIS2_PLACEMENT_3D('',#15626,#15627,#15628);
#15626 = CARTESIAN_POINT('',(0.16,0.7,-0.69));
#15627 = DIRECTION('',(0.,-1.,0.));
#15628 = DIRECTION('',(1.,0.,0.));
#15629 = ADVANCED_FACE('',(#15630),#15646,.F.);
#15630 = FACE_BOUND('',#15631,.F.);
#15631 = EDGE_LOOP('',(#15632,#15638,#15639,#15645));
#15632 = ORIENTED_EDGE('',*,*,#15633,.F.);
#15633 = EDGE_CURVE('',#15458,#15541,#15634,.T.);
#15634 = LINE('',#15635,#15636);
#15635 = CARTESIAN_POINT('',(0.914285714286,0.247435829653,
    -3.191987158875));
#15636 = VECTOR('',#15637,1.);
#15637 = DIRECTION('',(-6.123233995737E-17,0.,1.));
#15638 = ORIENTED_EDGE('',*,*,#15455,.F.);
#15639 = ORIENTED_EDGE('',*,*,#15640,.T.);
#15640 = EDGE_CURVE('',#15456,#15532,#15641,.T.);
#15641 = LINE('',#15642,#15643);
#15642 = CARTESIAN_POINT('',(0.914285714286,-0.247435829653,
    -3.191987158875));
#15643 = VECTOR('',#15644,1.);
#15644 = DIRECTION('',(-6.123233995737E-17,0.,1.));
#15645 = ORIENTED_EDGE('',*,*,#15540,.F.);
#15646 = CYLINDRICAL_SURFACE('',#15647,0.25);
#15647 = AXIS2_PLACEMENT_3D('',#15648,#15649,#15650);
#15648 = CARTESIAN_POINT('',(0.95,-6.033334262001E-17,-3.191987158875));
#15649 = DIRECTION('',(-6.123233995737E-17,0.,1.));
#15650 = DIRECTION('',(1.,0.,6.123233995737E-17));
#15651 = ADVANCED_FACE('',(#15652),#15658,.T.);
#15652 = FACE_BOUND('',#15653,.T.);
#15653 = EDGE_LOOP('',(#15654,#15655,#15656,#15657));
#15654 = ORIENTED_EDGE('',*,*,#14992,.F.);
#15655 = ORIENTED_EDGE('',*,*,#15417,.T.);
#15656 = ORIENTED_EDGE('',*,*,#15234,.T.);
#15657 = ORIENTED_EDGE('',*,*,#15017,.F.);
#15658 = CYLINDRICAL_SURFACE('',#15659,0.1);
#15659 = AXIS2_PLACEMENT_3D('',#15660,#15661,#15662);
#15660 = CARTESIAN_POINT('',(0.15,0.9,0.15));
#15661 = DIRECTION('',(-1.,0.,0.));
#15662 = DIRECTION('',(0.,0.,1.));
#15663 = ADVANCED_FACE('',(#15664),#15670,.T.);
#15664 = FACE_BOUND('',#15665,.T.);
#15665 = EDGE_LOOP('',(#15666,#15667,#15668,#15669));
#15666 = ORIENTED_EDGE('',*,*,#14975,.F.);
#15667 = ORIENTED_EDGE('',*,*,#15395,.T.);
#15668 = ORIENTED_EDGE('',*,*,#15251,.T.);
#15669 = ORIENTED_EDGE('',*,*,#15424,.F.);
#15670 = CYLINDRICAL_SURFACE('',#15671,0.1);
#15671 = AXIS2_PLACEMENT_3D('',#15672,#15673,#15674);
#15672 = CARTESIAN_POINT('',(0.15,0.9,-0.15));
#15673 = DIRECTION('',(-1.,0.,0.));
#15674 = DIRECTION('',(0.,0.,1.));
#15675 = ADVANCED_FACE('',(#15676),#15682,.T.);
#15676 = FACE_BOUND('',#15677,.T.);
#15677 = EDGE_LOOP('',(#15678,#15679,#15680,#15681));
#15678 = ORIENTED_EDGE('',*,*,#14891,.F.);
#15679 = ORIENTED_EDGE('',*,*,#15441,.T.);
#15680 = ORIENTED_EDGE('',*,*,#15317,.T.);
#15681 = ORIENTED_EDGE('',*,*,#15373,.F.);
#15682 = CYLINDRICAL_SURFACE('',#15683,0.1);
#15683 = AXIS2_PLACEMENT_3D('',#15684,#15685,#15686);
#15684 = CARTESIAN_POINT('',(0.15,-0.9,0.15));
#15685 = DIRECTION('',(-1.,0.,0.));
#15686 = DIRECTION('',(0.,0.,1.));
#15687 = ADVANCED_FACE('',(#15688),#15694,.T.);
#15688 = FACE_BOUND('',#15689,.T.);
#15689 = EDGE_LOOP('',(#15690,#15691,#15692,#15693));
#15690 = ORIENTED_EDGE('',*,*,#14908,.F.);
#15691 = ORIENTED_EDGE('',*,*,#15380,.T.);
#15692 = ORIENTED_EDGE('',*,*,#15300,.T.);
#15693 = ORIENTED_EDGE('',*,*,#15351,.F.);
#15694 = CYLINDRICAL_SURFACE('',#15695,0.1);
#15695 = AXIS2_PLACEMENT_3D('',#15696,#15697,#15698);
#15696 = CARTESIAN_POINT('',(0.15,-0.9,-0.15));
#15697 = DIRECTION('',(-1.,0.,0.));
#15698 = DIRECTION('',(0.,0.,1.));
#15699 = ADVANCED_FACE('',(#15700),#15706,.F.);
#15700 = FACE_BOUND('',#15701,.F.);
#15701 = EDGE_LOOP('',(#15702,#15703,#15704,#15705));
#15702 = ORIENTED_EDGE('',*,*,#15358,.T.);
#15703 = ORIENTED_EDGE('',*,*,#14925,.F.);
#15704 = ORIENTED_EDGE('',*,*,#15097,.F.);
#15705 = ORIENTED_EDGE('',*,*,#15283,.T.);
#15706 = CYLINDRICAL_SURFACE('',#15707,0.1);
#15707 = AXIS2_PLACEMENT_3D('',#15708,#15709,#15710);
#15708 = CARTESIAN_POINT('',(0.15,-0.8,-0.35));
#15709 = DIRECTION('',(1.,0.,0.));
#15710 = DIRECTION('',(0.,0.,-1.));
#15711 = ADVANCED_FACE('',(#15712),#15718,.F.);
#15712 = FACE_BOUND('',#15713,.F.);
#15713 = EDGE_LOOP('',(#15714,#15715,#15716,#15717));
#15714 = ORIENTED_EDGE('',*,*,#15171,.T.);
#15715 = ORIENTED_EDGE('',*,*,#14958,.F.);
#15716 = ORIENTED_EDGE('',*,*,#15402,.F.);
#15717 = ORIENTED_EDGE('',*,*,#15268,.T.);
#15718 = CYLINDRICAL_SURFACE('',#15719,0.1);
#15719 = AXIS2_PLACEMENT_3D('',#15720,#15721,#15722);
#15720 = CARTESIAN_POINT('',(0.,0.8,-0.35));
#15721 = DIRECTION('',(1.,0.,0.));
#15722 = DIRECTION('',(0.,0.,-1.));
#15723 = ADVANCED_FACE('',(#15724),#15730,.T.);
#15724 = FACE_BOUND('',#15725,.T.);
#15725 = EDGE_LOOP('',(#15726,#15727,#15728,#15729));
#15726 = ORIENTED_EDGE('',*,*,#15466,.F.);
#15727 = ORIENTED_EDGE('',*,*,#15640,.T.);
#15728 = ORIENTED_EDGE('',*,*,#15531,.T.);
#15729 = ORIENTED_EDGE('',*,*,#15588,.F.);
#15730 = CYLINDRICAL_SURFACE('',#15731,0.1);
#15731 = AXIS2_PLACEMENT_3D('',#15732,#15733,#15734);
#15732 = CARTESIAN_POINT('',(0.9,-0.346410161514,-3.191987158875));
#15733 = DIRECTION('',(-6.123233995737E-17,0.,1.));
#15734 = DIRECTION('',(1.,0.,6.123233995737E-17));
#15735 = ADVANCED_FACE('',(#15736),#15742,.T.);
#15736 = FACE_BOUND('',#15737,.T.);
#15737 = EDGE_LOOP('',(#15738,#15739,#15740,#15741));
#15738 = ORIENTED_EDGE('',*,*,#15549,.T.);
#15739 = ORIENTED_EDGE('',*,*,#15633,.F.);
#15740 = ORIENTED_EDGE('',*,*,#15506,.F.);
#15741 = ORIENTED_EDGE('',*,*,#15066,.T.);
#15742 = CYLINDRICAL_SURFACE('',#15743,0.1);
#15743 = AXIS2_PLACEMENT_3D('',#15744,#15745,#15746);
#15744 = CARTESIAN_POINT('',(0.9,0.346410161514,-3.191987158875));
#15745 = DIRECTION('',(-6.123233995737E-17,0.,1.));
#15746 = DIRECTION('',(1.,0.,6.123233995737E-17));
#15747 = ADVANCED_FACE('',(#15748),#15754,.T.);
#15748 = FACE_BOUND('',#15749,.T.);
#15749 = EDGE_LOOP('',(#15750,#15751,#15752,#15753));
#15750 = ORIENTED_EDGE('',*,*,#15498,.F.);
#15751 = ORIENTED_EDGE('',*,*,#15195,.T.);
#15752 = ORIENTED_EDGE('',*,*,#15557,.T.);
#15753 = ORIENTED_EDGE('',*,*,#15082,.F.);
#15754 = CYLINDRICAL_SURFACE('',#15755,0.1);
#15755 = AXIS2_PLACEMENT_3D('',#15756,#15757,#15758);
#15756 = CARTESIAN_POINT('',(0.9,0.6,-0.85));
#15757 = DIRECTION('',(0.,-2.409338161079E-16,-1.));
#15758 = DIRECTION('',(0.,1.,-2.409338161079E-16));
#15759 = ADVANCED_FACE('',(#15760),#15766,.T.);
#15760 = FACE_BOUND('',#15761,.T.);
#15761 = EDGE_LOOP('',(#15762,#15763,#15764,#15765));
#15762 = ORIENTED_EDGE('',*,*,#15483,.F.);
#15763 = ORIENTED_EDGE('',*,*,#15595,.T.);
#15764 = ORIENTED_EDGE('',*,*,#15572,.T.);
#15765 = ORIENTED_EDGE('',*,*,#15130,.F.);
#15766 = CYLINDRICAL_SURFACE('',#15767,0.1);
#15767 = AXIS2_PLACEMENT_3D('',#15768,#15769,#15770);
#15768 = CARTESIAN_POINT('',(0.9,-0.6,-0.25));
#15769 = DIRECTION('',(0.,2.409338161079E-16,-1.));
#15770 = DIRECTION('',(0.,1.,2.409338161079E-16));
#15771 = ADVANCED_FACE('',(#15772),#15788,.F.);
#15772 = FACE_BOUND('',#15773,.T.);
#15773 = EDGE_LOOP('',(#15774,#15780,#15781,#15787));
#15774 = ORIENTED_EDGE('',*,*,#15775,.F.);
#15775 = EDGE_CURVE('',#14626,#14775,#15776,.T.);
#15776 = LINE('',#15777,#15778);
#15777 = CARTESIAN_POINT('',(-0.49,-0.2,0.35));
#15778 = VECTOR('',#15779,1.);
#15779 = DIRECTION('',(0.,-1.,0.));
#15780 = ORIENTED_EDGE('',*,*,#14623,.F.);
#15781 = ORIENTED_EDGE('',*,*,#15782,.F.);
#15782 = EDGE_CURVE('',#14784,#14624,#15783,.T.);
#15783 = LINE('',#15784,#15785);
#15784 = CARTESIAN_POINT('',(-1.E-02,-0.55,0.35));
#15785 = VECTOR('',#15786,1.);
#15786 = DIRECTION('',(0.,1.,0.));
#15787 = ORIENTED_EDGE('',*,*,#14783,.F.);
#15788 = PLANE('',#15789);
#15789 = AXIS2_PLACEMENT_3D('',#15790,#15791,#15792);
#15790 = CARTESIAN_POINT('',(-2.143131898508E-17,0.,0.35));
#15791 = DIRECTION('',(-6.123233995737E-17,0.,1.));
#15792 = DIRECTION('',(1.,0.,6.123233995737E-17));
#15793 = ADVANCED_FACE('',(#15794),#15800,.T.);
#15794 = FACE_BOUND('',#15795,.T.);
#15795 = EDGE_LOOP('',(#15796,#15797,#15798,#15799));
#15796 = ORIENTED_EDGE('',*,*,#14824,.F.);
#15797 = ORIENTED_EDGE('',*,*,#14876,.F.);
#15798 = ORIENTED_EDGE('',*,*,#14683,.F.);
#15799 = ORIENTED_EDGE('',*,*,#14847,.F.);
#15800 = CYLINDRICAL_SURFACE('',#15801,0.16);
#15801 = AXIS2_PLACEMENT_3D('',#15802,#15803,#15804);
#15802 = CARTESIAN_POINT('',(-1.E-02,-0.2,0.34));
#15803 = DIRECTION('',(0.,-1.,0.));
#15804 = DIRECTION('',(-1.,0.,0.));
#15805 = ADVANCED_FACE('',(#15806),#15812,.F.);
#15806 = FACE_BOUND('',#15807,.F.);
#15807 = EDGE_LOOP('',(#15808,#15809,#15810,#15811));
#15808 = ORIENTED_EDGE('',*,*,#15333,.F.);
#15809 = ORIENTED_EDGE('',*,*,#14716,.T.);
#15810 = ORIENTED_EDGE('',*,*,#15782,.F.);
#15811 = ORIENTED_EDGE('',*,*,#14791,.F.);
#15812 = CYLINDRICAL_SURFACE('',#15813,1.E-02);
#15813 = AXIS2_PLACEMENT_3D('',#15814,#15815,#15816);
#15814 = CARTESIAN_POINT('',(-1.E-02,-0.2,0.34));
#15815 = DIRECTION('',(0.,-1.,0.));
#15816 = DIRECTION('',(-1.,0.,0.));
#15817 = ADVANCED_FACE('',(#15818),#15834,.F.);
#15818 = FACE_BOUND('',#15819,.T.);
#15819 = EDGE_LOOP('',(#15820,#15826,#15827,#15833));
#15820 = ORIENTED_EDGE('',*,*,#15821,.F.);
#15821 = EDGE_CURVE('',#14388,#14537,#15822,.T.);
#15822 = LINE('',#15823,#15824);
#15823 = CARTESIAN_POINT('',(-0.49,0.55,0.35));
#15824 = VECTOR('',#15825,1.);
#15825 = DIRECTION('',(0.,-1.,0.));
#15826 = ORIENTED_EDGE('',*,*,#14385,.F.);
#15827 = ORIENTED_EDGE('',*,*,#15828,.F.);
#15828 = EDGE_CURVE('',#14546,#14386,#15829,.T.);
#15829 = LINE('',#15830,#15831);
#15830 = CARTESIAN_POINT('',(-1.E-02,0.2,0.35));
#15831 = VECTOR('',#15832,1.);
#15832 = DIRECTION('',(0.,1.,0.));
#15833 = ORIENTED_EDGE('',*,*,#14545,.F.);
#15834 = PLANE('',#15835);
#15835 = AXIS2_PLACEMENT_3D('',#15836,#15837,#15838);
#15836 = CARTESIAN_POINT('',(-2.143131898508E-17,0.,0.35));
#15837 = DIRECTION('',(-6.123233995737E-17,0.,1.));
#15838 = DIRECTION('',(1.,0.,6.123233995737E-17));
#15839 = ADVANCED_FACE('',(#15840),#15846,.T.);
#15840 = FACE_BOUND('',#15841,.T.);
#15841 = EDGE_LOOP('',(#15842,#15843,#15844,#15845));
#15842 = ORIENTED_EDGE('',*,*,#14586,.F.);
#15843 = ORIENTED_EDGE('',*,*,#14862,.F.);
#15844 = ORIENTED_EDGE('',*,*,#14445,.F.);
#15845 = ORIENTED_EDGE('',*,*,#14609,.F.);
#15846 = CYLINDRICAL_SURFACE('',#15847,0.16);
#15847 = AXIS2_PLACEMENT_3D('',#15848,#15849,#15850);
#15848 = CARTESIAN_POINT('',(-1.E-02,0.55,0.34));
#15849 = DIRECTION('',(0.,-1.,0.));
#15850 = DIRECTION('',(-1.,0.,0.));
#15851 = ADVANCED_FACE('',(#15852),#15858,.F.);
#15852 = FACE_BOUND('',#15853,.F.);
#15853 = EDGE_LOOP('',(#15854,#15855,#15856,#15857));
#15854 = ORIENTED_EDGE('',*,*,#15226,.F.);
#15855 = ORIENTED_EDGE('',*,*,#14478,.T.);
#15856 = ORIENTED_EDGE('',*,*,#15828,.F.);
#15857 = ORIENTED_EDGE('',*,*,#14553,.F.);
#15858 = CYLINDRICAL_SURFACE('',#15859,1.E-02);
#15859 = AXIS2_PLACEMENT_3D('',#15860,#15861,#15862);
#15860 = CARTESIAN_POINT('',(-1.E-02,0.55,0.34));
#15861 = DIRECTION('',(0.,-1.,0.));
#15862 = DIRECTION('',(-1.,0.,0.));
#15863 = ADVANCED_FACE('',(#15864),#15880,.T.);
#15864 = FACE_BOUND('',#15865,.T.);
#15865 = EDGE_LOOP('',(#15866,#15867,#15873,#15874));
#15866 = ORIENTED_EDGE('',*,*,#14750,.T.);
#15867 = ORIENTED_EDGE('',*,*,#15868,.T.);
#15868 = EDGE_CURVE('',#14742,#14659,#15869,.T.);
#15869 = LINE('',#15870,#15871);
#15870 = CARTESIAN_POINT('',(-0.65,-0.55,0.34));
#15871 = VECTOR('',#15872,1.);
#15872 = DIRECTION('',(0.,1.,0.));
#15873 = ORIENTED_EDGE('',*,*,#14658,.T.);
#15874 = ORIENTED_EDGE('',*,*,#15875,.T.);
#15875 = EDGE_CURVE('',#14651,#14751,#15876,.T.);
#15876 = LINE('',#15877,#15878);
#15877 = CARTESIAN_POINT('',(-0.65,-0.2,0.25));
#15878 = VECTOR('',#15879,1.);
#15879 = DIRECTION('',(0.,-1.,0.));
#15880 = PLANE('',#15881);
#15881 = AXIS2_PLACEMENT_3D('',#15882,#15883,#15884);
#15882 = CARTESIAN_POINT('',(-0.65,0.,-6.123233995737E-17));
#15883 = DIRECTION('',(-1.,0.,-1.224646799147E-16));
#15884 = DIRECTION('',(-1.224646799147E-16,0.,1.));
#15885 = ADVANCED_FACE('',(#15886),#15902,.F.);
#15886 = FACE_BOUND('',#15887,.T.);
#15887 = EDGE_LOOP('',(#15888,#15894,#15895,#15901));
#15888 = ORIENTED_EDGE('',*,*,#15889,.F.);
#15889 = EDGE_CURVE('',#14767,#14634,#15890,.T.);
#15890 = LINE('',#15891,#15892);
#15891 = CARTESIAN_POINT('',(-0.5,-0.55,0.34));
#15892 = VECTOR('',#15893,1.);
#15893 = DIRECTION('',(0.,1.,0.));
#15894 = ORIENTED_EDGE('',*,*,#14766,.F.);
#15895 = ORIENTED_EDGE('',*,*,#15896,.F.);
#15896 = EDGE_CURVE('',#14643,#14759,#15897,.T.);
#15897 = LINE('',#15898,#15899);
#15898 = CARTESIAN_POINT('',(-0.5,-0.2,0.25));
#15899 = VECTOR('',#15900,1.);
#15900 = DIRECTION('',(0.,-1.,0.));
#15901 = ORIENTED_EDGE('',*,*,#14642,.F.);
#15902 = PLANE('',#15903);
#15903 = AXIS2_PLACEMENT_3D('',#15904,#15905,#15906);
#15904 = CARTESIAN_POINT('',(-0.5,0.,-6.123233995737E-17));
#15905 = DIRECTION('',(-1.,0.,-1.224646799147E-16));
#15906 = DIRECTION('',(-1.224646799147E-16,0.,1.));
#15907 = ADVANCED_FACE('',(#15908),#15914,.F.);
#15908 = FACE_BOUND('',#15909,.T.);
#15909 = EDGE_LOOP('',(#15910,#15911,#15912,#15913));
#15910 = ORIENTED_EDGE('',*,*,#15896,.T.);
#15911 = ORIENTED_EDGE('',*,*,#14758,.F.);
#15912 = ORIENTED_EDGE('',*,*,#15875,.F.);
#15913 = ORIENTED_EDGE('',*,*,#14650,.T.);
#15914 = PLANE('',#15915);
#15915 = AXIS2_PLACEMENT_3D('',#15916,#15917,#15918);
#15916 = CARTESIAN_POINT('',(-0.65,-0.2,0.25));
#15917 = DIRECTION('',(0.,0.,1.));
#15918 = DIRECTION('',(1.,0.,-0.));
#15919 = ADVANCED_FACE('',(#15920),#15926,.T.);
#15920 = FACE_BOUND('',#15921,.T.);
#15921 = EDGE_LOOP('',(#15922,#15923,#15924,#15925));
#15922 = ORIENTED_EDGE('',*,*,#14741,.T.);
#15923 = ORIENTED_EDGE('',*,*,#14840,.F.);
#15924 = ORIENTED_EDGE('',*,*,#14666,.T.);
#15925 = ORIENTED_EDGE('',*,*,#15868,.F.);
#15926 = CYLINDRICAL_SURFACE('',#15927,0.16);
#15927 = AXIS2_PLACEMENT_3D('',#15928,#15929,#15930);
#15928 = CARTESIAN_POINT('',(-0.49,-0.2,0.34));
#15929 = DIRECTION('',(0.,-1.,0.));
#15930 = DIRECTION('',(6.123233995737E-17,0.,-1.));
#15931 = ADVANCED_FACE('',(#15932),#15938,.F.);
#15932 = FACE_BOUND('',#15933,.F.);
#15933 = EDGE_LOOP('',(#15934,#15935,#15936,#15937));
#15934 = ORIENTED_EDGE('',*,*,#15775,.F.);
#15935 = ORIENTED_EDGE('',*,*,#14633,.T.);
#15936 = ORIENTED_EDGE('',*,*,#15889,.F.);
#15937 = ORIENTED_EDGE('',*,*,#14774,.F.);
#15938 = CYLINDRICAL_SURFACE('',#15939,1.E-02);
#15939 = AXIS2_PLACEMENT_3D('',#15940,#15941,#15942);
#15940 = CARTESIAN_POINT('',(-0.49,-0.2,0.34));
#15941 = DIRECTION('',(0.,-1.,0.));
#15942 = DIRECTION('',(6.123233995737E-17,0.,-1.));
#15943 = ADVANCED_FACE('',(#15944),#15960,.T.);
#15944 = FACE_BOUND('',#15945,.T.);
#15945 = EDGE_LOOP('',(#15946,#15947,#15953,#15954));
#15946 = ORIENTED_EDGE('',*,*,#14512,.T.);
#15947 = ORIENTED_EDGE('',*,*,#15948,.T.);
#15948 = EDGE_CURVE('',#14504,#14421,#15949,.T.);
#15949 = LINE('',#15950,#15951);
#15950 = CARTESIAN_POINT('',(-0.65,0.2,0.34));
#15951 = VECTOR('',#15952,1.);
#15952 = DIRECTION('',(0.,1.,0.));
#15953 = ORIENTED_EDGE('',*,*,#14420,.T.);
#15954 = ORIENTED_EDGE('',*,*,#15955,.T.);
#15955 = EDGE_CURVE('',#14413,#14513,#15956,.T.);
#15956 = LINE('',#15957,#15958);
#15957 = CARTESIAN_POINT('',(-0.65,0.55,0.25));
#15958 = VECTOR('',#15959,1.);
#15959 = DIRECTION('',(0.,-1.,0.));
#15960 = PLANE('',#15961);
#15961 = AXIS2_PLACEMENT_3D('',#15962,#15963,#15964);
#15962 = CARTESIAN_POINT('',(-0.65,0.,-6.123233995737E-17));
#15963 = DIRECTION('',(-1.,0.,-1.224646799147E-16));
#15964 = DIRECTION('',(-1.224646799147E-16,0.,1.));
#15965 = ADVANCED_FACE('',(#15966),#15982,.F.);
#15966 = FACE_BOUND('',#15967,.T.);
#15967 = EDGE_LOOP('',(#15968,#15974,#15975,#15981));
#15968 = ORIENTED_EDGE('',*,*,#15969,.F.);
#15969 = EDGE_CURVE('',#14529,#14396,#15970,.T.);
#15970 = LINE('',#15971,#15972);
#15971 = CARTESIAN_POINT('',(-0.5,0.2,0.34));
#15972 = VECTOR('',#15973,1.);
#15973 = DIRECTION('',(0.,1.,0.));
#15974 = ORIENTED_EDGE('',*,*,#14528,.F.);
#15975 = ORIENTED_EDGE('',*,*,#15976,.F.);
#15976 = EDGE_CURVE('',#14405,#14521,#15977,.T.);
#15977 = LINE('',#15978,#15979);
#15978 = CARTESIAN_POINT('',(-0.5,0.55,0.25));
#15979 = VECTOR('',#15980,1.);
#15980 = DIRECTION('',(0.,-1.,0.));
#15981 = ORIENTED_EDGE('',*,*,#14404,.F.);
#15982 = PLANE('',#15983);
#15983 = AXIS2_PLACEMENT_3D('',#15984,#15985,#15986);
#15984 = CARTESIAN_POINT('',(-0.5,0.,-6.123233995737E-17));
#15985 = DIRECTION('',(-1.,0.,-1.224646799147E-16));
#15986 = DIRECTION('',(-1.224646799147E-16,0.,1.));
#15987 = ADVANCED_FACE('',(#15988),#15994,.F.);
#15988 = FACE_BOUND('',#15989,.T.);
#15989 = EDGE_LOOP('',(#15990,#15991,#15992,#15993));
#15990 = ORIENTED_EDGE('',*,*,#15976,.T.);
#15991 = ORIENTED_EDGE('',*,*,#14520,.F.);
#15992 = ORIENTED_EDGE('',*,*,#15955,.F.);
#15993 = ORIENTED_EDGE('',*,*,#14412,.T.);
#15994 = PLANE('',#15995);
#15995 = AXIS2_PLACEMENT_3D('',#15996,#15997,#15998);
#15996 = CARTESIAN_POINT('',(-0.65,0.55,0.25));
#15997 = DIRECTION('',(0.,0.,1.));
#15998 = DIRECTION('',(1.,0.,-0.));
#15999 = ADVANCED_FACE('',(#16000),#16006,.T.);
#16000 = FACE_BOUND('',#16001,.T.);
#16001 = EDGE_LOOP('',(#16002,#16003,#16004,#16005));
#16002 = ORIENTED_EDGE('',*,*,#14503,.T.);
#16003 = ORIENTED_EDGE('',*,*,#14602,.F.);
#16004 = ORIENTED_EDGE('',*,*,#14428,.T.);
#16005 = ORIENTED_EDGE('',*,*,#15948,.F.);
#16006 = CYLINDRICAL_SURFACE('',#16007,0.16);
#16007 = AXIS2_PLACEMENT_3D('',#16008,#16009,#16010);
#16008 = CARTESIAN_POINT('',(-0.49,0.55,0.34));
#16009 = DIRECTION('',(0.,-1.,0.));
#16010 = DIRECTION('',(6.123233995737E-17,0.,-1.));
#16011 = ADVANCED_FACE('',(#16012),#16018,.F.);
#16012 = FACE_BOUND('',#16013,.F.);
#16013 = EDGE_LOOP('',(#16014,#16015,#16016,#16017));
#16014 = ORIENTED_EDGE('',*,*,#15821,.F.);
#16015 = ORIENTED_EDGE('',*,*,#14395,.T.);
#16016 = ORIENTED_EDGE('',*,*,#15969,.F.);
#16017 = ORIENTED_EDGE('',*,*,#14536,.F.);
#16018 = CYLINDRICAL_SURFACE('',#16019,1.E-02);
#16019 = AXIS2_PLACEMENT_3D('',#16020,#16021,#16022);
#16020 = CARTESIAN_POINT('',(-0.49,0.55,0.34));
#16021 = DIRECTION('',(0.,-1.,0.));
#16022 = DIRECTION('',(6.123233995737E-17,0.,-1.));
#16023 = ( GEOMETRIC_REPRESENTATION_CONTEXT(3) 
GLOBAL_UNCERTAINTY_ASSIGNED_CONTEXT((#16027)) 
GLOBAL_UNIT_ASSIGNED_CONTEXT((#16024,#16025,#16026)) 
REPRESENTATION_CONTEXT('Context #1',
  '3D Context with UNIT and UNCERTAINTY') );
#16024 = ( LENGTH_UNIT() NAMED_UNIT(*) SI_UNIT(.MILLI.,.METRE.) );
#16025 = ( NAMED_UNIT(*) PLANE_ANGLE_UNIT() SI_UNIT($,.RADIAN.) );
#16026 = ( NAMED_UNIT(*) SI_UNIT($,.STERADIAN.) SOLID_ANGLE_UNIT() );
#16027 = UNCERTAINTY_MEASURE_WITH_UNIT(LENGTH_MEASURE(1.E-07),#16024,
  'distance_accuracy_value','confusion accuracy');
#16028 = CONTEXT_DEPENDENT_SHAPE_REPRESENTATION(#16029,#16031);
#16029 = ( REPRESENTATION_RELATIONSHIP('','',#14378,#36) 
REPRESENTATION_RELATIONSHIP_WITH_TRANSFORMATION(#16030) 
SHAPE_REPRESENTATION_RELATIONSHIP() );
#16030 = ITEM_DEFINED_TRANSFORMATION('','',#11,#85);
#16031 = PRODUCT_DEFINITION_SHAPE('Placement','Placement of an item',
  #16032);
#16032 = NEXT_ASSEMBLY_USAGE_OCCURRENCE('13','693072010801_PATTE_SPE',''
  ,#31,#14373,$);
#16033 = PRODUCT_RELATED_PRODUCT_CATEGORY('part',$,(#14375));
#16034 = CONTEXT_DEPENDENT_SHAPE_REPRESENTATION(#16035,#16037);
#16035 = ( REPRESENTATION_RELATIONSHIP('','',#8795,#36) 
REPRESENTATION_RELATIONSHIP_WITH_TRANSFORMATION(#16036) 
SHAPE_REPRESENTATION_RELATIONSHIP() );
#16036 = ITEM_DEFINED_TRANSFORMATION('','',#11,#89);
#16037 = PRODUCT_DEFINITION_SHAPE('Placement','Placement of an item',
  #16038);
#16038 = NEXT_ASSEMBLY_USAGE_OCCURRENCE('14','693072010801_PATTE','',#31
  ,#8790,$);
#16039 = SHAPE_DEFINITION_REPRESENTATION(#16040,#16046);
#16040 = PRODUCT_DEFINITION_SHAPE('','',#16041);
#16041 = PRODUCT_DEFINITION('design','',#16042,#16045);
#16042 = PRODUCT_DEFINITION_FORMATION('','',#16043);
#16043 = PRODUCT('SDMOD_PCB','SDMOD_PCB','',(#16044));
#16044 = PRODUCT_CONTEXT('',#2,'mechanical');
#16045 = PRODUCT_DEFINITION_CONTEXT('part definition',#2,'design');
#16046 = ADVANCED_BREP_SHAPE_REPRESENTATION('',(#11,#16047),#16477);
#16047 = MANIFOLD_SOLID_BREP('',#16048);
#16048 = CLOSED_SHELL('',(#16049,#16089,#16120,#16151,#16240,#16329,
    #16341,#16363,#16380,#16397,#16409,#16431,#16448,#16465));
#16049 = ADVANCED_FACE('',(#16050),#16084,.T.);
#16050 = FACE_BOUND('',#16051,.T.);
#16051 = EDGE_LOOP('',(#16052,#16062,#16070,#16078));
#16052 = ORIENTED_EDGE('',*,*,#16053,.T.);
#16053 = EDGE_CURVE('',#16054,#16056,#16058,.T.);
#16054 = VERTEX_POINT('',#16055);
#16055 = CARTESIAN_POINT('',(188.48,-127.23075,0.));
#16056 = VERTEX_POINT('',#16057);
#16057 = CARTESIAN_POINT('',(188.48,-127.23075,1.51));
#16058 = LINE('',#16059,#16060);
#16059 = CARTESIAN_POINT('',(188.48,-127.23075,0.));
#16060 = VECTOR('',#16061,1.);
#16061 = DIRECTION('',(0.,0.,1.));
#16062 = ORIENTED_EDGE('',*,*,#16063,.T.);
#16063 = EDGE_CURVE('',#16056,#16064,#16066,.T.);
#16064 = VERTEX_POINT('',#16065);
#16065 = CARTESIAN_POINT('',(172.48,-127.23075,1.51));
#16066 = LINE('',#16067,#16068);
#16067 = CARTESIAN_POINT('',(188.48,-127.23075,1.51));
#16068 = VECTOR('',#16069,1.);
#16069 = DIRECTION('',(-1.,0.,0.));
#16070 = ORIENTED_EDGE('',*,*,#16071,.F.);
#16071 = EDGE_CURVE('',#16072,#16064,#16074,.T.);
#16072 = VERTEX_POINT('',#16073);
#16073 = CARTESIAN_POINT('',(172.48,-127.23075,0.));
#16074 = LINE('',#16075,#16076);
#16075 = CARTESIAN_POINT('',(172.48,-127.23075,0.));
#16076 = VECTOR('',#16077,1.);
#16077 = DIRECTION('',(0.,0.,1.));
#16078 = ORIENTED_EDGE('',*,*,#16079,.F.);
#16079 = EDGE_CURVE('',#16054,#16072,#16080,.T.);
#16080 = LINE('',#16081,#16082);
#16081 = CARTESIAN_POINT('',(188.48,-127.23075,0.));
#16082 = VECTOR('',#16083,1.);
#16083 = DIRECTION('',(-1.,0.,0.));
#16084 = PLANE('',#16085);
#16085 = AXIS2_PLACEMENT_3D('',#16086,#16087,#16088);
#16086 = CARTESIAN_POINT('',(188.48,-127.23075,0.));
#16087 = DIRECTION('',(0.,-1.,0.));
#16088 = DIRECTION('',(-1.,0.,0.));
#16089 = ADVANCED_FACE('',(#16090),#16115,.T.);
#16090 = FACE_BOUND('',#16091,.T.);
#16091 = EDGE_LOOP('',(#16092,#16102,#16108,#16109));
#16092 = ORIENTED_EDGE('',*,*,#16093,.T.);
#16093 = EDGE_CURVE('',#16094,#16096,#16098,.T.);
#16094 = VERTEX_POINT('',#16095);
#16095 = CARTESIAN_POINT('',(188.48,-82.69075,0.));
#16096 = VERTEX_POINT('',#16097);
#16097 = CARTESIAN_POINT('',(188.48,-82.69075,1.51));
#16098 = LINE('',#16099,#16100);
#16099 = CARTESIAN_POINT('',(188.48,-82.69075,0.));
#16100 = VECTOR('',#16101,1.);
#16101 = DIRECTION('',(0.,0.,1.));
#16102 = ORIENTED_EDGE('',*,*,#16103,.T.);
#16103 = EDGE_CURVE('',#16096,#16056,#16104,.T.);
#16104 = LINE('',#16105,#16106);
#16105 = CARTESIAN_POINT('',(188.48,-82.69075,1.51));
#16106 = VECTOR('',#16107,1.);
#16107 = DIRECTION('',(0.,-1.,0.));
#16108 = ORIENTED_EDGE('',*,*,#16053,.F.);
#16109 = ORIENTED_EDGE('',*,*,#16110,.F.);
#16110 = EDGE_CURVE('',#16094,#16054,#16111,.T.);
#16111 = LINE('',#16112,#16113);
#16112 = CARTESIAN_POINT('',(188.48,-82.69075,0.));
#16113 = VECTOR('',#16114,1.);
#16114 = DIRECTION('',(0.,-1.,0.));
#16115 = PLANE('',#16116);
#16116 = AXIS2_PLACEMENT_3D('',#16117,#16118,#16119);
#16117 = CARTESIAN_POINT('',(188.48,-82.69075,0.));
#16118 = DIRECTION('',(1.,0.,-0.));
#16119 = DIRECTION('',(0.,-1.,0.));
#16120 = ADVANCED_FACE('',(#16121),#16146,.T.);
#16121 = FACE_BOUND('',#16122,.T.);
#16122 = EDGE_LOOP('',(#16123,#16124,#16132,#16140));
#16123 = ORIENTED_EDGE('',*,*,#16071,.T.);
#16124 = ORIENTED_EDGE('',*,*,#16125,.T.);
#16125 = EDGE_CURVE('',#16064,#16126,#16128,.T.);
#16126 = VERTEX_POINT('',#16127);
#16127 = CARTESIAN_POINT('',(172.48,-82.69075,1.51));
#16128 = LINE('',#16129,#16130);
#16129 = CARTESIAN_POINT('',(172.48,-127.23075,1.51));
#16130 = VECTOR('',#16131,1.);
#16131 = DIRECTION('',(0.,1.,0.));
#16132 = ORIENTED_EDGE('',*,*,#16133,.F.);
#16133 = EDGE_CURVE('',#16134,#16126,#16136,.T.);
#16134 = VERTEX_POINT('',#16135);
#16135 = CARTESIAN_POINT('',(172.48,-82.69075,0.));
#16136 = LINE('',#16137,#16138);
#16137 = CARTESIAN_POINT('',(172.48,-82.69075,0.));
#16138 = VECTOR('',#16139,1.);
#16139 = DIRECTION('',(0.,0.,1.));
#16140 = ORIENTED_EDGE('',*,*,#16141,.F.);
#16141 = EDGE_CURVE('',#16072,#16134,#16142,.T.);
#16142 = LINE('',#16143,#16144);
#16143 = CARTESIAN_POINT('',(172.48,-127.23075,0.));
#16144 = VECTOR('',#16145,1.);
#16145 = DIRECTION('',(0.,1.,0.));
#16146 = PLANE('',#16147);
#16147 = AXIS2_PLACEMENT_3D('',#16148,#16149,#16150);
#16148 = CARTESIAN_POINT('',(172.48,-127.23075,0.));
#16149 = DIRECTION('',(-1.,0.,0.));
#16150 = DIRECTION('',(0.,1.,0.));
#16151 = ADVANCED_FACE('',(#16152,#16163,#16199),#16235,.F.);
#16152 = FACE_BOUND('',#16153,.F.);
#16153 = EDGE_LOOP('',(#16154,#16155,#16156,#16162));
#16154 = ORIENTED_EDGE('',*,*,#16079,.F.);
#16155 = ORIENTED_EDGE('',*,*,#16110,.F.);
#16156 = ORIENTED_EDGE('',*,*,#16157,.F.);
#16157 = EDGE_CURVE('',#16134,#16094,#16158,.T.);
#16158 = LINE('',#16159,#16160);
#16159 = CARTESIAN_POINT('',(172.48,-82.69075,0.));
#16160 = VECTOR('',#16161,1.);
#16161 = DIRECTION('',(1.,0.,0.));
#16162 = ORIENTED_EDGE('',*,*,#16141,.F.);
#16163 = FACE_BOUND('',#16164,.F.);
#16164 = EDGE_LOOP('',(#16165,#16176,#16184,#16193));
#16165 = ORIENTED_EDGE('',*,*,#16166,.T.);
#16166 = EDGE_CURVE('',#16167,#16169,#16171,.T.);
#16167 = VERTEX_POINT('',#16168);
#16168 = CARTESIAN_POINT('',(176.,-84.4635,0.));
#16169 = VERTEX_POINT('',#16170);
#16170 = CARTESIAN_POINT('',(176.5,-84.4635,0.));
#16171 = CIRCLE('',#16172,0.25);
#16172 = AXIS2_PLACEMENT_3D('',#16173,#16174,#16175);
#16173 = CARTESIAN_POINT('',(176.25,-84.4635,0.));
#16174 = DIRECTION('',(0.,-0.,-1.));
#16175 = DIRECTION('',(1.,0.,-0.));
#16176 = ORIENTED_EDGE('',*,*,#16177,.T.);
#16177 = EDGE_CURVE('',#16169,#16178,#16180,.T.);
#16178 = VERTEX_POINT('',#16179);
#16179 = CARTESIAN_POINT('',(176.5,-85.7635,0.));
#16180 = LINE('',#16181,#16182);
#16181 = CARTESIAN_POINT('',(176.5,-42.88175,0.));
#16182 = VECTOR('',#16183,1.);
#16183 = DIRECTION('',(0.,-1.,0.));
#16184 = ORIENTED_EDGE('',*,*,#16185,.T.);
#16185 = EDGE_CURVE('',#16178,#16186,#16188,.T.);
#16186 = VERTEX_POINT('',#16187);
#16187 = CARTESIAN_POINT('',(176.,-85.7635,0.));
#16188 = CIRCLE('',#16189,0.25);
#16189 = AXIS2_PLACEMENT_3D('',#16190,#16191,#16192);
#16190 = CARTESIAN_POINT('',(176.25,-85.7635,0.));
#16191 = DIRECTION('',(-0.,0.,-1.));
#16192 = DIRECTION('',(-1.,0.,0.));
#16193 = ORIENTED_EDGE('',*,*,#16194,.T.);
#16194 = EDGE_CURVE('',#16186,#16167,#16195,.T.);
#16195 = LINE('',#16196,#16197);
#16196 = CARTESIAN_POINT('',(176.,-42.23175,0.));
#16197 = VECTOR('',#16198,1.);
#16198 = DIRECTION('',(-0.,1.,0.));
#16199 = FACE_BOUND('',#16200,.F.);
#16200 = EDGE_LOOP('',(#16201,#16212,#16220,#16229));
#16201 = ORIENTED_EDGE('',*,*,#16202,.T.);
#16202 = EDGE_CURVE('',#16203,#16205,#16207,.T.);
#16203 = VERTEX_POINT('',#16204);
#16204 = CARTESIAN_POINT('',(184.5,-84.4635,0.));
#16205 = VERTEX_POINT('',#16206);
#16206 = CARTESIAN_POINT('',(185.,-84.4635,0.));
#16207 = CIRCLE('',#16208,0.25);
#16208 = AXIS2_PLACEMENT_3D('',#16209,#16210,#16211);
#16209 = CARTESIAN_POINT('',(184.75,-84.4635,0.));
#16210 = DIRECTION('',(0.,-0.,-1.));
#16211 = DIRECTION('',(1.,0.,-0.));
#16212 = ORIENTED_EDGE('',*,*,#16213,.T.);
#16213 = EDGE_CURVE('',#16205,#16214,#16216,.T.);
#16214 = VERTEX_POINT('',#16215);
#16215 = CARTESIAN_POINT('',(185.,-85.7635,0.));
#16216 = LINE('',#16217,#16218);
#16217 = CARTESIAN_POINT('',(185.,-42.88175,0.));
#16218 = VECTOR('',#16219,1.);
#16219 = DIRECTION('',(0.,-1.,0.));
#16220 = ORIENTED_EDGE('',*,*,#16221,.T.);
#16221 = EDGE_CURVE('',#16214,#16222,#16224,.T.);
#16222 = VERTEX_POINT('',#16223);
#16223 = CARTESIAN_POINT('',(184.5,-85.7635,0.));
#16224 = CIRCLE('',#16225,0.25);
#16225 = AXIS2_PLACEMENT_3D('',#16226,#16227,#16228);
#16226 = CARTESIAN_POINT('',(184.75,-85.7635,0.));
#16227 = DIRECTION('',(-0.,0.,-1.));
#16228 = DIRECTION('',(-1.,0.,0.));
#16229 = ORIENTED_EDGE('',*,*,#16230,.T.);
#16230 = EDGE_CURVE('',#16222,#16203,#16231,.T.);
#16231 = LINE('',#16232,#16233);
#16232 = CARTESIAN_POINT('',(184.5,-42.23175,0.));
#16233 = VECTOR('',#16234,1.);
#16234 = DIRECTION('',(-0.,1.,0.));
#16235 = PLANE('',#16236);
#16236 = AXIS2_PLACEMENT_3D('',#16237,#16238,#16239);
#16237 = CARTESIAN_POINT('',(0.,0.,0.));
#16238 = DIRECTION('',(0.,0.,1.));
#16239 = DIRECTION('',(1.,0.,-0.));
#16240 = ADVANCED_FACE('',(#16241,#16252,#16288),#16324,.T.);
#16241 = FACE_BOUND('',#16242,.T.);
#16242 = EDGE_LOOP('',(#16243,#16244,#16245,#16251));
#16243 = ORIENTED_EDGE('',*,*,#16063,.F.);
#16244 = ORIENTED_EDGE('',*,*,#16103,.F.);
#16245 = ORIENTED_EDGE('',*,*,#16246,.F.);
#16246 = EDGE_CURVE('',#16126,#16096,#16247,.T.);
#16247 = LINE('',#16248,#16249);
#16248 = CARTESIAN_POINT('',(172.48,-82.69075,1.51));
#16249 = VECTOR('',#16250,1.);
#16250 = DIRECTION('',(1.,0.,0.));
#16251 = ORIENTED_EDGE('',*,*,#16125,.F.);
#16252 = FACE_BOUND('',#16253,.T.);
#16253 = EDGE_LOOP('',(#16254,#16265,#16273,#16282));
#16254 = ORIENTED_EDGE('',*,*,#16255,.T.);
#16255 = EDGE_CURVE('',#16256,#16258,#16260,.T.);
#16256 = VERTEX_POINT('',#16257);
#16257 = CARTESIAN_POINT('',(176.,-84.4635,1.51));
#16258 = VERTEX_POINT('',#16259);
#16259 = CARTESIAN_POINT('',(176.5,-84.4635,1.51));
#16260 = CIRCLE('',#16261,0.25);
#16261 = AXIS2_PLACEMENT_3D('',#16262,#16263,#16264);
#16262 = CARTESIAN_POINT('',(176.25,-84.4635,1.51));
#16263 = DIRECTION('',(0.,-0.,-1.));
#16264 = DIRECTION('',(1.,0.,-0.));
#16265 = ORIENTED_EDGE('',*,*,#16266,.T.);
#16266 = EDGE_CURVE('',#16258,#16267,#16269,.T.);
#16267 = VERTEX_POINT('',#16268);
#16268 = CARTESIAN_POINT('',(176.5,-85.7635,1.51));
#16269 = LINE('',#16270,#16271);
#16270 = CARTESIAN_POINT('',(176.5,-42.88175,1.51));
#16271 = VECTOR('',#16272,1.);
#16272 = DIRECTION('',(0.,-1.,0.));
#16273 = ORIENTED_EDGE('',*,*,#16274,.T.);
#16274 = EDGE_CURVE('',#16267,#16275,#16277,.T.);
#16275 = VERTEX_POINT('',#16276);
#16276 = CARTESIAN_POINT('',(176.,-85.7635,1.51));
#16277 = CIRCLE('',#16278,0.25);
#16278 = AXIS2_PLACEMENT_3D('',#16279,#16280,#16281);
#16279 = CARTESIAN_POINT('',(176.25,-85.7635,1.51));
#16280 = DIRECTION('',(-0.,0.,-1.));
#16281 = DIRECTION('',(-1.,0.,0.));
#16282 = ORIENTED_EDGE('',*,*,#16283,.T.);
#16283 = EDGE_CURVE('',#16275,#16256,#16284,.T.);
#16284 = LINE('',#16285,#16286);
#16285 = CARTESIAN_POINT('',(176.,-42.23175,1.51));
#16286 = VECTOR('',#16287,1.);
#16287 = DIRECTION('',(-0.,1.,0.));
#16288 = FACE_BOUND('',#16289,.T.);
#16289 = EDGE_LOOP('',(#16290,#16301,#16309,#16318));
#16290 = ORIENTED_EDGE('',*,*,#16291,.T.);
#16291 = EDGE_CURVE('',#16292,#16294,#16296,.T.);
#16292 = VERTEX_POINT('',#16293);
#16293 = CARTESIAN_POINT('',(184.5,-84.4635,1.51));
#16294 = VERTEX_POINT('',#16295);
#16295 = CARTESIAN_POINT('',(185.,-84.4635,1.51));
#16296 = CIRCLE('',#16297,0.25);
#16297 = AXIS2_PLACEMENT_3D('',#16298,#16299,#16300);
#16298 = CARTESIAN_POINT('',(184.75,-84.4635,1.51));
#16299 = DIRECTION('',(0.,-0.,-1.));
#16300 = DIRECTION('',(1.,0.,-0.));
#16301 = ORIENTED_EDGE('',*,*,#16302,.T.);
#16302 = EDGE_CURVE('',#16294,#16303,#16305,.T.);
#16303 = VERTEX_POINT('',#16304);
#16304 = CARTESIAN_POINT('',(185.,-85.7635,1.51));
#16305 = LINE('',#16306,#16307);
#16306 = CARTESIAN_POINT('',(185.,-42.88175,1.51));
#16307 = VECTOR('',#16308,1.);
#16308 = DIRECTION('',(0.,-1.,0.));
#16309 = ORIENTED_EDGE('',*,*,#16310,.T.);
#16310 = EDGE_CURVE('',#16303,#16311,#16313,.T.);
#16311 = VERTEX_POINT('',#16312);
#16312 = CARTESIAN_POINT('',(184.5,-85.7635,1.51));
#16313 = CIRCLE('',#16314,0.25);
#16314 = AXIS2_PLACEMENT_3D('',#16315,#16316,#16317);
#16315 = CARTESIAN_POINT('',(184.75,-85.7635,1.51));
#16316 = DIRECTION('',(-0.,0.,-1.));
#16317 = DIRECTION('',(-1.,0.,0.));
#16318 = ORIENTED_EDGE('',*,*,#16319,.T.);
#16319 = EDGE_CURVE('',#16311,#16292,#16320,.T.);
#16320 = LINE('',#16321,#16322);
#16321 = CARTESIAN_POINT('',(184.5,-42.23175,1.51));
#16322 = VECTOR('',#16323,1.);
#16323 = DIRECTION('',(-0.,1.,0.));
#16324 = PLANE('',#16325);
#16325 = AXIS2_PLACEMENT_3D('',#16326,#16327,#16328);
#16326 = CARTESIAN_POINT('',(0.,0.,1.51));
#16327 = DIRECTION('',(0.,0.,1.));
#16328 = DIRECTION('',(1.,0.,-0.));
#16329 = ADVANCED_FACE('',(#16330),#16336,.T.);
#16330 = FACE_BOUND('',#16331,.T.);
#16331 = EDGE_LOOP('',(#16332,#16333,#16334,#16335));
#16332 = ORIENTED_EDGE('',*,*,#16133,.T.);
#16333 = ORIENTED_EDGE('',*,*,#16246,.T.);
#16334 = ORIENTED_EDGE('',*,*,#16093,.F.);
#16335 = ORIENTED_EDGE('',*,*,#16157,.F.);
#16336 = PLANE('',#16337);
#16337 = AXIS2_PLACEMENT_3D('',#16338,#16339,#16340);
#16338 = CARTESIAN_POINT('',(172.48,-82.69075,0.));
#16339 = DIRECTION('',(0.,1.,0.));
#16340 = DIRECTION('',(1.,0.,0.));
#16341 = ADVANCED_FACE('',(#16342),#16358,.F.);
#16342 = FACE_BOUND('',#16343,.T.);
#16343 = EDGE_LOOP('',(#16344,#16345,#16351,#16352));
#16344 = ORIENTED_EDGE('',*,*,#16166,.T.);
#16345 = ORIENTED_EDGE('',*,*,#16346,.T.);
#16346 = EDGE_CURVE('',#16169,#16258,#16347,.T.);
#16347 = LINE('',#16348,#16349);
#16348 = CARTESIAN_POINT('',(176.5,-84.4635,-4.6E-02));
#16349 = VECTOR('',#16350,1.);
#16350 = DIRECTION('',(0.,0.,1.));
#16351 = ORIENTED_EDGE('',*,*,#16255,.F.);
#16352 = ORIENTED_EDGE('',*,*,#16353,.F.);
#16353 = EDGE_CURVE('',#16167,#16256,#16354,.T.);
#16354 = LINE('',#16355,#16356);
#16355 = CARTESIAN_POINT('',(176.,-84.4635,-4.6E-02));
#16356 = VECTOR('',#16357,1.);
#16357 = DIRECTION('',(0.,0.,1.));
#16358 = CYLINDRICAL_SURFACE('',#16359,0.25);
#16359 = AXIS2_PLACEMENT_3D('',#16360,#16361,#16362);
#16360 = CARTESIAN_POINT('',(176.25,-84.4635,-4.6E-02));
#16361 = DIRECTION('',(-0.,-0.,-1.));
#16362 = DIRECTION('',(1.,0.,-0.));
#16363 = ADVANCED_FACE('',(#16364),#16375,.T.);
#16364 = FACE_BOUND('',#16365,.T.);
#16365 = EDGE_LOOP('',(#16366,#16367,#16368,#16369));
#16366 = ORIENTED_EDGE('',*,*,#16194,.T.);
#16367 = ORIENTED_EDGE('',*,*,#16353,.T.);
#16368 = ORIENTED_EDGE('',*,*,#16283,.F.);
#16369 = ORIENTED_EDGE('',*,*,#16370,.F.);
#16370 = EDGE_CURVE('',#16186,#16275,#16371,.T.);
#16371 = LINE('',#16372,#16373);
#16372 = CARTESIAN_POINT('',(176.,-85.7635,-4.6E-02));
#16373 = VECTOR('',#16374,1.);
#16374 = DIRECTION('',(0.,0.,1.));
#16375 = PLANE('',#16376);
#16376 = AXIS2_PLACEMENT_3D('',#16377,#16378,#16379);
#16377 = CARTESIAN_POINT('',(176.,-84.4635,-4.6E-02));
#16378 = DIRECTION('',(1.,0.,-0.));
#16379 = DIRECTION('',(0.,-1.,0.));
#16380 = ADVANCED_FACE('',(#16381),#16392,.F.);
#16381 = FACE_BOUND('',#16382,.T.);
#16382 = EDGE_LOOP('',(#16383,#16384,#16385,#16386));
#16383 = ORIENTED_EDGE('',*,*,#16185,.T.);
#16384 = ORIENTED_EDGE('',*,*,#16370,.T.);
#16385 = ORIENTED_EDGE('',*,*,#16274,.F.);
#16386 = ORIENTED_EDGE('',*,*,#16387,.F.);
#16387 = EDGE_CURVE('',#16178,#16267,#16388,.T.);
#16388 = LINE('',#16389,#16390);
#16389 = CARTESIAN_POINT('',(176.5,-85.7635,-4.6E-02));
#16390 = VECTOR('',#16391,1.);
#16391 = DIRECTION('',(0.,0.,1.));
#16392 = CYLINDRICAL_SURFACE('',#16393,0.25);
#16393 = AXIS2_PLACEMENT_3D('',#16394,#16395,#16396);
#16394 = CARTESIAN_POINT('',(176.25,-85.7635,-4.6E-02));
#16395 = DIRECTION('',(-0.,-0.,-1.));
#16396 = DIRECTION('',(-1.,0.,-0.));
#16397 = ADVANCED_FACE('',(#16398),#16404,.T.);
#16398 = FACE_BOUND('',#16399,.T.);
#16399 = EDGE_LOOP('',(#16400,#16401,#16402,#16403));
#16400 = ORIENTED_EDGE('',*,*,#16177,.T.);
#16401 = ORIENTED_EDGE('',*,*,#16387,.T.);
#16402 = ORIENTED_EDGE('',*,*,#16266,.F.);
#16403 = ORIENTED_EDGE('',*,*,#16346,.F.);
#16404 = PLANE('',#16405);
#16405 = AXIS2_PLACEMENT_3D('',#16406,#16407,#16408);
#16406 = CARTESIAN_POINT('',(176.5,-85.7635,-4.6E-02));
#16407 = DIRECTION('',(-1.,0.,0.));
#16408 = DIRECTION('',(0.,1.,0.));
#16409 = ADVANCED_FACE('',(#16410),#16426,.F.);
#16410 = FACE_BOUND('',#16411,.T.);
#16411 = EDGE_LOOP('',(#16412,#16413,#16419,#16420));
#16412 = ORIENTED_EDGE('',*,*,#16202,.T.);
#16413 = ORIENTED_EDGE('',*,*,#16414,.T.);
#16414 = EDGE_CURVE('',#16205,#16294,#16415,.T.);
#16415 = LINE('',#16416,#16417);
#16416 = CARTESIAN_POINT('',(185.,-84.4635,-4.6E-02));
#16417 = VECTOR('',#16418,1.);
#16418 = DIRECTION('',(0.,0.,1.));
#16419 = ORIENTED_EDGE('',*,*,#16291,.F.);
#16420 = ORIENTED_EDGE('',*,*,#16421,.F.);
#16421 = EDGE_CURVE('',#16203,#16292,#16422,.T.);
#16422 = LINE('',#16423,#16424);
#16423 = CARTESIAN_POINT('',(184.5,-84.4635,-4.6E-02));
#16424 = VECTOR('',#16425,1.);
#16425 = DIRECTION('',(0.,0.,1.));
#16426 = CYLINDRICAL_SURFACE('',#16427,0.25);
#16427 = AXIS2_PLACEMENT_3D('',#16428,#16429,#16430);
#16428 = CARTESIAN_POINT('',(184.75,-84.4635,-4.6E-02));
#16429 = DIRECTION('',(-0.,-0.,-1.));
#16430 = DIRECTION('',(1.,0.,-0.));
#16431 = ADVANCED_FACE('',(#16432),#16443,.T.);
#16432 = FACE_BOUND('',#16433,.T.);
#16433 = EDGE_LOOP('',(#16434,#16435,#16436,#16437));
#16434 = ORIENTED_EDGE('',*,*,#16230,.T.);
#16435 = ORIENTED_EDGE('',*,*,#16421,.T.);
#16436 = ORIENTED_EDGE('',*,*,#16319,.F.);
#16437 = ORIENTED_EDGE('',*,*,#16438,.F.);
#16438 = EDGE_CURVE('',#16222,#16311,#16439,.T.);
#16439 = LINE('',#16440,#16441);
#16440 = CARTESIAN_POINT('',(184.5,-85.7635,-4.6E-02));
#16441 = VECTOR('',#16442,1.);
#16442 = DIRECTION('',(0.,0.,1.));
#16443 = PLANE('',#16444);
#16444 = AXIS2_PLACEMENT_3D('',#16445,#16446,#16447);
#16445 = CARTESIAN_POINT('',(184.5,-84.4635,-4.6E-02));
#16446 = DIRECTION('',(1.,0.,-0.));
#16447 = DIRECTION('',(0.,-1.,0.));
#16448 = ADVANCED_FACE('',(#16449),#16460,.F.);
#16449 = FACE_BOUND('',#16450,.T.);
#16450 = EDGE_LOOP('',(#16451,#16452,#16453,#16454));
#16451 = ORIENTED_EDGE('',*,*,#16221,.T.);
#16452 = ORIENTED_EDGE('',*,*,#16438,.T.);
#16453 = ORIENTED_EDGE('',*,*,#16310,.F.);
#16454 = ORIENTED_EDGE('',*,*,#16455,.F.);
#16455 = EDGE_CURVE('',#16214,#16303,#16456,.T.);
#16456 = LINE('',#16457,#16458);
#16457 = CARTESIAN_POINT('',(185.,-85.7635,-4.6E-02));
#16458 = VECTOR('',#16459,1.);
#16459 = DIRECTION('',(0.,0.,1.));
#16460 = CYLINDRICAL_SURFACE('',#16461,0.25);
#16461 = AXIS2_PLACEMENT_3D('',#16462,#16463,#16464);
#16462 = CARTESIAN_POINT('',(184.75,-85.7635,-4.6E-02));
#16463 = DIRECTION('',(-0.,-0.,-1.));
#16464 = DIRECTION('',(-1.,0.,-0.));
#16465 = ADVANCED_FACE('',(#16466),#16472,.T.);
#16466 = FACE_BOUND('',#16467,.T.);
#16467 = EDGE_LOOP('',(#16468,#16469,#16470,#16471));
#16468 = ORIENTED_EDGE('',*,*,#16213,.T.);
#16469 = ORIENTED_EDGE('',*,*,#16455,.T.);
#16470 = ORIENTED_EDGE('',*,*,#16302,.F.);
#16471 = ORIENTED_EDGE('',*,*,#16414,.F.);
#16472 = PLANE('',#16473);
#16473 = AXIS2_PLACEMENT_3D('',#16474,#16475,#16476);
#16474 = CARTESIAN_POINT('',(185.,-85.7635,-4.6E-02));
#16475 = DIRECTION('',(-1.,0.,0.));
#16476 = DIRECTION('',(0.,1.,0.));
#16477 = ( GEOMETRIC_REPRESENTATION_CONTEXT(3) 
GLOBAL_UNCERTAINTY_ASSIGNED_CONTEXT((#16481)) 
GLOBAL_UNIT_ASSIGNED_CONTEXT((#16478,#16479,#16480)) 
REPRESENTATION_CONTEXT('Context #1',
  '3D Context with UNIT and UNCERTAINTY') );
#16478 = ( LENGTH_UNIT() NAMED_UNIT(*) SI_UNIT(.MILLI.,.METRE.) );
#16479 = ( NAMED_UNIT(*) PLANE_ANGLE_UNIT() SI_UNIT($,.RADIAN.) );
#16480 = ( NAMED_UNIT(*) SI_UNIT($,.STERADIAN.) SOLID_ANGLE_UNIT() );
#16481 = UNCERTAINTY_MEASURE_WITH_UNIT(LENGTH_MEASURE(1.E-07),#16478,
  'distance_accuracy_value','confusion accuracy');
#16482 = CONTEXT_DEPENDENT_SHAPE_REPRESENTATION(#16483,#16485);
#16483 = ( REPRESENTATION_RELATIONSHIP('','',#16046,#10) 
REPRESENTATION_RELATIONSHIP_WITH_TRANSFORMATION(#16484) 
SHAPE_REPRESENTATION_RELATIONSHIP() );
#16484 = ITEM_DEFINED_TRANSFORMATION('','',#11,#19);
#16485 = PRODUCT_DEFINITION_SHAPE('Placement','Placement of an item',
  #16486);
#16486 = NEXT_ASSEMBLY_USAGE_OCCURRENCE('16','=>[0:1:1:3]','',#5,#16041,
  $);
#16487 = PRODUCT_RELATED_PRODUCT_CATEGORY('part',$,(#16043));
#16488 = MECHANICAL_DESIGN_GEOMETRIC_PRESENTATION_REPRESENTATION('',(
    #16489),#8742);
#16489 = STYLED_ITEM('color',(#16490),#7400);
#16490 = PRESENTATION_STYLE_ASSIGNMENT((#16491));
#16491 = SURFACE_STYLE_USAGE(.BOTH.,#16492);
#16492 = SURFACE_SIDE_STYLE('',(#16493));
#16493 = SURFACE_STYLE_FILL_AREA(#16494);
#16494 = FILL_AREA_STYLE('',(#16495));
#16495 = FILL_AREA_STYLE_COLOUR('',#16496);
#16496 = COLOUR_RGB('',0.870588247378,0.633254891994,0.172549024526);
#16497 = MECHANICAL_DESIGN_GEOMETRIC_PRESENTATION_REPRESENTATION('',(
    #16498),#16477);
#16498 = STYLED_ITEM('color',(#16499),#16047);
#16499 = PRESENTATION_STYLE_ASSIGNMENT((#16500));
#16500 = SURFACE_STYLE_USAGE(.BOTH.,#16501);
#16501 = SURFACE_SIDE_STYLE('',(#16502));
#16502 = SURFACE_STYLE_FILL_AREA(#16503);
#16503 = FILL_AREA_STYLE('',(#16504));
#16504 = FILL_AREA_STYLE_COLOUR('',#16505);
#16505 = COLOUR_RGB('',0.313304153717,0.484529207832,0.410020903123);
#16506 = MECHANICAL_DESIGN_GEOMETRIC_PRESENTATION_REPRESENTATION('',(
    #16507),#16023);
#16507 = STYLED_ITEM('color',(#16508),#14379);
#16508 = PRESENTATION_STYLE_ASSIGNMENT((#16509));
#16509 = SURFACE_STYLE_USAGE(.BOTH.,#16510);
#16510 = SURFACE_SIDE_STYLE('',(#16511));
#16511 = SURFACE_STYLE_FILL_AREA(#16512);
#16512 = FILL_AREA_STYLE('',(#16513));
#16513 = FILL_AREA_STYLE_COLOUR('',#16496);
#16514 = MECHANICAL_DESIGN_GEOMETRIC_PRESENTATION_REPRESENTATION('',(
    #16515),#9632);
#16515 = STYLED_ITEM('color',(#16516),#8796);
#16516 = PRESENTATION_STYLE_ASSIGNMENT((#16517));
#16517 = SURFACE_STYLE_USAGE(.BOTH.,#16518);
#16518 = SURFACE_SIDE_STYLE('',(#16519));
#16519 = SURFACE_STYLE_FILL_AREA(#16520);
#16520 = FILL_AREA_STYLE('',(#16521));
#16521 = FILL_AREA_STYLE_COLOUR('',#16496);
#16522 = MECHANICAL_DESIGN_GEOMETRIC_PRESENTATION_REPRESENTATION('',(
    #16523),#7381);
#16523 = STYLED_ITEM('color',(#16524),#112);
#16524 = PRESENTATION_STYLE_ASSIGNMENT((#16525));
#16525 = SURFACE_STYLE_USAGE(.BOTH.,#16526);
#16526 = SURFACE_SIDE_STYLE('',(#16527));
#16527 = SURFACE_STYLE_FILL_AREA(#16528);
#16528 = FILL_AREA_STYLE('',(#16529));
#16529 = FILL_AREA_STYLE_COLOUR('',#16530);
#16530 = COLOUR_RGB('',0.199999998682,0.199999998682,0.199999998682);
#16531 = MECHANICAL_DESIGN_GEOMETRIC_PRESENTATION_REPRESENTATION('',(
    #16532),#14360);
#16532 = STYLED_ITEM('color',(#16533),#9656);
#16533 = PRESENTATION_STYLE_ASSIGNMENT((#16534));
#16534 = SURFACE_STYLE_USAGE(.BOTH.,#16535);
#16535 = SURFACE_SIDE_STYLE('',(#16536));
#16536 = SURFACE_STYLE_FILL_AREA(#16537);
#16537 = FILL_AREA_STYLE('',(#16538));
#16538 = FILL_AREA_STYLE_COLOUR('',#16539);
#16539 = COLOUR_RGB('',0.699999984889,0.699999984889,0.699999984889);
ENDSEC;
END-ISO-10303-21;
